ISO-10303-21;
HEADER;
FILE_DESCRIPTION((''),'2;1');
FILE_NAME('C-2506469-3','2025-05-05T00:39:02',('workeradm'),(''),
'CREO PARAMETRIC BY PTC INC, 2024374','CREO PARAMETRIC BY PTC INC, 2024374','');
FILE_SCHEMA(('AUTOMOTIVE_DESIGN { 1 0 10303 214 1 1 1 1 }'));
ENDSEC;
DATA;
#14=CARTESIAN_POINT('',(3.E0,8.5E-1,-1.95E0));
#15=DIRECTION('',(0.E0,-1.E0,0.E0));
#16=DIRECTION('',(-6.666666666667E-1,0.E0,7.453559924999E-1));
#17=AXIS2_PLACEMENT_3D('',#14,#15,#16);
#19=DIRECTION('',(0.E0,-1.E0,0.E0));
#20=VECTOR('',#19,1.479019945775E-1);
#21=CARTESIAN_POINT('',(3.E0,9.979019945775E-1,-1.8E0));
#22=LINE('',#21,#20);
#23=DIRECTION('',(0.E0,1.E0,-1.776356839400E-14));
#24=VECTOR('',#23,1.5E-1);
#25=CARTESIAN_POINT('',(2.85E0,8.5E-1,-1.95E0));
#26=LINE('',#25,#24);
#27=DIRECTION('',(0.E0,0.E0,-1.E0));
#28=VECTOR('',#27,2.523606797750E0);
#29=CARTESIAN_POINT('',(2.9E0,8.5E-1,-1.838196601125E0));
#30=LINE('',#29,#28);
#31=DIRECTION('',(0.E0,0.E0,1.E0));
#32=VECTOR('',#31,2.523606797750E0);
#33=CARTESIAN_POINT('',(-2.9E0,8.5E-1,-4.361803398875E0));
#34=LINE('',#33,#32);
#35=DIRECTION('',(0.E0,0.E0,-1.E0));
#36=VECTOR('',#35,2.3E0);
#37=CARTESIAN_POINT('',(2.85E0,8.5E-1,-1.95E0));
#38=LINE('',#37,#36);
#39=DIRECTION('',(0.E0,0.E0,1.E0));
#40=VECTOR('',#39,2.3E0);
#41=CARTESIAN_POINT('',(2.85E0,1.E0,-4.25E0));
#42=LINE('',#41,#40);
#43=CARTESIAN_POINT('',(3.E0,1.E0,-1.95E0));
#44=DIRECTION('',(0.E0,-1.E0,0.E0));
#45=DIRECTION('',(-1.666666666742E-1,0.E0,9.860132971820E-1));
#46=AXIS2_PLACEMENT_3D('',#43,#44,#45);
#48=CARTESIAN_POINT('',(-3.E0,1.E0,-1.95E0));
#49=DIRECTION('',(0.E0,-1.E0,0.E0));
#50=DIRECTION('',(1.E0,0.E0,-1.879977655032E-13));
#51=AXIS2_PLACEMENT_3D('',#48,#49,#50);
#53=CARTESIAN_POINT('',(-3.E0,1.E0,-4.25E0));
#54=DIRECTION('',(0.E0,-1.E0,0.E0));
#55=DIRECTION('',(1.666666666742E-1,0.E0,-9.860132971820E-1));
#56=AXIS2_PLACEMENT_3D('',#53,#54,#55);
#58=CARTESIAN_POINT('',(3.E0,1.E0,-4.25E0));
#59=DIRECTION('',(0.E0,-1.E0,0.E0));
#60=DIRECTION('',(-1.E0,0.E0,0.E0));
#61=AXIS2_PLACEMENT_3D('',#58,#59,#60);
#63=CARTESIAN_POINT('',(0.E0,1.95E0,-3.1E0));
#64=DIRECTION('',(0.E0,-1.E0,0.E0));
#65=DIRECTION('',(1.E0,0.E0,0.E0));
#66=AXIS2_PLACEMENT_3D('',#63,#64,#65);
#68=CARTESIAN_POINT('',(0.E0,1.E0,-3.1E0));
#69=DIRECTION('',(0.E0,1.E0,0.E0));
#70=DIRECTION('',(-1.E0,0.E0,0.E0));
#71=AXIS2_PLACEMENT_3D('',#68,#69,#70);
#73=CARTESIAN_POINT('',(1.35E0,1.95E0,-3.100000000001E0));
#74=DIRECTION('',(6.869609048277E-13,0.E0,1.E0));
#75=DIRECTION('',(1.E0,0.E0,-6.868579779014E-13));
#76=AXIS2_PLACEMENT_3D('',#73,#74,#75);
#78=CARTESIAN_POINT('',(-1.35E0,1.95E0,-3.099999999999E0));
#79=DIRECTION('',(-6.864665086370E-13,0.E0,-1.E0));
#80=DIRECTION('',(-1.E0,0.E0,6.868579779014E-13));
#81=AXIS2_PLACEMENT_3D('',#78,#79,#80);
#83=CARTESIAN_POINT('',(0.E0,1.95E0,-3.1E0));
#84=DIRECTION('',(0.E0,-1.E0,0.E0));
#85=DIRECTION('',(-1.E0,0.E0,0.E0));
#86=AXIS2_PLACEMENT_3D('',#83,#84,#85);
#88=DIRECTION('',(0.E0,-1.E0,3.739698609264E-14));
#89=VECTOR('',#88,9.5E-1);
#90=CARTESIAN_POINT('',(-1.5E0,1.95E0,-3.1E0));
#91=LINE('',#90,#89);
#92=CARTESIAN_POINT('',(0.E0,1.E0,-3.1E0));
#93=DIRECTION('',(0.E0,1.E0,0.E0));
#94=DIRECTION('',(1.E0,0.E0,0.E0));
#95=AXIS2_PLACEMENT_3D('',#92,#93,#94);
#97=DIRECTION('',(0.E0,1.E0,3.646206144032E-14));
#98=VECTOR('',#97,9.5E-1);
#99=CARTESIAN_POINT('',(1.5E0,1.E0,-3.1E0));
#100=LINE('',#99,#98);
#101=CARTESIAN_POINT('',(0.E0,2.1E0,-3.1E0));
#102=DIRECTION('',(0.E0,-1.E0,0.E0));
#103=DIRECTION('',(1.E0,0.E0,0.E0));
#104=AXIS2_PLACEMENT_3D('',#101,#102,#103);
#106=CARTESIAN_POINT('',(0.E0,2.1E0,-3.1E0));
#107=DIRECTION('',(0.E0,-1.E0,0.E0));
#108=DIRECTION('',(-1.E0,0.E0,0.E0));
#109=AXIS2_PLACEMENT_3D('',#106,#107,#108);
#111=DIRECTION('',(0.E0,0.E0,-1.E0));
#112=VECTOR('',#111,1.725E0);
#113=CARTESIAN_POINT('',(3.125E0,8.5E-1,-7.5E-2));
#114=LINE('',#113,#112);
#115=DIRECTION('',(-8.858909858580E-12,0.E0,1.E0));
#116=VECTOR('',#115,1.727098005422E0);
#117=CARTESIAN_POINT('',(2.975000000015E0,1.E0,-1.802098005422E0));
#118=LINE('',#117,#116);
#119=CARTESIAN_POINT('',(3.E0,9.979019945775E-1,-1.8E0));
#120=CARTESIAN_POINT('',(2.997252095930E0,9.983664751407E-1,-1.8E0));
#121=CARTESIAN_POINT('',(2.991727575354E0,9.991429336998E-1,-1.800151429532E0));
#122=CARTESIAN_POINT('',(2.983364747867E0,9.998448064132E-1,-1.800851870934E0));
#123=CARTESIAN_POINT('',(2.977786832978E0,1.E0,-1.801626944676E0));
#124=CARTESIAN_POINT('',(2.975000000015E0,1.E0,-1.802098005422E0));
#126=DIRECTION('',(-1.E0,0.E0,0.E0));
#127=VECTOR('',#126,1.E-1);
#128=CARTESIAN_POINT('',(3.E0,8.5E-1,-1.8E0));
#129=LINE('',#128,#127);
#130=DIRECTION('',(3.650875288185E-1,-9.309731984871E-1,0.E0));
#131=VECTOR('',#130,2.739069184960E-1);
#132=CARTESIAN_POINT('',(2.9E0,8.5E-1,-1.8E0));
#133=LINE('',#132,#131);
#134=DIRECTION('',(0.E0,1.E0,0.E0));
#135=VECTOR('',#134,4.195113885677E-1);
#136=CARTESIAN_POINT('',(3.E0,1.754886114323E-1,-1.8E0));
#137=LINE('',#136,#135);
#138=DIRECTION('',(0.E0,-1.E0,0.E0));
#139=VECTOR('',#138,6.745113885677E-1);
#140=CARTESIAN_POINT('',(3.125E0,8.5E-1,-1.8E0));
#141=LINE('',#140,#139);
#142=CARTESIAN_POINT('',(2.975E0,8.5E-1,-1.8E0));
#143=DIRECTION('',(0.E0,0.E0,-1.E0));
#144=DIRECTION('',(1.666666666666E-1,9.860132971833E-1,0.E0));
#145=AXIS2_PLACEMENT_3D('',#142,#143,#144);
#147=CARTESIAN_POINT('',(-3.E0,8.5E-1,-4.25E0));
#148=DIRECTION('',(0.E0,1.E0,0.E0));
#149=DIRECTION('',(6.666666666667E-1,0.E0,-7.453559924999E-1));
#150=AXIS2_PLACEMENT_3D('',#147,#148,#149);
#152=DIRECTION('',(2.325281290849E-14,-2.615941452205E-14,1.E0));
#153=VECTOR('',#152,3.819660112501E-2);
#154=CARTESIAN_POINT('',(-2.9E0,8.5E-1,-4.4E0));
#155=LINE('',#154,#153);
#156=DIRECTION('',(1.E0,0.E0,0.E0));
#157=VECTOR('',#156,7.5E-2);
#158=CARTESIAN_POINT('',(-2.975E0,8.5E-1,-6.125E0));
#159=LINE('',#158,#157);
#160=DIRECTION('',(-1.776356839400E-14,0.E0,1.E0));
#161=VECTOR('',#160,7.5E-2);
#162=CARTESIAN_POINT('',(-2.9E0,8.5E-1,-6.2E0));
#163=LINE('',#162,#161);
#164=DIRECTION('',(1.E0,-1.332267629550E-14,1.184237892934E-14));
#165=VECTOR('',#164,7.5E-2);
#166=CARTESIAN_POINT('',(-2.975E0,8.5E-1,-6.2E0));
#167=LINE('',#166,#165);
#168=DIRECTION('',(0.E0,0.E0,-1.E0));
#169=VECTOR('',#168,7.5E-2);
#170=CARTESIAN_POINT('',(-2.975E0,8.5E-1,-6.125E0));
#171=LINE('',#170,#169);
#172=DIRECTION('',(-1.E0,0.E0,0.E0));
#173=VECTOR('',#172,7.5E-2);
#174=CARTESIAN_POINT('',(-2.9E0,8.5E-1,-7.5E-2));
#175=LINE('',#174,#173);
#176=DIRECTION('',(0.E0,0.E0,-1.E0));
#177=VECTOR('',#176,7.5E-2);
#178=CARTESIAN_POINT('',(-2.975E0,8.5E-1,0.E0));
#179=LINE('',#178,#177);
#180=DIRECTION('',(-1.E0,0.E0,0.E0));
#181=VECTOR('',#180,7.5E-2);
#182=CARTESIAN_POINT('',(-2.9E0,8.5E-1,0.E0));
#183=LINE('',#182,#181);
#184=DIRECTION('',(-1.184237892934E-14,0.E0,1.E0));
#185=VECTOR('',#184,7.5E-2);
#186=CARTESIAN_POINT('',(-2.9E0,8.5E-1,-7.5E-2));
#187=LINE('',#186,#185);
#188=DIRECTION('',(-1.162640645425E-14,2.034621129493E-14,1.E0));
#189=VECTOR('',#188,3.819660112501E-2);
#190=CARTESIAN_POINT('',(-2.9E0,8.5E-1,-1.838196601125E0));
#191=LINE('',#190,#189);
#192=CARTESIAN_POINT('',(-3.E0,8.5E-1,-1.95E0));
#193=DIRECTION('',(0.E0,1.E0,0.E0));
#194=DIRECTION('',(2.072416312634E-14,0.E0,1.E0));
#195=AXIS2_PLACEMENT_3D('',#192,#193,#194);
#197=DIRECTION('',(-1.E0,0.E0,-1.905882858940E-14));
#198=VECTOR('',#197,7.5E-2);
#199=CARTESIAN_POINT('',(2.975E0,8.5E-1,-7.5E-2));
#200=LINE('',#199,#198);
#201=DIRECTION('',(0.E0,0.E0,1.E0));
#202=VECTOR('',#201,7.5E-2);
#203=CARTESIAN_POINT('',(2.9E0,8.5E-1,-7.5E-2));
#204=LINE('',#203,#202);
#205=DIRECTION('',(-1.E0,1.184237892933E-14,-1.587220149379E-14));
#206=VECTOR('',#205,7.5E-2);
#207=CARTESIAN_POINT('',(2.975E0,8.5E-1,0.E0));
#208=LINE('',#207,#206);
#209=DIRECTION('',(-1.184237892934E-14,0.E0,1.E0));
#210=VECTOR('',#209,7.5E-2);
#211=CARTESIAN_POINT('',(2.975E0,8.5E-1,-7.5E-2));
#212=LINE('',#211,#210);
#213=CARTESIAN_POINT('',(3.E0,8.5E-1,-1.95E0));
#214=DIRECTION('',(0.E0,1.E0,0.E0));
#215=DIRECTION('',(-6.666666666667E-1,0.E0,7.453559924999E-1));
#216=AXIS2_PLACEMENT_3D('',#213,#214,#215);
#218=DIRECTION('',(-1.162640645424E-14,-2.615941452205E-14,1.E0));
#219=VECTOR('',#218,3.819660112501E-2);
#220=CARTESIAN_POINT('',(2.9E0,8.5E-1,-1.838196601125E0));
#221=LINE('',#220,#219);
#222=DIRECTION('',(-1.162640645424E-14,2.034621129493E-14,1.E0));
#223=VECTOR('',#222,3.819660112502E-2);
#224=CARTESIAN_POINT('',(2.9E0,8.5E-1,-4.4E0));
#225=LINE('',#224,#223);
#226=CARTESIAN_POINT('',(3.E0,8.5E-1,-4.25E0));
#227=DIRECTION('',(0.E0,1.E0,0.E0));
#228=DIRECTION('',(2.664535259100E-14,0.E0,-1.E0));
#229=AXIS2_PLACEMENT_3D('',#226,#227,#228);
#231=DIRECTION('',(1.E0,0.E0,1.184237892933E-14));
#232=VECTOR('',#231,7.5E-2);
#233=CARTESIAN_POINT('',(2.9E0,8.5E-1,-6.125E0));
#234=LINE('',#233,#232);
#235=DIRECTION('',(0.E0,0.E0,1.E0));
#236=VECTOR('',#235,7.5E-2);
#237=CARTESIAN_POINT('',(2.975E0,8.5E-1,-6.2E0));
#238=LINE('',#237,#236);
#239=DIRECTION('',(1.E0,0.E0,1.184237892933E-14));
#240=VECTOR('',#239,7.5E-2);
#241=CARTESIAN_POINT('',(2.9E0,8.5E-1,-6.2E0));
#242=LINE('',#241,#240);
#243=DIRECTION('',(0.E0,0.E0,1.E0));
#244=VECTOR('',#243,7.5E-2);
#245=CARTESIAN_POINT('',(2.9E0,8.5E-1,-6.2E0));
#246=LINE('',#245,#244);
#247=DIRECTION('',(1.E0,0.E0,-1.776356839400E-14));
#248=VECTOR('',#247,1.E-1);
#249=CARTESIAN_POINT('',(-3.E0,8.5E-1,-4.4E0));
#250=LINE('',#249,#248);
#251=DIRECTION('',(-3.650875288185E-1,-9.309731984871E-1,0.E0));
#252=VECTOR('',#251,2.739069184960E-1);
#253=CARTESIAN_POINT('',(-2.9E0,8.5E-1,-4.4E0));
#254=LINE('',#253,#252);
#255=DIRECTION('',(0.E0,1.E0,0.E0));
#256=VECTOR('',#255,4.195113885677E-1);
#257=CARTESIAN_POINT('',(-3.E0,1.754886114323E-1,-4.4E0));
#258=LINE('',#257,#256);
#259=DIRECTION('',(0.E0,-1.E0,0.E0));
#260=VECTOR('',#259,6.745113885677E-1);
#261=CARTESIAN_POINT('',(-3.125E0,8.5E-1,-4.4E0));
#262=LINE('',#261,#260);
#263=CARTESIAN_POINT('',(-2.975E0,8.5E-1,-4.4E0));
#264=DIRECTION('',(0.E0,0.E0,1.E0));
#265=DIRECTION('',(-1.666666666667E-1,9.860132971833E-1,0.E0));
#266=AXIS2_PLACEMENT_3D('',#263,#264,#265);
#268=DIRECTION('',(0.E0,1.E0,0.E0));
#269=VECTOR('',#268,1.5E-1);
#270=CARTESIAN_POINT('',(-2.975E0,8.5E-1,-7.5E-2));
#271=LINE('',#270,#269);
#272=DIRECTION('',(-3.650875288185E-1,-9.309731984871E-1,0.E0));
#273=VECTOR('',#272,2.739069184960E-1);
#274=CARTESIAN_POINT('',(-2.9E0,8.5E-1,-7.5E-2));
#275=LINE('',#274,#273);
#276=DIRECTION('',(0.E0,1.E0,0.E0));
#277=VECTOR('',#276,1.097059419871E0);
#278=CARTESIAN_POINT('',(-3.E0,-5.020594198705E-1,-7.5E-2));
#279=LINE('',#278,#277);
#280=DIRECTION('',(9.563047559630E-1,-2.923717047227E-1,1.539481760012E-14));
#281=VECTOR('',#280,1.307114695609E-1);
#282=CARTESIAN_POINT('',(-3.125E0,-4.638430846882E-1,-7.5E-2));
#283=LINE('',#282,#281);
#284=CARTESIAN_POINT('',(-2.975E0,8.5E-1,-7.5E-2));
#285=DIRECTION('',(0.E0,0.E0,1.E0));
#286=DIRECTION('',(2.072416312634E-14,1.E0,0.E0));
#287=AXIS2_PLACEMENT_3D('',#284,#285,#286);
#289=DIRECTION('',(0.E0,0.E0,-1.E0));
#290=VECTOR('',#289,7.5E-2);
#291=CARTESIAN_POINT('',(-2.975E0,1.E0,0.E0));
#292=LINE('',#291,#290);
#293=DIRECTION('',(-3.650875288184E-1,9.309731984871E-1,0.E0));
#294=VECTOR('',#293,2.739069184960E-1);
#295=CARTESIAN_POINT('',(3.E0,5.95E-1,0.E0));
#296=LINE('',#295,#294);
#297=DIRECTION('',(0.E0,-1.E0,0.E0));
#298=VECTOR('',#297,1.595E0);
#299=CARTESIAN_POINT('',(-3.E0,5.95E-1,0.E0));
#300=LINE('',#299,#298);
#301=DIRECTION('',(-3.650875288185E-1,-9.309731984871E-1,0.E0));
#302=VECTOR('',#301,2.739069184961E-1);
#303=CARTESIAN_POINT('',(-2.9E0,8.5E-1,0.E0));
#304=LINE('',#303,#302);
#305=DIRECTION('',(0.E0,-1.E0,0.E0));
#306=VECTOR('',#305,1.5E-1);
#307=CARTESIAN_POINT('',(-2.975E0,1.E0,0.E0));
#308=LINE('',#307,#306);
#309=DIRECTION('',(-1.E0,0.E0,0.E0));
#310=VECTOR('',#309,5.95E0);
#311=CARTESIAN_POINT('',(2.975E0,1.E0,0.E0));
#312=LINE('',#311,#310);
#313=DIRECTION('',(0.E0,0.E0,-1.E0));
#314=VECTOR('',#313,3.E-1);
#315=CARTESIAN_POINT('',(-1.9E0,-5.8E-1,3.E-1));
#316=LINE('',#315,#314);
#317=DIRECTION('',(0.E0,9.028605188239E-1,-4.299335803923E-1));
#318=VECTOR('',#317,2.757680382813E-1);
#319=CARTESIAN_POINT('',(-1.9E0,-8.289800741177E-1,4.185619400560E-1));
#320=LINE('',#319,#318);
#321=CARTESIAN_POINT('',(-1.9E0,-7.E-1,6.894200957032E-1));
#322=DIRECTION('',(1.E0,0.E0,0.E0));
#323=DIRECTION('',(0.E0,-1.E0,1.147230458779E-14));
#324=AXIS2_PLACEMENT_3D('',#321,#322,#323);
#326=DIRECTION('',(0.E0,0.E0,-1.E0));
#327=VECTOR('',#326,2.105799042968E-1);
#328=CARTESIAN_POINT('',(-1.9E0,-1.E0,9.E-1));
#329=LINE('',#328,#327);
#330=DIRECTION('',(0.E0,-1.E0,0.E0));
#331=VECTOR('',#330,2.8E-1);
#332=CARTESIAN_POINT('',(-1.9E0,-7.2E-1,9.E-1));
#333=LINE('',#332,#331);
#334=DIRECTION('',(0.E0,0.E0,1.E0));
#335=VECTOR('',#334,2.232079106770E-1);
#336=CARTESIAN_POINT('',(-1.9E0,-7.2E-1,6.767920893230E-1));
#337=LINE('',#336,#335);
#338=DIRECTION('',(0.E0,-9.028605188239E-1,4.299335803923E-1));
#339=VECTOR('',#338,2.757680382813E-1);
#340=CARTESIAN_POINT('',(-1.9E0,-4.710199258823E-1,5.582301492670E-1));
#341=LINE('',#340,#339);
#342=CARTESIAN_POINT('',(-1.9E0,-6.E-1,2.873719936198E-1));
#343=DIRECTION('',(1.E0,0.E0,0.E0));
#344=DIRECTION('',(0.E0,1.E0,0.E0));
#345=AXIS2_PLACEMENT_3D('',#342,#343,#344);
#347=DIRECTION('',(0.E0,0.E0,1.E0));
#348=VECTOR('',#347,2.873719936198E-1);
#349=CARTESIAN_POINT('',(-1.9E0,-3.E-1,0.E0));
#350=LINE('',#349,#348);
#351=DIRECTION('',(0.E0,1.E0,0.E0));
#352=VECTOR('',#351,2.8E-1);
#353=CARTESIAN_POINT('',(-1.9E0,-5.8E-1,0.E0));
#354=LINE('',#353,#352);
#355=DIRECTION('',(1.E0,0.E0,0.E0));
#356=VECTOR('',#355,7.E-1);
#357=CARTESIAN_POINT('',(-2.6E0,-5.8E-1,0.E0));
#358=LINE('',#357,#356);
#359=DIRECTION('',(-1.E0,0.E0,0.E0));
#360=VECTOR('',#359,7.E-1);
#361=CARTESIAN_POINT('',(-1.9E0,-5.8E-1,3.E-1));
#362=LINE('',#361,#360);
#363=DIRECTION('',(0.E0,0.E0,1.E0));
#364=VECTOR('',#363,3.E-1);
#365=CARTESIAN_POINT('',(-2.6E0,-5.8E-1,0.E0));
#366=LINE('',#365,#364);
#367=DIRECTION('',(0.E0,-1.E0,0.E0));
#368=VECTOR('',#367,2.8E-1);
#369=CARTESIAN_POINT('',(-2.6E0,-3.E-1,0.E0));
#370=LINE('',#369,#368);
#371=DIRECTION('',(0.E0,0.E0,-1.E0));
#372=VECTOR('',#371,2.873719936198E-1);
#373=CARTESIAN_POINT('',(-2.6E0,-3.E-1,2.873719936198E-1));
#374=LINE('',#373,#372);
#375=CARTESIAN_POINT('',(-2.6E0,-6.E-1,2.873719936198E-1));
#376=DIRECTION('',(-1.E0,0.E0,0.E0));
#377=DIRECTION('',(0.E0,4.299335803923E-1,9.028605188239E-1));
#378=AXIS2_PLACEMENT_3D('',#375,#376,#377);
#380=DIRECTION('',(0.E0,9.028605188239E-1,-4.299335803923E-1));
#381=VECTOR('',#380,2.757680382813E-1);
#382=CARTESIAN_POINT('',(-2.6E0,-7.2E-1,6.767920893230E-1));
#383=LINE('',#382,#381);
#384=DIRECTION('',(0.E0,0.E0,-1.E0));
#385=VECTOR('',#384,2.232079106770E-1);
#386=CARTESIAN_POINT('',(-2.6E0,-7.2E-1,9.E-1));
#387=LINE('',#386,#385);
#388=DIRECTION('',(0.E0,1.E0,0.E0));
#389=VECTOR('',#388,2.8E-1);
#390=CARTESIAN_POINT('',(-2.6E0,-1.E0,9.E-1));
#391=LINE('',#390,#389);
#392=DIRECTION('',(0.E0,0.E0,1.E0));
#393=VECTOR('',#392,2.105799042968E-1);
#394=CARTESIAN_POINT('',(-2.6E0,-1.E0,6.894200957032E-1));
#395=LINE('',#394,#393);
#396=CARTESIAN_POINT('',(-2.6E0,-7.E-1,6.894200957032E-1));
#397=DIRECTION('',(-1.E0,0.E0,0.E0));
#398=DIRECTION('',(0.E0,-4.299335803923E-1,-9.028605188240E-1));
#399=AXIS2_PLACEMENT_3D('',#396,#397,#398);
#401=DIRECTION('',(0.E0,-9.028605188239E-1,4.299335803923E-1));
#402=VECTOR('',#401,2.757680382813E-1);
#403=CARTESIAN_POINT('',(-2.6E0,-5.8E-1,3.E-1));
#404=LINE('',#403,#402);
#405=DIRECTION('',(-1.E0,0.E0,0.E0));
#406=VECTOR('',#405,7.E-1);
#407=CARTESIAN_POINT('',(-1.9E0,-3.E-1,0.E0));
#408=LINE('',#407,#406);
#409=DIRECTION('',(1.E0,0.E0,0.E0));
#410=VECTOR('',#409,7.E-1);
#411=CARTESIAN_POINT('',(-2.6E0,-4.710199258823E-1,5.582301492670E-1));
#412=LINE('',#411,#410);
#413=DIRECTION('',(-1.E0,0.E0,0.E0));
#414=VECTOR('',#413,7.E-1);
#415=CARTESIAN_POINT('',(-1.9E0,-3.E-1,2.873719936198E-1));
#416=LINE('',#415,#414);
#417=DIRECTION('',(1.E0,0.E0,0.E0));
#418=VECTOR('',#417,7.E-1);
#419=CARTESIAN_POINT('',(-2.6E0,-7.2E-1,6.767920893230E-1));
#420=LINE('',#419,#418);
#421=DIRECTION('',(1.E0,0.E0,0.E0));
#422=VECTOR('',#421,7.E-1);
#423=CARTESIAN_POINT('',(-2.6E0,-7.2E-1,9.E-1));
#424=LINE('',#423,#422);
#425=DIRECTION('',(1.E0,0.E0,0.E0));
#426=VECTOR('',#425,7.E-1);
#427=CARTESIAN_POINT('',(-2.6E0,-1.E0,9.E-1));
#428=LINE('',#427,#426);
#429=DIRECTION('',(1.E0,0.E0,0.E0));
#430=VECTOR('',#429,7.E-1);
#431=CARTESIAN_POINT('',(-2.6E0,-8.289800741177E-1,4.185619400560E-1));
#432=LINE('',#431,#430);
#433=DIRECTION('',(-1.E0,0.E0,0.E0));
#434=VECTOR('',#433,7.E-1);
#435=CARTESIAN_POINT('',(-1.9E0,-1.E0,6.894200957032E-1));
#436=LINE('',#435,#434);
#437=DIRECTION('',(0.E0,-1.E0,0.E0));
#438=VECTOR('',#437,2.8E-1);
#439=CARTESIAN_POINT('',(1.9E0,-3.E-1,0.E0));
#440=LINE('',#439,#438);
#441=CARTESIAN_POINT('',(1.9E0,-6.E-1,2.873719936198E-1));
#442=DIRECTION('',(-1.E0,0.E0,0.E0));
#443=DIRECTION('',(0.E0,4.299335803923E-1,9.028605188239E-1));
#444=AXIS2_PLACEMENT_3D('',#441,#442,#443);
#446=DIRECTION('',(0.E0,9.028605188239E-1,-4.299335803923E-1));
#447=VECTOR('',#446,2.757680382813E-1);
#448=CARTESIAN_POINT('',(1.9E0,-7.2E-1,6.767920893230E-1));
#449=LINE('',#448,#447);
#450=CARTESIAN_POINT('',(1.9E0,-7.E-1,6.894200957032E-1));
#451=DIRECTION('',(-1.E0,0.E0,0.E0));
#452=DIRECTION('',(0.E0,-4.299335803923E-1,-9.028605188240E-1));
#453=AXIS2_PLACEMENT_3D('',#450,#451,#452);
#455=DIRECTION('',(0.E0,-9.028605188239E-1,4.299335803923E-1));
#456=VECTOR('',#455,2.757680382813E-1);
#457=CARTESIAN_POINT('',(1.9E0,-5.8E-1,3.E-1));
#458=LINE('',#457,#456);
#459=DIRECTION('',(1.E0,0.E0,0.E0));
#460=VECTOR('',#459,7.E-1);
#461=CARTESIAN_POINT('',(1.9E0,-5.8E-1,0.E0));
#462=LINE('',#461,#460);
#463=DIRECTION('',(0.E0,0.E0,-1.E0));
#464=VECTOR('',#463,3.E-1);
#465=CARTESIAN_POINT('',(1.9E0,-5.8E-1,3.E-1));
#466=LINE('',#465,#464);
#467=DIRECTION('',(0.E0,0.E0,1.E0));
#468=VECTOR('',#467,3.E-1);
#469=CARTESIAN_POINT('',(2.6E0,-5.8E-1,0.E0));
#470=LINE('',#469,#468);
#471=DIRECTION('',(1.E0,0.E0,0.E0));
#472=VECTOR('',#471,7.E-1);
#473=CARTESIAN_POINT('',(1.9E0,-5.8E-1,3.E-1));
#474=LINE('',#473,#472);
#475=DIRECTION('',(1.E0,0.E0,0.E0));
#476=VECTOR('',#475,7.E-1);
#477=CARTESIAN_POINT('',(1.9E0,-8.289800741177E-1,4.185619400560E-1));
#478=LINE('',#477,#476);
#479=DIRECTION('',(-1.E0,0.E0,0.E0));
#480=VECTOR('',#479,7.E-1);
#481=CARTESIAN_POINT('',(2.6E0,-1.E0,6.894200957032E-1));
#482=LINE('',#481,#480);
#483=DIRECTION('',(0.E0,0.E0,-1.E0));
#484=VECTOR('',#483,2.105799042968E-1);
#485=CARTESIAN_POINT('',(1.9E0,-1.E0,9.E-1));
#486=LINE('',#485,#484);
#487=DIRECTION('',(-1.E0,0.E0,0.E0));
#488=VECTOR('',#487,7.E-1);
#489=CARTESIAN_POINT('',(2.6E0,-1.E0,9.E-1));
#490=LINE('',#489,#488);
#491=DIRECTION('',(0.E0,0.E0,1.E0));
#492=VECTOR('',#491,2.105799042968E-1);
#493=CARTESIAN_POINT('',(2.6E0,-1.E0,6.894200957032E-1));
#494=LINE('',#493,#492);
#495=DIRECTION('',(0.E0,-1.E0,0.E0));
#496=VECTOR('',#495,2.8E-1);
#497=CARTESIAN_POINT('',(1.9E0,-7.2E-1,9.E-1));
#498=LINE('',#497,#496);
#499=DIRECTION('',(-1.E0,0.E0,0.E0));
#500=VECTOR('',#499,7.E-1);
#501=CARTESIAN_POINT('',(2.6E0,-7.2E-1,9.E-1));
#502=LINE('',#501,#500);
#503=DIRECTION('',(0.E0,1.E0,0.E0));
#504=VECTOR('',#503,2.8E-1);
#505=CARTESIAN_POINT('',(2.6E0,-1.E0,9.E-1));
#506=LINE('',#505,#504);
#507=DIRECTION('',(0.E0,0.E0,1.E0));
#508=VECTOR('',#507,2.232079106770E-1);
#509=CARTESIAN_POINT('',(1.9E0,-7.2E-1,6.767920893230E-1));
#510=LINE('',#509,#508);
#511=DIRECTION('',(-1.E0,0.E0,0.E0));
#512=VECTOR('',#511,7.E-1);
#513=CARTESIAN_POINT('',(2.6E0,-7.2E-1,6.767920893230E-1));
#514=LINE('',#513,#512);
#515=DIRECTION('',(0.E0,0.E0,-1.E0));
#516=VECTOR('',#515,2.232079106770E-1);
#517=CARTESIAN_POINT('',(2.6E0,-7.2E-1,9.E-1));
#518=LINE('',#517,#516);
#519=DIRECTION('',(1.E0,0.E0,0.E0));
#520=VECTOR('',#519,7.E-1);
#521=CARTESIAN_POINT('',(1.9E0,-4.710199258823E-1,5.582301492670E-1));
#522=LINE('',#521,#520);
#523=DIRECTION('',(-1.E0,0.E0,0.E0));
#524=VECTOR('',#523,7.E-1);
#525=CARTESIAN_POINT('',(2.6E0,-3.E-1,2.873719936198E-1));
#526=LINE('',#525,#524);
#527=DIRECTION('',(0.E0,0.E0,1.E0));
#528=VECTOR('',#527,2.873719936198E-1);
#529=CARTESIAN_POINT('',(1.9E0,-3.E-1,0.E0));
#530=LINE('',#529,#528);
#531=DIRECTION('',(-1.E0,0.E0,0.E0));
#532=VECTOR('',#531,7.E-1);
#533=CARTESIAN_POINT('',(2.6E0,-3.E-1,0.E0));
#534=LINE('',#533,#532);
#535=DIRECTION('',(0.E0,0.E0,-1.E0));
#536=VECTOR('',#535,2.873719936198E-1);
#537=CARTESIAN_POINT('',(2.6E0,-3.E-1,2.873719936198E-1));
#538=LINE('',#537,#536);
#539=DIRECTION('',(0.E0,9.028605188239E-1,-4.299335803923E-1));
#540=VECTOR('',#539,2.757680382813E-1);
#541=CARTESIAN_POINT('',(2.6E0,-8.289800741177E-1,4.185619400560E-1));
#542=LINE('',#541,#540);
#543=CARTESIAN_POINT('',(2.6E0,-7.E-1,6.894200957032E-1));
#544=DIRECTION('',(1.E0,0.E0,0.E0));
#545=DIRECTION('',(0.E0,-1.E0,0.E0));
#546=AXIS2_PLACEMENT_3D('',#543,#544,#545);
#548=DIRECTION('',(0.E0,-9.028605188239E-1,4.299335803923E-1));
#549=VECTOR('',#548,2.757680382813E-1);
#550=CARTESIAN_POINT('',(2.6E0,-4.710199258823E-1,5.582301492670E-1));
#551=LINE('',#550,#549);
#552=CARTESIAN_POINT('',(2.6E0,-6.E-1,2.873719936198E-1));
#553=DIRECTION('',(1.E0,0.E0,0.E0));
#554=DIRECTION('',(0.E0,1.E0,1.369275063704E-14));
#555=AXIS2_PLACEMENT_3D('',#552,#553,#554);
#557=DIRECTION('',(0.E0,1.E0,0.E0));
#558=VECTOR('',#557,2.8E-1);
#559=CARTESIAN_POINT('',(2.6E0,-5.8E-1,0.E0));
#560=LINE('',#559,#558);
#561=DIRECTION('',(0.E0,0.E0,-1.E0));
#562=VECTOR('',#561,2.5E0);
#563=CARTESIAN_POINT('',(3.174509803922E0,1.500000000001E-1,-1.85E0));
#564=LINE('',#563,#562);
#565=DIRECTION('',(0.E0,1.E0,0.E0));
#566=VECTOR('',#565,1.5E-1);
#567=CARTESIAN_POINT('',(2.975E0,8.5E-1,-6.125E0));
#568=LINE('',#567,#566);
#569=DIRECTION('',(3.650875288185E-1,-9.309731984871E-1,0.E0));
#570=VECTOR('',#569,2.739069184960E-1);
#571=CARTESIAN_POINT('',(2.9E0,8.5E-1,-6.125E0));
#572=LINE('',#571,#570);
#573=DIRECTION('',(0.E0,1.E0,0.E0));
#574=VECTOR('',#573,1.097059419871E0);
#575=CARTESIAN_POINT('',(3.E0,-5.020594198705E-1,-6.125E0));
#576=LINE('',#575,#574);
#577=DIRECTION('',(-9.563047559630E-1,-2.923717047228E-1,2.038486192567E-14));
#578=VECTOR('',#577,1.307114695609E-1);
#579=CARTESIAN_POINT('',(3.125E0,-4.638430846882E-1,-6.125E0));
#580=LINE('',#579,#578);
#581=DIRECTION('',(0.E0,-1.E0,0.E0));
#582=VECTOR('',#581,1.313843084688E0);
#583=CARTESIAN_POINT('',(3.125E0,8.5E-1,-6.125E0));
#584=LINE('',#583,#582);
#585=CARTESIAN_POINT('',(2.975E0,8.5E-1,-6.125E0));
#586=DIRECTION('',(0.E0,0.E0,-1.E0));
#587=DIRECTION('',(0.E0,1.E0,0.E0));
#588=AXIS2_PLACEMENT_3D('',#585,#586,#587);
#590=DIRECTION('',(0.E0,0.E0,1.E0));
#591=VECTOR('',#590,7.5E-2);
#592=CARTESIAN_POINT('',(2.975E0,1.E0,-6.2E0));
#593=LINE('',#592,#591);
#594=DIRECTION('',(3.650875288185E-1,9.309731984871E-1,0.E0));
#595=VECTOR('',#594,2.739069184961E-1);
#596=CARTESIAN_POINT('',(-3.E0,5.95E-1,-6.2E0));
#597=LINE('',#596,#595);
#598=DIRECTION('',(0.E0,-1.E0,0.E0));
#599=VECTOR('',#598,1.595E0);
#600=CARTESIAN_POINT('',(3.E0,5.95E-1,-6.2E0));
#601=LINE('',#600,#599);
#602=DIRECTION('',(3.650875288185E-1,-9.309731984871E-1,0.E0));
#603=VECTOR('',#602,2.739069184961E-1);
#604=CARTESIAN_POINT('',(2.9E0,8.5E-1,-6.2E0));
#605=LINE('',#604,#603);
#606=DIRECTION('',(0.E0,-1.E0,0.E0));
#607=VECTOR('',#606,1.5E-1);
#608=CARTESIAN_POINT('',(2.975E0,1.E0,-6.2E0));
#609=LINE('',#608,#607);
#610=DIRECTION('',(1.E0,0.E0,0.E0));
#611=VECTOR('',#610,5.95E0);
#612=CARTESIAN_POINT('',(-2.975E0,1.E0,-6.2E0));
#613=LINE('',#612,#611);
#614=DIRECTION('',(0.E0,-1.E0,0.E0));
#615=VECTOR('',#614,2.8E-1);
#616=CARTESIAN_POINT('',(-1.9E0,-3.E-1,-6.2E0));
#617=LINE('',#616,#615);
#618=CARTESIAN_POINT('',(-1.9E0,-6.E-1,-6.487371993620E0));
#619=DIRECTION('',(1.E0,0.E0,0.E0));
#620=DIRECTION('',(0.E0,4.299335803923E-1,-9.028605188239E-1));
#621=AXIS2_PLACEMENT_3D('',#618,#619,#620);
#623=DIRECTION('',(0.E0,9.028605188239E-1,4.299335803924E-1));
#624=VECTOR('',#623,2.757680382813E-1);
#625=CARTESIAN_POINT('',(-1.9E0,-7.2E-1,-6.876792089323E0));
#626=LINE('',#625,#624);
#627=CARTESIAN_POINT('',(-1.9E0,-7.E-1,-6.889420095703E0));
#628=DIRECTION('',(1.E0,0.E0,0.E0));
#629=DIRECTION('',(0.E0,-4.299335803923E-1,9.028605188239E-1));
#630=AXIS2_PLACEMENT_3D('',#627,#628,#629);
#632=DIRECTION('',(0.E0,-9.028605188239E-1,-4.299335803923E-1));
#633=VECTOR('',#632,2.757680382813E-1);
#634=CARTESIAN_POINT('',(-1.9E0,-5.8E-1,-6.5E0));
#635=LINE('',#634,#633);
#636=DIRECTION('',(-1.E0,0.E0,0.E0));
#637=VECTOR('',#636,7.E-1);
#638=CARTESIAN_POINT('',(-1.9E0,-5.8E-1,-6.2E0));
#639=LINE('',#638,#637);
#640=DIRECTION('',(0.E0,0.E0,1.E0));
#641=VECTOR('',#640,3.E-1);
#642=CARTESIAN_POINT('',(-1.9E0,-5.8E-1,-6.5E0));
#643=LINE('',#642,#641);
#644=DIRECTION('',(0.E0,0.E0,-1.E0));
#645=VECTOR('',#644,3.E-1);
#646=CARTESIAN_POINT('',(-2.6E0,-5.8E-1,-6.2E0));
#647=LINE('',#646,#645);
#648=DIRECTION('',(-1.E0,0.E0,0.E0));
#649=VECTOR('',#648,7.E-1);
#650=CARTESIAN_POINT('',(-1.9E0,-5.8E-1,-6.5E0));
#651=LINE('',#650,#649);
#652=DIRECTION('',(-1.E0,0.E0,0.E0));
#653=VECTOR('',#652,7.E-1);
#654=CARTESIAN_POINT('',(-1.9E0,-8.289800741177E-1,-6.618561940056E0));
#655=LINE('',#654,#653);
#656=DIRECTION('',(1.E0,0.E0,0.E0));
#657=VECTOR('',#656,7.E-1);
#658=CARTESIAN_POINT('',(-2.6E0,-1.E0,-6.889420095703E0));
#659=LINE('',#658,#657);
#660=DIRECTION('',(0.E0,0.E0,1.E0));
#661=VECTOR('',#660,2.105799042968E-1);
#662=CARTESIAN_POINT('',(-1.9E0,-1.E0,-7.1E0));
#663=LINE('',#662,#661);
#664=DIRECTION('',(1.E0,0.E0,0.E0));
#665=VECTOR('',#664,7.E-1);
#666=CARTESIAN_POINT('',(-2.6E0,-1.E0,-7.1E0));
#667=LINE('',#666,#665);
#668=DIRECTION('',(0.E0,0.E0,-1.E0));
#669=VECTOR('',#668,2.105799042968E-1);
#670=CARTESIAN_POINT('',(-2.6E0,-1.E0,-6.889420095703E0));
#671=LINE('',#670,#669);
#672=DIRECTION('',(0.E0,-1.E0,0.E0));
#673=VECTOR('',#672,2.8E-1);
#674=CARTESIAN_POINT('',(-1.9E0,-7.2E-1,-7.1E0));
#675=LINE('',#674,#673);
#676=DIRECTION('',(1.E0,0.E0,0.E0));
#677=VECTOR('',#676,7.E-1);
#678=CARTESIAN_POINT('',(-2.6E0,-7.2E-1,-7.1E0));
#679=LINE('',#678,#677);
#680=DIRECTION('',(0.E0,1.E0,0.E0));
#681=VECTOR('',#680,2.8E-1);
#682=CARTESIAN_POINT('',(-2.6E0,-1.E0,-7.1E0));
#683=LINE('',#682,#681);
#684=DIRECTION('',(0.E0,0.E0,-1.E0));
#685=VECTOR('',#684,2.232079106770E-1);
#686=CARTESIAN_POINT('',(-1.9E0,-7.2E-1,-6.876792089323E0));
#687=LINE('',#686,#685);
#688=DIRECTION('',(1.E0,0.E0,0.E0));
#689=VECTOR('',#688,7.E-1);
#690=CARTESIAN_POINT('',(-2.6E0,-7.2E-1,-6.876792089323E0));
#691=LINE('',#690,#689);
#692=DIRECTION('',(0.E0,0.E0,1.E0));
#693=VECTOR('',#692,2.232079106770E-1);
#694=CARTESIAN_POINT('',(-2.6E0,-7.2E-1,-7.1E0));
#695=LINE('',#694,#693);
#696=DIRECTION('',(-1.E0,0.E0,0.E0));
#697=VECTOR('',#696,7.E-1);
#698=CARTESIAN_POINT('',(-1.9E0,-4.710199258823E-1,-6.758230149267E0));
#699=LINE('',#698,#697);
#700=DIRECTION('',(1.E0,0.E0,0.E0));
#701=VECTOR('',#700,7.E-1);
#702=CARTESIAN_POINT('',(-2.6E0,-3.E-1,-6.487371993620E0));
#703=LINE('',#702,#701);
#704=DIRECTION('',(0.E0,0.E0,-1.E0));
#705=VECTOR('',#704,2.873719936198E-1);
#706=CARTESIAN_POINT('',(-1.9E0,-3.E-1,-6.2E0));
#707=LINE('',#706,#705);
#708=DIRECTION('',(1.E0,0.E0,0.E0));
#709=VECTOR('',#708,7.E-1);
#710=CARTESIAN_POINT('',(-2.6E0,-3.E-1,-6.2E0));
#711=LINE('',#710,#709);
#712=DIRECTION('',(0.E0,0.E0,1.E0));
#713=VECTOR('',#712,2.873719936198E-1);
#714=CARTESIAN_POINT('',(-2.6E0,-3.E-1,-6.487371993620E0));
#715=LINE('',#714,#713);
#716=DIRECTION('',(0.E0,9.028605188239E-1,4.299335803923E-1));
#717=VECTOR('',#716,2.757680382813E-1);
#718=CARTESIAN_POINT('',(-2.6E0,-8.289800741177E-1,-6.618561940056E0));
#719=LINE('',#718,#717);
#720=CARTESIAN_POINT('',(-2.6E0,-7.E-1,-6.889420095703E0));
#721=DIRECTION('',(-1.E0,0.E0,0.E0));
#722=DIRECTION('',(0.E0,-1.E0,0.E0));
#723=AXIS2_PLACEMENT_3D('',#720,#721,#722);
#725=DIRECTION('',(0.E0,-9.028605188239E-1,-4.299335803923E-1));
#726=VECTOR('',#725,2.757680382813E-1);
#727=CARTESIAN_POINT('',(-2.6E0,-4.710199258823E-1,-6.758230149267E0));
#728=LINE('',#727,#726);
#729=CARTESIAN_POINT('',(-2.6E0,-6.E-1,-6.487371993620E0));
#730=DIRECTION('',(-1.E0,0.E0,0.E0));
#731=DIRECTION('',(0.E0,1.E0,-1.776356839400E-14));
#732=AXIS2_PLACEMENT_3D('',#729,#730,#731);
#734=DIRECTION('',(0.E0,1.E0,0.E0));
#735=VECTOR('',#734,2.8E-1);
#736=CARTESIAN_POINT('',(-2.6E0,-5.8E-1,-6.2E0));
#737=LINE('',#736,#735);
#738=DIRECTION('',(0.E0,0.E0,1.E0));
#739=VECTOR('',#738,3.E-1);
#740=CARTESIAN_POINT('',(1.9E0,-5.8E-1,-6.5E0));
#741=LINE('',#740,#739);
#742=DIRECTION('',(0.E0,9.028605188239E-1,4.299335803923E-1));
#743=VECTOR('',#742,2.757680382813E-1);
#744=CARTESIAN_POINT('',(1.9E0,-8.289800741177E-1,-6.618561940056E0));
#745=LINE('',#744,#743);
#746=CARTESIAN_POINT('',(1.9E0,-7.E-1,-6.889420095703E0));
#747=DIRECTION('',(-1.E0,0.E0,0.E0));
#748=DIRECTION('',(0.E0,-1.E0,-1.480297366167E-14));
#749=AXIS2_PLACEMENT_3D('',#746,#747,#748);
#751=DIRECTION('',(0.E0,0.E0,1.E0));
#752=VECTOR('',#751,2.105799042968E-1);
#753=CARTESIAN_POINT('',(1.9E0,-1.E0,-7.1E0));
#754=LINE('',#753,#752);
#755=DIRECTION('',(0.E0,-1.E0,0.E0));
#756=VECTOR('',#755,2.8E-1);
#757=CARTESIAN_POINT('',(1.9E0,-7.2E-1,-7.1E0));
#758=LINE('',#757,#756);
#759=DIRECTION('',(0.E0,0.E0,-1.E0));
#760=VECTOR('',#759,2.232079106770E-1);
#761=CARTESIAN_POINT('',(1.9E0,-7.2E-1,-6.876792089323E0));
#762=LINE('',#761,#760);
#763=DIRECTION('',(0.E0,-9.028605188239E-1,-4.299335803923E-1));
#764=VECTOR('',#763,2.757680382813E-1);
#765=CARTESIAN_POINT('',(1.9E0,-4.710199258823E-1,-6.758230149267E0));
#766=LINE('',#765,#764);
#767=CARTESIAN_POINT('',(1.9E0,-6.E-1,-6.487371993620E0));
#768=DIRECTION('',(-1.E0,0.E0,0.E0));
#769=DIRECTION('',(0.E0,1.E0,0.E0));
#770=AXIS2_PLACEMENT_3D('',#767,#768,#769);
#772=DIRECTION('',(0.E0,0.E0,-1.E0));
#773=VECTOR('',#772,2.873719936198E-1);
#774=CARTESIAN_POINT('',(1.9E0,-3.E-1,-6.2E0));
#775=LINE('',#774,#773);
#776=DIRECTION('',(0.E0,1.E0,0.E0));
#777=VECTOR('',#776,2.8E-1);
#778=CARTESIAN_POINT('',(1.9E0,-5.8E-1,-6.2E0));
#779=LINE('',#778,#777);
#780=DIRECTION('',(-1.E0,0.E0,0.E0));
#781=VECTOR('',#780,7.E-1);
#782=CARTESIAN_POINT('',(2.6E0,-5.8E-1,-6.2E0));
#783=LINE('',#782,#781);
#784=DIRECTION('',(1.E0,0.E0,0.E0));
#785=VECTOR('',#784,7.E-1);
#786=CARTESIAN_POINT('',(1.9E0,-5.8E-1,-6.5E0));
#787=LINE('',#786,#785);
#788=DIRECTION('',(0.E0,0.E0,-1.E0));
#789=VECTOR('',#788,3.E-1);
#790=CARTESIAN_POINT('',(2.6E0,-5.8E-1,-6.2E0));
#791=LINE('',#790,#789);
#792=DIRECTION('',(0.E0,-1.E0,0.E0));
#793=VECTOR('',#792,2.8E-1);
#794=CARTESIAN_POINT('',(2.6E0,-3.E-1,-6.2E0));
#795=LINE('',#794,#793);
#796=DIRECTION('',(0.E0,0.E0,1.E0));
#797=VECTOR('',#796,2.873719936198E-1);
#798=CARTESIAN_POINT('',(2.6E0,-3.E-1,-6.487371993620E0));
#799=LINE('',#798,#797);
#800=CARTESIAN_POINT('',(2.6E0,-6.E-1,-6.487371993620E0));
#801=DIRECTION('',(1.E0,0.E0,0.E0));
#802=DIRECTION('',(0.E0,4.299335803923E-1,-9.028605188239E-1));
#803=AXIS2_PLACEMENT_3D('',#800,#801,#802);
#805=DIRECTION('',(0.E0,9.028605188239E-1,4.299335803923E-1));
#806=VECTOR('',#805,2.757680382813E-1);
#807=CARTESIAN_POINT('',(2.6E0,-7.2E-1,-6.876792089323E0));
#808=LINE('',#807,#806);
#809=DIRECTION('',(0.E0,0.E0,1.E0));
#810=VECTOR('',#809,2.232079106770E-1);
#811=CARTESIAN_POINT('',(2.6E0,-7.2E-1,-7.1E0));
#812=LINE('',#811,#810);
#813=DIRECTION('',(0.E0,1.E0,0.E0));
#814=VECTOR('',#813,2.8E-1);
#815=CARTESIAN_POINT('',(2.6E0,-1.E0,-7.1E0));
#816=LINE('',#815,#814);
#817=DIRECTION('',(0.E0,0.E0,-1.E0));
#818=VECTOR('',#817,2.105799042968E-1);
#819=CARTESIAN_POINT('',(2.6E0,-1.E0,-6.889420095703E0));
#820=LINE('',#819,#818);
#821=CARTESIAN_POINT('',(2.6E0,-7.E-1,-6.889420095703E0));
#822=DIRECTION('',(1.E0,0.E0,0.E0));
#823=DIRECTION('',(0.E0,-4.299335803923E-1,9.028605188239E-1));
#824=AXIS2_PLACEMENT_3D('',#821,#822,#823);
#826=DIRECTION('',(0.E0,-9.028605188239E-1,-4.299335803923E-1));
#827=VECTOR('',#826,2.757680382813E-1);
#828=CARTESIAN_POINT('',(2.6E0,-5.8E-1,-6.5E0));
#829=LINE('',#828,#827);
#830=DIRECTION('',(1.E0,0.E0,0.E0));
#831=VECTOR('',#830,7.E-1);
#832=CARTESIAN_POINT('',(1.9E0,-3.E-1,-6.2E0));
#833=LINE('',#832,#831);
#834=DIRECTION('',(-1.E0,0.E0,0.E0));
#835=VECTOR('',#834,7.E-1);
#836=CARTESIAN_POINT('',(2.6E0,-4.710199258823E-1,-6.758230149267E0));
#837=LINE('',#836,#835);
#838=DIRECTION('',(1.E0,0.E0,0.E0));
#839=VECTOR('',#838,7.E-1);
#840=CARTESIAN_POINT('',(1.9E0,-3.E-1,-6.487371993620E0));
#841=LINE('',#840,#839);
#842=DIRECTION('',(-1.E0,0.E0,0.E0));
#843=VECTOR('',#842,7.E-1);
#844=CARTESIAN_POINT('',(2.6E0,-7.2E-1,-6.876792089323E0));
#845=LINE('',#844,#843);
#846=DIRECTION('',(-1.E0,0.E0,0.E0));
#847=VECTOR('',#846,7.E-1);
#848=CARTESIAN_POINT('',(2.6E0,-7.2E-1,-7.1E0));
#849=LINE('',#848,#847);
#850=DIRECTION('',(-1.E0,0.E0,0.E0));
#851=VECTOR('',#850,7.E-1);
#852=CARTESIAN_POINT('',(2.6E0,-1.E0,-7.1E0));
#853=LINE('',#852,#851);
#854=DIRECTION('',(-1.E0,0.E0,0.E0));
#855=VECTOR('',#854,7.E-1);
#856=CARTESIAN_POINT('',(2.6E0,-8.289800741177E-1,-6.618561940056E0));
#857=LINE('',#856,#855);
#858=DIRECTION('',(1.E0,0.E0,0.E0));
#859=VECTOR('',#858,7.E-1);
#860=CARTESIAN_POINT('',(1.9E0,-1.E0,-6.889420095703E0));
#861=LINE('',#860,#859);
#862=DIRECTION('',(5.329070518201E-14,1.487698852998E-13,-1.E0));
#863=VECTOR('',#862,5.E-2);
#864=CARTESIAN_POINT('',(-3.E0,5.95E-1,-4.35E0));
#865=LINE('',#864,#863);
#866=DIRECTION('',(-4.440892098501E-14,-1.376676550535E-13,-1.E0));
#867=VECTOR('',#866,5.E-2);
#868=CARTESIAN_POINT('',(-3.E0,5.95E-1,-1.8E0));
#869=LINE('',#868,#867);
#870=DIRECTION('',(4.144832625267E-14,1.583918181799E-13,-1.E0));
#871=VECTOR('',#870,7.5E-2);
#872=CARTESIAN_POINT('',(-3.E0,5.95E-1,0.E0));
#873=LINE('',#872,#871);
#874=DIRECTION('',(0.E0,-1.E0,0.E0));
#875=VECTOR('',#874,1.595E0);
#876=CARTESIAN_POINT('',(-3.E0,5.95E-1,-6.2E0));
#877=LINE('',#876,#875);
#878=DIRECTION('',(-2.368475785867E-14,-1.879977655032E-13,-1.E0));
#879=VECTOR('',#878,7.5E-2);
#880=CARTESIAN_POINT('',(-3.E0,5.95E-1,-6.125E0));
#881=LINE('',#880,#879);
#882=CARTESIAN_POINT('',(-3.E0,1.754886114323E-1,-4.55E0));
#883=DIRECTION('',(1.E0,0.E0,0.E0));
#884=DIRECTION('',(0.E0,-4.810966440042E-14,1.E0));
#885=AXIS2_PLACEMENT_3D('',#882,#883,#884);
#887=DIRECTION('',(-1.E0,0.E0,0.E0));
#888=VECTOR('',#887,1.25E-1);
#889=CARTESIAN_POINT('',(-3.E0,1.754886114323E-1,-4.4E0));
#890=LINE('',#889,#888);
#891=CARTESIAN_POINT('',(-3.E0,-5.5E-2,-4.4E0));
#892=DIRECTION('',(-1.E0,0.E0,0.E0));
#893=DIRECTION('',(0.E0,8.381404052086E-1,-5.454545454543E-1));
#894=AXIS2_PLACEMENT_3D('',#891,#892,#893);
#896=DIRECTION('',(1.E0,0.E0,0.E0));
#897=VECTOR('',#896,1.25E-1);
#898=CARTESIAN_POINT('',(-3.125E0,-1.8E-1,-4.4E0));
#899=LINE('',#898,#897);
#900=DIRECTION('',(-1.E0,-2.575717417130E-14,-3.552713678800E-14));
#901=VECTOR('',#900,1.25E-1);
#902=CARTESIAN_POINT('',(-3.E0,4.976755065106E-2,-4.468181818182E0));
#903=LINE('',#902,#901);
#904=DIRECTION('',(0.E0,0.E0,-1.E0));
#905=VECTOR('',#904,2.6E0);
#906=CARTESIAN_POINT('',(-3.E0,-1.8E-1,-1.8E0));
#907=LINE('',#906,#905);
#908=DIRECTION('',(0.E0,0.E0,1.E0));
#909=VECTOR('',#908,2.6E0);
#910=CARTESIAN_POINT('',(-3.125E0,-1.8E-1,-4.4E0));
#911=LINE('',#910,#909);
#912=CARTESIAN_POINT('',(-3.E0,-5.5E-2,-1.8E0));
#913=DIRECTION('',(-1.E0,0.E0,0.E0));
#914=DIRECTION('',(0.E0,-1.E0,0.E0));
#915=AXIS2_PLACEMENT_3D('',#912,#913,#914);
#917=DIRECTION('',(1.E0,-4.835021272242E-14,6.039613253961E-14));
#918=VECTOR('',#917,1.25E-1);
#919=CARTESIAN_POINT('',(-3.125E0,4.976755065105E-2,-1.731818181818E0));
#920=LINE('',#919,#918);
#921=DIRECTION('',(-1.E0,0.E0,-1.243449787580E-14));
#922=VECTOR('',#921,1.25E-1);
#923=CARTESIAN_POINT('',(-3.E0,-1.8E-1,-1.8E0));
#924=LINE('',#923,#922);
#925=CARTESIAN_POINT('',(-3.E0,1.754886114323E-1,-1.65E0));
#926=DIRECTION('',(-1.E0,0.E0,0.E0));
#927=DIRECTION('',(0.E0,-4.958996176659E-14,-1.E0));
#928=AXIS2_PLACEMENT_3D('',#925,#926,#927);
#930=DIRECTION('',(1.E0,0.E0,0.E0));
#931=VECTOR('',#930,1.25E-1);
#932=CARTESIAN_POINT('',(-3.125E0,1.754886114323E-1,-1.8E0));
#933=LINE('',#932,#931);
#934=DIRECTION('',(3.650875288185E-1,9.309731984871E-1,0.E0));
#935=VECTOR('',#934,2.739069184960E-1);
#936=CARTESIAN_POINT('',(-3.E0,5.95E-1,-1.8E0));
#937=LINE('',#936,#935);
#938=DIRECTION('',(-1.E0,0.E0,0.E0));
#939=VECTOR('',#938,1.E-1);
#940=CARTESIAN_POINT('',(-2.9E0,8.5E-1,-1.8E0));
#941=LINE('',#940,#939);
#942=CARTESIAN_POINT('',(-2.975E0,8.5E-1,-1.8E0));
#943=DIRECTION('',(0.E0,0.E0,-1.E0));
#944=DIRECTION('',(-1.E0,-1.709743457923E-13,0.E0));
#945=AXIS2_PLACEMENT_3D('',#942,#943,#944);
#947=DIRECTION('',(0.E0,1.E0,0.E0));
#948=VECTOR('',#947,6.745113885677E-1);
#949=CARTESIAN_POINT('',(-3.125E0,1.754886114323E-1,-1.8E0));
#950=LINE('',#949,#948);
#951=DIRECTION('',(0.E0,1.E0,0.E0));
#952=VECTOR('',#951,4.195113885677E-1);
#953=CARTESIAN_POINT('',(-3.E0,1.754886114323E-1,-1.8E0));
#954=LINE('',#953,#952);
#955=CARTESIAN_POINT('',(-3.E0,8.5E-1,-1.95E0));
#956=DIRECTION('',(0.E0,-1.E0,0.E0));
#957=DIRECTION('',(1.E0,0.E0,-1.199040866595E-13));
#958=AXIS2_PLACEMENT_3D('',#955,#956,#957);
#960=DIRECTION('',(0.E0,-1.E0,2.368475785867E-14));
#961=VECTOR('',#960,1.5E-1);
#962=CARTESIAN_POINT('',(-2.85E0,1.E0,-1.95E0));
#963=LINE('',#962,#961);
#964=CARTESIAN_POINT('',(-3.E0,9.979019945775E-1,-1.8E0));
#965=CARTESIAN_POINT('',(-2.997213170174E0,9.983730547945E-1,-1.8E0));
#966=CARTESIAN_POINT('',(-2.991635264875E0,9.991481590829E-1,
-1.800155192951E0));
#967=CARTESIAN_POINT('',(-2.983272431267E0,9.998486002249E-1,
-1.800857065401E0));
#968=CARTESIAN_POINT('',(-2.977747906972E0,1.E0,-1.801633524371E0));
#969=CARTESIAN_POINT('',(-2.975000000015E0,1.E0,-1.802098005422E0));
#971=DIRECTION('',(0.E0,1.E0,0.E0));
#972=VECTOR('',#971,1.479019945775E-1);
#973=CARTESIAN_POINT('',(-3.E0,8.5E-1,-1.8E0));
#974=LINE('',#973,#972);
#975=DIRECTION('',(0.E0,0.E0,-1.E0));
#976=VECTOR('',#975,2.3E0);
#977=CARTESIAN_POINT('',(-2.85E0,8.5E-1,-1.95E0));
#978=LINE('',#977,#976);
#979=DIRECTION('',(0.E0,0.E0,-1.E0));
#980=VECTOR('',#979,2.3E0);
#981=CARTESIAN_POINT('',(-2.85E0,1.E0,-1.95E0));
#982=LINE('',#981,#980);
#983=CARTESIAN_POINT('',(-3.E0,8.5E-1,-4.25E0));
#984=DIRECTION('',(0.E0,1.E0,0.E0));
#985=DIRECTION('',(1.E0,0.E0,1.598721155460E-13));
#986=AXIS2_PLACEMENT_3D('',#983,#984,#985);
#988=DIRECTION('',(1.201036432588E-14,-1.E0,0.E0));
#989=VECTOR('',#988,1.479019945775E-1);
#990=CARTESIAN_POINT('',(-3.E0,9.979019945775E-1,-4.4E0));
#991=LINE('',#990,#989);
#992=DIRECTION('',(0.E0,1.E0,0.E0));
#993=VECTOR('',#992,1.5E-1);
#994=CARTESIAN_POINT('',(-2.85E0,8.5E-1,-4.25E0));
#995=LINE('',#994,#993);
#996=DIRECTION('',(0.E0,0.E0,1.E0));
#997=VECTOR('',#996,1.725E0);
#998=CARTESIAN_POINT('',(-3.125E0,8.5E-1,-6.125E0));
#999=LINE('',#998,#997);
#1000=DIRECTION('',(8.878451760569E-12,0.E0,-1.E0));
#1001=VECTOR('',#1000,1.727098005422E0);
#1002=CARTESIAN_POINT('',(-2.975000000015E0,1.E0,-4.397901994578E0));
#1003=LINE('',#1002,#1001);
#1004=CARTESIAN_POINT('',(-3.E0,9.979019945775E-1,-4.4E0));
#1005=CARTESIAN_POINT('',(-2.997252095930E0,9.983664751407E-1,-4.4E0));
#1006=CARTESIAN_POINT('',(-2.991727575354E0,9.991429336998E-1,
-4.399848570468E0));
#1007=CARTESIAN_POINT('',(-2.983364747867E0,9.998448064132E-1,
-4.399148129066E0));
#1008=CARTESIAN_POINT('',(-2.977786832978E0,1.E0,-4.398373055324E0));
#1009=CARTESIAN_POINT('',(-2.975000000015E0,1.E0,-4.397901994578E0));
#1011=CARTESIAN_POINT('',(-3.125E0,1.754886114323E-1,-4.55E0));
#1012=DIRECTION('',(-1.E0,0.E0,0.E0));
#1013=DIRECTION('',(0.E0,-8.381404052084E-1,5.454545454547E-1));
#1014=AXIS2_PLACEMENT_3D('',#1011,#1012,#1013);
#1016=CARTESIAN_POINT('',(-3.125E0,-5.5E-2,-4.4E0));
#1017=DIRECTION('',(1.E0,0.E0,0.E0));
#1018=DIRECTION('',(0.E0,-1.E0,0.E0));
#1019=AXIS2_PLACEMENT_3D('',#1016,#1017,#1018);
#1021=CARTESIAN_POINT('',(-3.125E0,-5.5E-2,-1.8E0));
#1022=DIRECTION('',(1.E0,0.E0,0.E0));
#1023=DIRECTION('',(0.E0,-2.844816292764E-1,9.586814917397E-1));
#1024=AXIS2_PLACEMENT_3D('',#1021,#1022,#1023);
#1026=CARTESIAN_POINT('',(-3.125E0,-5.5E-2,-1.8E0));
#1027=DIRECTION('',(1.E0,0.E0,0.E0));
#1028=DIRECTION('',(0.E0,0.E0,1.E0));
#1029=AXIS2_PLACEMENT_3D('',#1026,#1027,#1028);
#1031=CARTESIAN_POINT('',(-3.125E0,-5.5E-2,-1.8E0));
#1032=DIRECTION('',(1.E0,0.E0,0.E0));
#1033=DIRECTION('',(0.E0,8.381404052084E-1,5.454545454546E-1));
#1034=AXIS2_PLACEMENT_3D('',#1031,#1032,#1033);
#1036=CARTESIAN_POINT('',(-3.125E0,1.754886114323E-1,-1.65E0));
#1037=DIRECTION('',(-1.E0,0.E0,0.E0));
#1038=DIRECTION('',(0.E0,-4.736951571734E-14,-1.E0));
#1039=AXIS2_PLACEMENT_3D('',#1036,#1037,#1038);
#1041=DIRECTION('',(0.E0,1.E0,0.E0));
#1042=VECTOR('',#1041,1.313843084688E0);
#1043=CARTESIAN_POINT('',(-3.125E0,-4.638430846882E-1,-7.5E-2));
#1044=LINE('',#1043,#1042);
#1045=DIRECTION('',(1.233941496164E-14,5.023260775873E-1,8.646782706740E-1));
#1046=VECTOR('',#1045,7.197897327071E-2);
#1047=CARTESIAN_POINT('',(-3.125E0,-5.E-1,-1.372386541326E-1));
#1048=LINE('',#1047,#1046);
#1049=DIRECTION('',(0.E0,0.E0,1.E0));
#1050=VECTOR('',#1049,5.925522691735E0);
#1051=CARTESIAN_POINT('',(-3.125E0,-5.E-1,-6.062761345867E0));
#1052=LINE('',#1051,#1050);
#1053=DIRECTION('',(-1.233941496164E-14,-5.023260775873E-1,8.646782706740E-1));
#1054=VECTOR('',#1053,7.197897327070E-2);
#1055=CARTESIAN_POINT('',(-3.125E0,-4.638430846882E-1,-6.125E0));
#1056=LINE('',#1055,#1054);
#1057=DIRECTION('',(0.E0,-1.E0,0.E0));
#1058=VECTOR('',#1057,1.313843084688E0);
#1059=CARTESIAN_POINT('',(-3.125E0,8.5E-1,-6.125E0));
#1060=LINE('',#1059,#1058);
#1061=DIRECTION('',(-8.878708890859E-12,0.E0,-1.E0));
#1062=VECTOR('',#1061,1.727098005422E0);
#1063=CARTESIAN_POINT('',(-2.975E0,1.E0,-7.5E-2));
#1064=LINE('',#1063,#1062);
#1065=DIRECTION('',(0.E0,0.E0,1.E0));
#1066=VECTOR('',#1065,1.725E0);
#1067=CARTESIAN_POINT('',(-3.125E0,8.5E-1,-1.8E0));
#1068=LINE('',#1067,#1066);
#1069=DIRECTION('',(0.E0,5.023260775874E-1,8.646782706739E-1));
#1070=VECTOR('',#1069,2.064393611420E-1);
#1071=CARTESIAN_POINT('',(-3.E0,-6.057592944126E-1,-2.535036297913E-1));
#1072=LINE('',#1071,#1070);
#1073=DIRECTION('',(9.563047559630E-1,-2.923717047227E-1,7.231323474125E-14));
#1074=VECTOR('',#1073,1.504591196931E-1);
#1075=CARTESIAN_POINT('',(-3.187983580954E0,-7.060100106843E-1,-5.25E-1));
#1076=LINE('',#1075,#1074);
#1077=DIRECTION('',(0.E0,0.E0,1.E0));
#1078=VECTOR('',#1077,5.692992740417E0);
#1079=CARTESIAN_POINT('',(-3.E0,-6.057592944126E-1,-5.946496370209E0));
#1080=LINE('',#1079,#1078);
#1081=DIRECTION('',(1.419882516753E-1,4.644226447859E-1,-8.741572761215E-1));
#1082=VECTOR('',#1081,3.105806902543E-1);
#1083=CARTESIAN_POINT('',(-3.044098809213E0,-7.5E-1,-5.675E0));
#1084=LINE('',#1083,#1082);
#1085=DIRECTION('',(0.E0,0.E0,-1.E0));
#1086=VECTOR('',#1085,5.15E0);
#1087=CARTESIAN_POINT('',(-3.044098809213E0,-7.5E-1,-5.25E-1));
#1088=LINE('',#1087,#1086);
#1089=DIRECTION('',(-1.419882516753E-1,-4.644226447859E-1,-8.741572761215E-1));
#1090=VECTOR('',#1089,3.105806902544E-1);
#1091=CARTESIAN_POINT('',(-3.E0,-6.057592944126E-1,-2.535036297913E-1));
#1092=LINE('',#1091,#1090);
#1093=DIRECTION('',(0.E0,5.023260775874E-1,-8.646782706739E-1));
#1094=VECTOR('',#1093,2.064393611420E-1);
#1095=CARTESIAN_POINT('',(-3.E0,-6.057592944126E-1,-5.946496370209E0));
#1096=LINE('',#1095,#1094);
#1097=DIRECTION('',(-9.563047559630E-1,2.923717047227E-1,6.493433323704E-14));
#1098=VECTOR('',#1097,1.504591196931E-1);
#1099=CARTESIAN_POINT('',(-3.044098809213E0,-7.5E-1,-5.675E0));
#1100=LINE('',#1099,#1098);
#1101=DIRECTION('',(3.650875288185E-1,9.309731984871E-1,0.E0));
#1102=VECTOR('',#1101,2.739069184960E-1);
#1103=CARTESIAN_POINT('',(-3.E0,5.95E-1,-6.125E0));
#1104=LINE('',#1103,#1102);
#1105=DIRECTION('',(0.E0,-1.E0,0.E0));
#1106=VECTOR('',#1105,1.5E-1);
#1107=CARTESIAN_POINT('',(-2.975E0,1.E0,-6.125E0));
#1108=LINE('',#1107,#1106);
#1109=CARTESIAN_POINT('',(-2.975E0,8.5E-1,-6.125E0));
#1110=DIRECTION('',(0.E0,0.E0,-1.E0));
#1111=DIRECTION('',(-1.E0,-1.768955352569E-13,0.E0));
#1112=AXIS2_PLACEMENT_3D('',#1109,#1110,#1111);
#1114=DIRECTION('',(-9.563047559630E-1,2.923717047227E-1,2.038486192567E-14));
#1115=VECTOR('',#1114,1.307114695609E-1);
#1116=CARTESIAN_POINT('',(-3.E0,-5.020594198705E-1,-6.125E0));
#1117=LINE('',#1116,#1115);
#1118=DIRECTION('',(0.E0,1.E0,0.E0));
#1119=VECTOR('',#1118,1.097059419871E0);
#1120=CARTESIAN_POINT('',(-3.E0,-5.020594198705E-1,-6.125E0));
#1121=LINE('',#1120,#1119);
#1122=DIRECTION('',(0.E0,-1.E0,0.E0));
#1123=VECTOR('',#1122,1.5E-1);
#1124=CARTESIAN_POINT('',(-2.975E0,1.E0,-6.2E0));
#1125=LINE('',#1124,#1123);
#1126=DIRECTION('',(0.E0,0.E0,-1.E0));
#1127=VECTOR('',#1126,7.5E-2);
#1128=CARTESIAN_POINT('',(-2.975E0,1.E0,-6.125E0));
#1129=LINE('',#1128,#1127);
#1130=DIRECTION('',(-1.419882516752E-1,-4.644226447860E-1,8.741572761215E-1));
#1131=VECTOR('',#1130,4.435830444469E-1);
#1132=CARTESIAN_POINT('',(-3.125E0,-5.E-1,-6.062761345867E0));
#1133=LINE('',#1132,#1131);
#1134=DIRECTION('',(1.419882516752E-1,4.644226447860E-1,8.741572761215E-1));
#1135=VECTOR('',#1134,4.435830444469E-1);
#1136=CARTESIAN_POINT('',(-3.187983580954E0,-7.060100106843E-1,-5.25E-1));
#1137=LINE('',#1136,#1135);
#1138=DIRECTION('',(0.E0,0.E0,-1.E0));
#1139=VECTOR('',#1138,5.15E0);
#1140=CARTESIAN_POINT('',(-3.187983580954E0,-7.060100106843E-1,-5.25E-1));
#1141=LINE('',#1140,#1139);
#1142=DIRECTION('',(0.E0,-1.E0,0.E0));
#1143=VECTOR('',#1142,7.45E-1);
#1144=CARTESIAN_POINT('',(-3.E0,5.95E-1,-4.35E0));
#1145=LINE('',#1144,#1143);
#1146=DIRECTION('',(3.650875288185E-1,9.309731984871E-1,0.E0));
#1147=VECTOR('',#1146,4.779944263951E-1);
#1148=CARTESIAN_POINT('',(-3.174509803922E0,1.5E-1,-4.35E0));
#1149=LINE('',#1148,#1147);
#1150=DIRECTION('',(0.E0,0.E0,1.E0));
#1151=VECTOR('',#1150,2.5E0);
#1152=CARTESIAN_POINT('',(-3.E0,-1.5E-1,-4.35E0));
#1153=LINE('',#1152,#1151);
#1154=DIRECTION('',(1.E0,0.E0,0.E0));
#1155=VECTOR('',#1154,1.745098039216E-1);
#1156=CARTESIAN_POINT('',(-3.174509803922E0,-1.5E-1,-4.35E0));
#1157=LINE('',#1156,#1155);
#1158=DIRECTION('',(-1.E0,0.E0,0.E0));
#1159=VECTOR('',#1158,1.745098039216E-1);
#1160=CARTESIAN_POINT('',(-3.E0,-1.5E-1,-1.85E0));
#1161=LINE('',#1160,#1159);
#1162=DIRECTION('',(0.E0,0.E0,1.E0));
#1163=VECTOR('',#1162,2.5E0);
#1164=CARTESIAN_POINT('',(-3.174509803922E0,-1.5E-1,-4.35E0));
#1165=LINE('',#1164,#1163);
#1166=DIRECTION('',(-2.812564995717E-14,-1.E0,0.E0));
#1167=VECTOR('',#1166,3.E-1);
#1168=CARTESIAN_POINT('',(-3.174509803922E0,1.5E-1,-4.35E0));
#1169=LINE('',#1168,#1167);
#1170=DIRECTION('',(0.E0,0.E0,-1.E0));
#1171=VECTOR('',#1170,2.5E0);
#1172=CARTESIAN_POINT('',(-3.174509803922E0,1.5E-1,-1.85E0));
#1173=LINE('',#1172,#1171);
#1174=DIRECTION('',(2.812564995717E-14,1.E0,0.E0));
#1175=VECTOR('',#1174,3.E-1);
#1176=CARTESIAN_POINT('',(-3.174509803922E0,-1.5E-1,-1.85E0));
#1177=LINE('',#1176,#1175);
#1178=DIRECTION('',(-3.650875288185E-1,-9.309731984871E-1,0.E0));
#1179=VECTOR('',#1178,4.779944263951E-1);
#1180=CARTESIAN_POINT('',(-3.E0,5.95E-1,-1.85E0));
#1181=LINE('',#1180,#1179);
#1182=DIRECTION('',(0.E0,1.E0,0.E0));
#1183=VECTOR('',#1182,7.45E-1);
#1184=CARTESIAN_POINT('',(-3.E0,-1.5E-1,-1.85E0));
#1185=LINE('',#1184,#1183);
#1186=DIRECTION('',(1.E0,0.E0,0.E0));
#1187=VECTOR('',#1186,1.9E0);
#1188=CARTESIAN_POINT('',(-3.E0,-1.E0,-6.2E0));
#1189=LINE('',#1188,#1187);
#1190=DIRECTION('',(0.E0,0.E0,-1.E0));
#1191=VECTOR('',#1190,6.2E0);
#1192=CARTESIAN_POINT('',(-3.E0,-1.E0,0.E0));
#1193=LINE('',#1192,#1191);
#1194=DIRECTION('',(-1.E0,0.E0,0.E0));
#1195=VECTOR('',#1194,1.9E0);
#1196=CARTESIAN_POINT('',(-1.1E0,-1.E0,0.E0));
#1197=LINE('',#1196,#1195);
#1198=DIRECTION('',(0.E0,0.E0,-1.E0));
#1199=VECTOR('',#1198,6.2E0);
#1200=CARTESIAN_POINT('',(-1.1E0,-1.E0,0.E0));
#1201=LINE('',#1200,#1199);
#1202=DIRECTION('',(1.776356839400E-14,-1.E0,0.E0));
#1203=VECTOR('',#1202,5.E-2);
#1204=CARTESIAN_POINT('',(-1.1E0,-9.5E-1,0.E0));
#1205=LINE('',#1204,#1203);
#1206=DIRECTION('',(-2.220446049250E-14,1.E0,0.E0));
#1207=VECTOR('',#1206,5.E-2);
#1208=CARTESIAN_POINT('',(-1.1E0,-1.E0,-6.2E0));
#1209=LINE('',#1208,#1207);
#1210=DIRECTION('',(-1.E0,0.E0,0.E0));
#1211=VECTOR('',#1210,2.2E0);
#1212=CARTESIAN_POINT('',(1.1E0,-9.5E-1,0.E0));
#1213=LINE('',#1212,#1211);
#1214=DIRECTION('',(0.E0,0.E0,1.E0));
#1215=VECTOR('',#1214,6.2E0);
#1216=CARTESIAN_POINT('',(1.1E0,-9.5E-1,-6.2E0));
#1217=LINE('',#1216,#1215);
#1218=DIRECTION('',(1.E0,0.E0,0.E0));
#1219=VECTOR('',#1218,2.2E0);
#1220=CARTESIAN_POINT('',(-1.1E0,-9.5E-1,-6.2E0));
#1221=LINE('',#1220,#1219);
#1222=DIRECTION('',(0.E0,0.E0,-1.E0));
#1223=VECTOR('',#1222,6.2E0);
#1224=CARTESIAN_POINT('',(-1.1E0,-9.5E-1,0.E0));
#1225=LINE('',#1224,#1223);
#1226=DIRECTION('',(0.E0,0.E0,1.E0));
#1227=VECTOR('',#1226,6.2E0);
#1228=CARTESIAN_POINT('',(1.1E0,-1.E0,-6.2E0));
#1229=LINE('',#1228,#1227);
#1230=DIRECTION('',(-1.776356839400E-14,-1.E0,3.552713678801E-14));
#1231=VECTOR('',#1230,5.E-2);
#1232=CARTESIAN_POINT('',(1.1E0,-9.5E-1,-6.2E0));
#1233=LINE('',#1232,#1231);
#1234=DIRECTION('',(1.776356839400E-14,1.E0,0.E0));
#1235=VECTOR('',#1234,5.E-2);
#1236=CARTESIAN_POINT('',(1.1E0,-1.E0,0.E0));
#1237=LINE('',#1236,#1235);
#1238=DIRECTION('',(-1.E0,0.E0,0.E0));
#1239=VECTOR('',#1238,1.9E0);
#1240=CARTESIAN_POINT('',(3.E0,-1.E0,0.E0));
#1241=LINE('',#1240,#1239);
#1242=DIRECTION('',(0.E0,0.E0,1.E0));
#1243=VECTOR('',#1242,6.2E0);
#1244=CARTESIAN_POINT('',(3.E0,-1.E0,-6.2E0));
#1245=LINE('',#1244,#1243);
#1246=DIRECTION('',(1.E0,0.E0,0.E0));
#1247=VECTOR('',#1246,1.9E0);
#1248=CARTESIAN_POINT('',(1.1E0,-1.E0,-6.2E0));
#1249=LINE('',#1248,#1247);
#1250=DIRECTION('',(-2.664535259100E-14,3.552713678800E-14,1.E0));
#1251=VECTOR('',#1250,5.E-2);
#1252=CARTESIAN_POINT('',(3.E0,5.95E-1,-1.85E0));
#1253=LINE('',#1252,#1251);
#1254=DIRECTION('',(5.329070518201E-14,-2.664535259100E-14,1.E0));
#1255=VECTOR('',#1254,5.E-2);
#1256=CARTESIAN_POINT('',(3.E0,5.95E-1,-4.4E0));
#1257=LINE('',#1256,#1255);
#1258=DIRECTION('',(-2.368475785867E-14,6.809367884368E-14,1.E0));
#1259=VECTOR('',#1258,7.5E-2);
#1260=CARTESIAN_POINT('',(3.E0,5.95E-1,-6.2E0));
#1261=LINE('',#1260,#1259);
#1262=DIRECTION('',(0.E0,-1.E0,0.E0));
#1263=VECTOR('',#1262,1.595E0);
#1264=CARTESIAN_POINT('',(3.E0,5.95E-1,0.E0));
#1265=LINE('',#1264,#1263);
#1266=DIRECTION('',(-1.776356839400E-14,-3.256654205567E-14,1.E0));
#1267=VECTOR('',#1266,7.5E-2);
#1268=CARTESIAN_POINT('',(3.E0,5.95E-1,-7.5E-2));
#1269=LINE('',#1268,#1267);
#1270=DIRECTION('',(1.E0,0.E0,0.E0));
#1271=VECTOR('',#1270,1.745098039215E-1);
#1272=CARTESIAN_POINT('',(3.E0,-1.5E-1,-1.85E0));
#1273=LINE('',#1272,#1271);
#1274=DIRECTION('',(0.E0,-1.E0,0.E0));
#1275=VECTOR('',#1274,7.45E-1);
#1276=CARTESIAN_POINT('',(3.E0,5.95E-1,-1.85E0));
#1277=LINE('',#1276,#1275);
#1278=DIRECTION('',(-3.650875288184E-1,9.309731984871E-1,0.E0));
#1279=VECTOR('',#1278,4.779944263950E-1);
#1280=CARTESIAN_POINT('',(3.174509803922E0,1.500000000001E-1,-1.85E0));
#1281=LINE('',#1280,#1279);
#1282=DIRECTION('',(6.365278674516E-14,1.E0,0.E0));
#1283=VECTOR('',#1282,3.000000000001E-1);
#1284=CARTESIAN_POINT('',(3.174509803922E0,-1.5E-1,-1.85E0));
#1285=LINE('',#1284,#1283);
#1286=DIRECTION('',(0.E0,0.E0,-1.E0));
#1287=VECTOR('',#1286,2.5E0);
#1288=CARTESIAN_POINT('',(3.E0,-1.5E-1,-1.85E0));
#1289=LINE('',#1288,#1287);
#1290=DIRECTION('',(0.E0,0.E0,1.E0));
#1291=VECTOR('',#1290,2.5E0);
#1292=CARTESIAN_POINT('',(3.174509803922E0,-1.5E-1,-4.35E0));
#1293=LINE('',#1292,#1291);
#1294=DIRECTION('',(-1.E0,0.E0,0.E0));
#1295=VECTOR('',#1294,1.745098039215E-1);
#1296=CARTESIAN_POINT('',(3.174509803922E0,-1.5E-1,-4.35E0));
#1297=LINE('',#1296,#1295);
#1298=DIRECTION('',(-6.217248937900E-14,-1.E0,0.E0));
#1299=VECTOR('',#1298,3.000000000001E-1);
#1300=CARTESIAN_POINT('',(3.174509803922E0,1.500000000001E-1,-4.35E0));
#1301=LINE('',#1300,#1299);
#1302=DIRECTION('',(3.650875288184E-1,-9.309731984871E-1,0.E0));
#1303=VECTOR('',#1302,4.779944263950E-1);
#1304=CARTESIAN_POINT('',(3.E0,5.95E-1,-4.35E0));
#1305=LINE('',#1304,#1303);
#1306=DIRECTION('',(0.E0,1.E0,0.E0));
#1307=VECTOR('',#1306,7.45E-1);
#1308=CARTESIAN_POINT('',(3.E0,-1.5E-1,-4.35E0));
#1309=LINE('',#1308,#1307);
#1310=DIRECTION('',(-3.650875288185E-1,9.309731984871E-1,0.E0));
#1311=VECTOR('',#1310,2.739069184960E-1);
#1312=CARTESIAN_POINT('',(3.E0,5.95E-1,-4.4E0));
#1313=LINE('',#1312,#1311);
#1314=DIRECTION('',(1.E0,0.E0,0.E0));
#1315=VECTOR('',#1314,1.E-1);
#1316=CARTESIAN_POINT('',(2.9E0,8.5E-1,-4.4E0));
#1317=LINE('',#1316,#1315);
#1318=CARTESIAN_POINT('',(2.975E0,8.5E-1,-4.4E0));
#1319=DIRECTION('',(0.E0,0.E0,1.E0));
#1320=DIRECTION('',(1.E0,0.E0,0.E0));
#1321=AXIS2_PLACEMENT_3D('',#1318,#1319,#1320);
#1323=DIRECTION('',(0.E0,1.E0,0.E0));
#1324=VECTOR('',#1323,6.745113885677E-1);
#1325=CARTESIAN_POINT('',(3.125E0,1.754886114323E-1,-4.4E0));
#1326=LINE('',#1325,#1324);
#1327=DIRECTION('',(0.E0,1.E0,0.E0));
#1328=VECTOR('',#1327,4.195113885677E-1);
#1329=CARTESIAN_POINT('',(3.E0,1.754886114323E-1,-4.4E0));
#1330=LINE('',#1329,#1328);
#1331=CARTESIAN_POINT('',(3.E0,8.5E-1,-4.25E0));
#1332=DIRECTION('',(0.E0,1.E0,0.E0));
#1333=DIRECTION('',(-6.666666666667E-1,0.E0,-7.453559924999E-1));
#1334=AXIS2_PLACEMENT_3D('',#1331,#1332,#1333);
#1336=DIRECTION('',(0.E0,-1.E0,0.E0));
#1337=VECTOR('',#1336,1.5E-1);
#1338=CARTESIAN_POINT('',(2.85E0,1.E0,-4.25E0));
#1339=LINE('',#1338,#1337);
#1340=CARTESIAN_POINT('',(3.E0,9.979019945775E-1,-4.4E0));
#1341=CARTESIAN_POINT('',(2.997213170174E0,9.983730547945E-1,-4.4E0));
#1342=CARTESIAN_POINT('',(2.991635264875E0,9.991481590829E-1,
-4.399844807049E0));
#1343=CARTESIAN_POINT('',(2.983272431267E0,9.998486002249E-1,
-4.399142934599E0));
#1344=CARTESIAN_POINT('',(2.977747906972E0,1.E0,-4.398366475629E0));
#1345=CARTESIAN_POINT('',(2.975000000015E0,1.E0,-4.397901994578E0));
#1347=DIRECTION('',(-1.801554648882E-14,1.E0,0.E0));
#1348=VECTOR('',#1347,1.479019945775E-1);
#1349=CARTESIAN_POINT('',(3.E0,8.5E-1,-4.4E0));
#1350=LINE('',#1349,#1348);
#1351=DIRECTION('',(8.858652728290E-12,0.E0,1.E0));
#1352=VECTOR('',#1351,1.727098005422E0);
#1353=CARTESIAN_POINT('',(2.975E0,1.E0,-6.125E0));
#1354=LINE('',#1353,#1352);
#1355=DIRECTION('',(0.E0,0.E0,-1.E0));
#1356=VECTOR('',#1355,1.725E0);
#1357=CARTESIAN_POINT('',(3.125E0,8.5E-1,-4.4E0));
#1358=LINE('',#1357,#1356);
#1359=CARTESIAN_POINT('',(3.125E0,1.754886114323E-1,-4.55E0));
#1360=DIRECTION('',(1.E0,0.E0,0.E0));
#1361=DIRECTION('',(0.E0,-4.736951571734E-14,1.E0));
#1362=AXIS2_PLACEMENT_3D('',#1359,#1360,#1361);
#1364=DIRECTION('',(0.E0,5.023260775874E-1,-8.646782706739E-1));
#1365=VECTOR('',#1364,7.197897327071E-2);
#1366=CARTESIAN_POINT('',(3.125E0,-5.E-1,-6.062761345867E0));
#1367=LINE('',#1366,#1365);
#1368=DIRECTION('',(-1.233941496164E-14,-5.023260775874E-1,-8.646782706739E-1));
#1369=VECTOR('',#1368,7.197897327072E-2);
#1370=CARTESIAN_POINT('',(3.125E0,-4.638430846882E-1,-7.5E-2));
#1371=LINE('',#1370,#1369);
#1372=CARTESIAN_POINT('',(3.125E0,1.754886114323E-1,-1.65E0));
#1373=DIRECTION('',(1.E0,0.E0,0.E0));
#1374=DIRECTION('',(0.E0,-8.381404052084E-1,-5.454545454546E-1));
#1375=AXIS2_PLACEMENT_3D('',#1372,#1373,#1374);
#1377=CARTESIAN_POINT('',(3.125E0,-5.5E-2,-1.8E0));
#1378=DIRECTION('',(-1.E0,0.E0,0.E0));
#1379=DIRECTION('',(0.E0,0.E0,1.E0));
#1380=AXIS2_PLACEMENT_3D('',#1377,#1378,#1379);
#1382=CARTESIAN_POINT('',(3.125E0,-5.5E-2,-1.8E0));
#1383=DIRECTION('',(-1.E0,0.E0,0.E0));
#1384=DIRECTION('',(0.E0,-2.844816292764E-1,9.586814917397E-1));
#1385=AXIS2_PLACEMENT_3D('',#1382,#1383,#1384);
#1387=CARTESIAN_POINT('',(3.125E0,-5.5E-2,-1.8E0));
#1388=DIRECTION('',(-1.E0,0.E0,0.E0));
#1389=DIRECTION('',(0.E0,-1.E0,2.131628207280E-14));
#1390=AXIS2_PLACEMENT_3D('',#1387,#1388,#1389);
#1392=CARTESIAN_POINT('',(3.125E0,-5.5E-2,-4.4E0));
#1393=DIRECTION('',(-1.E0,0.E0,0.E0));
#1394=DIRECTION('',(0.E0,8.381404052083E-1,-5.454545454547E-1));
#1395=AXIS2_PLACEMENT_3D('',#1392,#1393,#1394);
#1397=CARTESIAN_POINT('',(3.E0,1.754886114323E-1,-4.55E0));
#1398=DIRECTION('',(1.E0,0.E0,0.E0));
#1399=DIRECTION('',(0.E0,-4.514906966809E-14,1.E0));
#1400=AXIS2_PLACEMENT_3D('',#1397,#1398,#1399);
#1402=DIRECTION('',(-1.E0,0.E0,0.E0));
#1403=VECTOR('',#1402,1.25E-1);
#1404=CARTESIAN_POINT('',(3.125E0,1.754886114323E-1,-4.4E0));
#1405=LINE('',#1404,#1403);
#1406=CARTESIAN_POINT('',(3.E0,-5.5E-2,-4.4E0));
#1407=DIRECTION('',(-1.E0,0.E0,0.E0));
#1408=DIRECTION('',(0.E0,8.381404052084E-1,-5.454545454547E-1));
#1409=AXIS2_PLACEMENT_3D('',#1406,#1407,#1408);
#1411=DIRECTION('',(-1.E0,0.E0,0.E0));
#1412=VECTOR('',#1411,1.25E-1);
#1413=CARTESIAN_POINT('',(3.125E0,4.976755065105E-2,-4.468181818182E0));
#1414=LINE('',#1413,#1412);
#1415=DIRECTION('',(1.E0,0.E0,0.E0));
#1416=VECTOR('',#1415,1.25E-1);
#1417=CARTESIAN_POINT('',(3.E0,-1.8E-1,-4.4E0));
#1418=LINE('',#1417,#1416);
#1419=DIRECTION('',(0.E0,0.E0,-1.E0));
#1420=VECTOR('',#1419,2.6E0);
#1421=CARTESIAN_POINT('',(3.E0,-1.8E-1,-1.8E0));
#1422=LINE('',#1421,#1420);
#1423=DIRECTION('',(0.E0,0.E0,-1.E0));
#1424=VECTOR('',#1423,2.6E0);
#1425=CARTESIAN_POINT('',(3.125E0,-1.8E-1,-1.8E0));
#1426=LINE('',#1425,#1424);
#1427=CARTESIAN_POINT('',(3.E0,-5.5E-2,-1.8E0));
#1428=DIRECTION('',(-1.E0,0.E0,0.E0));
#1429=DIRECTION('',(0.E0,-1.E0,1.421085471520E-14));
#1430=AXIS2_PLACEMENT_3D('',#1427,#1428,#1429);
#1432=DIRECTION('',(-1.E0,0.E0,0.E0));
#1433=VECTOR('',#1432,1.25E-1);
#1434=CARTESIAN_POINT('',(3.125E0,-1.8E-1,-1.8E0));
#1435=LINE('',#1434,#1433);
#1436=DIRECTION('',(1.E0,4.612976667317E-14,-6.394884621841E-14));
#1437=VECTOR('',#1436,1.25E-1);
#1438=CARTESIAN_POINT('',(3.E0,4.976755065105E-2,-1.731818181818E0));
#1439=LINE('',#1438,#1437);
#1440=CARTESIAN_POINT('',(3.E0,1.754886114323E-1,-1.65E0));
#1441=DIRECTION('',(-1.E0,0.E0,0.E0));
#1442=DIRECTION('',(0.E0,-8.511709855460E-14,-1.E0));
#1443=AXIS2_PLACEMENT_3D('',#1440,#1441,#1442);
#1445=DIRECTION('',(1.E0,1.754152378908E-14,0.E0));
#1446=VECTOR('',#1445,1.25E-1);
#1447=CARTESIAN_POINT('',(3.E0,1.754886114323E-1,-1.8E0));
#1448=LINE('',#1447,#1446);
#1449=DIRECTION('',(0.E0,5.023260775874E-1,-8.646782706739E-1));
#1450=VECTOR('',#1449,2.064393611420E-1);
#1451=CARTESIAN_POINT('',(3.E0,-6.057592944126E-1,-5.946496370209E0));
#1452=LINE('',#1451,#1450);
#1453=DIRECTION('',(-9.563047559630E-1,-2.923717047227E-1,4.722496962693E-14));
#1454=VECTOR('',#1453,1.504591196931E-1);
#1455=CARTESIAN_POINT('',(3.187983580954E0,-7.060100106843E-1,-5.675E0));
#1456=LINE('',#1455,#1454);
#1457=DIRECTION('',(0.E0,0.E0,1.E0));
#1458=VECTOR('',#1457,5.692992740417E0);
#1459=CARTESIAN_POINT('',(3.E0,-6.057592944126E-1,-5.946496370209E0));
#1460=LINE('',#1459,#1458);
#1461=DIRECTION('',(-1.419882516752E-1,4.644226447860E-1,8.741572761215E-1));
#1462=VECTOR('',#1461,3.105806902543E-1);
#1463=CARTESIAN_POINT('',(3.044098809213E0,-7.5E-1,-5.25E-1));
#1464=LINE('',#1463,#1462);
#1465=DIRECTION('',(1.419882516752E-1,-4.644226447860E-1,8.741572761215E-1));
#1466=VECTOR('',#1465,3.105806902543E-1);
#1467=CARTESIAN_POINT('',(3.E0,-6.057592944126E-1,-5.946496370209E0));
#1468=LINE('',#1467,#1466);
#1469=DIRECTION('',(0.E0,5.023260775874E-1,8.646782706739E-1));
#1470=VECTOR('',#1469,2.064393611421E-1);
#1471=CARTESIAN_POINT('',(3.E0,-6.057592944126E-1,-2.535036297913E-1));
#1472=LINE('',#1471,#1470);
#1473=DIRECTION('',(9.563047559630E-1,2.923717047227E-1,4.574918932609E-14));
#1474=VECTOR('',#1473,1.504591196931E-1);
#1475=CARTESIAN_POINT('',(3.044098809213E0,-7.5E-1,-5.25E-1));
#1476=LINE('',#1475,#1474);
#1477=DIRECTION('',(-3.650875288185E-1,9.309731984871E-1,0.E0));
#1478=VECTOR('',#1477,2.739069184960E-1);
#1479=CARTESIAN_POINT('',(3.E0,5.95E-1,-7.5E-2));
#1480=LINE('',#1479,#1478);
#1481=DIRECTION('',(0.E0,-1.E0,0.E0));
#1482=VECTOR('',#1481,1.5E-1);
#1483=CARTESIAN_POINT('',(2.975E0,1.E0,-7.5E-2));
#1484=LINE('',#1483,#1482);
#1485=CARTESIAN_POINT('',(2.975E0,8.5E-1,-7.5E-2));
#1486=DIRECTION('',(0.E0,0.E0,1.E0));
#1487=DIRECTION('',(1.E0,0.E0,0.E0));
#1488=AXIS2_PLACEMENT_3D('',#1485,#1486,#1487);
#1490=DIRECTION('',(0.E0,1.E0,0.E0));
#1491=VECTOR('',#1490,1.313843084688E0);
#1492=CARTESIAN_POINT('',(3.125E0,-4.638430846882E-1,-7.5E-2));
#1493=LINE('',#1492,#1491);
#1494=DIRECTION('',(9.563047559630E-1,2.923717047228E-1,0.E0));
#1495=VECTOR('',#1494,1.307114695609E-1);
#1496=CARTESIAN_POINT('',(3.E0,-5.020594198705E-1,-7.5E-2));
#1497=LINE('',#1496,#1495);
#1498=DIRECTION('',(0.E0,1.E0,0.E0));
#1499=VECTOR('',#1498,1.097059419871E0);
#1500=CARTESIAN_POINT('',(3.E0,-5.020594198705E-1,-7.5E-2));
#1501=LINE('',#1500,#1499);
#1502=DIRECTION('',(0.E0,-1.E0,0.E0));
#1503=VECTOR('',#1502,1.5E-1);
#1504=CARTESIAN_POINT('',(2.975E0,1.E0,0.E0));
#1505=LINE('',#1504,#1503);
#1506=DIRECTION('',(-1.184237892934E-14,0.E0,1.E0));
#1507=VECTOR('',#1506,7.5E-2);
#1508=CARTESIAN_POINT('',(2.975E0,1.E0,-7.5E-2));
#1509=LINE('',#1508,#1507);
#1510=DIRECTION('',(-1.419882516752E-1,4.644226447860E-1,-8.741572761215E-1));
#1511=VECTOR('',#1510,4.435830444469E-1);
#1512=CARTESIAN_POINT('',(3.187983580954E0,-7.060100106843E-1,-5.675E0));
#1513=LINE('',#1512,#1511);
#1514=DIRECTION('',(0.E0,0.E0,-1.E0));
#1515=VECTOR('',#1514,5.15E0);
#1516=CARTESIAN_POINT('',(3.187983580954E0,-7.060100106843E-1,-5.25E-1));
#1517=LINE('',#1516,#1515);
#1518=DIRECTION('',(1.419882516752E-1,-4.644226447860E-1,-8.741572761215E-1));
#1519=VECTOR('',#1518,4.435830444469E-1);
#1520=CARTESIAN_POINT('',(3.125E0,-5.E-1,-1.372386541326E-1));
#1521=LINE('',#1520,#1519);
#1522=DIRECTION('',(0.E0,0.E0,1.E0));
#1523=VECTOR('',#1522,5.925522691735E0);
#1524=CARTESIAN_POINT('',(3.125E0,-5.E-1,-6.062761345867E0));
#1525=LINE('',#1524,#1523);
#1526=DIRECTION('',(0.E0,0.E0,-1.E0));
#1527=VECTOR('',#1526,5.15E0);
#1528=CARTESIAN_POINT('',(3.044098809213E0,-7.5E-1,-5.25E-1));
#1529=LINE('',#1528,#1527);
#1530=DIRECTION('',(1.E0,0.E0,0.E0));
#1531=VECTOR('',#1530,1.2E0);
#1532=CARTESIAN_POINT('',(-6.E-1,-9.5E-1,-5.9E0));
#1533=LINE('',#1532,#1531);
#1534=DIRECTION('',(0.E0,-1.E0,0.E0));
#1535=VECTOR('',#1534,2.5E-1);
#1536=CARTESIAN_POINT('',(-6.E-1,-7.E-1,-5.9E0));
#1537=LINE('',#1536,#1535);
#1538=DIRECTION('',(0.E0,0.E0,-1.E0));
#1539=VECTOR('',#1538,1.E0);
#1540=CARTESIAN_POINT('',(-6.E-1,-9.5E-1,-4.9E0));
#1541=LINE('',#1540,#1539);
#1542=DIRECTION('',(0.E0,-1.E0,0.E0));
#1543=VECTOR('',#1542,2.5E-1);
#1544=CARTESIAN_POINT('',(-6.E-1,-7.E-1,-4.9E0));
#1545=LINE('',#1544,#1543);
#1546=DIRECTION('',(-1.E0,0.E0,0.E0));
#1547=VECTOR('',#1546,1.2E0);
#1548=CARTESIAN_POINT('',(6.E-1,-9.5E-1,-4.9E0));
#1549=LINE('',#1548,#1547);
#1550=DIRECTION('',(0.E0,-1.E0,0.E0));
#1551=VECTOR('',#1550,2.5E-1);
#1552=CARTESIAN_POINT('',(6.E-1,-7.E-1,-4.9E0));
#1553=LINE('',#1552,#1551);
#1554=DIRECTION('',(0.E0,0.E0,1.E0));
#1555=VECTOR('',#1554,1.E0);
#1556=CARTESIAN_POINT('',(6.E-1,-9.5E-1,-5.9E0));
#1557=LINE('',#1556,#1555);
#1558=DIRECTION('',(0.E0,-1.E0,0.E0));
#1559=VECTOR('',#1558,2.5E-1);
#1560=CARTESIAN_POINT('',(6.E-1,-7.E-1,-5.9E0));
#1561=LINE('',#1560,#1559);
#1562=DIRECTION('',(0.E0,0.E0,-1.E0));
#1563=VECTOR('',#1562,1.E0);
#1564=CARTESIAN_POINT('',(-6.E-1,-7.E-1,-4.9E0));
#1565=LINE('',#1564,#1563);
#1566=DIRECTION('',(-1.E0,0.E0,0.E0));
#1567=VECTOR('',#1566,1.2E0);
#1568=CARTESIAN_POINT('',(6.E-1,-7.E-1,-4.9E0));
#1569=LINE('',#1568,#1567);
#1570=DIRECTION('',(0.E0,0.E0,1.E0));
#1571=VECTOR('',#1570,1.E0);
#1572=CARTESIAN_POINT('',(6.E-1,-7.E-1,-5.9E0));
#1573=LINE('',#1572,#1571);
#1574=DIRECTION('',(1.E0,0.E0,0.E0));
#1575=VECTOR('',#1574,1.2E0);
#1576=CARTESIAN_POINT('',(-6.E-1,-7.E-1,-5.9E0));
#1577=LINE('',#1576,#1575);
#1578=DIRECTION('',(1.E0,0.E0,0.E0));
#1579=VECTOR('',#1578,1.2E0);
#1580=CARTESIAN_POINT('',(-6.E-1,-9.5E-1,-4.1E0));
#1581=LINE('',#1580,#1579);
#1582=DIRECTION('',(0.E0,-1.E0,0.E0));
#1583=VECTOR('',#1582,2.5E-1);
#1584=CARTESIAN_POINT('',(-6.E-1,-7.E-1,-4.1E0));
#1585=LINE('',#1584,#1583);
#1586=DIRECTION('',(0.E0,0.E0,-1.E0));
#1587=VECTOR('',#1586,2.E0);
#1588=CARTESIAN_POINT('',(-6.E-1,-9.5E-1,-2.1E0));
#1589=LINE('',#1588,#1587);
#1590=DIRECTION('',(0.E0,-1.E0,0.E0));
#1591=VECTOR('',#1590,2.5E-1);
#1592=CARTESIAN_POINT('',(-6.E-1,-7.E-1,-2.1E0));
#1593=LINE('',#1592,#1591);
#1594=DIRECTION('',(-1.E0,0.E0,0.E0));
#1595=VECTOR('',#1594,1.2E0);
#1596=CARTESIAN_POINT('',(6.E-1,-9.5E-1,-2.1E0));
#1597=LINE('',#1596,#1595);
#1598=DIRECTION('',(0.E0,-1.E0,0.E0));
#1599=VECTOR('',#1598,2.5E-1);
#1600=CARTESIAN_POINT('',(6.E-1,-7.E-1,-2.1E0));
#1601=LINE('',#1600,#1599);
#1602=DIRECTION('',(0.E0,0.E0,1.E0));
#1603=VECTOR('',#1602,2.E0);
#1604=CARTESIAN_POINT('',(6.E-1,-9.5E-1,-4.1E0));
#1605=LINE('',#1604,#1603);
#1606=DIRECTION('',(0.E0,-1.E0,0.E0));
#1607=VECTOR('',#1606,2.5E-1);
#1608=CARTESIAN_POINT('',(6.E-1,-7.E-1,-4.1E0));
#1609=LINE('',#1608,#1607);
#1610=DIRECTION('',(0.E0,0.E0,-1.E0));
#1611=VECTOR('',#1610,2.E0);
#1612=CARTESIAN_POINT('',(-6.E-1,-7.E-1,-2.1E0));
#1613=LINE('',#1612,#1611);
#1614=DIRECTION('',(-1.E0,0.E0,0.E0));
#1615=VECTOR('',#1614,1.2E0);
#1616=CARTESIAN_POINT('',(6.E-1,-7.E-1,-2.1E0));
#1617=LINE('',#1616,#1615);
#1618=DIRECTION('',(0.E0,0.E0,1.E0));
#1619=VECTOR('',#1618,2.E0);
#1620=CARTESIAN_POINT('',(6.E-1,-7.E-1,-4.1E0));
#1621=LINE('',#1620,#1619);
#1622=DIRECTION('',(1.E0,0.E0,0.E0));
#1623=VECTOR('',#1622,1.2E0);
#1624=CARTESIAN_POINT('',(-6.E-1,-7.E-1,-4.1E0));
#1625=LINE('',#1624,#1623);
#1626=DIRECTION('',(1.E0,0.E0,0.E0));
#1627=VECTOR('',#1626,1.2E0);
#1628=CARTESIAN_POINT('',(-6.E-1,-9.5E-1,-1.3E0));
#1629=LINE('',#1628,#1627);
#1630=DIRECTION('',(0.E0,-1.E0,0.E0));
#1631=VECTOR('',#1630,2.5E-1);
#1632=CARTESIAN_POINT('',(-6.E-1,-7.E-1,-1.3E0));
#1633=LINE('',#1632,#1631);
#1634=DIRECTION('',(0.E0,0.E0,-1.E0));
#1635=VECTOR('',#1634,1.E0);
#1636=CARTESIAN_POINT('',(-6.E-1,-9.5E-1,-3.E-1));
#1637=LINE('',#1636,#1635);
#1638=DIRECTION('',(0.E0,-1.E0,0.E0));
#1639=VECTOR('',#1638,2.5E-1);
#1640=CARTESIAN_POINT('',(-6.E-1,-7.E-1,-3.E-1));
#1641=LINE('',#1640,#1639);
#1642=DIRECTION('',(-1.E0,0.E0,0.E0));
#1643=VECTOR('',#1642,1.2E0);
#1644=CARTESIAN_POINT('',(6.E-1,-9.5E-1,-3.E-1));
#1645=LINE('',#1644,#1643);
#1646=DIRECTION('',(0.E0,-1.E0,0.E0));
#1647=VECTOR('',#1646,2.5E-1);
#1648=CARTESIAN_POINT('',(6.E-1,-7.E-1,-3.E-1));
#1649=LINE('',#1648,#1647);
#1650=DIRECTION('',(0.E0,0.E0,1.E0));
#1651=VECTOR('',#1650,1.E0);
#1652=CARTESIAN_POINT('',(6.E-1,-9.5E-1,-1.3E0));
#1653=LINE('',#1652,#1651);
#1654=DIRECTION('',(0.E0,-1.E0,0.E0));
#1655=VECTOR('',#1654,2.5E-1);
#1656=CARTESIAN_POINT('',(6.E-1,-7.E-1,-1.3E0));
#1657=LINE('',#1656,#1655);
#1658=DIRECTION('',(0.E0,0.E0,-1.E0));
#1659=VECTOR('',#1658,1.E0);
#1660=CARTESIAN_POINT('',(-6.E-1,-7.E-1,-3.E-1));
#1661=LINE('',#1660,#1659);
#1662=DIRECTION('',(-1.E0,0.E0,0.E0));
#1663=VECTOR('',#1662,1.2E0);
#1664=CARTESIAN_POINT('',(6.E-1,-7.E-1,-3.E-1));
#1665=LINE('',#1664,#1663);
#1666=DIRECTION('',(0.E0,0.E0,1.E0));
#1667=VECTOR('',#1666,1.E0);
#1668=CARTESIAN_POINT('',(6.E-1,-7.E-1,-1.3E0));
#1669=LINE('',#1668,#1667);
#1670=DIRECTION('',(1.E0,0.E0,0.E0));
#1671=VECTOR('',#1670,1.2E0);
#1672=CARTESIAN_POINT('',(-6.E-1,-7.E-1,-1.3E0));
#1673=LINE('',#1672,#1671);
#1674=CARTESIAN_POINT('',(2.974999999999E0,1.E0,-1.802098005423E0));
#1675=CARTESIAN_POINT('',(2.85E0,1.E0,-1.95E0));
#1676=VERTEX_POINT('',#1674);
#1677=VERTEX_POINT('',#1675);
#1678=VERTEX_POINT('',#119);
#1679=CARTESIAN_POINT('',(3.E0,8.5E-1,-1.8E0));
#1680=VERTEX_POINT('',#1679);
#1681=CARTESIAN_POINT('',(3.125E0,8.5E-1,-1.8E0));
#1682=VERTEX_POINT('',#1681);
#1683=CARTESIAN_POINT('',(3.125E0,1.754886114323E-1,-1.8E0));
#1684=VERTEX_POINT('',#1683);
#1685=CARTESIAN_POINT('',(2.85E0,1.E0,-4.25E0));
#1686=CARTESIAN_POINT('',(2.974999999999E0,1.E0,-4.397901994577E0));
#1687=VERTEX_POINT('',#1685);
#1688=VERTEX_POINT('',#1686);
#1689=CARTESIAN_POINT('',(3.E0,8.5E-1,-4.4E0));
#1690=CARTESIAN_POINT('',(3.E0,9.979019945775E-1,-4.4E0));
#1691=VERTEX_POINT('',#1689);
#1692=VERTEX_POINT('',#1690);
#1693=CARTESIAN_POINT('',(3.125E0,1.754886114323E-1,-4.4E0));
#1694=CARTESIAN_POINT('',(3.125E0,8.5E-1,-4.4E0));
#1695=VERTEX_POINT('',#1693);
#1696=VERTEX_POINT('',#1694);
#1697=CARTESIAN_POINT('',(-3.E0,8.5E-1,-1.8E0));
#1698=CARTESIAN_POINT('',(-3.E0,9.979019945775E-1,-1.8E0));
#1699=VERTEX_POINT('',#1697);
#1700=VERTEX_POINT('',#1698);
#1701=VERTEX_POINT('',#969);
#1702=CARTESIAN_POINT('',(-2.85E0,1.E0,-1.95E0));
#1703=VERTEX_POINT('',#1702);
#1704=CARTESIAN_POINT('',(-2.85E0,1.E0,-4.25E0));
#1705=VERTEX_POINT('',#1704);
#1706=VERTEX_POINT('',#1004);
#1707=VERTEX_POINT('',#1009);
#1708=CARTESIAN_POINT('',(-3.E0,8.5E-1,-4.4E0));
#1709=VERTEX_POINT('',#1708);
#1710=CARTESIAN_POINT('',(-3.125E0,4.976755065107E-2,-4.468181818182E0));
#1711=CARTESIAN_POINT('',(-3.125E0,1.754886114323E-1,-4.4E0));
#1712=VERTEX_POINT('',#1710);
#1713=VERTEX_POINT('',#1711);
#1714=CARTESIAN_POINT('',(-3.125E0,-1.8E-1,-4.4E0));
#1715=VERTEX_POINT('',#1714);
#1716=CARTESIAN_POINT('',(-3.125E0,8.5E-1,-4.4E0));
#1717=VERTEX_POINT('',#1716);
#1718=CARTESIAN_POINT('',(-3.125E0,8.5E-1,-6.125E0));
#1719=VERTEX_POINT('',#1718);
#1720=CARTESIAN_POINT('',(-3.125E0,-4.638430846882E-1,-6.125E0));
#1721=VERTEX_POINT('',#1720);
#1722=CARTESIAN_POINT('',(-3.125E0,-5.E-1,-6.062761345867E0));
#1723=VERTEX_POINT('',#1722);
#1724=CARTESIAN_POINT('',(-3.125E0,-5.E-1,-1.372386541326E-1));
#1725=VERTEX_POINT('',#1724);
#1726=CARTESIAN_POINT('',(-3.125E0,-4.638430846882E-1,-7.5E-2));
#1727=VERTEX_POINT('',#1726);
#1728=CARTESIAN_POINT('',(-3.125E0,8.5E-1,-7.5E-2));
#1729=VERTEX_POINT('',#1728);
#1730=CARTESIAN_POINT('',(-3.125E0,8.5E-1,-1.8E0));
#1731=VERTEX_POINT('',#1730);
#1732=CARTESIAN_POINT('',(-3.125E0,1.754886114323E-1,-1.8E0));
#1733=VERTEX_POINT('',#1732);
#1734=CARTESIAN_POINT('',(-3.125E0,4.976755065105E-2,-1.731818181818E0));
#1735=VERTEX_POINT('',#1734);
#1736=CARTESIAN_POINT('',(-3.125E0,-5.5E-2,-1.675E0));
#1737=VERTEX_POINT('',#1736);
#1738=CARTESIAN_POINT('',(-3.125E0,-9.056020365956E-2,-1.680164813533E0));
#1739=VERTEX_POINT('',#1738);
#1740=CARTESIAN_POINT('',(-3.125E0,-1.8E-1,-1.8E0));
#1741=VERTEX_POINT('',#1740);
#1742=CARTESIAN_POINT('',(3.125E0,4.976755065104E-2,-4.468181818182E0));
#1743=VERTEX_POINT('',#1742);
#1744=CARTESIAN_POINT('',(3.125E0,-1.8E-1,-4.4E0));
#1745=VERTEX_POINT('',#1744);
#1746=CARTESIAN_POINT('',(3.125E0,4.976755065105E-2,-1.731818181818E0));
#1747=VERTEX_POINT('',#1746);
#1748=CARTESIAN_POINT('',(3.125E0,-1.8E-1,-1.8E0));
#1749=CARTESIAN_POINT('',(3.125E0,-9.056020365956E-2,-1.680164813533E0));
#1750=VERTEX_POINT('',#1748);
#1751=VERTEX_POINT('',#1749);
#1752=CARTESIAN_POINT('',(3.125E0,-5.5E-2,-1.675E0));
#1753=VERTEX_POINT('',#1752);
#1754=CARTESIAN_POINT('',(2.975E0,1.E0,-6.125E0));
#1755=VERTEX_POINT('',#1754);
#1756=CARTESIAN_POINT('',(2.975E0,1.E0,-6.2E0));
#1757=VERTEX_POINT('',#1756);
#1758=CARTESIAN_POINT('',(-2.975E0,1.E0,-6.2E0));
#1759=VERTEX_POINT('',#1758);
#1760=CARTESIAN_POINT('',(-2.975E0,1.E0,-6.125E0));
#1761=VERTEX_POINT('',#1760);
#1762=CARTESIAN_POINT('',(-2.975E0,1.E0,-7.5E-2));
#1763=VERTEX_POINT('',#1762);
#1764=CARTESIAN_POINT('',(-2.975E0,1.E0,0.E0));
#1765=VERTEX_POINT('',#1764);
#1766=CARTESIAN_POINT('',(2.975E0,1.E0,0.E0));
#1767=VERTEX_POINT('',#1766);
#1768=CARTESIAN_POINT('',(2.975E0,1.E0,-7.5E-2));
#1769=VERTEX_POINT('',#1768);
#1770=CARTESIAN_POINT('',(3.125E0,8.5E-1,-6.125E0));
#1771=VERTEX_POINT('',#1770);
#1772=CARTESIAN_POINT('',(3.187983580954E0,-7.060100106843E-1,-5.675E0));
#1773=CARTESIAN_POINT('',(3.125E0,-5.E-1,-6.062761345867E0));
#1774=VERTEX_POINT('',#1772);
#1775=VERTEX_POINT('',#1773);
#1776=CARTESIAN_POINT('',(3.044098809213E0,-7.5E-1,-5.675E0));
#1777=VERTEX_POINT('',#1776);
#1778=CARTESIAN_POINT('',(3.125E0,-4.638430846882E-1,-6.125E0));
#1779=VERTEX_POINT('',#1778);
#1780=CARTESIAN_POINT('',(3.187983580954E0,-7.060100106843E-1,-5.25E-1));
#1781=VERTEX_POINT('',#1780);
#1782=CARTESIAN_POINT('',(3.044098809213E0,-7.5E-1,-5.25E-1));
#1783=VERTEX_POINT('',#1782);
#1784=CARTESIAN_POINT('',(3.125E0,-5.E-1,-1.372386541326E-1));
#1785=VERTEX_POINT('',#1784);
#1786=CARTESIAN_POINT('',(3.125E0,8.5E-1,-7.5E-2));
#1787=VERTEX_POINT('',#1786);
#1788=CARTESIAN_POINT('',(3.125E0,-4.638430846882E-1,-7.5E-2));
#1789=VERTEX_POINT('',#1788);
#1790=CARTESIAN_POINT('',(2.975E0,8.5E-1,-7.5E-2));
#1791=VERTEX_POINT('',#1790);
#1792=CARTESIAN_POINT('',(2.975E0,8.5E-1,-6.125E0));
#1793=VERTEX_POINT('',#1792);
#1794=CARTESIAN_POINT('',(2.975E0,8.5E-1,-6.2E0));
#1795=VERTEX_POINT('',#1794);
#1796=CARTESIAN_POINT('',(2.975E0,8.5E-1,0.E0));
#1797=VERTEX_POINT('',#1796);
#1798=CARTESIAN_POINT('',(-2.975E0,8.5E-1,0.E0));
#1799=CARTESIAN_POINT('',(-2.975E0,8.5E-1,-7.5E-2));
#1800=VERTEX_POINT('',#1798);
#1801=VERTEX_POINT('',#1799);
#1802=CARTESIAN_POINT('',(-2.975E0,8.5E-1,-6.125E0));
#1803=CARTESIAN_POINT('',(-2.975E0,8.5E-1,-6.2E0));
#1804=VERTEX_POINT('',#1802);
#1805=VERTEX_POINT('',#1803);
#1806=CARTESIAN_POINT('',(-3.044098809213E0,-7.5E-1,-5.675E0));
#1807=CARTESIAN_POINT('',(-3.187983580954E0,-7.060100106843E-1,-5.675E0));
#1808=VERTEX_POINT('',#1806);
#1809=VERTEX_POINT('',#1807);
#1810=CARTESIAN_POINT('',(-3.044098809213E0,-7.5E-1,-5.25E-1));
#1811=VERTEX_POINT('',#1810);
#1812=CARTESIAN_POINT('',(-3.187983580954E0,-7.060100106843E-1,-5.25E-1));
#1813=VERTEX_POINT('',#1812);
#1814=CARTESIAN_POINT('',(1.9E0,-5.8E-1,3.E-1));
#1815=CARTESIAN_POINT('',(1.9E0,-5.8E-1,0.E0));
#1816=VERTEX_POINT('',#1814);
#1817=VERTEX_POINT('',#1815);
#1818=CARTESIAN_POINT('',(1.9E0,-8.289800741177E-1,4.185619400560E-1));
#1819=VERTEX_POINT('',#1818);
#1820=CARTESIAN_POINT('',(1.9E0,-1.E0,6.894200957032E-1));
#1821=VERTEX_POINT('',#1820);
#1822=CARTESIAN_POINT('',(1.9E0,-1.E0,9.E-1));
#1823=VERTEX_POINT('',#1822);
#1824=CARTESIAN_POINT('',(1.9E0,-7.2E-1,9.E-1));
#1825=VERTEX_POINT('',#1824);
#1826=CARTESIAN_POINT('',(1.9E0,-7.2E-1,6.767920893230E-1));
#1827=VERTEX_POINT('',#1826);
#1828=CARTESIAN_POINT('',(1.9E0,-4.710199258823E-1,5.582301492670E-1));
#1829=VERTEX_POINT('',#1828);
#1830=CARTESIAN_POINT('',(1.9E0,-3.E-1,2.873719936198E-1));
#1831=VERTEX_POINT('',#1830);
#1832=CARTESIAN_POINT('',(1.9E0,-3.E-1,0.E0));
#1833=VERTEX_POINT('',#1832);
#1834=CARTESIAN_POINT('',(2.6E0,-5.8E-1,3.E-1));
#1835=VERTEX_POINT('',#1834);
#1836=CARTESIAN_POINT('',(2.6E0,-8.289800741177E-1,4.185619400560E-1));
#1837=VERTEX_POINT('',#1836);
#1838=CARTESIAN_POINT('',(2.6E0,-1.E0,6.894200957032E-1));
#1839=VERTEX_POINT('',#1838);
#1840=CARTESIAN_POINT('',(2.6E0,-1.E0,9.E-1));
#1841=VERTEX_POINT('',#1840);
#1842=CARTESIAN_POINT('',(2.6E0,-7.2E-1,9.E-1));
#1843=VERTEX_POINT('',#1842);
#1844=CARTESIAN_POINT('',(2.6E0,-7.2E-1,6.767920893230E-1));
#1845=VERTEX_POINT('',#1844);
#1846=CARTESIAN_POINT('',(2.6E0,-4.710199258823E-1,5.582301492670E-1));
#1847=VERTEX_POINT('',#1846);
#1848=CARTESIAN_POINT('',(2.6E0,-3.E-1,2.873719936198E-1));
#1849=VERTEX_POINT('',#1848);
#1850=CARTESIAN_POINT('',(2.6E0,-3.E-1,0.E0));
#1851=VERTEX_POINT('',#1850);
#1852=CARTESIAN_POINT('',(2.6E0,-5.8E-1,0.E0));
#1853=VERTEX_POINT('',#1852);
#1854=CARTESIAN_POINT('',(-1.9E0,-5.8E-1,3.E-1));
#1855=CARTESIAN_POINT('',(-1.9E0,-5.8E-1,0.E0));
#1856=VERTEX_POINT('',#1854);
#1857=VERTEX_POINT('',#1855);
#1858=CARTESIAN_POINT('',(-1.9E0,-3.E-1,0.E0));
#1859=VERTEX_POINT('',#1858);
#1860=CARTESIAN_POINT('',(-1.9E0,-3.E-1,2.873719936198E-1));
#1861=VERTEX_POINT('',#1860);
#1862=CARTESIAN_POINT('',(-1.9E0,-4.710199258823E-1,5.582301492670E-1));
#1863=VERTEX_POINT('',#1862);
#1864=CARTESIAN_POINT('',(-1.9E0,-7.2E-1,6.767920893230E-1));
#1865=VERTEX_POINT('',#1864);
#1866=CARTESIAN_POINT('',(-1.9E0,-7.2E-1,9.E-1));
#1867=VERTEX_POINT('',#1866);
#1868=CARTESIAN_POINT('',(-1.9E0,-1.E0,9.E-1));
#1869=VERTEX_POINT('',#1868);
#1870=CARTESIAN_POINT('',(-1.9E0,-1.E0,6.894200957032E-1));
#1871=VERTEX_POINT('',#1870);
#1872=CARTESIAN_POINT('',(-1.9E0,-8.289800741177E-1,4.185619400560E-1));
#1873=VERTEX_POINT('',#1872);
#1874=CARTESIAN_POINT('',(-2.6E0,-5.8E-1,3.E-1));
#1875=VERTEX_POINT('',#1874);
#1876=CARTESIAN_POINT('',(-2.6E0,-8.289800741177E-1,4.185619400560E-1));
#1877=VERTEX_POINT('',#1876);
#1878=CARTESIAN_POINT('',(-2.6E0,-1.E0,6.894200957032E-1));
#1879=VERTEX_POINT('',#1878);
#1880=CARTESIAN_POINT('',(-2.6E0,-1.E0,9.E-1));
#1881=VERTEX_POINT('',#1880);
#1882=CARTESIAN_POINT('',(-2.6E0,-7.2E-1,9.E-1));
#1883=VERTEX_POINT('',#1882);
#1884=CARTESIAN_POINT('',(-2.6E0,-7.2E-1,6.767920893230E-1));
#1885=VERTEX_POINT('',#1884);
#1886=CARTESIAN_POINT('',(-2.6E0,-4.710199258823E-1,5.582301492670E-1));
#1887=VERTEX_POINT('',#1886);
#1888=CARTESIAN_POINT('',(-2.6E0,-3.E-1,2.873719936198E-1));
#1889=VERTEX_POINT('',#1888);
#1890=CARTESIAN_POINT('',(-2.6E0,-3.E-1,0.E0));
#1891=VERTEX_POINT('',#1890);
#1892=CARTESIAN_POINT('',(-2.6E0,-5.8E-1,0.E0));
#1893=VERTEX_POINT('',#1892);
#1894=CARTESIAN_POINT('',(1.9E0,-5.8E-1,-6.5E0));
#1895=CARTESIAN_POINT('',(1.9E0,-5.8E-1,-6.2E0));
#1896=VERTEX_POINT('',#1894);
#1897=VERTEX_POINT('',#1895);
#1898=CARTESIAN_POINT('',(1.9E0,-3.E-1,-6.2E0));
#1899=VERTEX_POINT('',#1898);
#1900=CARTESIAN_POINT('',(1.9E0,-3.E-1,-6.487371993620E0));
#1901=VERTEX_POINT('',#1900);
#1902=CARTESIAN_POINT('',(1.9E0,-4.710199258823E-1,-6.758230149267E0));
#1903=VERTEX_POINT('',#1902);
#1904=CARTESIAN_POINT('',(1.9E0,-7.2E-1,-6.876792089323E0));
#1905=VERTEX_POINT('',#1904);
#1906=CARTESIAN_POINT('',(1.9E0,-7.2E-1,-7.1E0));
#1907=VERTEX_POINT('',#1906);
#1908=CARTESIAN_POINT('',(1.9E0,-1.E0,-7.1E0));
#1909=VERTEX_POINT('',#1908);
#1910=CARTESIAN_POINT('',(1.9E0,-1.E0,-6.889420095703E0));
#1911=VERTEX_POINT('',#1910);
#1912=CARTESIAN_POINT('',(1.9E0,-8.289800741177E-1,-6.618561940056E0));
#1913=VERTEX_POINT('',#1912);
#1914=CARTESIAN_POINT('',(2.6E0,-5.8E-1,-6.5E0));
#1915=VERTEX_POINT('',#1914);
#1916=CARTESIAN_POINT('',(2.6E0,-8.289800741177E-1,-6.618561940056E0));
#1917=VERTEX_POINT('',#1916);
#1918=CARTESIAN_POINT('',(2.6E0,-1.E0,-6.889420095703E0));
#1919=VERTEX_POINT('',#1918);
#1920=CARTESIAN_POINT('',(2.6E0,-1.E0,-7.1E0));
#1921=VERTEX_POINT('',#1920);
#1922=CARTESIAN_POINT('',(2.6E0,-7.2E-1,-7.1E0));
#1923=VERTEX_POINT('',#1922);
#1924=CARTESIAN_POINT('',(2.6E0,-7.2E-1,-6.876792089323E0));
#1925=VERTEX_POINT('',#1924);
#1926=CARTESIAN_POINT('',(2.6E0,-4.710199258823E-1,-6.758230149267E0));
#1927=VERTEX_POINT('',#1926);
#1928=CARTESIAN_POINT('',(2.6E0,-3.E-1,-6.487371993620E0));
#1929=VERTEX_POINT('',#1928);
#1930=CARTESIAN_POINT('',(2.6E0,-3.E-1,-6.2E0));
#1931=VERTEX_POINT('',#1930);
#1932=CARTESIAN_POINT('',(2.6E0,-5.8E-1,-6.2E0));
#1933=VERTEX_POINT('',#1932);
#1934=CARTESIAN_POINT('',(-1.9E0,-5.8E-1,-6.5E0));
#1935=CARTESIAN_POINT('',(-1.9E0,-5.8E-1,-6.2E0));
#1936=VERTEX_POINT('',#1934);
#1937=VERTEX_POINT('',#1935);
#1938=CARTESIAN_POINT('',(-1.9E0,-8.289800741177E-1,-6.618561940056E0));
#1939=VERTEX_POINT('',#1938);
#1940=CARTESIAN_POINT('',(-1.9E0,-1.E0,-6.889420095703E0));
#1941=VERTEX_POINT('',#1940);
#1942=CARTESIAN_POINT('',(-1.9E0,-1.E0,-7.1E0));
#1943=VERTEX_POINT('',#1942);
#1944=CARTESIAN_POINT('',(-1.9E0,-7.2E-1,-7.1E0));
#1945=VERTEX_POINT('',#1944);
#1946=CARTESIAN_POINT('',(-1.9E0,-7.2E-1,-6.876792089323E0));
#1947=VERTEX_POINT('',#1946);
#1948=CARTESIAN_POINT('',(-1.9E0,-4.710199258823E-1,-6.758230149267E0));
#1949=VERTEX_POINT('',#1948);
#1950=CARTESIAN_POINT('',(-1.9E0,-3.E-1,-6.487371993620E0));
#1951=VERTEX_POINT('',#1950);
#1952=CARTESIAN_POINT('',(-1.9E0,-3.E-1,-6.2E0));
#1953=VERTEX_POINT('',#1952);
#1954=CARTESIAN_POINT('',(-2.6E0,-5.8E-1,-6.5E0));
#1955=VERTEX_POINT('',#1954);
#1956=CARTESIAN_POINT('',(-2.6E0,-8.289800741177E-1,-6.618561940056E0));
#1957=VERTEX_POINT('',#1956);
#1958=CARTESIAN_POINT('',(-2.6E0,-1.E0,-6.889420095703E0));
#1959=VERTEX_POINT('',#1958);
#1960=CARTESIAN_POINT('',(-2.6E0,-1.E0,-7.1E0));
#1961=VERTEX_POINT('',#1960);
#1962=CARTESIAN_POINT('',(-2.6E0,-7.2E-1,-7.1E0));
#1963=VERTEX_POINT('',#1962);
#1964=CARTESIAN_POINT('',(-2.6E0,-7.2E-1,-6.876792089323E0));
#1965=VERTEX_POINT('',#1964);
#1966=CARTESIAN_POINT('',(-2.6E0,-4.710199258823E-1,-6.758230149267E0));
#1967=VERTEX_POINT('',#1966);
#1968=CARTESIAN_POINT('',(-2.6E0,-3.E-1,-6.487371993620E0));
#1969=VERTEX_POINT('',#1968);
#1970=CARTESIAN_POINT('',(-2.6E0,-3.E-1,-6.2E0));
#1971=VERTEX_POINT('',#1970);
#1972=CARTESIAN_POINT('',(-2.6E0,-5.8E-1,-6.2E0));
#1973=VERTEX_POINT('',#1972);
#1974=CARTESIAN_POINT('',(-6.E-1,-9.5E-1,-5.9E0));
#1975=CARTESIAN_POINT('',(6.E-1,-9.5E-1,-5.9E0));
#1976=VERTEX_POINT('',#1974);
#1977=VERTEX_POINT('',#1975);
#1978=CARTESIAN_POINT('',(6.E-1,-7.E-1,-5.9E0));
#1979=VERTEX_POINT('',#1978);
#1980=CARTESIAN_POINT('',(-6.E-1,-7.E-1,-5.9E0));
#1981=VERTEX_POINT('',#1980);
#1982=CARTESIAN_POINT('',(6.E-1,-9.5E-1,-4.9E0));
#1983=VERTEX_POINT('',#1982);
#1984=CARTESIAN_POINT('',(6.E-1,-7.E-1,-4.9E0));
#1985=VERTEX_POINT('',#1984);
#1986=CARTESIAN_POINT('',(-6.E-1,-9.5E-1,-4.9E0));
#1987=VERTEX_POINT('',#1986);
#1988=CARTESIAN_POINT('',(-6.E-1,-7.E-1,-4.9E0));
#1989=VERTEX_POINT('',#1988);
#1990=CARTESIAN_POINT('',(-6.E-1,-9.5E-1,-4.1E0));
#1991=CARTESIAN_POINT('',(6.E-1,-9.5E-1,-4.1E0));
#1992=VERTEX_POINT('',#1990);
#1993=VERTEX_POINT('',#1991);
#1994=CARTESIAN_POINT('',(6.E-1,-7.E-1,-4.1E0));
#1995=VERTEX_POINT('',#1994);
#1996=CARTESIAN_POINT('',(-6.E-1,-7.E-1,-4.1E0));
#1997=VERTEX_POINT('',#1996);
#1998=CARTESIAN_POINT('',(6.E-1,-9.5E-1,-2.1E0));
#1999=VERTEX_POINT('',#1998);
#2000=CARTESIAN_POINT('',(6.E-1,-7.E-1,-2.1E0));
#2001=VERTEX_POINT('',#2000);
#2002=CARTESIAN_POINT('',(-6.E-1,-9.5E-1,-2.1E0));
#2003=VERTEX_POINT('',#2002);
#2004=CARTESIAN_POINT('',(-6.E-1,-7.E-1,-2.1E0));
#2005=VERTEX_POINT('',#2004);
#2006=CARTESIAN_POINT('',(-6.E-1,-9.5E-1,-1.3E0));
#2007=CARTESIAN_POINT('',(6.E-1,-9.5E-1,-1.3E0));
#2008=VERTEX_POINT('',#2006);
#2009=VERTEX_POINT('',#2007);
#2010=CARTESIAN_POINT('',(6.E-1,-7.E-1,-1.3E0));
#2011=VERTEX_POINT('',#2010);
#2012=CARTESIAN_POINT('',(-6.E-1,-7.E-1,-1.3E0));
#2013=VERTEX_POINT('',#2012);
#2014=CARTESIAN_POINT('',(6.E-1,-9.5E-1,-3.E-1));
#2015=VERTEX_POINT('',#2014);
#2016=CARTESIAN_POINT('',(6.E-1,-7.E-1,-3.E-1));
#2017=VERTEX_POINT('',#2016);
#2018=CARTESIAN_POINT('',(-6.E-1,-9.5E-1,-3.E-1));
#2019=VERTEX_POINT('',#2018);
#2020=CARTESIAN_POINT('',(-6.E-1,-7.E-1,-3.E-1));
#2021=VERTEX_POINT('',#2020);
#2022=CARTESIAN_POINT('',(-1.1E0,-1.E0,0.E0));
#2023=CARTESIAN_POINT('',(-1.1E0,-1.E0,-6.2E0));
#2024=VERTEX_POINT('',#2022);
#2025=VERTEX_POINT('',#2023);
#2026=CARTESIAN_POINT('',(-1.1E0,-9.5E-1,-6.2E0));
#2027=VERTEX_POINT('',#2026);
#2028=CARTESIAN_POINT('',(-1.1E0,-9.5E-1,0.E0));
#2029=VERTEX_POINT('',#2028);
#2030=CARTESIAN_POINT('',(1.1E0,-1.E0,-6.2E0));
#2031=CARTESIAN_POINT('',(1.1E0,-1.E0,0.E0));
#2032=VERTEX_POINT('',#2030);
#2033=VERTEX_POINT('',#2031);
#2034=CARTESIAN_POINT('',(1.1E0,-9.5E-1,0.E0));
#2035=VERTEX_POINT('',#2034);
#2036=CARTESIAN_POINT('',(1.1E0,-9.5E-1,-6.2E0));
#2037=VERTEX_POINT('',#2036);
#2038=CARTESIAN_POINT('',(3.E0,-1.E0,-6.2E0));
#2039=VERTEX_POINT('',#2038);
#2040=CARTESIAN_POINT('',(3.E0,-1.E0,0.E0));
#2041=VERTEX_POINT('',#2040);
#2042=CARTESIAN_POINT('',(-3.E0,-1.E0,0.E0));
#2043=VERTEX_POINT('',#2042);
#2044=CARTESIAN_POINT('',(-3.E0,-1.E0,-6.2E0));
#2045=VERTEX_POINT('',#2044);
#2046=CARTESIAN_POINT('',(3.E0,5.95E-1,0.E0));
#2047=VERTEX_POINT('',#2046);
#2048=CARTESIAN_POINT('',(-3.E0,5.95E-1,0.E0));
#2049=VERTEX_POINT('',#2048);
#2050=CARTESIAN_POINT('',(3.174509803922E0,-1.5E-1,-4.35E0));
#2051=CARTESIAN_POINT('',(3.E0,-1.5E-1,-4.35E0));
#2052=VERTEX_POINT('',#2050);
#2053=VERTEX_POINT('',#2051);
#2054=CARTESIAN_POINT('',(3.E0,5.95E-1,-4.35E0));
#2055=VERTEX_POINT('',#2054);
#2056=CARTESIAN_POINT('',(3.174509803922E0,1.500000000001E-1,-4.35E0));
#2057=VERTEX_POINT('',#2056);
#2058=CARTESIAN_POINT('',(3.174509803922E0,-1.5E-1,-1.85E0));
#2059=VERTEX_POINT('',#2058);
#2060=CARTESIAN_POINT('',(3.174509803922E0,1.500000000001E-1,-1.85E0));
#2061=VERTEX_POINT('',#2060);
#2062=CARTESIAN_POINT('',(3.E0,-1.5E-1,-1.85E0));
#2063=VERTEX_POINT('',#2062);
#2064=CARTESIAN_POINT('',(3.E0,5.95E-1,-1.85E0));
#2065=VERTEX_POINT('',#2064);
#2066=CARTESIAN_POINT('',(-3.174509803922E0,-1.5E-1,-4.35E0));
#2067=CARTESIAN_POINT('',(-3.E0,-1.5E-1,-4.35E0));
#2068=VERTEX_POINT('',#2066);
#2069=VERTEX_POINT('',#2067);
#2070=CARTESIAN_POINT('',(-3.174509803922E0,1.5E-1,-4.35E0));
#2071=VERTEX_POINT('',#2070);
#2072=CARTESIAN_POINT('',(-3.E0,5.95E-1,-4.35E0));
#2073=VERTEX_POINT('',#2072);
#2074=CARTESIAN_POINT('',(-3.174509803922E0,-1.5E-1,-1.85E0));
#2075=VERTEX_POINT('',#2074);
#2076=CARTESIAN_POINT('',(-3.174509803922E0,1.5E-1,-1.85E0));
#2077=VERTEX_POINT('',#2076);
#2078=CARTESIAN_POINT('',(-3.E0,-1.5E-1,-1.85E0));
#2079=VERTEX_POINT('',#2078);
#2080=CARTESIAN_POINT('',(-3.E0,5.95E-1,-1.85E0));
#2081=VERTEX_POINT('',#2080);
#2082=CARTESIAN_POINT('',(-3.E0,5.95E-1,-6.2E0));
#2083=VERTEX_POINT('',#2082);
#2084=CARTESIAN_POINT('',(3.E0,5.95E-1,-6.2E0));
#2085=VERTEX_POINT('',#2084);
#2086=CARTESIAN_POINT('',(2.9E0,8.5E-1,-1.838196601125E0));
#2087=CARTESIAN_POINT('',(2.85E0,8.5E-1,-1.95E0));
#2088=VERTEX_POINT('',#2086);
#2089=VERTEX_POINT('',#2087);
#2090=CARTESIAN_POINT('',(3.E0,1.754886114323E-1,-1.8E0));
#2091=CARTESIAN_POINT('',(3.E0,5.95E-1,-1.8E0));
#2092=VERTEX_POINT('',#2090);
#2093=VERTEX_POINT('',#2091);
#2094=CARTESIAN_POINT('',(2.9E0,8.5E-1,-4.361803398875E0));
#2095=CARTESIAN_POINT('',(2.85E0,8.5E-1,-4.25E0));
#2096=VERTEX_POINT('',#2094);
#2097=VERTEX_POINT('',#2095);
#2098=CARTESIAN_POINT('',(3.E0,1.754886114323E-1,-4.4E0));
#2099=CARTESIAN_POINT('',(3.E0,5.95E-1,-4.4E0));
#2100=VERTEX_POINT('',#2098);
#2101=VERTEX_POINT('',#2099);
#2102=CARTESIAN_POINT('',(-2.85E0,8.5E-1,-1.95E0));
#2103=CARTESIAN_POINT('',(-2.9E0,8.5E-1,-1.838196601125E0));
#2104=VERTEX_POINT('',#2102);
#2105=VERTEX_POINT('',#2103);
#2106=CARTESIAN_POINT('',(-2.85E0,8.5E-1,-4.25E0));
#2107=VERTEX_POINT('',#2106);
#2108=CARTESIAN_POINT('',(-2.9E0,8.5E-1,-4.361803398875E0));
#2109=VERTEX_POINT('',#2108);
#2110=CARTESIAN_POINT('',(-3.E0,1.754886114323E-1,-4.4E0));
#2111=CARTESIAN_POINT('',(-3.E0,4.976755065108E-2,-4.468181818182E0));
#2112=VERTEX_POINT('',#2110);
#2113=VERTEX_POINT('',#2111);
#2114=CARTESIAN_POINT('',(-3.E0,-1.8E-1,-4.4E0));
#2115=VERTEX_POINT('',#2114);
#2116=CARTESIAN_POINT('',(-3.E0,1.754886114323E-1,-1.8E0));
#2117=CARTESIAN_POINT('',(-3.E0,4.976755065104E-2,-1.731818181818E0));
#2118=VERTEX_POINT('',#2116);
#2119=VERTEX_POINT('',#2117);
#2120=CARTESIAN_POINT('',(-3.E0,-1.8E-1,-1.8E0));
#2121=VERTEX_POINT('',#2120);
#2122=CARTESIAN_POINT('',(3.E0,4.976755065104E-2,-4.468181818182E0));
#2123=VERTEX_POINT('',#2122);
#2124=CARTESIAN_POINT('',(3.E0,-1.8E-1,-4.4E0));
#2125=VERTEX_POINT('',#2124);
#2126=CARTESIAN_POINT('',(3.E0,4.976755065104E-2,-1.731818181818E0));
#2127=VERTEX_POINT('',#2126);
#2128=CARTESIAN_POINT('',(3.E0,-1.8E-1,-1.8E0));
#2129=VERTEX_POINT('',#2128);
#2130=CARTESIAN_POINT('',(3.E0,-6.057592944126E-1,-5.946496370209E0));
#2131=CARTESIAN_POINT('',(3.E0,-5.020594198705E-1,-6.125E0));
#2132=VERTEX_POINT('',#2130);
#2133=VERTEX_POINT('',#2131);
#2134=CARTESIAN_POINT('',(3.E0,-6.057592944126E-1,-2.535036297913E-1));
#2135=CARTESIAN_POINT('',(3.E0,-5.020594198705E-1,-7.5E-2));
#2136=VERTEX_POINT('',#2134);
#2137=VERTEX_POINT('',#2135);
#2138=CARTESIAN_POINT('',(3.E0,5.95E-1,-7.5E-2));
#2139=VERTEX_POINT('',#2138);
#2140=CARTESIAN_POINT('',(3.E0,5.95E-1,-6.125E0));
#2141=VERTEX_POINT('',#2140);
#2142=CARTESIAN_POINT('',(-3.E0,5.95E-1,-4.4E0));
#2143=VERTEX_POINT('',#2142);
#2144=CARTESIAN_POINT('',(-3.E0,5.95E-1,-1.8E0));
#2145=VERTEX_POINT('',#2144);
#2146=CARTESIAN_POINT('',(-3.E0,-6.057592944126E-1,-5.946496370209E0));
#2147=CARTESIAN_POINT('',(-3.E0,-5.020594198705E-1,-6.125E0));
#2148=VERTEX_POINT('',#2146);
#2149=VERTEX_POINT('',#2147);
#2150=CARTESIAN_POINT('',(-3.E0,-6.057592944126E-1,-2.535036297913E-1));
#2151=VERTEX_POINT('',#2150);
#2152=CARTESIAN_POINT('',(-3.E0,-5.020594198705E-1,-7.5E-2));
#2153=VERTEX_POINT('',#2152);
#2154=CARTESIAN_POINT('',(-3.E0,5.95E-1,-7.5E-2));
#2155=VERTEX_POINT('',#2154);
#2156=CARTESIAN_POINT('',(-3.E0,5.95E-1,-6.125E0));
#2157=VERTEX_POINT('',#2156);
#2158=CARTESIAN_POINT('',(2.9E0,8.5E-1,0.E0));
#2159=VERTEX_POINT('',#2158);
#2160=CARTESIAN_POINT('',(-2.9E0,8.5E-1,0.E0));
#2161=VERTEX_POINT('',#2160);
#2162=CARTESIAN_POINT('',(-2.9E0,8.5E-1,-6.2E0));
#2163=VERTEX_POINT('',#2162);
#2164=CARTESIAN_POINT('',(2.9E0,8.5E-1,-6.2E0));
#2165=VERTEX_POINT('',#2164);
#2166=CARTESIAN_POINT('',(-1.5E0,1.E0,-3.1E0));
#2167=CARTESIAN_POINT('',(1.5E0,1.E0,-3.1E0));
#2168=VERTEX_POINT('',#2166);
#2169=VERTEX_POINT('',#2167);
#2170=CARTESIAN_POINT('',(2.9E0,8.5E-1,-1.8E0));
#2171=VERTEX_POINT('',#2170);
#2172=CARTESIAN_POINT('',(2.9E0,8.5E-1,-7.5E-2));
#2173=VERTEX_POINT('',#2172);
#2174=CARTESIAN_POINT('',(2.9E0,8.5E-1,-6.125E0));
#2175=VERTEX_POINT('',#2174);
#2176=CARTESIAN_POINT('',(2.9E0,8.5E-1,-4.4E0));
#2177=VERTEX_POINT('',#2176);
#2178=CARTESIAN_POINT('',(-2.9E0,8.5E-1,-7.5E-2));
#2179=VERTEX_POINT('',#2178);
#2180=CARTESIAN_POINT('',(-2.9E0,8.5E-1,-6.125E0));
#2181=VERTEX_POINT('',#2180);
#2182=CARTESIAN_POINT('',(-2.9E0,8.5E-1,-1.8E0));
#2183=VERTEX_POINT('',#2182);
#2184=CARTESIAN_POINT('',(-2.9E0,8.5E-1,-4.4E0));
#2185=VERTEX_POINT('',#2184);
#2186=CARTESIAN_POINT('',(1.5E0,1.95E0,-3.1E0));
#2187=CARTESIAN_POINT('',(-1.5E0,1.95E0,-3.1E0));
#2188=VERTEX_POINT('',#2186);
#2189=VERTEX_POINT('',#2187);
#2190=CARTESIAN_POINT('',(1.35E0,2.1E0,-3.1E0));
#2191=CARTESIAN_POINT('',(-1.35E0,2.1E0,-3.1E0));
#2192=VERTEX_POINT('',#2190);
#2193=VERTEX_POINT('',#2191);
#2194=CARTESIAN_POINT('',(3.E0,7.05E-1,-1.95E0));
#2195=DIRECTION('',(0.E0,-1.E0,0.E0));
#2196=DIRECTION('',(-7.071067811865E-1,0.E0,7.071067811865E-1));
#2197=AXIS2_PLACEMENT_3D('',#2194,#2195,#2196);
#2198=CYLINDRICAL_SURFACE('',#2197,1.5E-1);
#2200=ORIENTED_EDGE('',*,*,#2199,.F.);
#2202=ORIENTED_EDGE('',*,*,#2201,.T.);
#2204=ORIENTED_EDGE('',*,*,#2203,.F.);
#2206=ORIENTED_EDGE('',*,*,#2205,.T.);
#2208=ORIENTED_EDGE('',*,*,#2207,.T.);
#2210=ORIENTED_EDGE('',*,*,#2209,.F.);
#2211=EDGE_LOOP('',(#2200,#2202,#2204,#2206,#2208,#2210));
#2212=FACE_OUTER_BOUND('',#2211,.F.);
#2214=CARTESIAN_POINT('',(0.E0,8.5E-1,-3.1E0));
#2215=DIRECTION('',(0.E0,1.E0,0.E0));
#2216=DIRECTION('',(0.E0,0.E0,1.E0));
#2217=AXIS2_PLACEMENT_3D('',#2214,#2215,#2216);
#2218=PLANE('',#2217);
#2219=ORIENTED_EDGE('',*,*,#2199,.T.);
#2221=ORIENTED_EDGE('',*,*,#2220,.T.);
#2223=ORIENTED_EDGE('',*,*,#2222,.F.);
#2225=ORIENTED_EDGE('',*,*,#2224,.F.);
#2226=EDGE_LOOP('',(#2219,#2221,#2223,#2225));
#2227=FACE_OUTER_BOUND('',#2226,.F.);
#2229=CARTESIAN_POINT('',(0.E0,8.5E-1,-3.1E0));
#2230=DIRECTION('',(0.E0,1.E0,0.E0));
#2231=DIRECTION('',(0.E0,0.E0,1.E0));
#2232=AXIS2_PLACEMENT_3D('',#2229,#2230,#2231);
#2233=PLANE('',#2232);
#2235=ORIENTED_EDGE('',*,*,#2234,.T.);
#2237=ORIENTED_EDGE('',*,*,#2236,.F.);
#2239=ORIENTED_EDGE('',*,*,#2238,.F.);
#2241=ORIENTED_EDGE('',*,*,#2240,.F.);
#2242=EDGE_LOOP('',(#2235,#2237,#2239,#2241));
#2243=FACE_OUTER_BOUND('',#2242,.F.);
#2245=CARTESIAN_POINT('',(2.85E0,4.1E-1,-3.1E0));
#2246=DIRECTION('',(1.E0,0.E0,0.E0));
#2247=DIRECTION('',(0.E0,0.E0,-1.E0));
#2248=AXIS2_PLACEMENT_3D('',#2245,#2246,#2247);
#2249=PLANE('',#2248);
#2250=ORIENTED_EDGE('',*,*,#2220,.F.);
#2251=ORIENTED_EDGE('',*,*,#2209,.T.);
#2253=ORIENTED_EDGE('',*,*,#2252,.F.);
#2255=ORIENTED_EDGE('',*,*,#2254,.T.);
#2256=EDGE_LOOP('',(#2250,#2251,#2253,#2255));
#2257=FACE_OUTER_BOUND('',#2256,.F.);
#2259=CARTESIAN_POINT('',(0.E0,1.E0,-3.1E0));
#2260=DIRECTION('',(0.E0,1.E0,0.E0));
#2261=DIRECTION('',(0.E0,0.E0,1.E0));
#2262=AXIS2_PLACEMENT_3D('',#2259,#2260,#2261);
#2263=PLANE('',#2262);
#2264=ORIENTED_EDGE('',*,*,#2252,.T.);
#2265=ORIENTED_EDGE('',*,*,#2207,.F.);
#2267=ORIENTED_EDGE('',*,*,#2266,.T.);
#2269=ORIENTED_EDGE('',*,*,#2268,.T.);
#2271=ORIENTED_EDGE('',*,*,#2270,.T.);
#2273=ORIENTED_EDGE('',*,*,#2272,.T.);
#2275=ORIENTED_EDGE('',*,*,#2274,.T.);
#2277=ORIENTED_EDGE('',*,*,#2276,.F.);
#2279=ORIENTED_EDGE('',*,*,#2278,.T.);
#2281=ORIENTED_EDGE('',*,*,#2280,.F.);
#2283=ORIENTED_EDGE('',*,*,#2282,.T.);
#2285=ORIENTED_EDGE('',*,*,#2284,.T.);
#2287=ORIENTED_EDGE('',*,*,#2286,.T.);
#2289=ORIENTED_EDGE('',*,*,#2288,.T.);
#2291=ORIENTED_EDGE('',*,*,#2290,.T.);
#2293=ORIENTED_EDGE('',*,*,#2292,.F.);
#2294=EDGE_LOOP('',(#2264,#2265,#2267,#2269,#2271,#2273,#2275,#2277,#2279,#2281,
#2283,#2285,#2287,#2289,#2291,#2293));
#2295=FACE_OUTER_BOUND('',#2294,.F.);
#2297=ORIENTED_EDGE('',*,*,#2296,.T.);
#2299=ORIENTED_EDGE('',*,*,#2298,.T.);
#2300=EDGE_LOOP('',(#2297,#2299));
#2301=FACE_BOUND('',#2300,.F.);
#2303=CARTESIAN_POINT('',(0.E0,8.5E-1,-3.1E0));
#2304=DIRECTION('',(0.E0,1.E0,0.E0));
#2305=DIRECTION('',(1.E0,0.E0,0.E0));
#2306=AXIS2_PLACEMENT_3D('',#2303,#2304,#2305);
#2307=CYLINDRICAL_SURFACE('',#2306,1.5E0);
#2309=ORIENTED_EDGE('',*,*,#2308,.F.);
#2311=ORIENTED_EDGE('',*,*,#2310,.F.);
#2312=ORIENTED_EDGE('',*,*,#2296,.F.);
#2314=ORIENTED_EDGE('',*,*,#2313,.F.);
#2315=EDGE_LOOP('',(#2309,#2311,#2312,#2314));
#2316=FACE_OUTER_BOUND('',#2315,.F.);
#2318=CARTESIAN_POINT('',(0.E0,1.95E0,-3.1E0));
#2319=DIRECTION('',(0.E0,1.E0,0.E0));
#2320=DIRECTION('',(9.999514221402E-1,0.E0,-9.856640392066E-3));
#2321=AXIS2_PLACEMENT_3D('',#2318,#2319,#2320);
#2322=TOROIDAL_SURFACE('',#2321,1.35E0,1.5E-1);
#2323=ORIENTED_EDGE('',*,*,#2308,.T.);
#2325=ORIENTED_EDGE('',*,*,#2324,.T.);
#2327=ORIENTED_EDGE('',*,*,#2326,.F.);
#2329=ORIENTED_EDGE('',*,*,#2328,.F.);
#2330=EDGE_LOOP('',(#2323,#2325,#2327,#2329));
#2331=FACE_OUTER_BOUND('',#2330,.F.);
#2333=CARTESIAN_POINT('',(0.E0,1.95E0,-3.1E0));
#2334=DIRECTION('',(0.E0,1.E0,0.E0));
#2335=DIRECTION('',(-9.999514221402E-1,0.E0,9.856640392067E-3));
#2336=AXIS2_PLACEMENT_3D('',#2333,#2334,#2335);
#2337=TOROIDAL_SURFACE('',#2336,1.35E0,1.5E-1);
#2339=ORIENTED_EDGE('',*,*,#2338,.T.);
#2340=ORIENTED_EDGE('',*,*,#2328,.T.);
#2342=ORIENTED_EDGE('',*,*,#2341,.F.);
#2343=ORIENTED_EDGE('',*,*,#2324,.F.);
#2344=EDGE_LOOP('',(#2339,#2340,#2342,#2343));
#2345=FACE_OUTER_BOUND('',#2344,.F.);
#2347=CARTESIAN_POINT('',(0.E0,8.5E-1,-3.1E0));
#2348=DIRECTION('',(0.E0,1.E0,0.E0));
#2349=DIRECTION('',(1.E0,0.E0,0.E0));
#2350=AXIS2_PLACEMENT_3D('',#2347,#2348,#2349);
#2351=CYLINDRICAL_SURFACE('',#2350,1.5E0);
#2352=ORIENTED_EDGE('',*,*,#2338,.F.);
#2353=ORIENTED_EDGE('',*,*,#2313,.T.);
#2354=ORIENTED_EDGE('',*,*,#2298,.F.);
#2355=ORIENTED_EDGE('',*,*,#2310,.T.);
#2356=EDGE_LOOP('',(#2352,#2353,#2354,#2355));
#2357=FACE_OUTER_BOUND('',#2356,.F.);
#2359=CARTESIAN_POINT('',(0.E0,2.1E0,-3.1E0));
#2360=DIRECTION('',(0.E0,1.E0,0.E0));
#2361=DIRECTION('',(0.E0,0.E0,1.E0));
#2362=AXIS2_PLACEMENT_3D('',#2359,#2360,#2361);
#2363=PLANE('',#2362);
#2364=ORIENTED_EDGE('',*,*,#2326,.T.);
#2365=ORIENTED_EDGE('',*,*,#2341,.T.);
#2366=EDGE_LOOP('',(#2364,#2365));
#2367=FACE_OUTER_BOUND('',#2366,.F.);
#2369=CARTESIAN_POINT('',(2.975E0,8.5E-1,-3.1E0));
#2370=DIRECTION('',(0.E0,0.E0,1.E0));
#2371=DIRECTION('',(7.071067811865E-1,7.071067811865E-1,0.E0));
#2372=AXIS2_PLACEMENT_3D('',#2369,#2370,#2371);
#2373=CYLINDRICAL_SURFACE('',#2372,1.5E-1);
#2375=ORIENTED_EDGE('',*,*,#2374,.T.);
#2377=ORIENTED_EDGE('',*,*,#2376,.F.);
#2379=ORIENTED_EDGE('',*,*,#2378,.T.);
#2380=ORIENTED_EDGE('',*,*,#2266,.F.);
#2381=ORIENTED_EDGE('',*,*,#2205,.F.);
#2382=EDGE_LOOP('',(#2375,#2377,#2379,#2380,#2381));
#2383=FACE_OUTER_BOUND('',#2382,.F.);
#2385=CARTESIAN_POINT('',(3.125E0,1.E0,-1.8E0));
#2386=DIRECTION('',(0.E0,0.E0,-1.E0));
#2387=DIRECTION('',(0.E0,-1.E0,0.E0));
#2388=AXIS2_PLACEMENT_3D('',#2385,#2386,#2387);
#2389=PLANE('',#2388);
#2391=ORIENTED_EDGE('',*,*,#2390,.T.);
#2393=ORIENTED_EDGE('',*,*,#2392,.T.);
#2395=ORIENTED_EDGE('',*,*,#2394,.F.);
#2397=ORIENTED_EDGE('',*,*,#2396,.T.);
#2399=ORIENTED_EDGE('',*,*,#2398,.F.);
#2400=ORIENTED_EDGE('',*,*,#2374,.F.);
#2401=ORIENTED_EDGE('',*,*,#2203,.T.);
#2402=EDGE_LOOP('',(#2391,#2393,#2395,#2397,#2399,#2400,#2401));
#2403=FACE_OUTER_BOUND('',#2402,.F.);
#2405=CARTESIAN_POINT('',(0.E0,8.5E-1,-3.1E0));
#2406=DIRECTION('',(0.E0,1.E0,0.E0));
#2407=DIRECTION('',(0.E0,0.E0,1.E0));
#2408=AXIS2_PLACEMENT_3D('',#2405,#2406,#2407);
#2409=PLANE('',#2408);
#2411=ORIENTED_EDGE('',*,*,#2410,.F.);
#2413=ORIENTED_EDGE('',*,*,#2412,.F.);
#2415=ORIENTED_EDGE('',*,*,#2414,.F.);
#2416=EDGE_LOOP('',(#2411,#2413,#2415));
#2417=FACE_OUTER_BOUND('',#2416,.F.);
#2419=CARTESIAN_POINT('',(0.E0,8.5E-1,-3.1E0));
#2420=DIRECTION('',(0.E0,1.E0,0.E0));
#2421=DIRECTION('',(0.E0,0.E0,1.E0));
#2422=AXIS2_PLACEMENT_3D('',#2419,#2420,#2421);
#2423=PLANE('',#2422);
#2425=ORIENTED_EDGE('',*,*,#2424,.T.);
#2427=ORIENTED_EDGE('',*,*,#2426,.F.);
#2429=ORIENTED_EDGE('',*,*,#2428,.F.);
#2431=ORIENTED_EDGE('',*,*,#2430,.F.);
#2432=EDGE_LOOP('',(#2425,#2427,#2429,#2431));
#2433=FACE_OUTER_BOUND('',#2432,.F.);
#2435=CARTESIAN_POINT('',(0.E0,8.5E-1,-3.1E0));
#2436=DIRECTION('',(0.E0,1.E0,0.E0));
#2437=DIRECTION('',(0.E0,0.E0,1.E0));
#2438=AXIS2_PLACEMENT_3D('',#2435,#2436,#2437);
#2439=PLANE('',#2438);
#2441=ORIENTED_EDGE('',*,*,#2440,.T.);
#2443=ORIENTED_EDGE('',*,*,#2442,.F.);
#2445=ORIENTED_EDGE('',*,*,#2444,.F.);
#2447=ORIENTED_EDGE('',*,*,#2446,.F.);
#2448=EDGE_LOOP('',(#2441,#2443,#2445,#2447));
#2449=FACE_OUTER_BOUND('',#2448,.F.);
#2451=CARTESIAN_POINT('',(0.E0,8.5E-1,-3.1E0));
#2452=DIRECTION('',(0.E0,1.E0,0.E0));
#2453=DIRECTION('',(0.E0,0.E0,1.E0));
#2454=AXIS2_PLACEMENT_3D('',#2451,#2452,#2453);
#2455=PLANE('',#2454);
#2457=ORIENTED_EDGE('',*,*,#2456,.F.);
#2459=ORIENTED_EDGE('',*,*,#2458,.F.);
#2461=ORIENTED_EDGE('',*,*,#2460,.F.);
#2462=EDGE_LOOP('',(#2457,#2459,#2461));
#2463=FACE_OUTER_BOUND('',#2462,.F.);
#2465=CARTESIAN_POINT('',(0.E0,8.5E-1,-3.1E0));
#2466=DIRECTION('',(0.E0,1.E0,0.E0));
#2467=DIRECTION('',(0.E0,0.E0,1.E0));
#2468=AXIS2_PLACEMENT_3D('',#2465,#2466,#2467);
#2469=PLANE('',#2468);
#2471=ORIENTED_EDGE('',*,*,#2470,.T.);
#2473=ORIENTED_EDGE('',*,*,#2472,.T.);
#2475=ORIENTED_EDGE('',*,*,#2474,.F.);
#2477=ORIENTED_EDGE('',*,*,#2476,.F.);
#2478=EDGE_LOOP('',(#2471,#2473,#2475,#2477));
#2479=FACE_OUTER_BOUND('',#2478,.F.);
#2481=CARTESIAN_POINT('',(0.E0,8.5E-1,-3.1E0));
#2482=DIRECTION('',(0.E0,1.E0,0.E0));
#2483=DIRECTION('',(0.E0,0.E0,1.E0));
#2484=AXIS2_PLACEMENT_3D('',#2481,#2482,#2483);
#2485=PLANE('',#2484);
#2486=ORIENTED_EDGE('',*,*,#2390,.F.);
#2487=ORIENTED_EDGE('',*,*,#2201,.F.);
#2489=ORIENTED_EDGE('',*,*,#2488,.T.);
#2490=EDGE_LOOP('',(#2486,#2487,#2489));
#2491=FACE_OUTER_BOUND('',#2490,.F.);
#2493=CARTESIAN_POINT('',(0.E0,8.5E-1,-3.1E0));
#2494=DIRECTION('',(0.E0,1.E0,0.E0));
#2495=DIRECTION('',(0.E0,0.E0,1.E0));
#2496=AXIS2_PLACEMENT_3D('',#2493,#2494,#2495);
#2497=PLANE('',#2496);
#2499=ORIENTED_EDGE('',*,*,#2498,.F.);
#2501=ORIENTED_EDGE('',*,*,#2500,.T.);
#2503=ORIENTED_EDGE('',*,*,#2502,.F.);
#2504=EDGE_LOOP('',(#2499,#2501,#2503));
#2505=FACE_OUTER_BOUND('',#2504,.F.);
#2507=CARTESIAN_POINT('',(0.E0,8.5E-1,-3.1E0));
#2508=DIRECTION('',(0.E0,1.E0,0.E0));
#2509=DIRECTION('',(0.E0,0.E0,1.E0));
#2510=AXIS2_PLACEMENT_3D('',#2507,#2508,#2509);
#2511=PLANE('',#2510);
#2513=ORIENTED_EDGE('',*,*,#2512,.T.);
#2515=ORIENTED_EDGE('',*,*,#2514,.F.);
#2517=ORIENTED_EDGE('',*,*,#2516,.F.);
#2519=ORIENTED_EDGE('',*,*,#2518,.T.);
#2520=EDGE_LOOP('',(#2513,#2515,#2517,#2519));
#2521=FACE_OUTER_BOUND('',#2520,.F.);
#2523=CARTESIAN_POINT('',(-3.125E0,-1.8E-1,-4.4E0));
#2524=DIRECTION('',(0.E0,0.E0,-1.E0));
#2525=DIRECTION('',(0.E0,1.E0,0.E0));
#2526=AXIS2_PLACEMENT_3D('',#2523,#2524,#2525);
#2527=PLANE('',#2526);
#2528=ORIENTED_EDGE('',*,*,#2410,.T.);
#2530=ORIENTED_EDGE('',*,*,#2529,.T.);
#2532=ORIENTED_EDGE('',*,*,#2531,.F.);
#2534=ORIENTED_EDGE('',*,*,#2533,.T.);
#2536=ORIENTED_EDGE('',*,*,#2535,.F.);
#2538=ORIENTED_EDGE('',*,*,#2537,.F.);
#2540=ORIENTED_EDGE('',*,*,#2539,.T.);
#2541=EDGE_LOOP('',(#2528,#2530,#2532,#2534,#2536,#2538,#2540));
#2542=FACE_OUTER_BOUND('',#2541,.F.);
#2544=CARTESIAN_POINT('',(-2.95E0,7.225E-1,-4.65E0));
#2545=DIRECTION('',(-9.309731984871E-1,3.650875288185E-1,0.E0));
#2546=DIRECTION('',(0.E0,0.E0,1.E0));
#2547=AXIS2_PLACEMENT_3D('',#2544,#2545,#2546);
#2548=PLANE('',#2547);
#2550=ORIENTED_EDGE('',*,*,#2549,.F.);
#2551=ORIENTED_EDGE('',*,*,#2446,.T.);
#2553=ORIENTED_EDGE('',*,*,#2552,.T.);
#2555=ORIENTED_EDGE('',*,*,#2554,.T.);
#2556=EDGE_LOOP('',(#2550,#2551,#2553,#2555));
#2557=FACE_OUTER_BOUND('',#2556,.F.);
#2559=CARTESIAN_POINT('',(-2.95E0,7.225E-1,-4.65E0));
#2560=DIRECTION('',(-9.309731984871E-1,3.650875288185E-1,0.E0));
#2561=DIRECTION('',(0.E0,0.E0,1.E0));
#2562=AXIS2_PLACEMENT_3D('',#2559,#2560,#2561);
#2563=PLANE('',#2562);
#2564=ORIENTED_EDGE('',*,*,#2529,.F.);
#2565=ORIENTED_EDGE('',*,*,#2414,.T.);
#2566=ORIENTED_EDGE('',*,*,#2236,.T.);
#2567=ORIENTED_EDGE('',*,*,#2458,.T.);
#2569=ORIENTED_EDGE('',*,*,#2568,.F.);
#2571=ORIENTED_EDGE('',*,*,#2570,.T.);
#2573=ORIENTED_EDGE('',*,*,#2572,.T.);
#2575=ORIENTED_EDGE('',*,*,#2574,.T.);
#2577=ORIENTED_EDGE('',*,*,#2576,.T.);
#2579=ORIENTED_EDGE('',*,*,#2578,.T.);
#2580=EDGE_LOOP('',(#2564,#2565,#2566,#2567,#2569,#2571,#2573,#2575,#2577,
#2579));
#2581=FACE_OUTER_BOUND('',#2580,.F.);
#2583=CARTESIAN_POINT('',(-2.95E0,7.225E-1,-4.65E0));
#2584=DIRECTION('',(-9.309731984871E-1,3.650875288185E-1,0.E0));
#2585=DIRECTION('',(0.E0,0.E0,1.E0));
#2586=AXIS2_PLACEMENT_3D('',#2583,#2584,#2585);
#2587=PLANE('',#2586);
#2589=ORIENTED_EDGE('',*,*,#2588,.F.);
#2591=ORIENTED_EDGE('',*,*,#2590,.T.);
#2593=ORIENTED_EDGE('',*,*,#2592,.T.);
#2594=ORIENTED_EDGE('',*,*,#2426,.T.);
#2595=EDGE_LOOP('',(#2589,#2591,#2593,#2594));
#2596=FACE_OUTER_BOUND('',#2595,.F.);
#2598=CARTESIAN_POINT('',(-3.081491790477E0,1.25E-1,-7.5E-2));
#2599=DIRECTION('',(0.E0,0.E0,1.E0));
#2600=DIRECTION('',(1.E0,0.E0,0.E0));
#2601=AXIS2_PLACEMENT_3D('',#2598,#2599,#2600);
#2602=PLANE('',#2601);
#2604=ORIENTED_EDGE('',*,*,#2603,.F.);
#2605=ORIENTED_EDGE('',*,*,#2440,.F.);
#2606=ORIENTED_EDGE('',*,*,#2549,.T.);
#2608=ORIENTED_EDGE('',*,*,#2607,.F.);
#2610=ORIENTED_EDGE('',*,*,#2609,.F.);
#2612=ORIENTED_EDGE('',*,*,#2611,.T.);
#2614=ORIENTED_EDGE('',*,*,#2613,.F.);
#2615=EDGE_LOOP('',(#2604,#2605,#2606,#2608,#2610,#2612,#2614));
#2616=FACE_OUTER_BOUND('',#2615,.F.);
#2618=CARTESIAN_POINT('',(-2.975E0,8.5E-1,-6.2E0));
#2619=DIRECTION('',(-1.E0,0.E0,0.E0));
#2620=DIRECTION('',(0.E0,0.E0,1.E0));
#2621=AXIS2_PLACEMENT_3D('',#2618,#2619,#2620);
#2622=PLANE('',#2621);
#2623=ORIENTED_EDGE('',*,*,#2603,.T.);
#2624=ORIENTED_EDGE('',*,*,#2272,.F.);
#2626=ORIENTED_EDGE('',*,*,#2625,.T.);
#2627=ORIENTED_EDGE('',*,*,#2442,.T.);
#2628=EDGE_LOOP('',(#2623,#2624,#2626,#2627));
#2629=FACE_OUTER_BOUND('',#2628,.F.);
#2631=CARTESIAN_POINT('',(-2.975E0,8.5E-1,0.E0));
#2632=DIRECTION('',(0.E0,0.E0,1.E0));
#2633=DIRECTION('',(1.E0,0.E0,0.E0));
#2634=AXIS2_PLACEMENT_3D('',#2631,#2632,#2633);
#2635=PLANE('',#2634);
#2636=ORIENTED_EDGE('',*,*,#2474,.T.);
#2638=ORIENTED_EDGE('',*,*,#2637,.F.);
#2640=ORIENTED_EDGE('',*,*,#2639,.T.);
#2642=ORIENTED_EDGE('',*,*,#2641,.T.);
#2644=ORIENTED_EDGE('',*,*,#2643,.T.);
#2646=ORIENTED_EDGE('',*,*,#2645,.T.);
#2648=ORIENTED_EDGE('',*,*,#2647,.T.);
#2650=ORIENTED_EDGE('',*,*,#2649,.T.);
#2652=ORIENTED_EDGE('',*,*,#2651,.F.);
#2653=ORIENTED_EDGE('',*,*,#2552,.F.);
#2654=ORIENTED_EDGE('',*,*,#2444,.T.);
#2655=ORIENTED_EDGE('',*,*,#2625,.F.);
#2656=ORIENTED_EDGE('',*,*,#2270,.F.);
#2658=ORIENTED_EDGE('',*,*,#2657,.T.);
#2659=EDGE_LOOP('',(#2636,#2638,#2640,#2642,#2644,#2646,#2648,#2650,#2652,#2653,
#2654,#2655,#2656,#2658));
#2660=FACE_OUTER_BOUND('',#2659,.F.);
#2662=ORIENTED_EDGE('',*,*,#2661,.T.);
#2664=ORIENTED_EDGE('',*,*,#2663,.T.);
#2666=ORIENTED_EDGE('',*,*,#2665,.T.);
#2668=ORIENTED_EDGE('',*,*,#2667,.T.);
#2669=EDGE_LOOP('',(#2662,#2664,#2666,#2668));
#2670=FACE_BOUND('',#2669,.F.);
#2672=ORIENTED_EDGE('',*,*,#2671,.T.);
#2674=ORIENTED_EDGE('',*,*,#2673,.T.);
#2676=ORIENTED_EDGE('',*,*,#2675,.T.);
#2678=ORIENTED_EDGE('',*,*,#2677,.T.);
#2679=EDGE_LOOP('',(#2672,#2674,#2676,#2678));
#2680=FACE_BOUND('',#2679,.F.);
#2682=CARTESIAN_POINT('',(-1.9E0,-6.5E-1,4.5E-1));
#2683=DIRECTION('',(1.E0,0.E0,0.E0));
#2684=DIRECTION('',(0.E0,0.E0,-1.E0));
#2685=AXIS2_PLACEMENT_3D('',#2682,#2683,#2684);
#2686=PLANE('',#2685);
#2688=ORIENTED_EDGE('',*,*,#2687,.F.);
#2690=ORIENTED_EDGE('',*,*,#2689,.F.);
#2692=ORIENTED_EDGE('',*,*,#2691,.F.);
#2694=ORIENTED_EDGE('',*,*,#2693,.F.);
#2696=ORIENTED_EDGE('',*,*,#2695,.F.);
#2698=ORIENTED_EDGE('',*,*,#2697,.F.);
#2700=ORIENTED_EDGE('',*,*,#2699,.F.);
#2702=ORIENTED_EDGE('',*,*,#2701,.F.);
#2704=ORIENTED_EDGE('',*,*,#2703,.F.);
#2705=ORIENTED_EDGE('',*,*,#2671,.F.);
#2706=EDGE_LOOP('',(#2688,#2690,#2692,#2694,#2696,#2698,#2700,#2702,#2704,
#2705));
#2707=FACE_OUTER_BOUND('',#2706,.F.);
#2709=CARTESIAN_POINT('',(-2.25E0,-5.8E-1,3.E-1));
#2710=DIRECTION('',(0.E0,1.E0,0.E0));
#2711=DIRECTION('',(0.E0,0.E0,-1.E0));
#2712=AXIS2_PLACEMENT_3D('',#2709,#2710,#2711);
#2713=PLANE('',#2712);
#2714=ORIENTED_EDGE('',*,*,#2677,.F.);
#2716=ORIENTED_EDGE('',*,*,#2715,.T.);
#2718=ORIENTED_EDGE('',*,*,#2717,.F.);
#2719=ORIENTED_EDGE('',*,*,#2687,.T.);
#2720=EDGE_LOOP('',(#2714,#2716,#2718,#2719));
#2721=FACE_OUTER_BOUND('',#2720,.F.);
#2723=CARTESIAN_POINT('',(-2.6E0,-6.5E-1,4.5E-1));
#2724=DIRECTION('',(1.E0,0.E0,0.E0));
#2725=DIRECTION('',(0.E0,0.E0,-1.E0));
#2726=AXIS2_PLACEMENT_3D('',#2723,#2724,#2725);
#2727=PLANE('',#2726);
#2728=ORIENTED_EDGE('',*,*,#2715,.F.);
#2729=ORIENTED_EDGE('',*,*,#2675,.F.);
#2731=ORIENTED_EDGE('',*,*,#2730,.F.);
#2733=ORIENTED_EDGE('',*,*,#2732,.F.);
#2735=ORIENTED_EDGE('',*,*,#2734,.F.);
#2737=ORIENTED_EDGE('',*,*,#2736,.F.);
#2739=ORIENTED_EDGE('',*,*,#2738,.F.);
#2741=ORIENTED_EDGE('',*,*,#2740,.F.);
#2743=ORIENTED_EDGE('',*,*,#2742,.F.);
#2745=ORIENTED_EDGE('',*,*,#2744,.F.);
#2746=EDGE_LOOP('',(#2728,#2729,#2731,#2733,#2735,#2737,#2739,#2741,#2743,
#2745));
#2747=FACE_OUTER_BOUND('',#2746,.F.);
#2749=CARTESIAN_POINT('',(-2.25E0,-3.E-1,0.E0));
#2750=DIRECTION('',(0.E0,-1.E0,0.E0));
#2751=DIRECTION('',(0.E0,0.E0,1.E0));
#2752=AXIS2_PLACEMENT_3D('',#2749,#2750,#2751);
#2753=PLANE('',#2752);
#2755=ORIENTED_EDGE('',*,*,#2754,.T.);
#2756=ORIENTED_EDGE('',*,*,#2730,.T.);
#2757=ORIENTED_EDGE('',*,*,#2673,.F.);
#2758=ORIENTED_EDGE('',*,*,#2703,.T.);
#2759=EDGE_LOOP('',(#2755,#2756,#2757,#2758));
#2760=FACE_OUTER_BOUND('',#2759,.F.);
#2762=CARTESIAN_POINT('',(-2.25E0,-6.E-1,2.873719936198E-1));
#2763=DIRECTION('',(1.E0,0.E0,0.E0));
#2764=DIRECTION('',(0.E0,1.E0,0.E0));
#2765=AXIS2_PLACEMENT_3D('',#2762,#2763,#2764);
#2766=CYLINDRICAL_SURFACE('',#2765,3.E-1);
#2768=ORIENTED_EDGE('',*,*,#2767,.F.);
#2769=ORIENTED_EDGE('',*,*,#2732,.T.);
#2770=ORIENTED_EDGE('',*,*,#2754,.F.);
#2771=ORIENTED_EDGE('',*,*,#2701,.T.);
#2772=EDGE_LOOP('',(#2768,#2769,#2770,#2771));
#2773=FACE_OUTER_BOUND('',#2772,.F.);
#2775=CARTESIAN_POINT('',(-2.25E0,-4.710199258823E-1,5.582301492670E-1));
#2776=DIRECTION('',(0.E0,-4.299335803923E-1,-9.028605188239E-1));
#2777=DIRECTION('',(0.E0,-9.028605188239E-1,4.299335803923E-1));
#2778=AXIS2_PLACEMENT_3D('',#2775,#2776,#2777);
#2779=PLANE('',#2778);
#2781=ORIENTED_EDGE('',*,*,#2780,.F.);
#2782=ORIENTED_EDGE('',*,*,#2734,.T.);
#2783=ORIENTED_EDGE('',*,*,#2767,.T.);
#2784=ORIENTED_EDGE('',*,*,#2699,.T.);
#2785=EDGE_LOOP('',(#2781,#2782,#2783,#2784));
#2786=FACE_OUTER_BOUND('',#2785,.F.);
#2788=CARTESIAN_POINT('',(-2.25E0,-7.2E-1,6.767920893230E-1));
#2789=DIRECTION('',(0.E0,-1.E0,0.E0));
#2790=DIRECTION('',(0.E0,0.E0,1.E0));
#2791=AXIS2_PLACEMENT_3D('',#2788,#2789,#2790);
#2792=PLANE('',#2791);
#2794=ORIENTED_EDGE('',*,*,#2793,.F.);
#2795=ORIENTED_EDGE('',*,*,#2736,.T.);
#2796=ORIENTED_EDGE('',*,*,#2780,.T.);
#2797=ORIENTED_EDGE('',*,*,#2697,.T.);
#2798=EDGE_LOOP('',(#2794,#2795,#2796,#2797));
#2799=FACE_OUTER_BOUND('',#2798,.F.);
#2801=CARTESIAN_POINT('',(-2.25E0,-7.2E-1,9.E-1));
#2802=DIRECTION('',(0.E0,0.E0,-1.E0));
#2803=DIRECTION('',(0.E0,-1.E0,0.E0));
#2804=AXIS2_PLACEMENT_3D('',#2801,#2802,#2803);
#2805=PLANE('',#2804);
#2807=ORIENTED_EDGE('',*,*,#2806,.F.);
#2808=ORIENTED_EDGE('',*,*,#2738,.T.);
#2809=ORIENTED_EDGE('',*,*,#2793,.T.);
#2810=ORIENTED_EDGE('',*,*,#2695,.T.);
#2811=EDGE_LOOP('',(#2807,#2808,#2809,#2810));
#2812=FACE_OUTER_BOUND('',#2811,.F.);
#2814=CARTESIAN_POINT('',(-2.25E0,-1.E0,9.E-1));
#2815=DIRECTION('',(0.E0,1.E0,0.E0));
#2816=DIRECTION('',(0.E0,0.E0,-1.E0));
#2817=AXIS2_PLACEMENT_3D('',#2814,#2815,#2816);
#2818=PLANE('',#2817);
#2820=ORIENTED_EDGE('',*,*,#2819,.T.);
#2821=ORIENTED_EDGE('',*,*,#2740,.T.);
#2822=ORIENTED_EDGE('',*,*,#2806,.T.);
#2823=ORIENTED_EDGE('',*,*,#2693,.T.);
#2824=EDGE_LOOP('',(#2820,#2821,#2822,#2823));
#2825=FACE_OUTER_BOUND('',#2824,.F.);
#2827=CARTESIAN_POINT('',(-2.25E0,-7.E-1,6.894200957032E-1));
#2828=DIRECTION('',(1.E0,0.E0,0.E0));
#2829=DIRECTION('',(0.E0,-1.E0,0.E0));
#2830=AXIS2_PLACEMENT_3D('',#2827,#2828,#2829);
#2831=CYLINDRICAL_SURFACE('',#2830,3.E-1);
#2833=ORIENTED_EDGE('',*,*,#2832,.F.);
#2834=ORIENTED_EDGE('',*,*,#2742,.T.);
#2835=ORIENTED_EDGE('',*,*,#2819,.F.);
#2836=ORIENTED_EDGE('',*,*,#2691,.T.);
#2837=EDGE_LOOP('',(#2833,#2834,#2835,#2836));
#2838=FACE_OUTER_BOUND('',#2837,.F.);
#2840=CARTESIAN_POINT('',(-2.25E0,-8.289800741177E-1,4.185619400560E-1));
#2841=DIRECTION('',(0.E0,4.299335803923E-1,9.028605188239E-1));
#2842=DIRECTION('',(0.E0,9.028605188239E-1,-4.299335803923E-1));
#2843=AXIS2_PLACEMENT_3D('',#2840,#2841,#2842);
#2844=PLANE('',#2843);
#2845=ORIENTED_EDGE('',*,*,#2717,.T.);
#2846=ORIENTED_EDGE('',*,*,#2744,.T.);
#2847=ORIENTED_EDGE('',*,*,#2832,.T.);
#2848=ORIENTED_EDGE('',*,*,#2689,.T.);
#2849=EDGE_LOOP('',(#2845,#2846,#2847,#2848));
#2850=FACE_OUTER_BOUND('',#2849,.F.);
#2852=CARTESIAN_POINT('',(1.9E0,-6.5E-1,4.5E-1));
#2853=DIRECTION('',(1.E0,0.E0,0.E0));
#2854=DIRECTION('',(0.E0,0.E0,-1.E0));
#2855=AXIS2_PLACEMENT_3D('',#2852,#2853,#2854);
#2856=PLANE('',#2855);
#2858=ORIENTED_EDGE('',*,*,#2857,.T.);
#2859=ORIENTED_EDGE('',*,*,#2661,.F.);
#2861=ORIENTED_EDGE('',*,*,#2860,.T.);
#2863=ORIENTED_EDGE('',*,*,#2862,.F.);
#2865=ORIENTED_EDGE('',*,*,#2864,.F.);
#2867=ORIENTED_EDGE('',*,*,#2866,.T.);
#2869=ORIENTED_EDGE('',*,*,#2868,.T.);
#2871=ORIENTED_EDGE('',*,*,#2870,.T.);
#2873=ORIENTED_EDGE('',*,*,#2872,.F.);
#2875=ORIENTED_EDGE('',*,*,#2874,.F.);
#2876=EDGE_LOOP('',(#2858,#2859,#2861,#2863,#2865,#2867,#2869,#2871,#2873,
#2875));
#2877=FACE_OUTER_BOUND('',#2876,.F.);
#2879=CARTESIAN_POINT('',(2.25E0,-5.8E-1,3.E-1));
#2880=DIRECTION('',(0.E0,-1.E0,0.E0));
#2881=DIRECTION('',(0.E0,0.E0,-1.E0));
#2882=AXIS2_PLACEMENT_3D('',#2879,#2880,#2881);
#2883=PLANE('',#2882);
#2884=ORIENTED_EDGE('',*,*,#2663,.F.);
#2885=ORIENTED_EDGE('',*,*,#2857,.F.);
#2887=ORIENTED_EDGE('',*,*,#2886,.T.);
#2889=ORIENTED_EDGE('',*,*,#2888,.F.);
#2890=EDGE_LOOP('',(#2884,#2885,#2887,#2889));
#2891=FACE_OUTER_BOUND('',#2890,.F.);
#2893=CARTESIAN_POINT('',(2.25E0,-8.289800741177E-1,4.185619400561E-1));
#2894=DIRECTION('',(0.E0,-4.299335803923E-1,-9.028605188239E-1));
#2895=DIRECTION('',(0.E0,9.028605188239E-1,-4.299335803923E-1));
#2896=AXIS2_PLACEMENT_3D('',#2893,#2894,#2895);
#2897=PLANE('',#2896);
#2898=ORIENTED_EDGE('',*,*,#2886,.F.);
#2899=ORIENTED_EDGE('',*,*,#2874,.T.);
#2901=ORIENTED_EDGE('',*,*,#2900,.T.);
#2903=ORIENTED_EDGE('',*,*,#2902,.T.);
#2904=EDGE_LOOP('',(#2898,#2899,#2901,#2903));
#2905=FACE_OUTER_BOUND('',#2904,.F.);
#2907=CARTESIAN_POINT('',(2.25E0,-7.E-1,6.894200957032E-1));
#2908=DIRECTION('',(1.E0,0.E0,0.E0));
#2909=DIRECTION('',(0.E0,-1.E0,0.E0));
#2910=AXIS2_PLACEMENT_3D('',#2907,#2908,#2909);
#2911=CYLINDRICAL_SURFACE('',#2910,3.E-1);
#2912=ORIENTED_EDGE('',*,*,#2900,.F.);
#2913=ORIENTED_EDGE('',*,*,#2872,.T.);
#2915=ORIENTED_EDGE('',*,*,#2914,.F.);
#2917=ORIENTED_EDGE('',*,*,#2916,.T.);
#2918=EDGE_LOOP('',(#2912,#2913,#2915,#2917));
#2919=FACE_OUTER_BOUND('',#2918,.F.);
#2921=CARTESIAN_POINT('',(2.25E0,-1.E0,9.E-1));
#2922=DIRECTION('',(0.E0,-1.E0,0.E0));
#2923=DIRECTION('',(0.E0,0.E0,-1.E0));
#2924=AXIS2_PLACEMENT_3D('',#2921,#2922,#2923);
#2925=PLANE('',#2924);
#2926=ORIENTED_EDGE('',*,*,#2914,.T.);
#2927=ORIENTED_EDGE('',*,*,#2870,.F.);
#2929=ORIENTED_EDGE('',*,*,#2928,.F.);
#2931=ORIENTED_EDGE('',*,*,#2930,.F.);
#2932=EDGE_LOOP('',(#2926,#2927,#2929,#2931));
#2933=FACE_OUTER_BOUND('',#2932,.F.);
#2935=CARTESIAN_POINT('',(2.25E0,-7.2E-1,9.E-1));
#2936=DIRECTION('',(0.E0,0.E0,1.E0));
#2937=DIRECTION('',(0.E0,-1.E0,0.E0));
#2938=AXIS2_PLACEMENT_3D('',#2935,#2936,#2937);
#2939=PLANE('',#2938);
#2940=ORIENTED_EDGE('',*,*,#2928,.T.);
#2941=ORIENTED_EDGE('',*,*,#2868,.F.);
#2943=ORIENTED_EDGE('',*,*,#2942,.F.);
#2945=ORIENTED_EDGE('',*,*,#2944,.F.);
#2946=EDGE_LOOP('',(#2940,#2941,#2943,#2945));
#2947=FACE_OUTER_BOUND('',#2946,.F.);
#2949=CARTESIAN_POINT('',(2.25E0,-7.2E-1,6.767920893230E-1));
#2950=DIRECTION('',(0.E0,1.E0,0.E0));
#2951=DIRECTION('',(0.E0,0.E0,1.E0));
#2952=AXIS2_PLACEMENT_3D('',#2949,#2950,#2951);
#2953=PLANE('',#2952);
#2954=ORIENTED_EDGE('',*,*,#2942,.T.);
#2955=ORIENTED_EDGE('',*,*,#2866,.F.);
#2957=ORIENTED_EDGE('',*,*,#2956,.F.);
#2959=ORIENTED_EDGE('',*,*,#2958,.F.);
#2960=EDGE_LOOP('',(#2954,#2955,#2957,#2959));
#2961=FACE_OUTER_BOUND('',#2960,.F.);
#2963=CARTESIAN_POINT('',(2.25E0,-4.710199258823E-1,5.582301492670E-1));
#2964=DIRECTION('',(0.E0,4.299335803923E-1,9.028605188239E-1));
#2965=DIRECTION('',(0.E0,-9.028605188239E-1,4.299335803923E-1));
#2966=AXIS2_PLACEMENT_3D('',#2963,#2964,#2965);
#2967=PLANE('',#2966);
#2968=ORIENTED_EDGE('',*,*,#2956,.T.);
#2969=ORIENTED_EDGE('',*,*,#2864,.T.);
#2971=ORIENTED_EDGE('',*,*,#2970,.T.);
#2973=ORIENTED_EDGE('',*,*,#2972,.T.);
#2974=EDGE_LOOP('',(#2968,#2969,#2971,#2973));
#2975=FACE_OUTER_BOUND('',#2974,.F.);
#2977=CARTESIAN_POINT('',(2.25E0,-6.E-1,2.873719936198E-1));
#2978=DIRECTION('',(1.E0,0.E0,0.E0));
#2979=DIRECTION('',(0.E0,1.E0,0.E0));
#2980=AXIS2_PLACEMENT_3D('',#2977,#2978,#2979);
#2981=CYLINDRICAL_SURFACE('',#2980,3.E-1);
#2982=ORIENTED_EDGE('',*,*,#2970,.F.);
#2983=ORIENTED_EDGE('',*,*,#2862,.T.);
#2985=ORIENTED_EDGE('',*,*,#2984,.F.);
#2987=ORIENTED_EDGE('',*,*,#2986,.T.);
#2988=EDGE_LOOP('',(#2982,#2983,#2985,#2987));
#2989=FACE_OUTER_BOUND('',#2988,.F.);
#2991=CARTESIAN_POINT('',(2.25E0,-3.E-1,0.E0));
#2992=DIRECTION('',(0.E0,1.E0,0.E0));
#2993=DIRECTION('',(0.E0,0.E0,1.E0));
#2994=AXIS2_PLACEMENT_3D('',#2991,#2992,#2993);
#2995=PLANE('',#2994);
#2996=ORIENTED_EDGE('',*,*,#2984,.T.);
#2997=ORIENTED_EDGE('',*,*,#2860,.F.);
#2998=ORIENTED_EDGE('',*,*,#2667,.F.);
#3000=ORIENTED_EDGE('',*,*,#2999,.F.);
#3001=EDGE_LOOP('',(#2996,#2997,#2998,#3000));
#3002=FACE_OUTER_BOUND('',#3001,.F.);
#3004=CARTESIAN_POINT('',(2.6E0,-6.5E-1,4.5E-1));
#3005=DIRECTION('',(1.E0,0.E0,0.E0));
#3006=DIRECTION('',(0.E0,0.E0,-1.E0));
#3007=AXIS2_PLACEMENT_3D('',#3004,#3005,#3006);
#3008=PLANE('',#3007);
#3009=ORIENTED_EDGE('',*,*,#2888,.T.);
#3010=ORIENTED_EDGE('',*,*,#2902,.F.);
#3011=ORIENTED_EDGE('',*,*,#2916,.F.);
#3012=ORIENTED_EDGE('',*,*,#2930,.T.);
#3013=ORIENTED_EDGE('',*,*,#2944,.T.);
#3014=ORIENTED_EDGE('',*,*,#2958,.T.);
#3015=ORIENTED_EDGE('',*,*,#2972,.F.);
#3016=ORIENTED_EDGE('',*,*,#2986,.F.);
#3017=ORIENTED_EDGE('',*,*,#2999,.T.);
#3018=ORIENTED_EDGE('',*,*,#2665,.F.);
#3019=EDGE_LOOP('',(#3009,#3010,#3011,#3012,#3013,#3014,#3015,#3016,#3017,
#3018));
#3020=FACE_OUTER_BOUND('',#3019,.F.);
#3022=CARTESIAN_POINT('',(2.95E0,7.225E-1,-1.55E0));
#3023=DIRECTION('',(9.309731984871E-1,3.650875288185E-1,0.E0));
#3024=DIRECTION('',(0.E0,0.E0,-1.E0));
#3025=AXIS2_PLACEMENT_3D('',#3022,#3023,#3024);
#3026=PLANE('',#3025);
#3028=ORIENTED_EDGE('',*,*,#3027,.F.);
#3029=ORIENTED_EDGE('',*,*,#2518,.F.);
#3031=ORIENTED_EDGE('',*,*,#3030,.T.);
#3033=ORIENTED_EDGE('',*,*,#3032,.T.);
#3034=EDGE_LOOP('',(#3028,#3029,#3031,#3033));
#3035=FACE_OUTER_BOUND('',#3034,.F.);
#3037=CARTESIAN_POINT('',(2.95E0,7.225E-1,-1.55E0));
#3038=DIRECTION('',(9.309731984871E-1,3.650875288185E-1,0.E0));
#3039=DIRECTION('',(0.E0,0.E0,-1.E0));
#3040=AXIS2_PLACEMENT_3D('',#3037,#3038,#3039);
#3041=PLANE('',#3040);
#3043=ORIENTED_EDGE('',*,*,#3042,.F.);
#3045=ORIENTED_EDGE('',*,*,#3044,.T.);
#3046=ORIENTED_EDGE('',*,*,#2637,.T.);
#3047=ORIENTED_EDGE('',*,*,#2472,.F.);
#3048=EDGE_LOOP('',(#3043,#3045,#3046,#3047));
#3049=FACE_OUTER_BOUND('',#3048,.F.);
#3051=CARTESIAN_POINT('',(2.95E0,7.225E-1,-1.55E0));
#3052=DIRECTION('',(9.309731984871E-1,3.650875288185E-1,0.E0));
#3053=DIRECTION('',(0.E0,0.E0,-1.E0));
#3054=AXIS2_PLACEMENT_3D('',#3051,#3052,#3053);
#3055=PLANE('',#3054);
#3056=ORIENTED_EDGE('',*,*,#2392,.F.);
#3057=ORIENTED_EDGE('',*,*,#2488,.F.);
#3058=ORIENTED_EDGE('',*,*,#2224,.T.);
#3059=ORIENTED_EDGE('',*,*,#2500,.F.);
#3061=ORIENTED_EDGE('',*,*,#3060,.F.);
#3063=ORIENTED_EDGE('',*,*,#3062,.T.);
#3065=ORIENTED_EDGE('',*,*,#3064,.T.);
#3067=ORIENTED_EDGE('',*,*,#3066,.F.);
#3069=ORIENTED_EDGE('',*,*,#3068,.T.);
#3071=ORIENTED_EDGE('',*,*,#3070,.T.);
#3072=EDGE_LOOP('',(#3056,#3057,#3058,#3059,#3061,#3063,#3065,#3067,#3069,
#3071));
#3073=FACE_OUTER_BOUND('',#3072,.F.);
#3075=CARTESIAN_POINT('',(3.081491790477E0,1.25E-1,-6.125E0));
#3076=DIRECTION('',(0.E0,0.E0,1.E0));
#3077=DIRECTION('',(1.E0,0.E0,0.E0));
#3078=AXIS2_PLACEMENT_3D('',#3075,#3076,#3077);
#3079=PLANE('',#3078);
#3081=ORIENTED_EDGE('',*,*,#3080,.F.);
#3082=ORIENTED_EDGE('',*,*,#2512,.F.);
#3083=ORIENTED_EDGE('',*,*,#3027,.T.);
#3085=ORIENTED_EDGE('',*,*,#3084,.F.);
#3087=ORIENTED_EDGE('',*,*,#3086,.F.);
#3089=ORIENTED_EDGE('',*,*,#3088,.F.);
#3091=ORIENTED_EDGE('',*,*,#3090,.F.);
#3092=EDGE_LOOP('',(#3081,#3082,#3083,#3085,#3087,#3089,#3091));
#3093=FACE_OUTER_BOUND('',#3092,.F.);
#3095=CARTESIAN_POINT('',(2.975E0,8.5E-1,0.E0));
#3096=DIRECTION('',(1.E0,0.E0,0.E0));
#3097=DIRECTION('',(0.E0,0.E0,-1.E0));
#3098=AXIS2_PLACEMENT_3D('',#3095,#3096,#3097);
#3099=PLANE('',#3098);
#3100=ORIENTED_EDGE('',*,*,#3080,.T.);
#3101=ORIENTED_EDGE('',*,*,#2288,.F.);
#3103=ORIENTED_EDGE('',*,*,#3102,.T.);
#3104=ORIENTED_EDGE('',*,*,#2514,.T.);
#3105=EDGE_LOOP('',(#3100,#3101,#3103,#3104));
#3106=FACE_OUTER_BOUND('',#3105,.F.);
#3108=CARTESIAN_POINT('',(2.975E0,8.5E-1,-6.2E0));
#3109=DIRECTION('',(0.E0,0.E0,-1.E0));
#3110=DIRECTION('',(-1.E0,0.E0,0.E0));
#3111=AXIS2_PLACEMENT_3D('',#3108,#3109,#3110);
#3112=PLANE('',#3111);
#3113=ORIENTED_EDGE('',*,*,#2428,.T.);
#3114=ORIENTED_EDGE('',*,*,#2592,.F.);
#3116=ORIENTED_EDGE('',*,*,#3115,.T.);
#3118=ORIENTED_EDGE('',*,*,#3117,.T.);
#3120=ORIENTED_EDGE('',*,*,#3119,.T.);
#3122=ORIENTED_EDGE('',*,*,#3121,.T.);
#3124=ORIENTED_EDGE('',*,*,#3123,.T.);
#3126=ORIENTED_EDGE('',*,*,#3125,.T.);
#3128=ORIENTED_EDGE('',*,*,#3127,.F.);
#3129=ORIENTED_EDGE('',*,*,#3030,.F.);
#3130=ORIENTED_EDGE('',*,*,#2516,.T.);
#3131=ORIENTED_EDGE('',*,*,#3102,.F.);
#3132=ORIENTED_EDGE('',*,*,#2286,.F.);
#3134=ORIENTED_EDGE('',*,*,#3133,.T.);
#3135=EDGE_LOOP('',(#3113,#3114,#3116,#3118,#3120,#3122,#3124,#3126,#3128,#3129,
#3130,#3131,#3132,#3134));
#3136=FACE_OUTER_BOUND('',#3135,.F.);
#3138=ORIENTED_EDGE('',*,*,#3137,.T.);
#3140=ORIENTED_EDGE('',*,*,#3139,.T.);
#3142=ORIENTED_EDGE('',*,*,#3141,.T.);
#3144=ORIENTED_EDGE('',*,*,#3143,.T.);
#3145=EDGE_LOOP('',(#3138,#3140,#3142,#3144));
#3146=FACE_BOUND('',#3145,.F.);
#3148=ORIENTED_EDGE('',*,*,#3147,.T.);
#3150=ORIENTED_EDGE('',*,*,#3149,.T.);
#3152=ORIENTED_EDGE('',*,*,#3151,.T.);
#3154=ORIENTED_EDGE('',*,*,#3153,.T.);
#3155=EDGE_LOOP('',(#3148,#3150,#3152,#3154));
#3156=FACE_BOUND('',#3155,.F.);
#3158=CARTESIAN_POINT('',(-1.9E0,-6.5E-1,-6.65E0));
#3159=DIRECTION('',(-1.E0,0.E0,0.E0));
#3160=DIRECTION('',(0.E0,0.E0,1.E0));
#3161=AXIS2_PLACEMENT_3D('',#3158,#3159,#3160);
#3162=PLANE('',#3161);
#3164=ORIENTED_EDGE('',*,*,#3163,.T.);
#3165=ORIENTED_EDGE('',*,*,#3147,.F.);
#3167=ORIENTED_EDGE('',*,*,#3166,.T.);
#3169=ORIENTED_EDGE('',*,*,#3168,.F.);
#3171=ORIENTED_EDGE('',*,*,#3170,.F.);
#3173=ORIENTED_EDGE('',*,*,#3172,.T.);
#3175=ORIENTED_EDGE('',*,*,#3174,.T.);
#3177=ORIENTED_EDGE('',*,*,#3176,.T.);
#3179=ORIENTED_EDGE('',*,*,#3178,.F.);
#3181=ORIENTED_EDGE('',*,*,#3180,.F.);
#3182=EDGE_LOOP('',(#3164,#3165,#3167,#3169,#3171,#3173,#3175,#3177,#3179,
#3181));
#3183=FACE_OUTER_BOUND('',#3182,.F.);
#3185=CARTESIAN_POINT('',(-2.25E0,-5.8E-1,-6.5E0));
#3186=DIRECTION('',(0.E0,-1.E0,0.E0));
#3187=DIRECTION('',(0.E0,0.E0,1.E0));
#3188=AXIS2_PLACEMENT_3D('',#3185,#3186,#3187);
#3189=PLANE('',#3188);
#3190=ORIENTED_EDGE('',*,*,#3149,.F.);
#3191=ORIENTED_EDGE('',*,*,#3163,.F.);
#3193=ORIENTED_EDGE('',*,*,#3192,.T.);
#3195=ORIENTED_EDGE('',*,*,#3194,.F.);
#3196=EDGE_LOOP('',(#3190,#3191,#3193,#3195));
#3197=FACE_OUTER_BOUND('',#3196,.F.);
#3199=CARTESIAN_POINT('',(-2.25E0,-8.289800741177E-1,-6.618561940056E0));
#3200=DIRECTION('',(0.E0,-4.299335803923E-1,9.028605188239E-1));
#3201=DIRECTION('',(0.E0,9.028605188239E-1,4.299335803923E-1));
#3202=AXIS2_PLACEMENT_3D('',#3199,#3200,#3201);
#3203=PLANE('',#3202);
#3204=ORIENTED_EDGE('',*,*,#3192,.F.);
#3205=ORIENTED_EDGE('',*,*,#3180,.T.);
#3207=ORIENTED_EDGE('',*,*,#3206,.T.);
#3209=ORIENTED_EDGE('',*,*,#3208,.T.);
#3210=EDGE_LOOP('',(#3204,#3205,#3207,#3209));
#3211=FACE_OUTER_BOUND('',#3210,.F.);
#3213=CARTESIAN_POINT('',(-2.25E0,-7.E-1,-6.889420095703E0));
#3214=DIRECTION('',(-1.E0,0.E0,0.E0));
#3215=DIRECTION('',(0.E0,-1.E0,0.E0));
#3216=AXIS2_PLACEMENT_3D('',#3213,#3214,#3215);
#3217=CYLINDRICAL_SURFACE('',#3216,3.E-1);
#3218=ORIENTED_EDGE('',*,*,#3206,.F.);
#3219=ORIENTED_EDGE('',*,*,#3178,.T.);
#3221=ORIENTED_EDGE('',*,*,#3220,.F.);
#3223=ORIENTED_EDGE('',*,*,#3222,.T.);
#3224=EDGE_LOOP('',(#3218,#3219,#3221,#3223));
#3225=FACE_OUTER_BOUND('',#3224,.F.);
#3227=CARTESIAN_POINT('',(-2.25E0,-1.E0,-7.1E0));
#3228=DIRECTION('',(0.E0,-1.E0,0.E0));
#3229=DIRECTION('',(0.E0,0.E0,1.E0));
#3230=AXIS2_PLACEMENT_3D('',#3227,#3228,#3229);
#3231=PLANE('',#3230);
#3232=ORIENTED_EDGE('',*,*,#3220,.T.);
#3233=ORIENTED_EDGE('',*,*,#3176,.F.);
#3235=ORIENTED_EDGE('',*,*,#3234,.F.);
#3237=ORIENTED_EDGE('',*,*,#3236,.F.);
#3238=EDGE_LOOP('',(#3232,#3233,#3235,#3237));
#3239=FACE_OUTER_BOUND('',#3238,.F.);
#3241=CARTESIAN_POINT('',(-2.25E0,-7.2E-1,-7.1E0));
#3242=DIRECTION('',(0.E0,0.E0,-1.E0));
#3243=DIRECTION('',(0.E0,-1.E0,0.E0));
#3244=AXIS2_PLACEMENT_3D('',#3241,#3242,#3243);
#3245=PLANE('',#3244);
#3246=ORIENTED_EDGE('',*,*,#3234,.T.);
#3247=ORIENTED_EDGE('',*,*,#3174,.F.);
#3249=ORIENTED_EDGE('',*,*,#3248,.F.);
#3251=ORIENTED_EDGE('',*,*,#3250,.F.);
#3252=EDGE_LOOP('',(#3246,#3247,#3249,#3251));
#3253=FACE_OUTER_BOUND('',#3252,.F.);
#3255=CARTESIAN_POINT('',(-2.25E0,-7.2E-1,-6.876792089323E0));
#3256=DIRECTION('',(0.E0,1.E0,0.E0));
#3257=DIRECTION('',(0.E0,0.E0,-1.E0));
#3258=AXIS2_PLACEMENT_3D('',#3255,#3256,#3257);
#3259=PLANE('',#3258);
#3260=ORIENTED_EDGE('',*,*,#3248,.T.);
#3261=ORIENTED_EDGE('',*,*,#3172,.F.);
#3263=ORIENTED_EDGE('',*,*,#3262,.F.);
#3265=ORIENTED_EDGE('',*,*,#3264,.F.);
#3266=EDGE_LOOP('',(#3260,#3261,#3263,#3265));
#3267=FACE_OUTER_BOUND('',#3266,.F.);
#3269=CARTESIAN_POINT('',(-2.25E0,-4.710199258823E-1,-6.758230149267E0));
#3270=DIRECTION('',(0.E0,4.299335803923E-1,-9.028605188239E-1));
#3271=DIRECTION('',(0.E0,-9.028605188239E-1,-4.299335803923E-1));
#3272=AXIS2_PLACEMENT_3D('',#3269,#3270,#3271);
#3273=PLANE('',#3272);
#3274=ORIENTED_EDGE('',*,*,#3262,.T.);
#3275=ORIENTED_EDGE('',*,*,#3170,.T.);
#3277=ORIENTED_EDGE('',*,*,#3276,.T.);
#3279=ORIENTED_EDGE('',*,*,#3278,.T.);
#3280=EDGE_LOOP('',(#3274,#3275,#3277,#3279));
#3281=FACE_OUTER_BOUND('',#3280,.F.);
#3283=CARTESIAN_POINT('',(-2.25E0,-6.E-1,-6.487371993620E0));
#3284=DIRECTION('',(-1.E0,0.E0,0.E0));
#3285=DIRECTION('',(0.E0,1.E0,0.E0));
#3286=AXIS2_PLACEMENT_3D('',#3283,#3284,#3285);
#3287=CYLINDRICAL_SURFACE('',#3286,3.E-1);
#3288=ORIENTED_EDGE('',*,*,#3276,.F.);
#3289=ORIENTED_EDGE('',*,*,#3168,.T.);
#3291=ORIENTED_EDGE('',*,*,#3290,.F.);
#3293=ORIENTED_EDGE('',*,*,#3292,.T.);
#3294=EDGE_LOOP('',(#3288,#3289,#3291,#3293));
#3295=FACE_OUTER_BOUND('',#3294,.F.);
#3297=CARTESIAN_POINT('',(-2.25E0,-3.E-1,-6.2E0));
#3298=DIRECTION('',(0.E0,1.E0,0.E0));
#3299=DIRECTION('',(0.E0,0.E0,-1.E0));
#3300=AXIS2_PLACEMENT_3D('',#3297,#3298,#3299);
#3301=PLANE('',#3300);
#3302=ORIENTED_EDGE('',*,*,#3290,.T.);
#3303=ORIENTED_EDGE('',*,*,#3166,.F.);
#3304=ORIENTED_EDGE('',*,*,#3153,.F.);
#3306=ORIENTED_EDGE('',*,*,#3305,.F.);
#3307=EDGE_LOOP('',(#3302,#3303,#3304,#3306));
#3308=FACE_OUTER_BOUND('',#3307,.F.);
#3310=CARTESIAN_POINT('',(-2.6E0,-6.5E-1,-6.65E0));
#3311=DIRECTION('',(-1.E0,0.E0,0.E0));
#3312=DIRECTION('',(0.E0,0.E0,1.E0));
#3313=AXIS2_PLACEMENT_3D('',#3310,#3311,#3312);
#3314=PLANE('',#3313);
#3315=ORIENTED_EDGE('',*,*,#3194,.T.);
#3316=ORIENTED_EDGE('',*,*,#3208,.F.);
#3317=ORIENTED_EDGE('',*,*,#3222,.F.);
#3318=ORIENTED_EDGE('',*,*,#3236,.T.);
#3319=ORIENTED_EDGE('',*,*,#3250,.T.);
#3320=ORIENTED_EDGE('',*,*,#3264,.T.);
#3321=ORIENTED_EDGE('',*,*,#3278,.F.);
#3322=ORIENTED_EDGE('',*,*,#3292,.F.);
#3323=ORIENTED_EDGE('',*,*,#3305,.T.);
#3324=ORIENTED_EDGE('',*,*,#3151,.F.);
#3325=EDGE_LOOP('',(#3315,#3316,#3317,#3318,#3319,#3320,#3321,#3322,#3323,
#3324));
#3326=FACE_OUTER_BOUND('',#3325,.F.);
#3328=CARTESIAN_POINT('',(1.9E0,-6.5E-1,-6.65E0));
#3329=DIRECTION('',(-1.E0,0.E0,0.E0));
#3330=DIRECTION('',(0.E0,0.E0,1.E0));
#3331=AXIS2_PLACEMENT_3D('',#3328,#3329,#3330);
#3332=PLANE('',#3331);
#3334=ORIENTED_EDGE('',*,*,#3333,.F.);
#3336=ORIENTED_EDGE('',*,*,#3335,.F.);
#3338=ORIENTED_EDGE('',*,*,#3337,.F.);
#3340=ORIENTED_EDGE('',*,*,#3339,.F.);
#3342=ORIENTED_EDGE('',*,*,#3341,.F.);
#3344=ORIENTED_EDGE('',*,*,#3343,.F.);
#3346=ORIENTED_EDGE('',*,*,#3345,.F.);
#3348=ORIENTED_EDGE('',*,*,#3347,.F.);
#3350=ORIENTED_EDGE('',*,*,#3349,.F.);
#3351=ORIENTED_EDGE('',*,*,#3137,.F.);
#3352=EDGE_LOOP('',(#3334,#3336,#3338,#3340,#3342,#3344,#3346,#3348,#3350,
#3351));
#3353=FACE_OUTER_BOUND('',#3352,.F.);
#3355=CARTESIAN_POINT('',(2.25E0,-5.8E-1,-6.5E0));
#3356=DIRECTION('',(0.E0,1.E0,0.E0));
#3357=DIRECTION('',(0.E0,0.E0,1.E0));
#3358=AXIS2_PLACEMENT_3D('',#3355,#3356,#3357);
#3359=PLANE('',#3358);
#3360=ORIENTED_EDGE('',*,*,#3143,.F.);
#3362=ORIENTED_EDGE('',*,*,#3361,.T.);
#3364=ORIENTED_EDGE('',*,*,#3363,.F.);
#3365=ORIENTED_EDGE('',*,*,#3333,.T.);
#3366=EDGE_LOOP('',(#3360,#3362,#3364,#3365));
#3367=FACE_OUTER_BOUND('',#3366,.F.);
#3369=CARTESIAN_POINT('',(2.6E0,-6.5E-1,-6.65E0));
#3370=DIRECTION('',(-1.E0,0.E0,0.E0));
#3371=DIRECTION('',(0.E0,0.E0,1.E0));
#3372=AXIS2_PLACEMENT_3D('',#3369,#3370,#3371);
#3373=PLANE('',#3372);
#3374=ORIENTED_EDGE('',*,*,#3361,.F.);
#3375=ORIENTED_EDGE('',*,*,#3141,.F.);
#3377=ORIENTED_EDGE('',*,*,#3376,.F.);
#3379=ORIENTED_EDGE('',*,*,#3378,.F.);
#3381=ORIENTED_EDGE('',*,*,#3380,.F.);
#3383=ORIENTED_EDGE('',*,*,#3382,.F.);
#3385=ORIENTED_EDGE('',*,*,#3384,.F.);
#3387=ORIENTED_EDGE('',*,*,#3386,.F.);
#3389=ORIENTED_EDGE('',*,*,#3388,.F.);
#3391=ORIENTED_EDGE('',*,*,#3390,.F.);
#3392=EDGE_LOOP('',(#3374,#3375,#3377,#3379,#3381,#3383,#3385,#3387,#3389,
#3391));
#3393=FACE_OUTER_BOUND('',#3392,.F.);
#3395=CARTESIAN_POINT('',(2.25E0,-3.E-1,-6.2E0));
#3396=DIRECTION('',(0.E0,-1.E0,0.E0));
#3397=DIRECTION('',(0.E0,0.E0,-1.E0));
#3398=AXIS2_PLACEMENT_3D('',#3395,#3396,#3397);
#3399=PLANE('',#3398);
#3401=ORIENTED_EDGE('',*,*,#3400,.T.);
#3402=ORIENTED_EDGE('',*,*,#3376,.T.);
#3403=ORIENTED_EDGE('',*,*,#3139,.F.);
#3404=ORIENTED_EDGE('',*,*,#3349,.T.);
#3405=EDGE_LOOP('',(#3401,#3402,#3403,#3404));
#3406=FACE_OUTER_BOUND('',#3405,.F.);
#3408=CARTESIAN_POINT('',(2.25E0,-6.E-1,-6.487371993620E0));
#3409=DIRECTION('',(-1.E0,0.E0,0.E0));
#3410=DIRECTION('',(0.E0,1.E0,0.E0));
#3411=AXIS2_PLACEMENT_3D('',#3408,#3409,#3410);
#3412=CYLINDRICAL_SURFACE('',#3411,3.E-1);
#3414=ORIENTED_EDGE('',*,*,#3413,.F.);
#3415=ORIENTED_EDGE('',*,*,#3378,.T.);
#3416=ORIENTED_EDGE('',*,*,#3400,.F.);
#3417=ORIENTED_EDGE('',*,*,#3347,.T.);
#3418=EDGE_LOOP('',(#3414,#3415,#3416,#3417));
#3419=FACE_OUTER_BOUND('',#3418,.F.);
#3421=CARTESIAN_POINT('',(2.25E0,-4.710199258823E-1,-6.758230149267E0));
#3422=DIRECTION('',(0.E0,-4.299335803923E-1,9.028605188239E-1));
#3423=DIRECTION('',(0.E0,-9.028605188239E-1,-4.299335803923E-1));
#3424=AXIS2_PLACEMENT_3D('',#3421,#3422,#3423);
#3425=PLANE('',#3424);
#3427=ORIENTED_EDGE('',*,*,#3426,.F.);
#3428=ORIENTED_EDGE('',*,*,#3380,.T.);
#3429=ORIENTED_EDGE('',*,*,#3413,.T.);
#3430=ORIENTED_EDGE('',*,*,#3345,.T.);
#3431=EDGE_LOOP('',(#3427,#3428,#3429,#3430));
#3432=FACE_OUTER_BOUND('',#3431,.F.);
#3434=CARTESIAN_POINT('',(2.25E0,-7.2E-1,-6.876792089323E0));
#3435=DIRECTION('',(0.E0,-1.E0,0.E0));
#3436=DIRECTION('',(0.E0,0.E0,-1.E0));
#3437=AXIS2_PLACEMENT_3D('',#3434,#3435,#3436);
#3438=PLANE('',#3437);
#3440=ORIENTED_EDGE('',*,*,#3439,.F.);
#3441=ORIENTED_EDGE('',*,*,#3382,.T.);
#3442=ORIENTED_EDGE('',*,*,#3426,.T.);
#3443=ORIENTED_EDGE('',*,*,#3343,.T.);
#3444=EDGE_LOOP('',(#3440,#3441,#3442,#3443));
#3445=FACE_OUTER_BOUND('',#3444,.F.);
#3447=CARTESIAN_POINT('',(2.25E0,-7.2E-1,-7.1E0));
#3448=DIRECTION('',(0.E0,0.E0,1.E0));
#3449=DIRECTION('',(0.E0,-1.E0,0.E0));
#3450=AXIS2_PLACEMENT_3D('',#3447,#3448,#3449);
#3451=PLANE('',#3450);
#3453=ORIENTED_EDGE('',*,*,#3452,.F.);
#3454=ORIENTED_EDGE('',*,*,#3384,.T.);
#3455=ORIENTED_EDGE('',*,*,#3439,.T.);
#3456=ORIENTED_EDGE('',*,*,#3341,.T.);
#3457=EDGE_LOOP('',(#3453,#3454,#3455,#3456));
#3458=FACE_OUTER_BOUND('',#3457,.F.);
#3460=CARTESIAN_POINT('',(2.25E0,-1.E0,-7.1E0));
#3461=DIRECTION('',(0.E0,1.E0,0.E0));
#3462=DIRECTION('',(0.E0,0.E0,1.E0));
#3463=AXIS2_PLACEMENT_3D('',#3460,#3461,#3462);
#3464=PLANE('',#3463);
#3466=ORIENTED_EDGE('',*,*,#3465,.T.);
#3467=ORIENTED_EDGE('',*,*,#3386,.T.);
#3468=ORIENTED_EDGE('',*,*,#3452,.T.);
#3469=ORIENTED_EDGE('',*,*,#3339,.T.);
#3470=EDGE_LOOP('',(#3466,#3467,#3468,#3469));
#3471=FACE_OUTER_BOUND('',#3470,.F.);
#3473=CARTESIAN_POINT('',(2.25E0,-7.E-1,-6.889420095703E0));
#3474=DIRECTION('',(-1.E0,0.E0,0.E0));
#3475=DIRECTION('',(0.E0,-1.E0,0.E0));
#3476=AXIS2_PLACEMENT_3D('',#3473,#3474,#3475);
#3477=CYLINDRICAL_SURFACE('',#3476,3.E-1);
#3479=ORIENTED_EDGE('',*,*,#3478,.F.);
#3480=ORIENTED_EDGE('',*,*,#3388,.T.);
#3481=ORIENTED_EDGE('',*,*,#3465,.F.);
#3482=ORIENTED_EDGE('',*,*,#3337,.T.);
#3483=EDGE_LOOP('',(#3479,#3480,#3481,#3482));
#3484=FACE_OUTER_BOUND('',#3483,.F.);
#3486=CARTESIAN_POINT('',(2.25E0,-8.289800741177E-1,-6.618561940056E0));
#3487=DIRECTION('',(0.E0,4.299335803923E-1,-9.028605188239E-1));
#3488=DIRECTION('',(0.E0,9.028605188239E-1,4.299335803923E-1));
#3489=AXIS2_PLACEMENT_3D('',#3486,#3487,#3488);
#3490=PLANE('',#3489);
#3491=ORIENTED_EDGE('',*,*,#3363,.T.);
#3492=ORIENTED_EDGE('',*,*,#3390,.T.);
#3493=ORIENTED_EDGE('',*,*,#3478,.T.);
#3494=ORIENTED_EDGE('',*,*,#3335,.T.);
#3495=EDGE_LOOP('',(#3491,#3492,#3493,#3494));
#3496=FACE_OUTER_BOUND('',#3495,.F.);
#3498=CARTESIAN_POINT('',(-3.E0,-1.E0,-6.2E0));
#3499=DIRECTION('',(-1.E0,0.E0,0.E0));
#3500=DIRECTION('',(0.E0,0.E0,1.E0));
#3501=AXIS2_PLACEMENT_3D('',#3498,#3499,#3500);
#3502=PLANE('',#3501);
#3504=ORIENTED_EDGE('',*,*,#3503,.F.);
#3505=ORIENTED_EDGE('',*,*,#2531,.T.);
#3506=ORIENTED_EDGE('',*,*,#2578,.F.);
#3508=ORIENTED_EDGE('',*,*,#3507,.T.);
#3510=ORIENTED_EDGE('',*,*,#3509,.T.);
#3512=ORIENTED_EDGE('',*,*,#3511,.T.);
#3513=ORIENTED_EDGE('',*,*,#2570,.F.);
#3515=ORIENTED_EDGE('',*,*,#3514,.F.);
#3517=ORIENTED_EDGE('',*,*,#3516,.T.);
#3519=ORIENTED_EDGE('',*,*,#3518,.F.);
#3521=ORIENTED_EDGE('',*,*,#3520,.T.);
#3523=ORIENTED_EDGE('',*,*,#3522,.F.);
#3524=EDGE_LOOP('',(#3504,#3505,#3506,#3508,#3510,#3512,#3513,#3515,#3517,#3519,
#3521,#3523));
#3525=FACE_OUTER_BOUND('',#3524,.F.);
#3527=CARTESIAN_POINT('',(-3.E0,-1.E0,-6.2E0));
#3528=DIRECTION('',(-1.E0,0.E0,0.E0));
#3529=DIRECTION('',(0.E0,0.E0,1.E0));
#3530=AXIS2_PLACEMENT_3D('',#3527,#3528,#3529);
#3531=PLANE('',#3530);
#3533=ORIENTED_EDGE('',*,*,#3532,.F.);
#3535=ORIENTED_EDGE('',*,*,#3534,.T.);
#3537=ORIENTED_EDGE('',*,*,#3536,.T.);
#3538=ORIENTED_EDGE('',*,*,#2607,.T.);
#3539=ORIENTED_EDGE('',*,*,#2554,.F.);
#3540=ORIENTED_EDGE('',*,*,#2651,.T.);
#3542=ORIENTED_EDGE('',*,*,#3541,.T.);
#3543=ORIENTED_EDGE('',*,*,#3115,.F.);
#3544=ORIENTED_EDGE('',*,*,#2590,.F.);
#3546=ORIENTED_EDGE('',*,*,#3545,.F.);
#3547=EDGE_LOOP('',(#3533,#3535,#3537,#3538,#3539,#3540,#3542,#3543,#3544,
#3546));
#3548=FACE_OUTER_BOUND('',#3547,.F.);
#3550=CARTESIAN_POINT('',(-3.125E0,1.754886114323E-1,-4.55E0));
#3551=DIRECTION('',(1.E0,0.E0,0.E0));
#3552=DIRECTION('',(0.E0,-4.767312946228E-1,8.790490729915E-1));
#3553=AXIS2_PLACEMENT_3D('',#3550,#3551,#3552);
#3554=CYLINDRICAL_SURFACE('',#3553,1.5E-1);
#3555=ORIENTED_EDGE('',*,*,#3503,.T.);
#3557=ORIENTED_EDGE('',*,*,#3556,.T.);
#3559=ORIENTED_EDGE('',*,*,#3558,.T.);
#3560=ORIENTED_EDGE('',*,*,#2533,.F.);
#3561=EDGE_LOOP('',(#3555,#3557,#3559,#3560));
#3562=FACE_OUTER_BOUND('',#3561,.F.);
#3564=CARTESIAN_POINT('',(-3.125E0,-5.5E-2,-4.4E0));
#3565=DIRECTION('',(-1.E0,0.E0,0.E0));
#3566=DIRECTION('',(0.E0,0.E0,-1.E0));
#3567=AXIS2_PLACEMENT_3D('',#3564,#3565,#3566);
#3568=CYLINDRICAL_SURFACE('',#3567,1.25E-1);
#3569=ORIENTED_EDGE('',*,*,#3522,.T.);
#3571=ORIENTED_EDGE('',*,*,#3570,.F.);
#3573=ORIENTED_EDGE('',*,*,#3572,.T.);
#3574=ORIENTED_EDGE('',*,*,#3556,.F.);
#3575=EDGE_LOOP('',(#3569,#3571,#3573,#3574));
#3576=FACE_OUTER_BOUND('',#3575,.F.);
#3578=CARTESIAN_POINT('',(-3.125E0,-1.8E-1,-1.8E0));
#3579=DIRECTION('',(0.E0,-1.E0,0.E0));
#3580=DIRECTION('',(0.E0,0.E0,-1.E0));
#3581=AXIS2_PLACEMENT_3D('',#3578,#3579,#3580);
#3582=PLANE('',#3581);
#3583=ORIENTED_EDGE('',*,*,#3520,.F.);
#3585=ORIENTED_EDGE('',*,*,#3584,.T.);
#3587=ORIENTED_EDGE('',*,*,#3586,.F.);
#3588=ORIENTED_EDGE('',*,*,#3570,.T.);
#3589=EDGE_LOOP('',(#3583,#3585,#3587,#3588));
#3590=FACE_OUTER_BOUND('',#3589,.F.);
#3592=CARTESIAN_POINT('',(-3.125E0,-5.5E-2,-1.8E0));
#3593=DIRECTION('',(-1.E0,0.E0,0.E0));
#3594=DIRECTION('',(0.E0,-2.844816292764E-1,9.586814917397E-1));
#3595=AXIS2_PLACEMENT_3D('',#3592,#3593,#3594);
#3596=CYLINDRICAL_SURFACE('',#3595,1.25E-1);
#3597=ORIENTED_EDGE('',*,*,#3518,.T.);
#3599=ORIENTED_EDGE('',*,*,#3598,.F.);
#3601=ORIENTED_EDGE('',*,*,#3600,.T.);
#3603=ORIENTED_EDGE('',*,*,#3602,.T.);
#3605=ORIENTED_EDGE('',*,*,#3604,.T.);
#3606=ORIENTED_EDGE('',*,*,#3584,.F.);
#3607=EDGE_LOOP('',(#3597,#3599,#3601,#3603,#3605,#3606));
#3608=FACE_OUTER_BOUND('',#3607,.F.);
#3610=CARTESIAN_POINT('',(-3.125E0,1.754886114323E-1,-1.65E0));
#3611=DIRECTION('',(-1.E0,0.E0,0.E0));
#3612=DIRECTION('',(0.E0,-4.767312946228E-1,-8.790490729915E-1));
#3613=AXIS2_PLACEMENT_3D('',#3610,#3611,#3612);
#3614=CYLINDRICAL_SURFACE('',#3613,1.5E-1);
#3615=ORIENTED_EDGE('',*,*,#3516,.F.);
#3617=ORIENTED_EDGE('',*,*,#3616,.F.);
#3619=ORIENTED_EDGE('',*,*,#3618,.T.);
#3620=ORIENTED_EDGE('',*,*,#3598,.T.);
#3621=EDGE_LOOP('',(#3615,#3617,#3619,#3620));
#3622=FACE_OUTER_BOUND('',#3621,.F.);
#3624=CARTESIAN_POINT('',(-3.125E0,1.E0,-1.8E0));
#3625=DIRECTION('',(0.E0,0.E0,1.E0));
#3626=DIRECTION('',(0.E0,-1.E0,0.E0));
#3627=AXIS2_PLACEMENT_3D('',#3624,#3625,#3626);
#3628=PLANE('',#3627);
#3629=ORIENTED_EDGE('',*,*,#2568,.T.);
#3630=ORIENTED_EDGE('',*,*,#2456,.T.);
#3632=ORIENTED_EDGE('',*,*,#3631,.T.);
#3634=ORIENTED_EDGE('',*,*,#3633,.F.);
#3636=ORIENTED_EDGE('',*,*,#3635,.F.);
#3637=ORIENTED_EDGE('',*,*,#3616,.T.);
#3638=ORIENTED_EDGE('',*,*,#3514,.T.);
#3639=EDGE_LOOP('',(#3629,#3630,#3632,#3634,#3636,#3637,#3638));
#3640=FACE_OUTER_BOUND('',#3639,.F.);
#3642=CARTESIAN_POINT('',(-3.E0,7.05E-1,-1.95E0));
#3643=DIRECTION('',(0.E0,-1.E0,0.E0));
#3644=DIRECTION('',(7.071067811865E-1,0.E0,7.071067811865E-1));
#3645=AXIS2_PLACEMENT_3D('',#3642,#3643,#3644);
#3646=CYLINDRICAL_SURFACE('',#3645,1.5E-1);
#3647=ORIENTED_EDGE('',*,*,#2234,.F.);
#3649=ORIENTED_EDGE('',*,*,#3648,.F.);
#3650=ORIENTED_EDGE('',*,*,#2276,.T.);
#3652=ORIENTED_EDGE('',*,*,#3651,.F.);
#3653=ORIENTED_EDGE('',*,*,#3631,.F.);
#3654=ORIENTED_EDGE('',*,*,#2460,.T.);
#3655=EDGE_LOOP('',(#3647,#3649,#3650,#3652,#3653,#3654));
#3656=FACE_OUTER_BOUND('',#3655,.F.);
#3658=CARTESIAN_POINT('',(-2.85E0,4.1E-1,-3.1E0));
#3659=DIRECTION('',(1.E0,0.E0,0.E0));
#3660=DIRECTION('',(0.E0,0.E0,-1.E0));
#3661=AXIS2_PLACEMENT_3D('',#3658,#3659,#3660);
#3662=PLANE('',#3661);
#3663=ORIENTED_EDGE('',*,*,#2240,.T.);
#3665=ORIENTED_EDGE('',*,*,#3664,.T.);
#3666=ORIENTED_EDGE('',*,*,#2278,.F.);
#3667=ORIENTED_EDGE('',*,*,#3648,.T.);
#3668=EDGE_LOOP('',(#3663,#3665,#3666,#3667));
#3669=FACE_OUTER_BOUND('',#3668,.F.);
#3671=CARTESIAN_POINT('',(-3.E0,1.15E-1,-4.25E0));
#3672=DIRECTION('',(0.E0,1.E0,0.E0));
#3673=DIRECTION('',(7.071067811865E-1,0.E0,-7.071067811865E-1));
#3674=AXIS2_PLACEMENT_3D('',#3671,#3672,#3673);
#3675=CYLINDRICAL_SURFACE('',#3674,1.5E-1);
#3676=ORIENTED_EDGE('',*,*,#2238,.T.);
#3677=ORIENTED_EDGE('',*,*,#2412,.T.);
#3678=ORIENTED_EDGE('',*,*,#2539,.F.);
#3680=ORIENTED_EDGE('',*,*,#3679,.T.);
#3681=ORIENTED_EDGE('',*,*,#2280,.T.);
#3682=ORIENTED_EDGE('',*,*,#3664,.F.);
#3683=EDGE_LOOP('',(#3676,#3677,#3678,#3680,#3681,#3682));
#3684=FACE_OUTER_BOUND('',#3683,.F.);
#3686=CARTESIAN_POINT('',(-2.975E0,8.5E-1,-3.1E0));
#3687=DIRECTION('',(0.E0,0.E0,1.E0));
#3688=DIRECTION('',(-7.071067811865E-1,7.071067811865E-1,0.E0));
#3689=AXIS2_PLACEMENT_3D('',#3686,#3687,#3688);
#3690=CYLINDRICAL_SURFACE('',#3689,1.5E-1);
#3691=ORIENTED_EDGE('',*,*,#2537,.T.);
#3693=ORIENTED_EDGE('',*,*,#3692,.F.);
#3695=ORIENTED_EDGE('',*,*,#3694,.T.);
#3696=ORIENTED_EDGE('',*,*,#2282,.F.);
#3697=ORIENTED_EDGE('',*,*,#3679,.F.);
#3698=EDGE_LOOP('',(#3691,#3693,#3695,#3696,#3697));
#3699=FACE_OUTER_BOUND('',#3698,.F.);
#3701=CARTESIAN_POINT('',(-3.125E0,1.E0,-3.1E0));
#3702=DIRECTION('',(-1.E0,0.E0,0.E0));
#3703=DIRECTION('',(0.E0,-1.E0,0.E0));
#3704=AXIS2_PLACEMENT_3D('',#3701,#3702,#3703);
#3705=PLANE('',#3704);
#3706=ORIENTED_EDGE('',*,*,#3558,.F.);
#3707=ORIENTED_EDGE('',*,*,#3572,.F.);
#3708=ORIENTED_EDGE('',*,*,#3586,.T.);
#3709=ORIENTED_EDGE('',*,*,#3604,.F.);
#3710=ORIENTED_EDGE('',*,*,#3602,.F.);
#3711=ORIENTED_EDGE('',*,*,#3600,.F.);
#3712=ORIENTED_EDGE('',*,*,#3618,.F.);
#3713=ORIENTED_EDGE('',*,*,#3635,.T.);
#3715=ORIENTED_EDGE('',*,*,#3714,.T.);
#3716=ORIENTED_EDGE('',*,*,#2611,.F.);
#3718=ORIENTED_EDGE('',*,*,#3717,.F.);
#3720=ORIENTED_EDGE('',*,*,#3719,.F.);
#3722=ORIENTED_EDGE('',*,*,#3721,.F.);
#3724=ORIENTED_EDGE('',*,*,#3723,.F.);
#3725=ORIENTED_EDGE('',*,*,#3692,.T.);
#3726=ORIENTED_EDGE('',*,*,#2535,.T.);
#3727=EDGE_LOOP('',(#3706,#3707,#3708,#3709,#3710,#3711,#3712,#3713,#3715,#3716,
#3718,#3720,#3722,#3724,#3725,#3726));
#3728=FACE_OUTER_BOUND('',#3727,.F.);
#3730=CARTESIAN_POINT('',(-2.975E0,8.5E-1,-3.1E0));
#3731=DIRECTION('',(0.E0,0.E0,1.E0));
#3732=DIRECTION('',(-7.071067811865E-1,7.071067811865E-1,0.E0));
#3733=AXIS2_PLACEMENT_3D('',#3730,#3731,#3732);
#3734=CYLINDRICAL_SURFACE('',#3733,1.5E-1);
#3735=ORIENTED_EDGE('',*,*,#3633,.T.);
#3736=ORIENTED_EDGE('',*,*,#3651,.T.);
#3737=ORIENTED_EDGE('',*,*,#2274,.F.);
#3738=ORIENTED_EDGE('',*,*,#2613,.T.);
#3739=ORIENTED_EDGE('',*,*,#3714,.F.);
#3740=EDGE_LOOP('',(#3735,#3736,#3737,#3738,#3739));
#3741=FACE_OUTER_BOUND('',#3740,.F.);
#3743=CARTESIAN_POINT('',(-3.218916471548E0,-5.658414074026E-1,-3.E-1));
#3744=DIRECTION('',(-2.555788530154E-1,-8.359607606147E-1,4.856429311786E-1));
#3745=DIRECTION('',(8.849352620433E-1,0.E0,4.657140560391E-1));
#3746=AXIS2_PLACEMENT_3D('',#3743,#3744,#3745);
#3747=PLANE('',#3746);
#3748=ORIENTED_EDGE('',*,*,#3536,.F.);
#3750=ORIENTED_EDGE('',*,*,#3749,.T.);
#3752=ORIENTED_EDGE('',*,*,#3751,.F.);
#3754=ORIENTED_EDGE('',*,*,#3753,.T.);
#3755=ORIENTED_EDGE('',*,*,#3717,.T.);
#3756=ORIENTED_EDGE('',*,*,#2609,.T.);
#3757=EDGE_LOOP('',(#3748,#3750,#3752,#3754,#3755,#3756));
#3758=FACE_OUTER_BOUND('',#3757,.F.);
#3760=CARTESIAN_POINT('',(-3.044098809213E0,-7.5E-1,-3.1E0));
#3761=DIRECTION('',(9.563047559630E-1,-2.923717047227E-1,0.E0));
#3762=DIRECTION('',(2.923717047227E-1,9.563047559630E-1,0.E0));
#3763=AXIS2_PLACEMENT_3D('',#3760,#3761,#3762);
#3764=PLANE('',#3763);
#3765=ORIENTED_EDGE('',*,*,#3534,.F.);
#3767=ORIENTED_EDGE('',*,*,#3766,.F.);
#3769=ORIENTED_EDGE('',*,*,#3768,.F.);
#3770=ORIENTED_EDGE('',*,*,#3749,.F.);
#3771=EDGE_LOOP('',(#3765,#3767,#3769,#3770));
#3772=FACE_OUTER_BOUND('',#3771,.F.);
#3774=CARTESIAN_POINT('',(-3.218916471548E0,-5.658414074026E-1,-5.9E0));
#3775=DIRECTION('',(-2.555788530154E-1,-8.359607606147E-1,-4.856429311786E-1));
#3776=DIRECTION('',(-8.849352620433E-1,0.E0,4.657140560391E-1));
#3777=AXIS2_PLACEMENT_3D('',#3774,#3775,#3776);
#3778=PLANE('',#3777);
#3779=ORIENTED_EDGE('',*,*,#3532,.T.);
#3781=ORIENTED_EDGE('',*,*,#3780,.T.);
#3782=ORIENTED_EDGE('',*,*,#3721,.T.);
#3784=ORIENTED_EDGE('',*,*,#3783,.T.);
#3786=ORIENTED_EDGE('',*,*,#3785,.F.);
#3787=ORIENTED_EDGE('',*,*,#3766,.T.);
#3788=EDGE_LOOP('',(#3779,#3781,#3782,#3784,#3786,#3787));
#3789=FACE_OUTER_BOUND('',#3788,.F.);
#3791=CARTESIAN_POINT('',(-3.081491790477E0,1.25E-1,-6.125E0));
#3792=DIRECTION('',(0.E0,0.E0,-1.E0));
#3793=DIRECTION('',(-1.E0,0.E0,0.E0));
#3794=AXIS2_PLACEMENT_3D('',#3791,#3792,#3793);
#3795=PLANE('',#3794);
#3796=ORIENTED_EDGE('',*,*,#2588,.T.);
#3797=ORIENTED_EDGE('',*,*,#2424,.F.);
#3799=ORIENTED_EDGE('',*,*,#3798,.F.);
#3800=ORIENTED_EDGE('',*,*,#3694,.F.);
#3801=ORIENTED_EDGE('',*,*,#3723,.T.);
#3802=ORIENTED_EDGE('',*,*,#3780,.F.);
#3803=ORIENTED_EDGE('',*,*,#3545,.T.);
#3804=EDGE_LOOP('',(#3796,#3797,#3799,#3800,#3801,#3802,#3803));
#3805=FACE_OUTER_BOUND('',#3804,.F.);
#3807=CARTESIAN_POINT('',(-2.975E0,8.5E-1,-6.2E0));
#3808=DIRECTION('',(-1.E0,0.E0,0.E0));
#3809=DIRECTION('',(0.E0,0.E0,1.E0));
#3810=AXIS2_PLACEMENT_3D('',#3807,#3808,#3809);
#3811=PLANE('',#3810);
#3812=ORIENTED_EDGE('',*,*,#3798,.T.);
#3813=ORIENTED_EDGE('',*,*,#2430,.T.);
#3814=ORIENTED_EDGE('',*,*,#3133,.F.);
#3815=ORIENTED_EDGE('',*,*,#2284,.F.);
#3816=EDGE_LOOP('',(#3812,#3813,#3814,#3815));
#3817=FACE_OUTER_BOUND('',#3816,.F.);
#3819=CARTESIAN_POINT('',(-3.125E0,-5.E-1,-3.1E0));
#3820=DIRECTION('',(-9.563047559630E-1,2.923717047227E-1,0.E0));
#3821=DIRECTION('',(-2.923717047227E-1,-9.563047559630E-1,0.E0));
#3822=AXIS2_PLACEMENT_3D('',#3819,#3820,#3821);
#3823=PLANE('',#3822);
#3824=ORIENTED_EDGE('',*,*,#3783,.F.);
#3825=ORIENTED_EDGE('',*,*,#3719,.T.);
#3826=ORIENTED_EDGE('',*,*,#3753,.F.);
#3828=ORIENTED_EDGE('',*,*,#3827,.T.);
#3829=EDGE_LOOP('',(#3824,#3825,#3826,#3828));
#3830=FACE_OUTER_BOUND('',#3829,.F.);
#3832=CARTESIAN_POINT('',(-3.187983580954E0,-7.060100106843E-1,-3.1E0));
#3833=DIRECTION('',(-2.923717047227E-1,-9.563047559630E-1,0.E0));
#3834=DIRECTION('',(9.563047559630E-1,-2.923717047227E-1,0.E0));
#3835=AXIS2_PLACEMENT_3D('',#3832,#3833,#3834);
#3836=PLANE('',#3835);
#3837=ORIENTED_EDGE('',*,*,#3785,.T.);
#3838=ORIENTED_EDGE('',*,*,#3827,.F.);
#3839=ORIENTED_EDGE('',*,*,#3751,.T.);
#3840=ORIENTED_EDGE('',*,*,#3768,.T.);
#3841=EDGE_LOOP('',(#3837,#3838,#3839,#3840));
#3842=FACE_OUTER_BOUND('',#3841,.F.);
#3844=CARTESIAN_POINT('',(-3.087254901961E0,2.225E-1,-4.35E0));
#3845=DIRECTION('',(0.E0,0.E0,-1.E0));
#3846=DIRECTION('',(-1.E0,0.E0,0.E0));
#3847=AXIS2_PLACEMENT_3D('',#3844,#3845,#3846);
#3848=PLANE('',#3847);
#3850=ORIENTED_EDGE('',*,*,#3849,.T.);
#3851=ORIENTED_EDGE('',*,*,#3507,.F.);
#3852=ORIENTED_EDGE('',*,*,#2576,.F.);
#3854=ORIENTED_EDGE('',*,*,#3853,.T.);
#3855=EDGE_LOOP('',(#3850,#3851,#3852,#3854));
#3856=FACE_OUTER_BOUND('',#3855,.F.);
#3858=CARTESIAN_POINT('',(-3.174509803922E0,-1.5E-1,-3.1E0));
#3859=DIRECTION('',(0.E0,-1.E0,0.E0));
#3860=DIRECTION('',(1.E0,0.E0,0.E0));
#3861=AXIS2_PLACEMENT_3D('',#3858,#3859,#3860);
#3862=PLANE('',#3861);
#3863=ORIENTED_EDGE('',*,*,#3509,.F.);
#3864=ORIENTED_EDGE('',*,*,#3849,.F.);
#3866=ORIENTED_EDGE('',*,*,#3865,.T.);
#3868=ORIENTED_EDGE('',*,*,#3867,.F.);
#3869=EDGE_LOOP('',(#3863,#3864,#3866,#3868));
#3870=FACE_OUTER_BOUND('',#3869,.F.);
#3872=CARTESIAN_POINT('',(-3.174509803922E0,1.5E-1,-3.1E0));
#3873=DIRECTION('',(-1.E0,0.E0,0.E0));
#3874=DIRECTION('',(0.E0,-1.E0,0.E0));
#3875=AXIS2_PLACEMENT_3D('',#3872,#3873,#3874);
#3876=PLANE('',#3875);
#3877=ORIENTED_EDGE('',*,*,#3865,.F.);
#3878=ORIENTED_EDGE('',*,*,#3853,.F.);
#3879=ORIENTED_EDGE('',*,*,#2574,.F.);
#3881=ORIENTED_EDGE('',*,*,#3880,.F.);
#3882=EDGE_LOOP('',(#3877,#3878,#3879,#3881));
#3883=FACE_OUTER_BOUND('',#3882,.F.);
#3885=CARTESIAN_POINT('',(-3.087254901961E0,2.225E-1,-1.85E0));
#3886=DIRECTION('',(0.E0,0.E0,1.E0));
#3887=DIRECTION('',(1.E0,0.E0,0.E0));
#3888=AXIS2_PLACEMENT_3D('',#3885,#3886,#3887);
#3889=PLANE('',#3888);
#3890=ORIENTED_EDGE('',*,*,#3867,.T.);
#3891=ORIENTED_EDGE('',*,*,#3880,.T.);
#3892=ORIENTED_EDGE('',*,*,#2572,.F.);
#3893=ORIENTED_EDGE('',*,*,#3511,.F.);
#3894=EDGE_LOOP('',(#3890,#3891,#3892,#3893));
#3895=FACE_OUTER_BOUND('',#3894,.F.);
#3897=CARTESIAN_POINT('',(0.E0,-1.E0,-3.1E0));
#3898=DIRECTION('',(0.E0,1.E0,0.E0));
#3899=DIRECTION('',(0.E0,0.E0,1.E0));
#3900=AXIS2_PLACEMENT_3D('',#3897,#3898,#3899);
#3901=PLANE('',#3900);
#3903=ORIENTED_EDGE('',*,*,#3902,.T.);
#3904=ORIENTED_EDGE('',*,*,#3117,.F.);
#3905=ORIENTED_EDGE('',*,*,#3541,.F.);
#3906=ORIENTED_EDGE('',*,*,#2649,.F.);
#3907=EDGE_LOOP('',(#3903,#3904,#3905,#3906));
#3908=FACE_OUTER_BOUND('',#3907,.F.);
#3910=CARTESIAN_POINT('',(-1.1E0,-1.E0,-6.2E0));
#3911=DIRECTION('',(-1.E0,0.E0,0.E0));
#3912=DIRECTION('',(0.E0,0.E0,1.E0));
#3913=AXIS2_PLACEMENT_3D('',#3910,#3911,#3912);
#3914=PLANE('',#3913);
#3915=ORIENTED_EDGE('',*,*,#3902,.F.);
#3916=ORIENTED_EDGE('',*,*,#2647,.F.);
#3918=ORIENTED_EDGE('',*,*,#3917,.T.);
#3919=ORIENTED_EDGE('',*,*,#3119,.F.);
#3920=EDGE_LOOP('',(#3915,#3916,#3918,#3919));
#3921=FACE_OUTER_BOUND('',#3920,.F.);
#3923=CARTESIAN_POINT('',(0.E0,-9.5E-1,-3.1E0));
#3924=DIRECTION('',(0.E0,1.E0,0.E0));
#3925=DIRECTION('',(0.E0,0.E0,1.E0));
#3926=AXIS2_PLACEMENT_3D('',#3923,#3924,#3925);
#3927=PLANE('',#3926);
#3928=ORIENTED_EDGE('',*,*,#2645,.F.);
#3930=ORIENTED_EDGE('',*,*,#3929,.F.);
#3931=ORIENTED_EDGE('',*,*,#3121,.F.);
#3932=ORIENTED_EDGE('',*,*,#3917,.F.);
#3933=EDGE_LOOP('',(#3928,#3930,#3931,#3932));
#3934=FACE_OUTER_BOUND('',#3933,.F.);
#3936=ORIENTED_EDGE('',*,*,#3935,.T.);
#3938=ORIENTED_EDGE('',*,*,#3937,.T.);
#3940=ORIENTED_EDGE('',*,*,#3939,.T.);
#3942=ORIENTED_EDGE('',*,*,#3941,.T.);
#3943=EDGE_LOOP('',(#3936,#3938,#3940,#3942));
#3944=FACE_BOUND('',#3943,.F.);
#3946=ORIENTED_EDGE('',*,*,#3945,.T.);
#3948=ORIENTED_EDGE('',*,*,#3947,.T.);
#3950=ORIENTED_EDGE('',*,*,#3949,.T.);
#3952=ORIENTED_EDGE('',*,*,#3951,.T.);
#3953=EDGE_LOOP('',(#3946,#3948,#3950,#3952));
#3954=FACE_BOUND('',#3953,.F.);
#3956=ORIENTED_EDGE('',*,*,#3955,.T.);
#3958=ORIENTED_EDGE('',*,*,#3957,.T.);
#3960=ORIENTED_EDGE('',*,*,#3959,.T.);
#3962=ORIENTED_EDGE('',*,*,#3961,.T.);
#3963=EDGE_LOOP('',(#3956,#3958,#3960,#3962));
#3964=FACE_BOUND('',#3963,.F.);
#3966=CARTESIAN_POINT('',(1.1E0,-1.E0,0.E0));
#3967=DIRECTION('',(1.E0,0.E0,0.E0));
#3968=DIRECTION('',(0.E0,0.E0,-1.E0));
#3969=AXIS2_PLACEMENT_3D('',#3966,#3967,#3968);
#3970=PLANE('',#3969);
#3972=ORIENTED_EDGE('',*,*,#3971,.F.);
#3973=ORIENTED_EDGE('',*,*,#3123,.F.);
#3974=ORIENTED_EDGE('',*,*,#3929,.T.);
#3975=ORIENTED_EDGE('',*,*,#2643,.F.);
#3976=EDGE_LOOP('',(#3972,#3973,#3974,#3975));
#3977=FACE_OUTER_BOUND('',#3976,.F.);
#3979=CARTESIAN_POINT('',(0.E0,-1.E0,-3.1E0));
#3980=DIRECTION('',(0.E0,1.E0,0.E0));
#3981=DIRECTION('',(0.E0,0.E0,1.E0));
#3982=AXIS2_PLACEMENT_3D('',#3979,#3980,#3981);
#3983=PLANE('',#3982);
#3984=ORIENTED_EDGE('',*,*,#3971,.T.);
#3985=ORIENTED_EDGE('',*,*,#2641,.F.);
#3987=ORIENTED_EDGE('',*,*,#3986,.F.);
#3988=ORIENTED_EDGE('',*,*,#3125,.F.);
#3989=EDGE_LOOP('',(#3984,#3985,#3987,#3988));
#3990=FACE_OUTER_BOUND('',#3989,.F.);
#3992=CARTESIAN_POINT('',(3.E0,-1.E0,0.E0));
#3993=DIRECTION('',(1.E0,0.E0,0.E0));
#3994=DIRECTION('',(0.E0,0.E0,-1.E0));
#3995=AXIS2_PLACEMENT_3D('',#3992,#3993,#3994);
#3996=PLANE('',#3995);
#3997=ORIENTED_EDGE('',*,*,#2394,.T.);
#3998=ORIENTED_EDGE('',*,*,#3070,.F.);
#4000=ORIENTED_EDGE('',*,*,#3999,.T.);
#4002=ORIENTED_EDGE('',*,*,#4001,.T.);
#4004=ORIENTED_EDGE('',*,*,#4003,.T.);
#4005=ORIENTED_EDGE('',*,*,#3062,.F.);
#4007=ORIENTED_EDGE('',*,*,#4006,.F.);
#4009=ORIENTED_EDGE('',*,*,#4008,.T.);
#4011=ORIENTED_EDGE('',*,*,#4010,.T.);
#4013=ORIENTED_EDGE('',*,*,#4012,.F.);
#4015=ORIENTED_EDGE('',*,*,#4014,.T.);
#4017=ORIENTED_EDGE('',*,*,#4016,.F.);
#4018=EDGE_LOOP('',(#3997,#3998,#4000,#4002,#4004,#4005,#4007,#4009,#4011,#4013,
#4015,#4017));
#4019=FACE_OUTER_BOUND('',#4018,.F.);
#4021=CARTESIAN_POINT('',(3.E0,-1.E0,0.E0));
#4022=DIRECTION('',(1.E0,0.E0,0.E0));
#4023=DIRECTION('',(0.E0,0.E0,-1.E0));
#4024=AXIS2_PLACEMENT_3D('',#4021,#4022,#4023);
#4025=PLANE('',#4024);
#4027=ORIENTED_EDGE('',*,*,#4026,.T.);
#4028=ORIENTED_EDGE('',*,*,#3084,.T.);
#4029=ORIENTED_EDGE('',*,*,#3032,.F.);
#4030=ORIENTED_EDGE('',*,*,#3127,.T.);
#4031=ORIENTED_EDGE('',*,*,#3986,.T.);
#4032=ORIENTED_EDGE('',*,*,#2639,.F.);
#4033=ORIENTED_EDGE('',*,*,#3044,.F.);
#4035=ORIENTED_EDGE('',*,*,#4034,.F.);
#4037=ORIENTED_EDGE('',*,*,#4036,.F.);
#4039=ORIENTED_EDGE('',*,*,#4038,.F.);
#4040=EDGE_LOOP('',(#4027,#4028,#4029,#4030,#4031,#4032,#4033,#4035,#4037,
#4039));
#4041=FACE_OUTER_BOUND('',#4040,.F.);
#4043=CARTESIAN_POINT('',(3.087254901961E0,2.225E-1,-1.85E0));
#4044=DIRECTION('',(0.E0,0.E0,-1.E0));
#4045=DIRECTION('',(-1.E0,0.E0,0.E0));
#4046=AXIS2_PLACEMENT_3D('',#4043,#4044,#4045);
#4047=PLANE('',#4046);
#4049=ORIENTED_EDGE('',*,*,#4048,.F.);
#4050=ORIENTED_EDGE('',*,*,#3999,.F.);
#4051=ORIENTED_EDGE('',*,*,#3068,.F.);
#4053=ORIENTED_EDGE('',*,*,#4052,.F.);
#4054=EDGE_LOOP('',(#4049,#4050,#4051,#4053));
#4055=FACE_OUTER_BOUND('',#4054,.F.);
#4057=CARTESIAN_POINT('',(3.174509803922E0,-1.5E-1,-3.1E0));
#4058=DIRECTION('',(0.E0,1.E0,0.E0));
#4059=DIRECTION('',(-1.E0,0.E0,0.E0));
#4060=AXIS2_PLACEMENT_3D('',#4057,#4058,#4059);
#4061=PLANE('',#4060);
#4062=ORIENTED_EDGE('',*,*,#4001,.F.);
#4063=ORIENTED_EDGE('',*,*,#4048,.T.);
#4065=ORIENTED_EDGE('',*,*,#4064,.F.);
#4067=ORIENTED_EDGE('',*,*,#4066,.T.);
#4068=EDGE_LOOP('',(#4062,#4063,#4065,#4067));
#4069=FACE_OUTER_BOUND('',#4068,.F.);
#4071=CARTESIAN_POINT('',(3.174509803922E0,1.5E-1,-3.1E0));
#4072=DIRECTION('',(-1.E0,0.E0,0.E0));
#4073=DIRECTION('',(0.E0,-1.E0,0.E0));
#4074=AXIS2_PLACEMENT_3D('',#4071,#4072,#4073);
#4075=PLANE('',#4074);
#4076=ORIENTED_EDGE('',*,*,#4064,.T.);
#4077=ORIENTED_EDGE('',*,*,#4052,.T.);
#4078=ORIENTED_EDGE('',*,*,#3066,.T.);
#4080=ORIENTED_EDGE('',*,*,#4079,.T.);
#4081=EDGE_LOOP('',(#4076,#4077,#4078,#4080));
#4082=FACE_OUTER_BOUND('',#4081,.F.);
#4084=CARTESIAN_POINT('',(3.087254901961E0,2.225E-1,-4.35E0));
#4085=DIRECTION('',(0.E0,0.E0,1.E0));
#4086=DIRECTION('',(1.E0,0.E0,0.E0));
#4087=AXIS2_PLACEMENT_3D('',#4084,#4085,#4086);
#4088=PLANE('',#4087);
#4089=ORIENTED_EDGE('',*,*,#4066,.F.);
#4090=ORIENTED_EDGE('',*,*,#4079,.F.);
#4091=ORIENTED_EDGE('',*,*,#3064,.F.);
#4092=ORIENTED_EDGE('',*,*,#4003,.F.);
#4093=EDGE_LOOP('',(#4089,#4090,#4091,#4092));
#4094=FACE_OUTER_BOUND('',#4093,.F.);
#4096=CARTESIAN_POINT('',(3.125E0,-1.8E-1,-4.4E0));
#4097=DIRECTION('',(0.E0,0.E0,1.E0));
#4098=DIRECTION('',(0.E0,1.E0,0.E0));
#4099=AXIS2_PLACEMENT_3D('',#4096,#4097,#4098);
#4100=PLANE('',#4099);
#4101=ORIENTED_EDGE('',*,*,#3060,.T.);
#4102=ORIENTED_EDGE('',*,*,#2498,.T.);
#4104=ORIENTED_EDGE('',*,*,#4103,.T.);
#4106=ORIENTED_EDGE('',*,*,#4105,.F.);
#4108=ORIENTED_EDGE('',*,*,#4107,.F.);
#4110=ORIENTED_EDGE('',*,*,#4109,.T.);
#4111=ORIENTED_EDGE('',*,*,#4006,.T.);
#4112=EDGE_LOOP('',(#4101,#4102,#4104,#4106,#4108,#4110,#4111));
#4113=FACE_OUTER_BOUND('',#4112,.F.);
#4115=CARTESIAN_POINT('',(3.E0,1.15E-1,-4.25E0));
#4116=DIRECTION('',(0.E0,1.E0,0.E0));
#4117=DIRECTION('',(-7.071067811865E-1,0.E0,-7.071067811865E-1));
#4118=AXIS2_PLACEMENT_3D('',#4115,#4116,#4117);
#4119=CYLINDRICAL_SURFACE('',#4118,1.5E-1);
#4120=ORIENTED_EDGE('',*,*,#2222,.T.);
#4121=ORIENTED_EDGE('',*,*,#2254,.F.);
#4122=ORIENTED_EDGE('',*,*,#2292,.T.);
#4124=ORIENTED_EDGE('',*,*,#4123,.F.);
#4125=ORIENTED_EDGE('',*,*,#4103,.F.);
#4126=ORIENTED_EDGE('',*,*,#2502,.T.);
#4127=EDGE_LOOP('',(#4120,#4121,#4122,#4124,#4125,#4126));
#4128=FACE_OUTER_BOUND('',#4127,.F.);
#4130=CARTESIAN_POINT('',(2.975E0,8.5E-1,-3.1E0));
#4131=DIRECTION('',(0.E0,0.E0,1.E0));
#4132=DIRECTION('',(7.071067811865E-1,7.071067811865E-1,0.E0));
#4133=AXIS2_PLACEMENT_3D('',#4130,#4131,#4132);
#4134=CYLINDRICAL_SURFACE('',#4133,1.5E-1);
#4135=ORIENTED_EDGE('',*,*,#4105,.T.);
#4136=ORIENTED_EDGE('',*,*,#4123,.T.);
#4137=ORIENTED_EDGE('',*,*,#2290,.F.);
#4138=ORIENTED_EDGE('',*,*,#3090,.T.);
#4140=ORIENTED_EDGE('',*,*,#4139,.F.);
#4141=EDGE_LOOP('',(#4135,#4136,#4137,#4138,#4140));
#4142=FACE_OUTER_BOUND('',#4141,.F.);
#4144=CARTESIAN_POINT('',(3.125E0,1.E0,-3.1E0));
#4145=DIRECTION('',(-1.E0,0.E0,0.E0));
#4146=DIRECTION('',(0.E0,-1.E0,0.E0));
#4147=AXIS2_PLACEMENT_3D('',#4144,#4145,#4146);
#4148=PLANE('',#4147);
#4150=ORIENTED_EDGE('',*,*,#4149,.F.);
#4151=ORIENTED_EDGE('',*,*,#4107,.T.);
#4152=ORIENTED_EDGE('',*,*,#4139,.T.);
#4153=ORIENTED_EDGE('',*,*,#3088,.T.);
#4155=ORIENTED_EDGE('',*,*,#4154,.F.);
#4157=ORIENTED_EDGE('',*,*,#4156,.T.);
#4159=ORIENTED_EDGE('',*,*,#4158,.F.);
#4161=ORIENTED_EDGE('',*,*,#4160,.T.);
#4162=ORIENTED_EDGE('',*,*,#2376,.T.);
#4163=ORIENTED_EDGE('',*,*,#2398,.T.);
#4165=ORIENTED_EDGE('',*,*,#4164,.F.);
#4167=ORIENTED_EDGE('',*,*,#4166,.F.);
#4169=ORIENTED_EDGE('',*,*,#4168,.F.);
#4171=ORIENTED_EDGE('',*,*,#4170,.F.);
#4173=ORIENTED_EDGE('',*,*,#4172,.T.);
#4175=ORIENTED_EDGE('',*,*,#4174,.F.);
#4176=EDGE_LOOP('',(#4150,#4151,#4152,#4153,#4155,#4157,#4159,#4161,#4162,#4163,
#4165,#4167,#4169,#4171,#4173,#4175));
#4177=FACE_OUTER_BOUND('',#4176,.F.);
#4179=CARTESIAN_POINT('',(3.125E0,1.754886114323E-1,-4.55E0));
#4180=DIRECTION('',(1.E0,0.E0,0.E0));
#4181=DIRECTION('',(0.E0,-4.767312946228E-1,8.790490729915E-1));
#4182=AXIS2_PLACEMENT_3D('',#4179,#4180,#4181);
#4183=CYLINDRICAL_SURFACE('',#4182,1.5E-1);
#4184=ORIENTED_EDGE('',*,*,#4008,.F.);
#4185=ORIENTED_EDGE('',*,*,#4109,.F.);
#4186=ORIENTED_EDGE('',*,*,#4149,.T.);
#4188=ORIENTED_EDGE('',*,*,#4187,.T.);
#4189=EDGE_LOOP('',(#4184,#4185,#4186,#4188));
#4190=FACE_OUTER_BOUND('',#4189,.F.);
#4192=CARTESIAN_POINT('',(3.125E0,-5.5E-2,-4.4E0));
#4193=DIRECTION('',(-1.E0,0.E0,0.E0));
#4194=DIRECTION('',(0.E0,0.E0,-1.E0));
#4195=AXIS2_PLACEMENT_3D('',#4192,#4193,#4194);
#4196=CYLINDRICAL_SURFACE('',#4195,1.25E-1);
#4197=ORIENTED_EDGE('',*,*,#4010,.F.);
#4198=ORIENTED_EDGE('',*,*,#4187,.F.);
#4199=ORIENTED_EDGE('',*,*,#4174,.T.);
#4201=ORIENTED_EDGE('',*,*,#4200,.F.);
#4202=EDGE_LOOP('',(#4197,#4198,#4199,#4201));
#4203=FACE_OUTER_BOUND('',#4202,.F.);
#4205=CARTESIAN_POINT('',(3.125E0,-1.8E-1,-1.8E0));
#4206=DIRECTION('',(0.E0,1.E0,0.E0));
#4207=DIRECTION('',(0.E0,0.E0,-1.E0));
#4208=AXIS2_PLACEMENT_3D('',#4205,#4206,#4207);
#4209=PLANE('',#4208);
#4210=ORIENTED_EDGE('',*,*,#4012,.T.);
#4211=ORIENTED_EDGE('',*,*,#4200,.T.);
#4212=ORIENTED_EDGE('',*,*,#4172,.F.);
#4214=ORIENTED_EDGE('',*,*,#4213,.T.);
#4215=EDGE_LOOP('',(#4210,#4211,#4212,#4214));
#4216=FACE_OUTER_BOUND('',#4215,.F.);
#4218=CARTESIAN_POINT('',(3.125E0,-5.5E-2,-1.8E0));
#4219=DIRECTION('',(-1.E0,0.E0,0.E0));
#4220=DIRECTION('',(0.E0,-2.844816292764E-1,9.586814917397E-1));
#4221=AXIS2_PLACEMENT_3D('',#4218,#4219,#4220);
#4222=CYLINDRICAL_SURFACE('',#4221,1.25E-1);
#4223=ORIENTED_EDGE('',*,*,#4014,.F.);
#4224=ORIENTED_EDGE('',*,*,#4213,.F.);
#4225=ORIENTED_EDGE('',*,*,#4170,.T.);
#4226=ORIENTED_EDGE('',*,*,#4168,.T.);
#4227=ORIENTED_EDGE('',*,*,#4166,.T.);
#4229=ORIENTED_EDGE('',*,*,#4228,.F.);
#4230=EDGE_LOOP('',(#4223,#4224,#4225,#4226,#4227,#4229));
#4231=FACE_OUTER_BOUND('',#4230,.F.);
#4233=CARTESIAN_POINT('',(3.125E0,1.754886114323E-1,-1.65E0));
#4234=DIRECTION('',(-1.E0,0.E0,0.E0));
#4235=DIRECTION('',(0.E0,-4.767312946228E-1,-8.790490729915E-1));
#4236=AXIS2_PLACEMENT_3D('',#4233,#4234,#4235);
#4237=CYLINDRICAL_SURFACE('',#4236,1.5E-1);
#4238=ORIENTED_EDGE('',*,*,#4016,.T.);
#4239=ORIENTED_EDGE('',*,*,#4228,.T.);
#4240=ORIENTED_EDGE('',*,*,#4164,.T.);
#4241=ORIENTED_EDGE('',*,*,#2396,.F.);
#4242=EDGE_LOOP('',(#4238,#4239,#4240,#4241));
#4243=FACE_OUTER_BOUND('',#4242,.F.);
#4245=CARTESIAN_POINT('',(3.218916471548E0,-5.658414074026E-1,-5.9E0));
#4246=DIRECTION('',(2.555788530154E-1,-8.359607606147E-1,-4.856429311786E-1));
#4247=DIRECTION('',(-8.849352620433E-1,0.E0,-4.657140560391E-1));
#4248=AXIS2_PLACEMENT_3D('',#4245,#4246,#4247);
#4249=PLANE('',#4248);
#4250=ORIENTED_EDGE('',*,*,#4026,.F.);
#4252=ORIENTED_EDGE('',*,*,#4251,.T.);
#4254=ORIENTED_EDGE('',*,*,#4253,.F.);
#4256=ORIENTED_EDGE('',*,*,#4255,.T.);
#4257=ORIENTED_EDGE('',*,*,#4154,.T.);
#4258=ORIENTED_EDGE('',*,*,#3086,.T.);
#4259=EDGE_LOOP('',(#4250,#4252,#4254,#4256,#4257,#4258));
#4260=FACE_OUTER_BOUND('',#4259,.F.);
#4262=CARTESIAN_POINT('',(3.044098809213E0,-7.5E-1,-3.1E0));
#4263=DIRECTION('',(9.563047559630E-1,2.923717047227E-1,0.E0));
#4264=DIRECTION('',(-2.923717047227E-1,9.563047559630E-1,0.E0));
#4265=AXIS2_PLACEMENT_3D('',#4262,#4263,#4264);
#4266=PLANE('',#4265);
#4267=ORIENTED_EDGE('',*,*,#4038,.T.);
#4269=ORIENTED_EDGE('',*,*,#4268,.F.);
#4271=ORIENTED_EDGE('',*,*,#4270,.T.);
#4272=ORIENTED_EDGE('',*,*,#4251,.F.);
#4273=EDGE_LOOP('',(#4267,#4269,#4271,#4272));
#4274=FACE_OUTER_BOUND('',#4273,.F.);
#4276=CARTESIAN_POINT('',(3.218916471548E0,-5.658414074026E-1,-3.E-1));
#4277=DIRECTION('',(2.555788530154E-1,-8.359607606147E-1,4.856429311786E-1));
#4278=DIRECTION('',(8.849352620433E-1,0.E0,-4.657140560391E-1));
#4279=AXIS2_PLACEMENT_3D('',#4276,#4277,#4278);
#4280=PLANE('',#4279);
#4281=ORIENTED_EDGE('',*,*,#4036,.T.);
#4283=ORIENTED_EDGE('',*,*,#4282,.T.);
#4284=ORIENTED_EDGE('',*,*,#4158,.T.);
#4286=ORIENTED_EDGE('',*,*,#4285,.T.);
#4288=ORIENTED_EDGE('',*,*,#4287,.F.);
#4289=ORIENTED_EDGE('',*,*,#4268,.T.);
#4290=EDGE_LOOP('',(#4281,#4283,#4284,#4286,#4288,#4289));
#4291=FACE_OUTER_BOUND('',#4290,.F.);
#4293=CARTESIAN_POINT('',(3.081491790477E0,1.25E-1,-7.5E-2));
#4294=DIRECTION('',(0.E0,0.E0,-1.E0));
#4295=DIRECTION('',(-1.E0,0.E0,0.E0));
#4296=AXIS2_PLACEMENT_3D('',#4293,#4294,#4295);
#4297=PLANE('',#4296);
#4298=ORIENTED_EDGE('',*,*,#3042,.T.);
#4299=ORIENTED_EDGE('',*,*,#2470,.F.);
#4301=ORIENTED_EDGE('',*,*,#4300,.F.);
#4302=ORIENTED_EDGE('',*,*,#2378,.F.);
#4303=ORIENTED_EDGE('',*,*,#4160,.F.);
#4304=ORIENTED_EDGE('',*,*,#4282,.F.);
#4305=ORIENTED_EDGE('',*,*,#4034,.T.);
#4306=EDGE_LOOP('',(#4298,#4299,#4301,#4302,#4303,#4304,#4305));
#4307=FACE_OUTER_BOUND('',#4306,.F.);
#4309=CARTESIAN_POINT('',(2.975E0,8.5E-1,0.E0));
#4310=DIRECTION('',(1.E0,0.E0,0.E0));
#4311=DIRECTION('',(0.E0,0.E0,-1.E0));
#4312=AXIS2_PLACEMENT_3D('',#4309,#4310,#4311);
#4313=PLANE('',#4312);
#4314=ORIENTED_EDGE('',*,*,#4300,.T.);
#4315=ORIENTED_EDGE('',*,*,#2476,.T.);
#4316=ORIENTED_EDGE('',*,*,#2657,.F.);
#4317=ORIENTED_EDGE('',*,*,#2268,.F.);
#4318=EDGE_LOOP('',(#4314,#4315,#4316,#4317));
#4319=FACE_OUTER_BOUND('',#4318,.F.);
#4321=CARTESIAN_POINT('',(3.125E0,-5.E-1,-3.1E0));
#4322=DIRECTION('',(-9.563047559630E-1,-2.923717047227E-1,0.E0));
#4323=DIRECTION('',(2.923717047227E-1,-9.563047559630E-1,0.E0));
#4324=AXIS2_PLACEMENT_3D('',#4321,#4322,#4323);
#4325=PLANE('',#4324);
#4326=ORIENTED_EDGE('',*,*,#4255,.F.);
#4328=ORIENTED_EDGE('',*,*,#4327,.F.);
#4329=ORIENTED_EDGE('',*,*,#4285,.F.);
#4330=ORIENTED_EDGE('',*,*,#4156,.F.);
#4331=EDGE_LOOP('',(#4326,#4328,#4329,#4330));
#4332=FACE_OUTER_BOUND('',#4331,.F.);
#4334=CARTESIAN_POINT('',(3.187983580954E0,-7.060100106843E-1,-3.1E0));
#4335=DIRECTION('',(-2.923717047227E-1,9.563047559630E-1,0.E0));
#4336=DIRECTION('',(-9.563047559630E-1,-2.923717047227E-1,0.E0));
#4337=AXIS2_PLACEMENT_3D('',#4334,#4335,#4336);
#4338=PLANE('',#4337);
#4339=ORIENTED_EDGE('',*,*,#4253,.T.);
#4340=ORIENTED_EDGE('',*,*,#4270,.F.);
#4341=ORIENTED_EDGE('',*,*,#4287,.T.);
#4342=ORIENTED_EDGE('',*,*,#4327,.T.);
#4343=EDGE_LOOP('',(#4339,#4340,#4341,#4342));
#4344=FACE_OUTER_BOUND('',#4343,.F.);
#4346=CARTESIAN_POINT('',(6.E-1,-9.5E-1,-5.9E0));
#4347=DIRECTION('',(0.E0,0.E0,-1.E0));
#4348=DIRECTION('',(-1.E0,0.E0,0.E0));
#4349=AXIS2_PLACEMENT_3D('',#4346,#4347,#4348);
#4350=PLANE('',#4349);
#4351=ORIENTED_EDGE('',*,*,#3935,.F.);
#4353=ORIENTED_EDGE('',*,*,#4352,.F.);
#4355=ORIENTED_EDGE('',*,*,#4354,.T.);
#4357=ORIENTED_EDGE('',*,*,#4356,.T.);
#4358=EDGE_LOOP('',(#4351,#4353,#4355,#4357));
#4359=FACE_OUTER_BOUND('',#4358,.F.);
#4361=CARTESIAN_POINT('',(-6.E-1,-9.5E-1,-5.9E0));
#4362=DIRECTION('',(-1.E0,0.E0,0.E0));
#4363=DIRECTION('',(0.E0,0.E0,1.E0));
#4364=AXIS2_PLACEMENT_3D('',#4361,#4362,#4363);
#4365=PLANE('',#4364);
#4366=ORIENTED_EDGE('',*,*,#3941,.F.);
#4368=ORIENTED_EDGE('',*,*,#4367,.F.);
#4370=ORIENTED_EDGE('',*,*,#4369,.T.);
#4371=ORIENTED_EDGE('',*,*,#4352,.T.);
#4372=EDGE_LOOP('',(#4366,#4368,#4370,#4371));
#4373=FACE_OUTER_BOUND('',#4372,.F.);
#4375=CARTESIAN_POINT('',(-6.E-1,-9.5E-1,-4.9E0));
#4376=DIRECTION('',(0.E0,0.E0,1.E0));
#4377=DIRECTION('',(1.E0,0.E0,0.E0));
#4378=AXIS2_PLACEMENT_3D('',#4375,#4376,#4377);
#4379=PLANE('',#4378);
#4380=ORIENTED_EDGE('',*,*,#3939,.F.);
#4382=ORIENTED_EDGE('',*,*,#4381,.F.);
#4384=ORIENTED_EDGE('',*,*,#4383,.T.);
#4385=ORIENTED_EDGE('',*,*,#4367,.T.);
#4386=EDGE_LOOP('',(#4380,#4382,#4384,#4385));
#4387=FACE_OUTER_BOUND('',#4386,.F.);
#4389=CARTESIAN_POINT('',(6.E-1,-9.5E-1,-4.9E0));
#4390=DIRECTION('',(1.E0,0.E0,0.E0));
#4391=DIRECTION('',(0.E0,0.E0,-1.E0));
#4392=AXIS2_PLACEMENT_3D('',#4389,#4390,#4391);
#4393=PLANE('',#4392);
#4394=ORIENTED_EDGE('',*,*,#3937,.F.);
#4395=ORIENTED_EDGE('',*,*,#4356,.F.);
#4397=ORIENTED_EDGE('',*,*,#4396,.T.);
#4398=ORIENTED_EDGE('',*,*,#4381,.T.);
#4399=EDGE_LOOP('',(#4394,#4395,#4397,#4398));
#4400=FACE_OUTER_BOUND('',#4399,.F.);
#4402=CARTESIAN_POINT('',(0.E0,-7.E-1,-5.4E0));
#4403=DIRECTION('',(0.E0,1.E0,0.E0));
#4404=DIRECTION('',(0.E0,0.E0,1.E0));
#4405=AXIS2_PLACEMENT_3D('',#4402,#4403,#4404);
#4406=PLANE('',#4405);
#4407=ORIENTED_EDGE('',*,*,#4369,.F.);
#4408=ORIENTED_EDGE('',*,*,#4383,.F.);
#4409=ORIENTED_EDGE('',*,*,#4396,.F.);
#4410=ORIENTED_EDGE('',*,*,#4354,.F.);
#4411=EDGE_LOOP('',(#4407,#4408,#4409,#4410));
#4412=FACE_OUTER_BOUND('',#4411,.F.);
#4414=CARTESIAN_POINT('',(6.E-1,-9.5E-1,-4.1E0));
#4415=DIRECTION('',(0.E0,0.E0,-1.E0));
#4416=DIRECTION('',(-1.E0,0.E0,0.E0));
#4417=AXIS2_PLACEMENT_3D('',#4414,#4415,#4416);
#4418=PLANE('',#4417);
#4419=ORIENTED_EDGE('',*,*,#3945,.F.);
#4421=ORIENTED_EDGE('',*,*,#4420,.F.);
#4423=ORIENTED_EDGE('',*,*,#4422,.T.);
#4425=ORIENTED_EDGE('',*,*,#4424,.T.);
#4426=EDGE_LOOP('',(#4419,#4421,#4423,#4425));
#4427=FACE_OUTER_BOUND('',#4426,.F.);
#4429=CARTESIAN_POINT('',(-6.E-1,-9.5E-1,-4.1E0));
#4430=DIRECTION('',(-1.E0,0.E0,0.E0));
#4431=DIRECTION('',(0.E0,0.E0,1.E0));
#4432=AXIS2_PLACEMENT_3D('',#4429,#4430,#4431);
#4433=PLANE('',#4432);
#4434=ORIENTED_EDGE('',*,*,#3951,.F.);
#4436=ORIENTED_EDGE('',*,*,#4435,.F.);
#4438=ORIENTED_EDGE('',*,*,#4437,.T.);
#4439=ORIENTED_EDGE('',*,*,#4420,.T.);
#4440=EDGE_LOOP('',(#4434,#4436,#4438,#4439));
#4441=FACE_OUTER_BOUND('',#4440,.F.);
#4443=CARTESIAN_POINT('',(-6.E-1,-9.5E-1,-2.1E0));
#4444=DIRECTION('',(0.E0,0.E0,1.E0));
#4445=DIRECTION('',(1.E0,0.E0,0.E0));
#4446=AXIS2_PLACEMENT_3D('',#4443,#4444,#4445);
#4447=PLANE('',#4446);
#4448=ORIENTED_EDGE('',*,*,#3949,.F.);
#4450=ORIENTED_EDGE('',*,*,#4449,.F.);
#4452=ORIENTED_EDGE('',*,*,#4451,.T.);
#4453=ORIENTED_EDGE('',*,*,#4435,.T.);
#4454=EDGE_LOOP('',(#4448,#4450,#4452,#4453));
#4455=FACE_OUTER_BOUND('',#4454,.F.);
#4457=CARTESIAN_POINT('',(6.E-1,-9.5E-1,-2.1E0));
#4458=DIRECTION('',(1.E0,0.E0,0.E0));
#4459=DIRECTION('',(0.E0,0.E0,-1.E0));
#4460=AXIS2_PLACEMENT_3D('',#4457,#4458,#4459);
#4461=PLANE('',#4460);
#4462=ORIENTED_EDGE('',*,*,#3947,.F.);
#4463=ORIENTED_EDGE('',*,*,#4424,.F.);
#4465=ORIENTED_EDGE('',*,*,#4464,.T.);
#4466=ORIENTED_EDGE('',*,*,#4449,.T.);
#4467=EDGE_LOOP('',(#4462,#4463,#4465,#4466));
#4468=FACE_OUTER_BOUND('',#4467,.F.);
#4470=CARTESIAN_POINT('',(0.E0,-7.E-1,-3.1E0));
#4471=DIRECTION('',(0.E0,1.E0,0.E0));
#4472=DIRECTION('',(0.E0,0.E0,1.E0));
#4473=AXIS2_PLACEMENT_3D('',#4470,#4471,#4472);
#4474=PLANE('',#4473);
#4475=ORIENTED_EDGE('',*,*,#4437,.F.);
#4476=ORIENTED_EDGE('',*,*,#4451,.F.);
#4477=ORIENTED_EDGE('',*,*,#4464,.F.);
#4478=ORIENTED_EDGE('',*,*,#4422,.F.);
#4479=EDGE_LOOP('',(#4475,#4476,#4477,#4478));
#4480=FACE_OUTER_BOUND('',#4479,.F.);
#4482=CARTESIAN_POINT('',(6.E-1,-9.5E-1,-1.3E0));
#4483=DIRECTION('',(0.E0,0.E0,-1.E0));
#4484=DIRECTION('',(-1.E0,0.E0,0.E0));
#4485=AXIS2_PLACEMENT_3D('',#4482,#4483,#4484);
#4486=PLANE('',#4485);
#4487=ORIENTED_EDGE('',*,*,#3955,.F.);
#4489=ORIENTED_EDGE('',*,*,#4488,.F.);
#4491=ORIENTED_EDGE('',*,*,#4490,.T.);
#4493=ORIENTED_EDGE('',*,*,#4492,.T.);
#4494=EDGE_LOOP('',(#4487,#4489,#4491,#4493));
#4495=FACE_OUTER_BOUND('',#4494,.F.);
#4497=CARTESIAN_POINT('',(-6.E-1,-9.5E-1,-1.3E0));
#4498=DIRECTION('',(-1.E0,0.E0,0.E0));
#4499=DIRECTION('',(0.E0,0.E0,1.E0));
#4500=AXIS2_PLACEMENT_3D('',#4497,#4498,#4499);
#4501=PLANE('',#4500);
#4502=ORIENTED_EDGE('',*,*,#3961,.F.);
#4504=ORIENTED_EDGE('',*,*,#4503,.F.);
#4506=ORIENTED_EDGE('',*,*,#4505,.T.);
#4507=ORIENTED_EDGE('',*,*,#4488,.T.);
#4508=EDGE_LOOP('',(#4502,#4504,#4506,#4507));
#4509=FACE_OUTER_BOUND('',#4508,.F.);
#4511=CARTESIAN_POINT('',(-6.E-1,-9.5E-1,-3.E-1));
#4512=DIRECTION('',(0.E0,0.E0,1.E0));
#4513=DIRECTION('',(1.E0,0.E0,0.E0));
#4514=AXIS2_PLACEMENT_3D('',#4511,#4512,#4513);
#4515=PLANE('',#4514);
#4516=ORIENTED_EDGE('',*,*,#3959,.F.);
#4518=ORIENTED_EDGE('',*,*,#4517,.F.);
#4520=ORIENTED_EDGE('',*,*,#4519,.T.);
#4521=ORIENTED_EDGE('',*,*,#4503,.T.);
#4522=EDGE_LOOP('',(#4516,#4518,#4520,#4521));
#4523=FACE_OUTER_BOUND('',#4522,.F.);
#4525=CARTESIAN_POINT('',(6.E-1,-9.5E-1,-3.E-1));
#4526=DIRECTION('',(1.E0,0.E0,0.E0));
#4527=DIRECTION('',(0.E0,0.E0,-1.E0));
#4528=AXIS2_PLACEMENT_3D('',#4525,#4526,#4527);
#4529=PLANE('',#4528);
#4530=ORIENTED_EDGE('',*,*,#3957,.F.);
#4531=ORIENTED_EDGE('',*,*,#4492,.F.);
#4533=ORIENTED_EDGE('',*,*,#4532,.T.);
#4534=ORIENTED_EDGE('',*,*,#4517,.T.);
#4535=EDGE_LOOP('',(#4530,#4531,#4533,#4534));
#4536=FACE_OUTER_BOUND('',#4535,.F.);
#4538=CARTESIAN_POINT('',(0.E0,-7.E-1,-8.E-1));
#4539=DIRECTION('',(0.E0,1.E0,0.E0));
#4540=DIRECTION('',(0.E0,0.E0,1.E0));
#4541=AXIS2_PLACEMENT_3D('',#4538,#4539,#4540);
#4542=PLANE('',#4541);
#4543=ORIENTED_EDGE('',*,*,#4505,.F.);
#4544=ORIENTED_EDGE('',*,*,#4519,.F.);
#4545=ORIENTED_EDGE('',*,*,#4532,.F.);
#4546=ORIENTED_EDGE('',*,*,#4490,.F.);
#4547=EDGE_LOOP('',(#4543,#4544,#4545,#4546));
#4548=FACE_OUTER_BOUND('',#4547,.F.);
#4554=PLANE_ANGLE_MEASURE_WITH_UNIT(PLANE_ANGLE_MEASURE(1.745329251994E-2),
#4553);
#4555=(CONVERSION_BASED_UNIT('DEGREE',#4554)NAMED_UNIT(*)PLANE_ANGLE_UNIT());
#4557=UNCERTAINTY_MEASURE_WITH_UNIT(LENGTH_MEASURE(1.E-3),#4552,
'distance_accuracy_value',
'Maximum model space distance between geometric entities at asserted connectivities');
#4560=APPLICATION_CONTEXT('automotive_design');
#4561=APPLICATION_PROTOCOL_DEFINITION('international standard',
'automotive_design',2001,#4560);
#4562=PRODUCT_DEFINITION_CONTEXT('part definition',#4560,'design');
#4563=PRODUCT_CONTEXT('',#4560,'mechanical');
#4564=PRODUCT('C-2506469-3','C-2506469-3','NOT SPECIFIED',(#4563));
#4565=PRODUCT_DEFINITION_FORMATION('1','LAST_VERSION',#4564);
#4573=DERIVED_UNIT_ELEMENT(#4572,2.E0);
#4574=DERIVED_UNIT((#4573));
#4575=MEASURE_REPRESENTATION_ITEM('surface area measure',AREA_MEASURE(
1.541124357325E2),#4574);
#4580=DERIVED_UNIT_ELEMENT(#4579,3.E0);
#4581=DERIVED_UNIT((#4580));
#4582=MEASURE_REPRESENTATION_ITEM('volume measure',VOLUME_MEASURE(
8.323385810099E1),#4581);
#4586=CARTESIAN_POINT('centre point',(-1.006369890350E-8,1.554791797580E-1,
-3.100000000934E0));
#4591=DERIVED_UNIT_ELEMENT(#4590,2.E0);
#4592=DERIVED_UNIT((#4591));
#4593=MEASURE_REPRESENTATION_ITEM('surface area measure',AREA_MEASURE(
1.541124357325E2),#4592);
#4598=DERIVED_UNIT_ELEMENT(#4597,3.E0);
#4599=DERIVED_UNIT((#4598));
#4600=MEASURE_REPRESENTATION_ITEM('volume measure',VOLUME_MEASURE(
8.323385810099E1),#4599);
#4604=CARTESIAN_POINT('centre point',(-1.006369890350E-8,1.554791797580E-1,
-3.100000000934E0));
#4609=PRODUCT_RELATED_PRODUCT_CATEGORY('part','',(#4564));
#1=DRAUGHTING_PRE_DEFINED_COLOUR('green');
#2=COLOUR_RGB('',1.1E-2,1.2E-2,1.E0);
#3=COLOUR_RGB('',4.1E-1,2.61589E-1,1.12848E-1);
#4=COLOUR_RGB('',5.04854E-1,1.5455E-2,1.5455E-2);
#5=COLOUR_RGB('',6.35294E-1,6.86275E-1,7.4902E-1);
#6=COLOUR_RGB('',6.40777E-1,6.40777E-1,6.40777E-1);
#7=COLOUR_RGB('',6.69062E-1,6.69903E-1,6.55217E-1);
#8=COLOUR_RGB('',9.21569E-1,7.05882E-1,4.70588E-1);
#9=DRAUGHTING_PRE_DEFINED_COLOUR('red');
#10=DRAUGHTING_PRE_DEFINED_COLOUR('yellow');
#11=COLOUR_RGB('',1.E0,1.E0,5.3E-1);
#12=COLOUR_RGB('',1.E0,1.E0,9.49E-1);
#13=DRAUGHTING_PRE_DEFINED_COLOUR('white');
#18=CIRCLE('',#17,1.5E-1);
#47=CIRCLE('',#46,1.5E-1);
#52=CIRCLE('',#51,1.5E-1);
#57=CIRCLE('',#56,1.5E-1);
#62=CIRCLE('',#61,1.5E-1);
#67=CIRCLE('',#66,1.5E0);
#72=CIRCLE('',#71,1.5E0);
#77=CIRCLE('',#76,1.5E-1);
#82=CIRCLE('',#81,1.5E-1);
#87=CIRCLE('',#86,1.5E0);
#96=CIRCLE('',#95,1.5E0);
#105=CIRCLE('',#104,1.35E0);
#110=CIRCLE('',#109,1.35E0);
#125=B_SPLINE_CURVE_WITH_KNOTS('',3,(#119,#120,#121,#122,#123,#124),
.UNSPECIFIED.,.F.,.F.,(4,1,1,4),(0.E0,3.333333333333E-1,6.666666666667E-1,1.E0),
.UNSPECIFIED.);
#146=CIRCLE('',#145,1.5E-1);
#151=CIRCLE('',#150,1.5E-1);
#196=CIRCLE('',#195,1.5E-1);
#217=CIRCLE('',#216,1.5E-1);
#230=CIRCLE('',#229,1.5E-1);
#267=CIRCLE('',#266,1.5E-1);
#288=CIRCLE('',#287,1.5E-1);
#325=CIRCLE('',#324,3.E-1);
#346=CIRCLE('',#345,3.E-1);
#379=CIRCLE('',#378,3.E-1);
#400=CIRCLE('',#399,3.E-1);
#445=CIRCLE('',#444,3.E-1);
#454=CIRCLE('',#453,3.E-1);
#547=CIRCLE('',#546,3.E-1);
#556=CIRCLE('',#555,3.E-1);
#589=CIRCLE('',#588,1.5E-1);
#622=CIRCLE('',#621,3.E-1);
#631=CIRCLE('',#630,3.E-1);
#724=CIRCLE('',#723,3.E-1);
#733=CIRCLE('',#732,3.E-1);
#750=CIRCLE('',#749,3.E-1);
#771=CIRCLE('',#770,3.E-1);
#804=CIRCLE('',#803,3.E-1);
#825=CIRCLE('',#824,3.E-1);
#886=CIRCLE('',#885,1.5E-1);
#895=CIRCLE('',#894,1.25E-1);
#916=CIRCLE('',#915,1.25E-1);
#929=CIRCLE('',#928,1.5E-1);
#946=CIRCLE('',#945,1.5E-1);
#959=CIRCLE('',#958,1.5E-1);
#970=B_SPLINE_CURVE_WITH_KNOTS('',3,(#964,#965,#966,#967,#968,#969),
.UNSPECIFIED.,.F.,.F.,(4,1,1,4),(0.E0,3.333333333333E-1,6.666666666667E-1,1.E0),
.UNSPECIFIED.);
#987=CIRCLE('',#986,1.5E-1);
#1010=B_SPLINE_CURVE_WITH_KNOTS('',3,(#1004,#1005,#1006,#1007,#1008,#1009),
.UNSPECIFIED.,.F.,.F.,(4,1,1,4),(0.E0,3.333333333333E-1,6.666666666667E-1,1.E0),
.UNSPECIFIED.);
#1015=CIRCLE('',#1014,1.5E-1);
#1020=CIRCLE('',#1019,1.25E-1);
#1025=CIRCLE('',#1024,1.25E-1);
#1030=CIRCLE('',#1029,1.25E-1);
#1035=CIRCLE('',#1034,1.25E-1);
#1040=CIRCLE('',#1039,1.5E-1);
#1113=CIRCLE('',#1112,1.5E-1);
#1322=CIRCLE('',#1321,1.5E-1);
#1335=CIRCLE('',#1334,1.5E-1);
#1346=B_SPLINE_CURVE_WITH_KNOTS('',3,(#1340,#1341,#1342,#1343,#1344,#1345),
.UNSPECIFIED.,.F.,.F.,(4,1,1,4),(0.E0,3.333333333333E-1,6.666666666667E-1,1.E0),
.UNSPECIFIED.);
#1363=CIRCLE('',#1362,1.5E-1);
#1376=CIRCLE('',#1375,1.5E-1);
#1381=CIRCLE('',#1380,1.25E-1);
#1386=CIRCLE('',#1385,1.25E-1);
#1391=CIRCLE('',#1390,1.25E-1);
#1396=CIRCLE('',#1395,1.25E-1);
#1401=CIRCLE('',#1400,1.5E-1);
#1410=CIRCLE('',#1409,1.25E-1);
#1431=CIRCLE('',#1430,1.25E-1);
#1444=CIRCLE('',#1443,1.5E-1);
#1489=CIRCLE('',#1488,1.5E-1);
#2199=EDGE_CURVE('',#2088,#2089,#18,.T.);
#2201=EDGE_CURVE('',#2088,#1680,#217,.T.);
#2203=EDGE_CURVE('',#1678,#1680,#22,.T.);
#2205=EDGE_CURVE('',#1678,#1676,#125,.T.);
#2207=EDGE_CURVE('',#1676,#1677,#47,.T.);
#2209=EDGE_CURVE('',#2089,#1677,#26,.T.);
#2213=ADVANCED_FACE('',(#2212),#2198,.F.);
#2220=EDGE_CURVE('',#2089,#2097,#38,.T.);
#2222=EDGE_CURVE('',#2096,#2097,#1335,.T.);
#2224=EDGE_CURVE('',#2088,#2096,#30,.T.);
#2228=ADVANCED_FACE('',(#2227),#2218,.T.);
#2234=EDGE_CURVE('',#2104,#2105,#959,.T.);
#2236=EDGE_CURVE('',#2109,#2105,#34,.T.);
#2238=EDGE_CURVE('',#2107,#2109,#987,.T.);
#2240=EDGE_CURVE('',#2104,#2107,#978,.T.);
#2244=ADVANCED_FACE('',(#2243),#2233,.T.);
#2252=EDGE_CURVE('',#1687,#1677,#42,.T.);
#2254=EDGE_CURVE('',#1687,#2097,#1339,.T.);
#2258=ADVANCED_FACE('',(#2257),#2249,.T.);
#2266=EDGE_CURVE('',#1676,#1769,#118,.T.);
#2268=EDGE_CURVE('',#1769,#1767,#1509,.T.);
#2270=EDGE_CURVE('',#1767,#1765,#312,.T.);
#2272=EDGE_CURVE('',#1765,#1763,#292,.T.);
#2274=EDGE_CURVE('',#1763,#1701,#1064,.T.);
#2276=EDGE_CURVE('',#1703,#1701,#52,.T.);
#2278=EDGE_CURVE('',#1703,#1705,#982,.T.);
#2280=EDGE_CURVE('',#1707,#1705,#57,.T.);
#2282=EDGE_CURVE('',#1707,#1761,#1003,.T.);
#2284=EDGE_CURVE('',#1761,#1759,#1129,.T.);
#2286=EDGE_CURVE('',#1759,#1757,#613,.T.);
#2288=EDGE_CURVE('',#1757,#1755,#593,.T.);
#2290=EDGE_CURVE('',#1755,#1688,#1354,.T.);
#2292=EDGE_CURVE('',#1687,#1688,#62,.T.);
#2296=EDGE_CURVE('',#2168,#2169,#72,.T.);
#2298=EDGE_CURVE('',#2169,#2168,#96,.T.);
#2302=ADVANCED_FACE('',(#2295,#2301),#2263,.T.);
#2308=EDGE_CURVE('',#2188,#2189,#67,.T.);
#2310=EDGE_CURVE('',#2169,#2188,#100,.T.);
#2313=EDGE_CURVE('',#2189,#2168,#91,.T.);
#2317=ADVANCED_FACE('',(#2316),#2307,.T.);
#2324=EDGE_CURVE('',#2189,#2193,#82,.T.);
#2326=EDGE_CURVE('',#2192,#2193,#105,.T.);
#2328=EDGE_CURVE('',#2188,#2192,#77,.T.);
#2332=ADVANCED_FACE('',(#2331),#2322,.T.);
#2338=EDGE_CURVE('',#2189,#2188,#87,.T.);
#2341=EDGE_CURVE('',#2193,#2192,#110,.T.);
#2346=ADVANCED_FACE('',(#2345),#2337,.T.);
#2358=ADVANCED_FACE('',(#2357),#2351,.T.);
#2368=ADVANCED_FACE('',(#2367),#2363,.T.);
#2374=EDGE_CURVE('',#1678,#1682,#146,.T.);
#2376=EDGE_CURVE('',#1787,#1682,#114,.T.);
#2378=EDGE_CURVE('',#1787,#1769,#1489,.T.);
#2384=ADVANCED_FACE('',(#2383),#2373,.T.);
#2390=EDGE_CURVE('',#1680,#2171,#129,.T.);
#2392=EDGE_CURVE('',#2171,#2093,#133,.T.);
#2394=EDGE_CURVE('',#2092,#2093,#137,.T.);
#2396=EDGE_CURVE('',#2092,#1684,#1448,.T.);
#2398=EDGE_CURVE('',#1682,#1684,#141,.T.);
#2404=ADVANCED_FACE('',(#2403),#2389,.T.);
#2410=EDGE_CURVE('',#1709,#2185,#250,.T.);
#2412=EDGE_CURVE('',#2109,#1709,#151,.T.);
#2414=EDGE_CURVE('',#2185,#2109,#155,.T.);
#2418=ADVANCED_FACE('',(#2417),#2409,.F.);
#2424=EDGE_CURVE('',#1804,#2181,#159,.T.);
#2426=EDGE_CURVE('',#2163,#2181,#163,.T.);
#2428=EDGE_CURVE('',#1805,#2163,#167,.T.);
#2430=EDGE_CURVE('',#1804,#1805,#171,.T.);
#2434=ADVANCED_FACE('',(#2433),#2423,.F.);
#2440=EDGE_CURVE('',#2179,#1801,#175,.T.);
#2442=EDGE_CURVE('',#1800,#1801,#179,.T.);
#2444=EDGE_CURVE('',#2161,#1800,#183,.T.);
#2446=EDGE_CURVE('',#2179,#2161,#187,.T.);
#2450=ADVANCED_FACE('',(#2449),#2439,.F.);
#2456=EDGE_CURVE('',#2183,#1699,#941,.T.);
#2458=EDGE_CURVE('',#2105,#2183,#191,.T.);
#2460=EDGE_CURVE('',#1699,#2105,#196,.T.);
#2464=ADVANCED_FACE('',(#2463),#2455,.F.);
#2470=EDGE_CURVE('',#1791,#2173,#200,.T.);
#2472=EDGE_CURVE('',#2173,#2159,#204,.T.);
#2474=EDGE_CURVE('',#1797,#2159,#208,.T.);
#2476=EDGE_CURVE('',#1791,#1797,#212,.T.);
#2480=ADVANCED_FACE('',(#2479),#2469,.F.);
#2488=EDGE_CURVE('',#2088,#2171,#221,.T.);
#2492=ADVANCED_FACE('',(#2491),#2485,.F.);
#2498=EDGE_CURVE('',#2177,#1691,#1317,.T.);
#2500=EDGE_CURVE('',#2177,#2096,#225,.T.);
#2502=EDGE_CURVE('',#1691,#2096,#230,.T.);
#2506=ADVANCED_FACE('',(#2505),#2497,.F.);
#2512=EDGE_CURVE('',#2175,#1793,#234,.T.);
#2514=EDGE_CURVE('',#1795,#1793,#238,.T.);
#2516=EDGE_CURVE('',#2165,#1795,#242,.T.);
#2518=EDGE_CURVE('',#2165,#2175,#246,.T.);
#2522=ADVANCED_FACE('',(#2521),#2511,.F.);
#2529=EDGE_CURVE('',#2185,#2143,#254,.T.);
#2531=EDGE_CURVE('',#2112,#2143,#258,.T.);
#2533=EDGE_CURVE('',#2112,#1713,#890,.T.);
#2535=EDGE_CURVE('',#1717,#1713,#262,.T.);
#2537=EDGE_CURVE('',#1706,#1717,#267,.T.);
#2539=EDGE_CURVE('',#1706,#1709,#991,.T.);
#2543=ADVANCED_FACE('',(#2542),#2527,.F.);
#2549=EDGE_CURVE('',#2179,#2155,#275,.T.);
#2552=EDGE_CURVE('',#2161,#2049,#304,.T.);
#2554=EDGE_CURVE('',#2049,#2155,#873,.T.);
#2558=ADVANCED_FACE('',(#2557),#2548,.T.);
#2568=EDGE_CURVE('',#2145,#2183,#937,.T.);
#2570=EDGE_CURVE('',#2145,#2081,#869,.T.);
#2572=EDGE_CURVE('',#2081,#2077,#1181,.T.);
#2574=EDGE_CURVE('',#2077,#2071,#1173,.T.);
#2576=EDGE_CURVE('',#2071,#2073,#1149,.T.);
#2578=EDGE_CURVE('',#2073,#2143,#865,.T.);
#2582=ADVANCED_FACE('',(#2581),#2563,.T.);
#2588=EDGE_CURVE('',#2157,#2181,#1104,.T.);
#2590=EDGE_CURVE('',#2157,#2083,#881,.T.);
#2592=EDGE_CURVE('',#2083,#2163,#597,.T.);
#2597=ADVANCED_FACE('',(#2596),#2587,.T.);
#2603=EDGE_CURVE('',#1801,#1763,#271,.T.);
#2607=EDGE_CURVE('',#2153,#2155,#279,.T.);
#2609=EDGE_CURVE('',#1727,#2153,#283,.T.);
#2611=EDGE_CURVE('',#1727,#1729,#1044,.T.);
#2613=EDGE_CURVE('',#1763,#1729,#288,.T.);
#2617=ADVANCED_FACE('',(#2616),#2602,.T.);
#2625=EDGE_CURVE('',#1765,#1800,#308,.T.);
#2630=ADVANCED_FACE('',(#2629),#2622,.T.);
#2637=EDGE_CURVE('',#2047,#2159,#296,.T.);
#2639=EDGE_CURVE('',#2047,#2041,#1265,.T.);
#2641=EDGE_CURVE('',#2041,#2033,#1241,.T.);
#2643=EDGE_CURVE('',#2033,#2035,#1237,.T.);
#2645=EDGE_CURVE('',#2035,#2029,#1213,.T.);
#2647=EDGE_CURVE('',#2029,#2024,#1205,.T.);
#2649=EDGE_CURVE('',#2024,#2043,#1197,.T.);
#2651=EDGE_CURVE('',#2049,#2043,#300,.T.);
#2657=EDGE_CURVE('',#1767,#1797,#1505,.T.);
#2661=EDGE_CURVE('',#1833,#1817,#440,.T.);
#2663=EDGE_CURVE('',#1817,#1853,#462,.T.);
#2665=EDGE_CURVE('',#1853,#1851,#560,.T.);
#2667=EDGE_CURVE('',#1851,#1833,#534,.T.);
#2671=EDGE_CURVE('',#1857,#1859,#354,.T.);
#2673=EDGE_CURVE('',#1859,#1891,#408,.T.);
#2675=EDGE_CURVE('',#1891,#1893,#370,.T.);
#2677=EDGE_CURVE('',#1893,#1857,#358,.T.);
#2681=ADVANCED_FACE('',(#2660,#2670,#2680),#2635,.T.);
#2687=EDGE_CURVE('',#1856,#1857,#316,.T.);
#2689=EDGE_CURVE('',#1873,#1856,#320,.T.);
#2691=EDGE_CURVE('',#1871,#1873,#325,.T.);
#2693=EDGE_CURVE('',#1869,#1871,#329,.T.);
#2695=EDGE_CURVE('',#1867,#1869,#333,.T.);
#2697=EDGE_CURVE('',#1865,#1867,#337,.T.);
#2699=EDGE_CURVE('',#1863,#1865,#341,.T.);
#2701=EDGE_CURVE('',#1861,#1863,#346,.T.);
#2703=EDGE_CURVE('',#1859,#1861,#350,.T.);
#2708=ADVANCED_FACE('',(#2707),#2686,.T.);
#2715=EDGE_CURVE('',#1893,#1875,#366,.T.);
#2717=EDGE_CURVE('',#1856,#1875,#362,.T.);
#2722=ADVANCED_FACE('',(#2721),#2713,.F.);
#2730=EDGE_CURVE('',#1889,#1891,#374,.T.);
#2732=EDGE_CURVE('',#1887,#1889,#379,.T.);
#2734=EDGE_CURVE('',#1885,#1887,#383,.T.);
#2736=EDGE_CURVE('',#1883,#1885,#387,.T.);
#2738=EDGE_CURVE('',#1881,#1883,#391,.T.);
#2740=EDGE_CURVE('',#1879,#1881,#395,.T.);
#2742=EDGE_CURVE('',#1877,#1879,#400,.T.);
#2744=EDGE_CURVE('',#1875,#1877,#404,.T.);
#2748=ADVANCED_FACE('',(#2747),#2727,.F.);
#2754=EDGE_CURVE('',#1861,#1889,#416,.T.);
#2761=ADVANCED_FACE('',(#2760),#2753,.F.);
#2767=EDGE_CURVE('',#1887,#1863,#412,.T.);
#2774=ADVANCED_FACE('',(#2773),#2766,.T.);
#2780=EDGE_CURVE('',#1885,#1865,#420,.T.);
#2787=ADVANCED_FACE('',(#2786),#2779,.F.);
#2793=EDGE_CURVE('',#1883,#1867,#424,.T.);
#2800=ADVANCED_FACE('',(#2799),#2792,.F.);
#2806=EDGE_CURVE('',#1881,#1869,#428,.T.);
#2813=ADVANCED_FACE('',(#2812),#2805,.F.);
#2819=EDGE_CURVE('',#1871,#1879,#436,.T.);
#2826=ADVANCED_FACE('',(#2825),#2818,.F.);
#2832=EDGE_CURVE('',#1877,#1873,#432,.T.);
#2839=ADVANCED_FACE('',(#2838),#2831,.T.);
#2851=ADVANCED_FACE('',(#2850),#2844,.F.);
#2857=EDGE_CURVE('',#1816,#1817,#466,.T.);
#2860=EDGE_CURVE('',#1833,#1831,#530,.T.);
#2862=EDGE_CURVE('',#1829,#1831,#445,.T.);
#2864=EDGE_CURVE('',#1827,#1829,#449,.T.);
#2866=EDGE_CURVE('',#1827,#1825,#510,.T.);
#2868=EDGE_CURVE('',#1825,#1823,#498,.T.);
#2870=EDGE_CURVE('',#1823,#1821,#486,.T.);
#2872=EDGE_CURVE('',#1819,#1821,#454,.T.);
#2874=EDGE_CURVE('',#1816,#1819,#458,.T.);
#2878=ADVANCED_FACE('',(#2877),#2856,.F.);
#2886=EDGE_CURVE('',#1816,#1835,#474,.T.);
#2888=EDGE_CURVE('',#1853,#1835,#470,.T.);
#2892=ADVANCED_FACE('',(#2891),#2883,.T.);
#2900=EDGE_CURVE('',#1819,#1837,#478,.T.);
#2902=EDGE_CURVE('',#1837,#1835,#542,.T.);
#2906=ADVANCED_FACE('',(#2905),#2897,.T.);
#2914=EDGE_CURVE('',#1839,#1821,#482,.T.);
#2916=EDGE_CURVE('',#1839,#1837,#547,.T.);
#2920=ADVANCED_FACE('',(#2919),#2911,.T.);
#2928=EDGE_CURVE('',#1841,#1823,#490,.T.);
#2930=EDGE_CURVE('',#1839,#1841,#494,.T.);
#2934=ADVANCED_FACE('',(#2933),#2925,.T.);
#2942=EDGE_CURVE('',#1843,#1825,#502,.T.);
#2944=EDGE_CURVE('',#1841,#1843,#506,.T.);
#2948=ADVANCED_FACE('',(#2947),#2939,.T.);
#2956=EDGE_CURVE('',#1845,#1827,#514,.T.);
#2958=EDGE_CURVE('',#1843,#1845,#518,.T.);
#2962=ADVANCED_FACE('',(#2961),#2953,.T.);
#2970=EDGE_CURVE('',#1829,#1847,#522,.T.);
#2972=EDGE_CURVE('',#1847,#1845,#551,.T.);
#2976=ADVANCED_FACE('',(#2975),#2967,.T.);
#2984=EDGE_CURVE('',#1849,#1831,#526,.T.);
#2986=EDGE_CURVE('',#1849,#1847,#556,.T.);
#2990=ADVANCED_FACE('',(#2989),#2981,.T.);
#2999=EDGE_CURVE('',#1849,#1851,#538,.T.);
#3003=ADVANCED_FACE('',(#3002),#2995,.T.);
#3021=ADVANCED_FACE('',(#3020),#3008,.T.);
#3027=EDGE_CURVE('',#2175,#2141,#572,.T.);
#3030=EDGE_CURVE('',#2165,#2085,#605,.T.);
#3032=EDGE_CURVE('',#2085,#2141,#1261,.T.);
#3036=ADVANCED_FACE('',(#3035),#3026,.T.);
#3042=EDGE_CURVE('',#2139,#2173,#1480,.T.);
#3044=EDGE_CURVE('',#2139,#2047,#1269,.T.);
#3050=ADVANCED_FACE('',(#3049),#3041,.T.);
#3060=EDGE_CURVE('',#2101,#2177,#1313,.T.);
#3062=EDGE_CURVE('',#2101,#2055,#1257,.T.);
#3064=EDGE_CURVE('',#2055,#2057,#1305,.T.);
#3066=EDGE_CURVE('',#2061,#2057,#564,.T.);
#3068=EDGE_CURVE('',#2061,#2065,#1281,.T.);
#3070=EDGE_CURVE('',#2065,#2093,#1253,.T.);
#3074=ADVANCED_FACE('',(#3073),#3055,.T.);
#3080=EDGE_CURVE('',#1793,#1755,#568,.T.);
#3084=EDGE_CURVE('',#2133,#2141,#576,.T.);
#3086=EDGE_CURVE('',#1779,#2133,#580,.T.);
#3088=EDGE_CURVE('',#1771,#1779,#584,.T.);
#3090=EDGE_CURVE('',#1755,#1771,#589,.T.);
#3094=ADVANCED_FACE('',(#3093),#3079,.F.);
#3102=EDGE_CURVE('',#1757,#1795,#609,.T.);
#3107=ADVANCED_FACE('',(#3106),#3099,.T.);
#3115=EDGE_CURVE('',#2083,#2045,#877,.T.);
#3117=EDGE_CURVE('',#2045,#2025,#1189,.T.);
#3119=EDGE_CURVE('',#2025,#2027,#1209,.T.);
#3121=EDGE_CURVE('',#2027,#2037,#1221,.T.);
#3123=EDGE_CURVE('',#2037,#2032,#1233,.T.);
#3125=EDGE_CURVE('',#2032,#2039,#1249,.T.);
#3127=EDGE_CURVE('',#2085,#2039,#601,.T.);
#3133=EDGE_CURVE('',#1759,#1805,#1125,.T.);
#3137=EDGE_CURVE('',#1897,#1899,#779,.T.);
#3139=EDGE_CURVE('',#1899,#1931,#833,.T.);
#3141=EDGE_CURVE('',#1931,#1933,#795,.T.);
#3143=EDGE_CURVE('',#1933,#1897,#783,.T.);
#3147=EDGE_CURVE('',#1953,#1937,#617,.T.);
#3149=EDGE_CURVE('',#1937,#1973,#639,.T.);
#3151=EDGE_CURVE('',#1973,#1971,#737,.T.);
#3153=EDGE_CURVE('',#1971,#1953,#711,.T.);
#3157=ADVANCED_FACE('',(#3136,#3146,#3156),#3112,.T.);
#3163=EDGE_CURVE('',#1936,#1937,#643,.T.);
#3166=EDGE_CURVE('',#1953,#1951,#707,.T.);
#3168=EDGE_CURVE('',#1949,#1951,#622,.T.);
#3170=EDGE_CURVE('',#1947,#1949,#626,.T.);
#3172=EDGE_CURVE('',#1947,#1945,#687,.T.);
#3174=EDGE_CURVE('',#1945,#1943,#675,.T.);
#3176=EDGE_CURVE('',#1943,#1941,#663,.T.);
#3178=EDGE_CURVE('',#1939,#1941,#631,.T.);
#3180=EDGE_CURVE('',#1936,#1939,#635,.T.);
#3184=ADVANCED_FACE('',(#3183),#3162,.F.);
#3192=EDGE_CURVE('',#1936,#1955,#651,.T.);
#3194=EDGE_CURVE('',#1973,#1955,#647,.T.);
#3198=ADVANCED_FACE('',(#3197),#3189,.T.);
#3206=EDGE_CURVE('',#1939,#1957,#655,.T.);
#3208=EDGE_CURVE('',#1957,#1955,#719,.T.);
#3212=ADVANCED_FACE('',(#3211),#3203,.T.);
#3220=EDGE_CURVE('',#1959,#1941,#659,.T.);
#3222=EDGE_CURVE('',#1959,#1957,#724,.T.);
#3226=ADVANCED_FACE('',(#3225),#3217,.T.);
#3234=EDGE_CURVE('',#1961,#1943,#667,.T.);
#3236=EDGE_CURVE('',#1959,#1961,#671,.T.);
#3240=ADVANCED_FACE('',(#3239),#3231,.T.);
#3248=EDGE_CURVE('',#1963,#1945,#679,.T.);
#3250=EDGE_CURVE('',#1961,#1963,#683,.T.);
#3254=ADVANCED_FACE('',(#3253),#3245,.T.);
#3262=EDGE_CURVE('',#1965,#1947,#691,.T.);
#3264=EDGE_CURVE('',#1963,#1965,#695,.T.);
#3268=ADVANCED_FACE('',(#3267),#3259,.T.);
#3276=EDGE_CURVE('',#1949,#1967,#699,.T.);
#3278=EDGE_CURVE('',#1967,#1965,#728,.T.);
#3282=ADVANCED_FACE('',(#3281),#3273,.T.);
#3290=EDGE_CURVE('',#1969,#1951,#703,.T.);
#3292=EDGE_CURVE('',#1969,#1967,#733,.T.);
#3296=ADVANCED_FACE('',(#3295),#3287,.T.);
#3305=EDGE_CURVE('',#1969,#1971,#715,.T.);
#3309=ADVANCED_FACE('',(#3308),#3301,.T.);
#3327=ADVANCED_FACE('',(#3326),#3314,.T.);
#3333=EDGE_CURVE('',#1896,#1897,#741,.T.);
#3335=EDGE_CURVE('',#1913,#1896,#745,.T.);
#3337=EDGE_CURVE('',#1911,#1913,#750,.T.);
#3339=EDGE_CURVE('',#1909,#1911,#754,.T.);
#3341=EDGE_CURVE('',#1907,#1909,#758,.T.);
#3343=EDGE_CURVE('',#1905,#1907,#762,.T.);
#3345=EDGE_CURVE('',#1903,#1905,#766,.T.);
#3347=EDGE_CURVE('',#1901,#1903,#771,.T.);
#3349=EDGE_CURVE('',#1899,#1901,#775,.T.);
#3354=ADVANCED_FACE('',(#3353),#3332,.T.);
#3361=EDGE_CURVE('',#1933,#1915,#791,.T.);
#3363=EDGE_CURVE('',#1896,#1915,#787,.T.);
#3368=ADVANCED_FACE('',(#3367),#3359,.F.);
#3376=EDGE_CURVE('',#1929,#1931,#799,.T.);
#3378=EDGE_CURVE('',#1927,#1929,#804,.T.);
#3380=EDGE_CURVE('',#1925,#1927,#808,.T.);
#3382=EDGE_CURVE('',#1923,#1925,#812,.T.);
#3384=EDGE_CURVE('',#1921,#1923,#816,.T.);
#3386=EDGE_CURVE('',#1919,#1921,#820,.T.);
#3388=EDGE_CURVE('',#1917,#1919,#825,.T.);
#3390=EDGE_CURVE('',#1915,#1917,#829,.T.);
#3394=ADVANCED_FACE('',(#3393),#3373,.F.);
#3400=EDGE_CURVE('',#1901,#1929,#841,.T.);
#3407=ADVANCED_FACE('',(#3406),#3399,.F.);
#3413=EDGE_CURVE('',#1927,#1903,#837,.T.);
#3420=ADVANCED_FACE('',(#3419),#3412,.T.);
#3426=EDGE_CURVE('',#1925,#1905,#845,.T.);
#3433=ADVANCED_FACE('',(#3432),#3425,.F.);
#3439=EDGE_CURVE('',#1923,#1907,#849,.T.);
#3446=ADVANCED_FACE('',(#3445),#3438,.F.);
#3452=EDGE_CURVE('',#1921,#1909,#853,.T.);
#3459=ADVANCED_FACE('',(#3458),#3451,.F.);
#3465=EDGE_CURVE('',#1911,#1919,#861,.T.);
#3472=ADVANCED_FACE('',(#3471),#3464,.F.);
#3478=EDGE_CURVE('',#1917,#1913,#857,.T.);
#3485=ADVANCED_FACE('',(#3484),#3477,.T.);
#3497=ADVANCED_FACE('',(#3496),#3490,.F.);
#3503=EDGE_CURVE('',#2112,#2113,#886,.T.);
#3507=EDGE_CURVE('',#2073,#2069,#1145,.T.);
#3509=EDGE_CURVE('',#2069,#2079,#1153,.T.);
#3511=EDGE_CURVE('',#2079,#2081,#1185,.T.);
#3514=EDGE_CURVE('',#2118,#2145,#954,.T.);
#3516=EDGE_CURVE('',#2118,#2119,#929,.T.);
#3518=EDGE_CURVE('',#2121,#2119,#916,.T.);
#3520=EDGE_CURVE('',#2121,#2115,#907,.T.);
#3522=EDGE_CURVE('',#2113,#2115,#895,.T.);
#3526=ADVANCED_FACE('',(#3525),#3502,.T.);
#3532=EDGE_CURVE('',#2148,#2149,#1096,.T.);
#3534=EDGE_CURVE('',#2148,#2151,#1080,.T.);
#3536=EDGE_CURVE('',#2151,#2153,#1072,.T.);
#3541=EDGE_CURVE('',#2043,#2045,#1193,.T.);
#3545=EDGE_CURVE('',#2149,#2157,#1121,.T.);
#3549=ADVANCED_FACE('',(#3548),#3531,.T.);
#3556=EDGE_CURVE('',#2113,#1712,#903,.T.);
#3558=EDGE_CURVE('',#1712,#1713,#1015,.T.);
#3563=ADVANCED_FACE('',(#3562),#3554,.T.);
#3570=EDGE_CURVE('',#1715,#2115,#899,.T.);
#3572=EDGE_CURVE('',#1715,#1712,#1020,.T.);
#3577=ADVANCED_FACE('',(#3576),#3568,.F.);
#3584=EDGE_CURVE('',#2121,#1741,#924,.T.);
#3586=EDGE_CURVE('',#1715,#1741,#911,.T.);
#3591=ADVANCED_FACE('',(#3590),#3582,.F.);
#3598=EDGE_CURVE('',#1735,#2119,#920,.T.);
#3600=EDGE_CURVE('',#1735,#1737,#1035,.T.);
#3602=EDGE_CURVE('',#1737,#1739,#1030,.T.);
#3604=EDGE_CURVE('',#1739,#1741,#1025,.T.);
#3609=ADVANCED_FACE('',(#3608),#3596,.F.);
#3616=EDGE_CURVE('',#1733,#2118,#933,.T.);
#3618=EDGE_CURVE('',#1733,#1735,#1040,.T.);
#3623=ADVANCED_FACE('',(#3622),#3614,.T.);
#3631=EDGE_CURVE('',#1699,#1700,#974,.T.);
#3633=EDGE_CURVE('',#1731,#1700,#946,.T.);
#3635=EDGE_CURVE('',#1733,#1731,#950,.T.);
#3641=ADVANCED_FACE('',(#3640),#3628,.F.);
#3648=EDGE_CURVE('',#1703,#2104,#963,.T.);
#3651=EDGE_CURVE('',#1700,#1701,#970,.T.);
#3657=ADVANCED_FACE('',(#3656),#3646,.F.);
#3664=EDGE_CURVE('',#2107,#1705,#995,.T.);
#3670=ADVANCED_FACE('',(#3669),#3662,.F.);
#3679=EDGE_CURVE('',#1706,#1707,#1010,.T.);
#3685=ADVANCED_FACE('',(#3684),#3675,.F.);
#3692=EDGE_CURVE('',#1719,#1717,#999,.T.);
#3694=EDGE_CURVE('',#1719,#1761,#1113,.T.);
#3700=ADVANCED_FACE('',(#3699),#3690,.T.);
#3714=EDGE_CURVE('',#1731,#1729,#1068,.T.);
#3717=EDGE_CURVE('',#1725,#1727,#1048,.T.);
#3719=EDGE_CURVE('',#1723,#1725,#1052,.T.);
#3721=EDGE_CURVE('',#1721,#1723,#1056,.T.);
#3723=EDGE_CURVE('',#1719,#1721,#1060,.T.);
#3729=ADVANCED_FACE('',(#3728),#3705,.T.);
#3742=ADVANCED_FACE('',(#3741),#3734,.T.);
#3749=EDGE_CURVE('',#2151,#1811,#1092,.T.);
#3751=EDGE_CURVE('',#1813,#1811,#1076,.T.);
#3753=EDGE_CURVE('',#1813,#1725,#1137,.T.);
#3759=ADVANCED_FACE('',(#3758),#3747,.T.);
#3766=EDGE_CURVE('',#1808,#2148,#1084,.T.);
#3768=EDGE_CURVE('',#1811,#1808,#1088,.T.);
#3773=ADVANCED_FACE('',(#3772),#3764,.T.);
#3780=EDGE_CURVE('',#2149,#1721,#1117,.T.);
#3783=EDGE_CURVE('',#1723,#1809,#1133,.T.);
#3785=EDGE_CURVE('',#1808,#1809,#1100,.T.);
#3790=ADVANCED_FACE('',(#3789),#3778,.T.);
#3798=EDGE_CURVE('',#1761,#1804,#1108,.T.);
#3806=ADVANCED_FACE('',(#3805),#3795,.T.);
#3818=ADVANCED_FACE('',(#3817),#3811,.T.);
#3827=EDGE_CURVE('',#1813,#1809,#1141,.T.);
#3831=ADVANCED_FACE('',(#3830),#3823,.T.);
#3843=ADVANCED_FACE('',(#3842),#3836,.T.);
#3849=EDGE_CURVE('',#2068,#2069,#1157,.T.);
#3853=EDGE_CURVE('',#2071,#2068,#1169,.T.);
#3857=ADVANCED_FACE('',(#3856),#3848,.T.);
#3865=EDGE_CURVE('',#2068,#2075,#1165,.T.);
#3867=EDGE_CURVE('',#2079,#2075,#1161,.T.);
#3871=ADVANCED_FACE('',(#3870),#3862,.T.);
#3880=EDGE_CURVE('',#2075,#2077,#1177,.T.);
#3884=ADVANCED_FACE('',(#3883),#3876,.T.);
#3896=ADVANCED_FACE('',(#3895),#3889,.T.);
#3902=EDGE_CURVE('',#2024,#2025,#1201,.T.);
#3909=ADVANCED_FACE('',(#3908),#3901,.F.);
#3917=EDGE_CURVE('',#2029,#2027,#1225,.T.);
#3922=ADVANCED_FACE('',(#3921),#3914,.F.);
#3929=EDGE_CURVE('',#2037,#2035,#1217,.T.);
#3935=EDGE_CURVE('',#1976,#1977,#1533,.T.);
#3937=EDGE_CURVE('',#1977,#1983,#1557,.T.);
#3939=EDGE_CURVE('',#1983,#1987,#1549,.T.);
#3941=EDGE_CURVE('',#1987,#1976,#1541,.T.);
#3945=EDGE_CURVE('',#1992,#1993,#1581,.T.);
#3947=EDGE_CURVE('',#1993,#1999,#1605,.T.);
#3949=EDGE_CURVE('',#1999,#2003,#1597,.T.);
#3951=EDGE_CURVE('',#2003,#1992,#1589,.T.);
#3955=EDGE_CURVE('',#2008,#2009,#1629,.T.);
#3957=EDGE_CURVE('',#2009,#2015,#1653,.T.);
#3959=EDGE_CURVE('',#2015,#2019,#1645,.T.);
#3961=EDGE_CURVE('',#2019,#2008,#1637,.T.);
#3965=ADVANCED_FACE('',(#3934,#3944,#3954,#3964),#3927,.F.);
#3971=EDGE_CURVE('',#2032,#2033,#1229,.T.);
#3978=ADVANCED_FACE('',(#3977),#3970,.F.);
#3986=EDGE_CURVE('',#2039,#2041,#1245,.T.);
#3991=ADVANCED_FACE('',(#3990),#3983,.F.);
#3999=EDGE_CURVE('',#2065,#2063,#1277,.T.);
#4001=EDGE_CURVE('',#2063,#2053,#1289,.T.);
#4003=EDGE_CURVE('',#2053,#2055,#1309,.T.);
#4006=EDGE_CURVE('',#2100,#2101,#1330,.T.);
#4008=EDGE_CURVE('',#2100,#2123,#1401,.T.);
#4010=EDGE_CURVE('',#2123,#2125,#1410,.T.);
#4012=EDGE_CURVE('',#2129,#2125,#1422,.T.);
#4014=EDGE_CURVE('',#2129,#2127,#1431,.T.);
#4016=EDGE_CURVE('',#2092,#2127,#1444,.T.);
#4020=ADVANCED_FACE('',(#4019),#3996,.T.);
#4026=EDGE_CURVE('',#2132,#2133,#1452,.T.);
#4034=EDGE_CURVE('',#2137,#2139,#1501,.T.);
#4036=EDGE_CURVE('',#2136,#2137,#1472,.T.);
#4038=EDGE_CURVE('',#2132,#2136,#1460,.T.);
#4042=ADVANCED_FACE('',(#4041),#4025,.T.);
#4048=EDGE_CURVE('',#2063,#2059,#1273,.T.);
#4052=EDGE_CURVE('',#2059,#2061,#1285,.T.);
#4056=ADVANCED_FACE('',(#4055),#4047,.F.);
#4064=EDGE_CURVE('',#2052,#2059,#1293,.T.);
#4066=EDGE_CURVE('',#2052,#2053,#1297,.T.);
#4070=ADVANCED_FACE('',(#4069),#4061,.F.);
#4079=EDGE_CURVE('',#2057,#2052,#1301,.T.);
#4083=ADVANCED_FACE('',(#4082),#4075,.F.);
#4095=ADVANCED_FACE('',(#4094),#4088,.F.);
#4103=EDGE_CURVE('',#1691,#1692,#1350,.T.);
#4105=EDGE_CURVE('',#1696,#1692,#1322,.T.);
#4107=EDGE_CURVE('',#1695,#1696,#1326,.T.);
#4109=EDGE_CURVE('',#1695,#2100,#1405,.T.);
#4114=ADVANCED_FACE('',(#4113),#4100,.T.);
#4123=EDGE_CURVE('',#1692,#1688,#1346,.T.);
#4129=ADVANCED_FACE('',(#4128),#4119,.F.);
#4139=EDGE_CURVE('',#1696,#1771,#1358,.T.);
#4143=ADVANCED_FACE('',(#4142),#4134,.T.);
#4149=EDGE_CURVE('',#1695,#1743,#1363,.T.);
#4154=EDGE_CURVE('',#1775,#1779,#1367,.T.);
#4156=EDGE_CURVE('',#1775,#1785,#1525,.T.);
#4158=EDGE_CURVE('',#1789,#1785,#1371,.T.);
#4160=EDGE_CURVE('',#1789,#1787,#1493,.T.);
#4164=EDGE_CURVE('',#1747,#1684,#1376,.T.);
#4166=EDGE_CURVE('',#1753,#1747,#1381,.T.);
#4168=EDGE_CURVE('',#1751,#1753,#1386,.T.);
#4170=EDGE_CURVE('',#1750,#1751,#1391,.T.);
#4172=EDGE_CURVE('',#1750,#1745,#1426,.T.);
#4174=EDGE_CURVE('',#1743,#1745,#1396,.T.);
#4178=ADVANCED_FACE('',(#4177),#4148,.F.);
#4187=EDGE_CURVE('',#1743,#2123,#1414,.T.);
#4191=ADVANCED_FACE('',(#4190),#4183,.T.);
#4200=EDGE_CURVE('',#2125,#1745,#1418,.T.);
#4204=ADVANCED_FACE('',(#4203),#4196,.F.);
#4213=EDGE_CURVE('',#1750,#2129,#1435,.T.);
#4217=ADVANCED_FACE('',(#4216),#4209,.T.);
#4228=EDGE_CURVE('',#2127,#1747,#1439,.T.);
#4232=ADVANCED_FACE('',(#4231),#4222,.F.);
#4244=ADVANCED_FACE('',(#4243),#4237,.T.);
#4251=EDGE_CURVE('',#2132,#1777,#1468,.T.);
#4253=EDGE_CURVE('',#1774,#1777,#1456,.T.);
#4255=EDGE_CURVE('',#1774,#1775,#1513,.T.);
#4261=ADVANCED_FACE('',(#4260),#4249,.T.);
#4268=EDGE_CURVE('',#1783,#2136,#1464,.T.);
#4270=EDGE_CURVE('',#1783,#1777,#1529,.T.);
#4275=ADVANCED_FACE('',(#4274),#4266,.F.);
#4282=EDGE_CURVE('',#2137,#1789,#1497,.T.);
#4285=EDGE_CURVE('',#1785,#1781,#1521,.T.);
#4287=EDGE_CURVE('',#1783,#1781,#1476,.T.);
#4292=ADVANCED_FACE('',(#4291),#4280,.T.);
#4300=EDGE_CURVE('',#1769,#1791,#1484,.T.);
#4308=ADVANCED_FACE('',(#4307),#4297,.F.);
#4320=ADVANCED_FACE('',(#4319),#4313,.T.);
#4327=EDGE_CURVE('',#1781,#1774,#1517,.T.);
#4333=ADVANCED_FACE('',(#4332),#4325,.F.);
#4345=ADVANCED_FACE('',(#4344),#4338,.F.);
#4352=EDGE_CURVE('',#1981,#1976,#1537,.T.);
#4354=EDGE_CURVE('',#1981,#1979,#1577,.T.);
#4356=EDGE_CURVE('',#1979,#1977,#1561,.T.);
#4360=ADVANCED_FACE('',(#4359),#4350,.F.);
#4367=EDGE_CURVE('',#1989,#1987,#1545,.T.);
#4369=EDGE_CURVE('',#1989,#1981,#1565,.T.);
#4374=ADVANCED_FACE('',(#4373),#4365,.F.);
#4381=EDGE_CURVE('',#1985,#1983,#1553,.T.);
#4383=EDGE_CURVE('',#1985,#1989,#1569,.T.);
#4388=ADVANCED_FACE('',(#4387),#4379,.F.);
#4396=EDGE_CURVE('',#1979,#1985,#1573,.T.);
#4401=ADVANCED_FACE('',(#4400),#4393,.F.);
#4413=ADVANCED_FACE('',(#4412),#4406,.F.);
#4420=EDGE_CURVE('',#1997,#1992,#1585,.T.);
#4422=EDGE_CURVE('',#1997,#1995,#1625,.T.);
#4424=EDGE_CURVE('',#1995,#1993,#1609,.T.);
#4428=ADVANCED_FACE('',(#4427),#4418,.F.);
#4435=EDGE_CURVE('',#2005,#2003,#1593,.T.);
#4437=EDGE_CURVE('',#2005,#1997,#1613,.T.);
#4442=ADVANCED_FACE('',(#4441),#4433,.F.);
#4449=EDGE_CURVE('',#2001,#1999,#1601,.T.);
#4451=EDGE_CURVE('',#2001,#2005,#1617,.T.);
#4456=ADVANCED_FACE('',(#4455),#4447,.F.);
#4464=EDGE_CURVE('',#1995,#2001,#1621,.T.);
#4469=ADVANCED_FACE('',(#4468),#4461,.F.);
#4481=ADVANCED_FACE('',(#4480),#4474,.F.);
#4488=EDGE_CURVE('',#2013,#2008,#1633,.T.);
#4490=EDGE_CURVE('',#2013,#2011,#1673,.T.);
#4492=EDGE_CURVE('',#2011,#2009,#1657,.T.);
#4496=ADVANCED_FACE('',(#4495),#4486,.F.);
#4503=EDGE_CURVE('',#2021,#2019,#1641,.T.);
#4505=EDGE_CURVE('',#2021,#2013,#1661,.T.);
#4510=ADVANCED_FACE('',(#4509),#4501,.F.);
#4517=EDGE_CURVE('',#2017,#2015,#1649,.T.);
#4519=EDGE_CURVE('',#2017,#2021,#1665,.T.);
#4524=ADVANCED_FACE('',(#4523),#4515,.F.);
#4532=EDGE_CURVE('',#2011,#2017,#1669,.T.);
#4537=ADVANCED_FACE('',(#4536),#4529,.F.);
#4549=ADVANCED_FACE('',(#4548),#4542,.F.);
#4550=CLOSED_SHELL('',(#2213,#2228,#2244,#2258,#2302,#2317,#2332,#2346,#2358,
#2368,#2384,#2404,#2418,#2434,#2450,#2464,#2480,#2492,#2506,#2522,#2543,#2558,
#2582,#2597,#2617,#2630,#2681,#2708,#2722,#2748,#2761,#2774,#2787,#2800,#2813,
#2826,#2839,#2851,#2878,#2892,#2906,#2920,#2934,#2948,#2962,#2976,#2990,#3003,
#3021,#3036,#3050,#3074,#3094,#3107,#3157,#3184,#3198,#3212,#3226,#3240,#3254,
#3268,#3282,#3296,#3309,#3327,#3354,#3368,#3394,#3407,#3420,#3433,#3446,#3459,
#3472,#3485,#3497,#3526,#3549,#3563,#3577,#3591,#3609,#3623,#3641,#3657,#3670,
#3685,#3700,#3729,#3742,#3759,#3773,#3790,#3806,#3818,#3831,#3843,#3857,#3871,
#3884,#3896,#3909,#3922,#3965,#3978,#3991,#4020,#4042,#4056,#4070,#4083,#4095,
#4114,#4129,#4143,#4178,#4191,#4204,#4217,#4232,#4244,#4261,#4275,#4292,#4308,
#4320,#4333,#4345,#4360,#4374,#4388,#4401,#4413,#4428,#4442,#4456,#4469,#4481,
#4496,#4510,#4524,#4537,#4549));
#4551=MANIFOLD_SOLID_BREP('',#4550);
#4552=(LENGTH_UNIT()NAMED_UNIT(*)SI_UNIT(.MILLI.,.METRE.));
#4553=(NAMED_UNIT(*)PLANE_ANGLE_UNIT()SI_UNIT($,.RADIAN.));
#4556=(NAMED_UNIT(*)SI_UNIT($,.STERADIAN.)SOLID_ANGLE_UNIT());
#4558=(GEOMETRIC_REPRESENTATION_CONTEXT(3)GLOBAL_UNCERTAINTY_ASSIGNED_CONTEXT((
#4557))GLOBAL_UNIT_ASSIGNED_CONTEXT((#4552,#4555,#4556))REPRESENTATION_CONTEXT(
'ID1','3'));
#4559=ADVANCED_BREP_SHAPE_REPRESENTATION('',(#4551),#4558);
#4566=PRODUCT_DEFINITION('part definition','',#4565,#4562);
#4567=PRODUCT_DEFINITION_SHAPE('','SHAPE FOR C-2506469-3.',#4566);
#4568=SHAPE_ASPECT('','solid data associated with C-2506469-3',#4567,.F.);
#4569=PROPERTY_DEFINITION('',
'shape for solid data with which properties are associated',#4568);
#4570=SHAPE_REPRESENTATION('',(#4551),#4558);
#4571=SHAPE_DEFINITION_REPRESENTATION(#4569,#4570);
#4572=(LENGTH_UNIT()NAMED_UNIT(*)SI_UNIT(.MILLI.,.METRE.));
#4576=PROPERTY_DEFINITION('geometric validation property','area of C-2506469-3',
#4568);
#4577=REPRESENTATION('surface area',(#4575),#4558);
#4578=PROPERTY_DEFINITION_REPRESENTATION(#4576,#4577);
#4579=(LENGTH_UNIT()NAMED_UNIT(*)SI_UNIT(.MILLI.,.METRE.));
#4583=PROPERTY_DEFINITION('geometric validation property',
'volume of C-2506469-3',#4568);
#4584=REPRESENTATION('volume',(#4582),#4558);
#4585=PROPERTY_DEFINITION_REPRESENTATION(#4583,#4584);
#4587=PROPERTY_DEFINITION('geometric validation property',
'centroid of C-2506469-3',#4568);
#4588=REPRESENTATION('centroid',(#4586),#4558);
#4589=PROPERTY_DEFINITION_REPRESENTATION(#4587,#4588);
#4590=(LENGTH_UNIT()NAMED_UNIT(*)SI_UNIT(.MILLI.,.METRE.));
#4594=PROPERTY_DEFINITION('geometric validation property','area of C-2506469-3',
#4567);
#4595=REPRESENTATION('surface area',(#4593),#4558);
#4596=PROPERTY_DEFINITION_REPRESENTATION(#4594,#4595);
#4597=(LENGTH_UNIT()NAMED_UNIT(*)SI_UNIT(.MILLI.,.METRE.));
#4601=PROPERTY_DEFINITION('geometric validation property',
'volume of C-2506469-3',#4567);
#4602=REPRESENTATION('volume',(#4600),#4558);
#4603=PROPERTY_DEFINITION_REPRESENTATION(#4601,#4602);
#4605=PROPERTY_DEFINITION('geometric validation property',
'centroid of C-2506469-3',#4567);
#4606=REPRESENTATION('centroid',(#4604),#4558);
#4607=PROPERTY_DEFINITION_REPRESENTATION(#4605,#4606);
#4608=SHAPE_DEFINITION_REPRESENTATION(#4567,#4559);
ENDSEC;
END-ISO-10303-21;
