ISO-10303-21;
HEADER;
/* Generated by software containing ST-Developer
 * from STEP Tools, Inc. (www.steptools.com) 
 */
/* OPTION: using custom schema-name function */

FILE_DESCRIPTION(
/* description */ (''),
/* implementation_level */ '2;1');

FILE_NAME(
/* name */ '527461471wbm000_01_214.stp',
/* time_stamp */ '2022-12-20T20:50:57+08:00',
/* author */ (''),
/* organization */ (''),
/* preprocessor_version */ 'ST-DEVELOPER v16.7',
/* originating_system */ 'SIEMENS PLM Software NX 1919',
/* authorisation */ '');

FILE_SCHEMA (('AUTOMOTIVE_DESIGN { 1 0 10303 214 3 1 1 1 }'));
ENDSEC;

DATA;
#10=SHAPE_REPRESENTATION_RELATIONSHIP('None',
'relationship between 527461471wbm000_01-None and 527461471wbm000_01-N
one',#22,#11);
#11=ADVANCED_BREP_SHAPE_REPRESENTATION('527461471wbm000_01-None',(#46,#47,
#48),#14545);
#12=SHAPE_DEFINITION_REPRESENTATION(#13,#22);
#13=PRODUCT_DEFINITION_SHAPE('','',#14);
#14=PRODUCT_DEFINITION(' ','',#16,#15);
#15=PRODUCT_DEFINITION_CONTEXT('part definition',#21,'design');
#16=PRODUCT_DEFINITION_FORMATION_WITH_SPECIFIED_SOURCE(' ',' ',#18,
 .NOT_KNOWN.);
#17=PRODUCT_RELATED_PRODUCT_CATEGORY('part','',(#18));
#18=PRODUCT('527461471wbm000_01','527461471wbm000_01',' ',(#19));
#19=PRODUCT_CONTEXT(' ',#21,'mechanical');
#20=APPLICATION_PROTOCOL_DEFINITION('international standard',
'automotive_design',2010,#21);
#21=APPLICATION_CONTEXT(
'core data for automotive mechanical design processes');
#22=SHAPE_REPRESENTATION('527461471wbm000_01-None',(#9154),#14545);
#23=PRESENTATION_LAYER_ASSIGNMENT('1','Layer 1',(#46,#47,#48));
#24=STYLED_ITEM('',(#27),#46);
#25=STYLED_ITEM('',(#28),#47);
#26=STYLED_ITEM('',(#29),#48);
#27=PRESENTATION_STYLE_ASSIGNMENT((#30));
#28=PRESENTATION_STYLE_ASSIGNMENT((#31));
#29=PRESENTATION_STYLE_ASSIGNMENT((#32));
#30=SURFACE_STYLE_USAGE(.BOTH.,#33);
#31=SURFACE_STYLE_USAGE(.BOTH.,#34);
#32=SURFACE_STYLE_USAGE(.BOTH.,#35);
#33=SURFACE_SIDE_STYLE('',(#36));
#34=SURFACE_SIDE_STYLE('',(#37));
#35=SURFACE_SIDE_STYLE('',(#38));
#36=SURFACE_STYLE_FILL_AREA(#39);
#37=SURFACE_STYLE_FILL_AREA(#40);
#38=SURFACE_STYLE_FILL_AREA(#41);
#39=FILL_AREA_STYLE('',(#42));
#40=FILL_AREA_STYLE('',(#43));
#41=FILL_AREA_STYLE('',(#44));
#42=FILL_AREA_STYLE_COLOUR('',#45);
#43=FILL_AREA_STYLE_COLOUR('',#45);
#44=FILL_AREA_STYLE_COLOUR('',#45);
#45=COLOUR_RGB('Medium Steel',0.596063172350652,0.666666666666667,0.686259250782025);
#46=MANIFOLD_SOLID_BREP('',#49);
#47=MANIFOLD_SOLID_BREP('',#50);
#48=MANIFOLD_SOLID_BREP('',#51);
#49=CLOSED_SHELL('',(#166,#167,#168,#169,#170,#171,#172,#173,#174,#175,
#176,#177,#178,#179,#180,#181,#182,#183,#184,#185,#186,#187,#188,#189,#190,
#191,#192,#193,#194,#195,#196,#197,#198,#199,#200,#201,#202,#203,#204,#205,
#206,#207,#208,#209,#210,#211,#212,#213,#214,#215,#216,#217,#218,#219,#220,
#221,#222,#223,#224,#225,#226,#227,#228,#229,#230,#231,#232,#233,#234,#235,
#236,#237,#238,#239,#240,#241,#242,#243,#244,#245,#246,#247,#248,#249,#250,
#251,#252,#253,#254,#255,#256,#257,#258,#259,#260,#261,#262,#263,#264,#265,
#266,#267,#268,#269,#270,#271,#272,#273,#274,#275,#276,#277,#278,#279,#280,
#281,#282,#283,#284,#285,#286,#287,#288,#289,#290,#291,#292,#293,#294,#295,
#296,#297,#298,#299,#300,#301,#302,#303,#304,#305,#306,#307,#308,#309,#310,
#311,#312,#313,#314,#315,#316,#317,#318,#319,#320,#321,#322,#323,#324,#325,
#326,#327,#328,#329,#330,#331,#332,#333,#334,#335,#336,#337,#338,#339,#340,
#341,#342,#343,#344,#345,#346,#347,#348,#349,#350,#351,#352,#353,#354,#355,
#356,#357,#358,#359,#360,#361,#362,#363,#364,#365,#366,#367,#368,#369,#370,
#371,#372,#373,#374,#375,#376,#377,#378,#379,#380,#381,#382,#383,#384,#385,
#386,#387,#388,#389,#390,#391,#392,#393,#394,#395,#396,#397,#398,#399,#400,
#401,#402,#403,#404,#405,#406,#407,#408,#409,#410,#411,#412,#413,#414,#415,
#416,#417,#418,#419,#420,#421,#422,#423,#424,#425,#426,#427,#428,#429,#430,
#431,#432,#433,#434,#435,#436,#437,#438,#439,#440,#441,#442,#443,#444,#445,
#446,#447,#448,#449,#450,#451,#452,#453,#454,#455,#456,#457,#458,#459,#460,
#461,#462,#463,#464,#465,#466,#467,#468,#469,#470,#471,#472,#473,#474,#475,
#476,#477,#478,#479,#480,#481,#482,#483,#484,#485,#486,#487,#488,#489,#490,
#491,#492,#493,#494,#495,#496,#497,#498,#499,#500,#501,#502,#503,#504,#505,
#506,#507,#508,#509,#510,#511,#512,#513,#514,#515,#516,#517,#518,#519,#520,
#521,#522,#523,#524,#525,#526,#527,#528,#529,#530,#531,#532,#533,#534,#535,
#536,#537,#538,#539,#540,#541,#542,#543,#544,#545,#546,#547,#548,#549,#550,
#551,#552,#553,#554,#555,#556,#557,#558,#559,#560,#561,#562,#563,#564,#565,
#566,#567,#568,#569,#570,#571));
#50=CLOSED_SHELL('',(#572,#573,#574,#575,#576,#577,#578,#579,#580,#581,
#582,#583,#584,#585,#586,#587,#588,#589));
#51=CLOSED_SHELL('',(#590,#591,#592,#593,#594,#595,#596,#597,#598,#599,
#600,#601,#602,#603,#604,#605,#606,#607));
#52=CYLINDRICAL_SURFACE('',#9165,0.15);
#53=CYLINDRICAL_SURFACE('',#9240,0.15);
#54=CYLINDRICAL_SURFACE('',#9280,0.175000000000001);
#55=CYLINDRICAL_SURFACE('',#9292,0.175000000000001);
#56=CYLINDRICAL_SURFACE('',#9297,0.175000000000001);
#57=CYLINDRICAL_SURFACE('',#9302,0.175000000000001);
#58=CYLINDRICAL_SURFACE('',#9329,0.12);
#59=CYLINDRICAL_SURFACE('',#9334,0.0499999999999998);
#60=CYLINDRICAL_SURFACE('',#9351,0.12);
#61=CYLINDRICAL_SURFACE('',#9356,0.0499999999999998);
#62=CYLINDRICAL_SURFACE('',#9373,0.12);
#63=CYLINDRICAL_SURFACE('',#9378,0.0499999999999998);
#64=CYLINDRICAL_SURFACE('',#9395,0.12);
#65=CYLINDRICAL_SURFACE('',#9400,0.0499999999999998);
#66=CYLINDRICAL_SURFACE('',#9417,0.12);
#67=CYLINDRICAL_SURFACE('',#9422,0.0499999999999998);
#68=CYLINDRICAL_SURFACE('',#9439,0.12);
#69=CYLINDRICAL_SURFACE('',#9444,0.0499999999999998);
#70=CYLINDRICAL_SURFACE('',#9461,0.12);
#71=CYLINDRICAL_SURFACE('',#9466,0.0499999999999998);
#72=CYLINDRICAL_SURFACE('',#9483,0.12);
#73=CYLINDRICAL_SURFACE('',#9488,0.0499999999999998);
#74=CYLINDRICAL_SURFACE('',#9505,0.12);
#75=CYLINDRICAL_SURFACE('',#9510,0.0499999999999998);
#76=CYLINDRICAL_SURFACE('',#9527,0.12);
#77=CYLINDRICAL_SURFACE('',#9532,0.0499999999999998);
#78=CYLINDRICAL_SURFACE('',#9549,0.12);
#79=CYLINDRICAL_SURFACE('',#9554,0.0499999999999998);
#80=CYLINDRICAL_SURFACE('',#9571,0.12);
#81=CYLINDRICAL_SURFACE('',#9576,0.0499999999999998);
#82=CYLINDRICAL_SURFACE('',#9593,0.12);
#83=CYLINDRICAL_SURFACE('',#9598,0.0499999999999998);
#84=CYLINDRICAL_SURFACE('',#9615,0.12);
#85=CYLINDRICAL_SURFACE('',#9620,0.0499999999999998);
#86=CIRCLE('',#9161,0.15);
#87=CIRCLE('',#9162,0.15);
#88=CIRCLE('',#9163,0.15);
#89=CIRCLE('',#9164,0.15);
#90=CIRCLE('',#9169,0.15);
#91=CIRCLE('',#9234,0.15);
#92=CIRCLE('',#9235,0.15);
#93=CIRCLE('',#9239,0.15);
#94=CIRCLE('',#9249,0.175000000000001);
#95=CIRCLE('',#9273,0.175000000000001);
#96=CIRCLE('',#9274,0.175000000000001);
#97=CIRCLE('',#9279,0.175000000000001);
#98=CIRCLE('',#9290,0.175000000000001);
#99=CIRCLE('',#9291,0.175000000000001);
#100=CIRCLE('',#9296,0.175000000000001);
#101=CIRCLE('',#9301,0.175000000000001);
#102=CIRCLE('',#9325,0.12);
#103=CIRCLE('',#9327,0.12);
#104=CIRCLE('',#9332,0.0499999999999998);
#105=CIRCLE('',#9333,0.0499999999999998);
#106=CIRCLE('',#9347,0.12);
#107=CIRCLE('',#9349,0.12);
#108=CIRCLE('',#9354,0.0499999999999998);
#109=CIRCLE('',#9355,0.0499999999999998);
#110=CIRCLE('',#9369,0.12);
#111=CIRCLE('',#9371,0.12);
#112=CIRCLE('',#9376,0.0499999999999998);
#113=CIRCLE('',#9377,0.0499999999999998);
#114=CIRCLE('',#9391,0.12);
#115=CIRCLE('',#9393,0.12);
#116=CIRCLE('',#9398,0.0499999999999998);
#117=CIRCLE('',#9399,0.0499999999999998);
#118=CIRCLE('',#9413,0.12);
#119=CIRCLE('',#9415,0.12);
#120=CIRCLE('',#9420,0.0499999999999998);
#121=CIRCLE('',#9421,0.0499999999999998);
#122=CIRCLE('',#9435,0.12);
#123=CIRCLE('',#9437,0.12);
#124=CIRCLE('',#9442,0.0499999999999998);
#125=CIRCLE('',#9443,0.0499999999999998);
#126=CIRCLE('',#9457,0.12);
#127=CIRCLE('',#9459,0.12);
#128=CIRCLE('',#9464,0.0499999999999998);
#129=CIRCLE('',#9465,0.0499999999999998);
#130=CIRCLE('',#9479,0.12);
#131=CIRCLE('',#9481,0.12);
#132=CIRCLE('',#9486,0.0499999999999998);
#133=CIRCLE('',#9487,0.0499999999999998);
#134=CIRCLE('',#9501,0.12);
#135=CIRCLE('',#9503,0.12);
#136=CIRCLE('',#9508,0.0499999999999998);
#137=CIRCLE('',#9509,0.0499999999999998);
#138=CIRCLE('',#9523,0.12);
#139=CIRCLE('',#9525,0.12);
#140=CIRCLE('',#9530,0.0499999999999998);
#141=CIRCLE('',#9531,0.0499999999999998);
#142=CIRCLE('',#9545,0.12);
#143=CIRCLE('',#9547,0.12);
#144=CIRCLE('',#9552,0.0499999999999998);
#145=CIRCLE('',#9553,0.0499999999999998);
#146=CIRCLE('',#9567,0.12);
#147=CIRCLE('',#9569,0.12);
#148=CIRCLE('',#9574,0.0499999999999998);
#149=CIRCLE('',#9575,0.0499999999999998);
#150=CIRCLE('',#9589,0.12);
#151=CIRCLE('',#9591,0.12);
#152=CIRCLE('',#9596,0.0499999999999998);
#153=CIRCLE('',#9597,0.0499999999999998);
#154=CIRCLE('',#9611,0.12);
#155=CIRCLE('',#9613,0.12);
#156=CIRCLE('',#9618,0.0499999999999998);
#157=CIRCLE('',#9619,0.0499999999999998);
#158=FACE_BOUND('',#1458,.T.);
#159=FACE_BOUND('',#1459,.T.);
#160=FACE_BOUND('',#1467,.T.);
#161=FACE_BOUND('',#1468,.T.);
#162=FACE_BOUND('',#1494,.T.);
#163=FACE_BOUND('',#1495,.T.);
#164=FACE_BOUND('',#1541,.T.);
#165=FACE_BOUND('',#1542,.T.);
#166=ADVANCED_FACE('',(#1016),#608,.F.);
#167=ADVANCED_FACE('',(#1017),#609,.F.);
#168=ADVANCED_FACE('',(#1018),#610,.F.);
#169=ADVANCED_FACE('',(#1019),#611,.F.);
#170=ADVANCED_FACE('',(#158,#159),#612,.T.);
#171=ADVANCED_FACE('',(#1020),#613,.F.);
#172=ADVANCED_FACE('',(#1021),#52,.T.);
#173=ADVANCED_FACE('',(#1022),#614,.T.);
#174=ADVANCED_FACE('',(#1023),#615,.F.);
#175=ADVANCED_FACE('',(#1024),#616,.F.);
#176=ADVANCED_FACE('',(#1025),#617,.F.);
#177=ADVANCED_FACE('',(#1026),#618,.T.);
#178=ADVANCED_FACE('',(#160,#161),#619,.F.);
#179=ADVANCED_FACE('',(#1027),#620,.F.);
#180=ADVANCED_FACE('',(#1028),#621,.F.);
#181=ADVANCED_FACE('',(#1029),#622,.T.);
#182=ADVANCED_FACE('',(#1030),#623,.T.);
#183=ADVANCED_FACE('',(#1031),#624,.F.);
#184=ADVANCED_FACE('',(#1032),#625,.F.);
#185=ADVANCED_FACE('',(#1033),#626,.F.);
#186=ADVANCED_FACE('',(#1034),#627,.F.);
#187=ADVANCED_FACE('',(#1035),#628,.F.);
#188=ADVANCED_FACE('',(#1036),#629,.F.);
#189=ADVANCED_FACE('',(#1037),#630,.T.);
#190=ADVANCED_FACE('',(#1038),#631,.T.);
#191=ADVANCED_FACE('',(#1039),#632,.T.);
#192=ADVANCED_FACE('',(#1040),#633,.T.);
#193=ADVANCED_FACE('',(#1041),#634,.T.);
#194=ADVANCED_FACE('',(#1042),#635,.T.);
#195=ADVANCED_FACE('',(#1043),#636,.T.);
#196=ADVANCED_FACE('',(#1044),#637,.T.);
#197=ADVANCED_FACE('',(#1045),#638,.T.);
#198=ADVANCED_FACE('',(#1046),#639,.F.);
#199=ADVANCED_FACE('',(#1047),#640,.F.);
#200=ADVANCED_FACE('',(#1048),#641,.T.);
#201=ADVANCED_FACE('',(#1049),#642,.F.);
#202=ADVANCED_FACE('',(#1050),#643,.F.);
#203=ADVANCED_FACE('',(#1051),#644,.F.);
#204=ADVANCED_FACE('',(#162,#163),#645,.F.);
#205=ADVANCED_FACE('',(#1052),#646,.F.);
#206=ADVANCED_FACE('',(#1053),#647,.F.);
#207=ADVANCED_FACE('',(#1054),#648,.T.);
#208=ADVANCED_FACE('',(#1055),#649,.F.);
#209=ADVANCED_FACE('',(#1056),#650,.F.);
#210=ADVANCED_FACE('',(#1057),#651,.F.);
#211=ADVANCED_FACE('',(#1058),#652,.F.);
#212=ADVANCED_FACE('',(#1059),#653,.F.);
#213=ADVANCED_FACE('',(#1060),#654,.T.);
#214=ADVANCED_FACE('',(#1061),#655,.T.);
#215=ADVANCED_FACE('',(#1062),#656,.T.);
#216=ADVANCED_FACE('',(#1063),#657,.F.);
#217=ADVANCED_FACE('',(#1064),#658,.F.);
#218=ADVANCED_FACE('',(#1065),#659,.T.);
#219=ADVANCED_FACE('',(#1066),#660,.T.);
#220=ADVANCED_FACE('',(#1067),#661,.T.);
#221=ADVANCED_FACE('',(#1068),#662,.T.);
#222=ADVANCED_FACE('',(#1069),#663,.T.);
#223=ADVANCED_FACE('',(#1070),#664,.T.);
#224=ADVANCED_FACE('',(#1071),#665,.T.);
#225=ADVANCED_FACE('',(#1072),#666,.F.);
#226=ADVANCED_FACE('',(#1073),#667,.T.);
#227=ADVANCED_FACE('',(#1074),#668,.T.);
#228=ADVANCED_FACE('',(#1075),#669,.T.);
#229=ADVANCED_FACE('',(#1076),#670,.T.);
#230=ADVANCED_FACE('',(#1077),#671,.F.);
#231=ADVANCED_FACE('',(#1078),#672,.F.);
#232=ADVANCED_FACE('',(#1079),#673,.T.);
#233=ADVANCED_FACE('',(#1080),#674,.T.);
#234=ADVANCED_FACE('',(#1081),#675,.T.);
#235=ADVANCED_FACE('',(#1082),#676,.F.);
#236=ADVANCED_FACE('',(#1083),#677,.T.);
#237=ADVANCED_FACE('',(#1084),#678,.T.);
#238=ADVANCED_FACE('',(#1085),#679,.F.);
#239=ADVANCED_FACE('',(#1086),#680,.T.);
#240=ADVANCED_FACE('',(#1087),#681,.F.);
#241=ADVANCED_FACE('',(#1088),#682,.F.);
#242=ADVANCED_FACE('',(#1089),#683,.F.);
#243=ADVANCED_FACE('',(#1090),#53,.T.);
#244=ADVANCED_FACE('',(#1091),#684,.F.);
#245=ADVANCED_FACE('',(#1092),#685,.F.);
#246=ADVANCED_FACE('',(#1093),#686,.F.);
#247=ADVANCED_FACE('',(#1094),#687,.F.);
#248=ADVANCED_FACE('',(#1095),#688,.F.);
#249=ADVANCED_FACE('',(#1096),#689,.T.);
#250=ADVANCED_FACE('',(#164,#165),#690,.T.);
#251=ADVANCED_FACE('',(#1097),#691,.T.);
#252=ADVANCED_FACE('',(#1098),#692,.T.);
#253=ADVANCED_FACE('',(#1099),#693,.T.);
#254=ADVANCED_FACE('',(#1100),#694,.T.);
#255=ADVANCED_FACE('',(#1101),#695,.T.);
#256=ADVANCED_FACE('',(#1102),#696,.T.);
#257=ADVANCED_FACE('',(#1103),#697,.T.);
#258=ADVANCED_FACE('',(#1104),#698,.T.);
#259=ADVANCED_FACE('',(#1105),#699,.T.);
#260=ADVANCED_FACE('',(#1106),#700,.T.);
#261=ADVANCED_FACE('',(#1107),#701,.T.);
#262=ADVANCED_FACE('',(#1108),#702,.T.);
#263=ADVANCED_FACE('',(#1109),#703,.T.);
#264=ADVANCED_FACE('',(#1110),#704,.T.);
#265=ADVANCED_FACE('',(#1111),#705,.T.);
#266=ADVANCED_FACE('',(#1112),#706,.T.);
#267=ADVANCED_FACE('',(#1113),#707,.T.);
#268=ADVANCED_FACE('',(#1114),#708,.T.);
#269=ADVANCED_FACE('',(#1115),#709,.F.);
#270=ADVANCED_FACE('',(#1116),#710,.T.);
#271=ADVANCED_FACE('',(#1117),#711,.T.);
#272=ADVANCED_FACE('',(#1118),#712,.F.);
#273=ADVANCED_FACE('',(#1119),#713,.F.);
#274=ADVANCED_FACE('',(#1120),#714,.T.);
#275=ADVANCED_FACE('',(#1121),#715,.T.);
#276=ADVANCED_FACE('',(#1122),#716,.T.);
#277=ADVANCED_FACE('',(#1123),#717,.T.);
#278=ADVANCED_FACE('',(#1124),#718,.T.);
#279=ADVANCED_FACE('',(#1125),#54,.F.);
#280=ADVANCED_FACE('',(#1126),#719,.T.);
#281=ADVANCED_FACE('',(#1127),#720,.F.);
#282=ADVANCED_FACE('',(#1128),#721,.T.);
#283=ADVANCED_FACE('',(#1129),#722,.T.);
#284=ADVANCED_FACE('',(#1130),#723,.T.);
#285=ADVANCED_FACE('',(#1131),#724,.T.);
#286=ADVANCED_FACE('',(#1132),#725,.T.);
#287=ADVANCED_FACE('',(#1133),#726,.T.);
#288=ADVANCED_FACE('',(#1134),#727,.T.);
#289=ADVANCED_FACE('',(#1135),#55,.F.);
#290=ADVANCED_FACE('',(#1136),#728,.T.);
#291=ADVANCED_FACE('',(#1137),#729,.T.);
#292=ADVANCED_FACE('',(#1138),#730,.T.);
#293=ADVANCED_FACE('',(#1139),#56,.F.);
#294=ADVANCED_FACE('',(#1140),#731,.F.);
#295=ADVANCED_FACE('',(#1141),#732,.T.);
#296=ADVANCED_FACE('',(#1142),#733,.T.);
#297=ADVANCED_FACE('',(#1143),#57,.F.);
#298=ADVANCED_FACE('',(#1144),#734,.T.);
#299=ADVANCED_FACE('',(#1145),#735,.F.);
#300=ADVANCED_FACE('',(#1146),#736,.F.);
#301=ADVANCED_FACE('',(#1147),#737,.F.);
#302=ADVANCED_FACE('',(#1148),#738,.T.);
#303=ADVANCED_FACE('',(#1149),#739,.T.);
#304=ADVANCED_FACE('',(#1150),#740,.T.);
#305=ADVANCED_FACE('',(#1151),#741,.T.);
#306=ADVANCED_FACE('',(#1152),#742,.F.);
#307=ADVANCED_FACE('',(#1153),#743,.F.);
#308=ADVANCED_FACE('',(#1154),#744,.F.);
#309=ADVANCED_FACE('',(#1155),#745,.F.);
#310=ADVANCED_FACE('',(#1156),#746,.F.);
#311=ADVANCED_FACE('',(#1157),#747,.F.);
#312=ADVANCED_FACE('',(#1158),#748,.T.);
#313=ADVANCED_FACE('',(#1159),#749,.F.);
#314=ADVANCED_FACE('',(#1160),#750,.F.);
#315=ADVANCED_FACE('',(#1161),#751,.F.);
#316=ADVANCED_FACE('',(#1162),#752,.T.);
#317=ADVANCED_FACE('',(#1163),#753,.T.);
#318=ADVANCED_FACE('',(#1164),#754,.T.);
#319=ADVANCED_FACE('',(#1165),#755,.T.);
#320=ADVANCED_FACE('',(#1166),#756,.T.);
#321=ADVANCED_FACE('',(#1167),#757,.F.);
#322=ADVANCED_FACE('',(#1168),#58,.T.);
#323=ADVANCED_FACE('',(#1169),#758,.F.);
#324=ADVANCED_FACE('',(#1170),#759,.F.);
#325=ADVANCED_FACE('',(#1171),#59,.T.);
#326=ADVANCED_FACE('',(#1172),#760,.T.);
#327=ADVANCED_FACE('',(#1173),#761,.F.);
#328=ADVANCED_FACE('',(#1174),#762,.F.);
#329=ADVANCED_FACE('',(#1175),#763,.F.);
#330=ADVANCED_FACE('',(#1176),#764,.F.);
#331=ADVANCED_FACE('',(#1177),#765,.T.);
#332=ADVANCED_FACE('',(#1178),#766,.F.);
#333=ADVANCED_FACE('',(#1179),#767,.F.);
#334=ADVANCED_FACE('',(#1180),#768,.F.);
#335=ADVANCED_FACE('',(#1181),#769,.F.);
#336=ADVANCED_FACE('',(#1182),#770,.F.);
#337=ADVANCED_FACE('',(#1183),#771,.F.);
#338=ADVANCED_FACE('',(#1184),#772,.T.);
#339=ADVANCED_FACE('',(#1185),#773,.F.);
#340=ADVANCED_FACE('',(#1186),#60,.T.);
#341=ADVANCED_FACE('',(#1187),#774,.F.);
#342=ADVANCED_FACE('',(#1188),#775,.F.);
#343=ADVANCED_FACE('',(#1189),#61,.T.);
#344=ADVANCED_FACE('',(#1190),#776,.T.);
#345=ADVANCED_FACE('',(#1191),#777,.F.);
#346=ADVANCED_FACE('',(#1192),#778,.F.);
#347=ADVANCED_FACE('',(#1193),#779,.F.);
#348=ADVANCED_FACE('',(#1194),#780,.F.);
#349=ADVANCED_FACE('',(#1195),#781,.T.);
#350=ADVANCED_FACE('',(#1196),#782,.F.);
#351=ADVANCED_FACE('',(#1197),#783,.F.);
#352=ADVANCED_FACE('',(#1198),#784,.F.);
#353=ADVANCED_FACE('',(#1199),#785,.F.);
#354=ADVANCED_FACE('',(#1200),#786,.F.);
#355=ADVANCED_FACE('',(#1201),#787,.F.);
#356=ADVANCED_FACE('',(#1202),#788,.T.);
#357=ADVANCED_FACE('',(#1203),#789,.F.);
#358=ADVANCED_FACE('',(#1204),#62,.T.);
#359=ADVANCED_FACE('',(#1205),#790,.F.);
#360=ADVANCED_FACE('',(#1206),#791,.F.);
#361=ADVANCED_FACE('',(#1207),#63,.T.);
#362=ADVANCED_FACE('',(#1208),#792,.T.);
#363=ADVANCED_FACE('',(#1209),#793,.F.);
#364=ADVANCED_FACE('',(#1210),#794,.F.);
#365=ADVANCED_FACE('',(#1211),#795,.F.);
#366=ADVANCED_FACE('',(#1212),#796,.F.);
#367=ADVANCED_FACE('',(#1213),#797,.T.);
#368=ADVANCED_FACE('',(#1214),#798,.F.);
#369=ADVANCED_FACE('',(#1215),#799,.F.);
#370=ADVANCED_FACE('',(#1216),#800,.F.);
#371=ADVANCED_FACE('',(#1217),#801,.F.);
#372=ADVANCED_FACE('',(#1218),#802,.F.);
#373=ADVANCED_FACE('',(#1219),#803,.F.);
#374=ADVANCED_FACE('',(#1220),#804,.T.);
#375=ADVANCED_FACE('',(#1221),#805,.F.);
#376=ADVANCED_FACE('',(#1222),#64,.T.);
#377=ADVANCED_FACE('',(#1223),#806,.F.);
#378=ADVANCED_FACE('',(#1224),#807,.F.);
#379=ADVANCED_FACE('',(#1225),#65,.T.);
#380=ADVANCED_FACE('',(#1226),#808,.T.);
#381=ADVANCED_FACE('',(#1227),#809,.F.);
#382=ADVANCED_FACE('',(#1228),#810,.F.);
#383=ADVANCED_FACE('',(#1229),#811,.F.);
#384=ADVANCED_FACE('',(#1230),#812,.F.);
#385=ADVANCED_FACE('',(#1231),#813,.T.);
#386=ADVANCED_FACE('',(#1232),#814,.F.);
#387=ADVANCED_FACE('',(#1233),#815,.F.);
#388=ADVANCED_FACE('',(#1234),#816,.F.);
#389=ADVANCED_FACE('',(#1235),#817,.F.);
#390=ADVANCED_FACE('',(#1236),#818,.F.);
#391=ADVANCED_FACE('',(#1237),#819,.F.);
#392=ADVANCED_FACE('',(#1238),#820,.T.);
#393=ADVANCED_FACE('',(#1239),#821,.F.);
#394=ADVANCED_FACE('',(#1240),#66,.T.);
#395=ADVANCED_FACE('',(#1241),#822,.F.);
#396=ADVANCED_FACE('',(#1242),#823,.F.);
#397=ADVANCED_FACE('',(#1243),#67,.T.);
#398=ADVANCED_FACE('',(#1244),#824,.T.);
#399=ADVANCED_FACE('',(#1245),#825,.F.);
#400=ADVANCED_FACE('',(#1246),#826,.F.);
#401=ADVANCED_FACE('',(#1247),#827,.F.);
#402=ADVANCED_FACE('',(#1248),#828,.F.);
#403=ADVANCED_FACE('',(#1249),#829,.T.);
#404=ADVANCED_FACE('',(#1250),#830,.F.);
#405=ADVANCED_FACE('',(#1251),#831,.F.);
#406=ADVANCED_FACE('',(#1252),#832,.F.);
#407=ADVANCED_FACE('',(#1253),#833,.F.);
#408=ADVANCED_FACE('',(#1254),#834,.F.);
#409=ADVANCED_FACE('',(#1255),#835,.F.);
#410=ADVANCED_FACE('',(#1256),#836,.T.);
#411=ADVANCED_FACE('',(#1257),#837,.F.);
#412=ADVANCED_FACE('',(#1258),#68,.T.);
#413=ADVANCED_FACE('',(#1259),#838,.F.);
#414=ADVANCED_FACE('',(#1260),#839,.F.);
#415=ADVANCED_FACE('',(#1261),#69,.T.);
#416=ADVANCED_FACE('',(#1262),#840,.T.);
#417=ADVANCED_FACE('',(#1263),#841,.F.);
#418=ADVANCED_FACE('',(#1264),#842,.F.);
#419=ADVANCED_FACE('',(#1265),#843,.F.);
#420=ADVANCED_FACE('',(#1266),#844,.F.);
#421=ADVANCED_FACE('',(#1267),#845,.T.);
#422=ADVANCED_FACE('',(#1268),#846,.F.);
#423=ADVANCED_FACE('',(#1269),#847,.F.);
#424=ADVANCED_FACE('',(#1270),#848,.F.);
#425=ADVANCED_FACE('',(#1271),#849,.F.);
#426=ADVANCED_FACE('',(#1272),#850,.F.);
#427=ADVANCED_FACE('',(#1273),#851,.F.);
#428=ADVANCED_FACE('',(#1274),#852,.T.);
#429=ADVANCED_FACE('',(#1275),#853,.F.);
#430=ADVANCED_FACE('',(#1276),#70,.T.);
#431=ADVANCED_FACE('',(#1277),#854,.F.);
#432=ADVANCED_FACE('',(#1278),#855,.F.);
#433=ADVANCED_FACE('',(#1279),#71,.T.);
#434=ADVANCED_FACE('',(#1280),#856,.T.);
#435=ADVANCED_FACE('',(#1281),#857,.F.);
#436=ADVANCED_FACE('',(#1282),#858,.F.);
#437=ADVANCED_FACE('',(#1283),#859,.F.);
#438=ADVANCED_FACE('',(#1284),#860,.F.);
#439=ADVANCED_FACE('',(#1285),#861,.T.);
#440=ADVANCED_FACE('',(#1286),#862,.F.);
#441=ADVANCED_FACE('',(#1287),#863,.F.);
#442=ADVANCED_FACE('',(#1288),#864,.F.);
#443=ADVANCED_FACE('',(#1289),#865,.F.);
#444=ADVANCED_FACE('',(#1290),#866,.F.);
#445=ADVANCED_FACE('',(#1291),#867,.F.);
#446=ADVANCED_FACE('',(#1292),#868,.T.);
#447=ADVANCED_FACE('',(#1293),#869,.F.);
#448=ADVANCED_FACE('',(#1294),#72,.T.);
#449=ADVANCED_FACE('',(#1295),#870,.F.);
#450=ADVANCED_FACE('',(#1296),#871,.F.);
#451=ADVANCED_FACE('',(#1297),#73,.T.);
#452=ADVANCED_FACE('',(#1298),#872,.T.);
#453=ADVANCED_FACE('',(#1299),#873,.F.);
#454=ADVANCED_FACE('',(#1300),#874,.F.);
#455=ADVANCED_FACE('',(#1301),#875,.F.);
#456=ADVANCED_FACE('',(#1302),#876,.F.);
#457=ADVANCED_FACE('',(#1303),#877,.T.);
#458=ADVANCED_FACE('',(#1304),#878,.F.);
#459=ADVANCED_FACE('',(#1305),#879,.F.);
#460=ADVANCED_FACE('',(#1306),#880,.F.);
#461=ADVANCED_FACE('',(#1307),#881,.F.);
#462=ADVANCED_FACE('',(#1308),#882,.F.);
#463=ADVANCED_FACE('',(#1309),#883,.F.);
#464=ADVANCED_FACE('',(#1310),#884,.T.);
#465=ADVANCED_FACE('',(#1311),#885,.F.);
#466=ADVANCED_FACE('',(#1312),#74,.T.);
#467=ADVANCED_FACE('',(#1313),#886,.F.);
#468=ADVANCED_FACE('',(#1314),#887,.F.);
#469=ADVANCED_FACE('',(#1315),#75,.T.);
#470=ADVANCED_FACE('',(#1316),#888,.T.);
#471=ADVANCED_FACE('',(#1317),#889,.F.);
#472=ADVANCED_FACE('',(#1318),#890,.F.);
#473=ADVANCED_FACE('',(#1319),#891,.F.);
#474=ADVANCED_FACE('',(#1320),#892,.F.);
#475=ADVANCED_FACE('',(#1321),#893,.T.);
#476=ADVANCED_FACE('',(#1322),#894,.F.);
#477=ADVANCED_FACE('',(#1323),#895,.F.);
#478=ADVANCED_FACE('',(#1324),#896,.F.);
#479=ADVANCED_FACE('',(#1325),#897,.F.);
#480=ADVANCED_FACE('',(#1326),#898,.F.);
#481=ADVANCED_FACE('',(#1327),#899,.F.);
#482=ADVANCED_FACE('',(#1328),#900,.T.);
#483=ADVANCED_FACE('',(#1329),#901,.F.);
#484=ADVANCED_FACE('',(#1330),#76,.T.);
#485=ADVANCED_FACE('',(#1331),#902,.F.);
#486=ADVANCED_FACE('',(#1332),#903,.F.);
#487=ADVANCED_FACE('',(#1333),#77,.T.);
#488=ADVANCED_FACE('',(#1334),#904,.T.);
#489=ADVANCED_FACE('',(#1335),#905,.F.);
#490=ADVANCED_FACE('',(#1336),#906,.F.);
#491=ADVANCED_FACE('',(#1337),#907,.F.);
#492=ADVANCED_FACE('',(#1338),#908,.F.);
#493=ADVANCED_FACE('',(#1339),#909,.T.);
#494=ADVANCED_FACE('',(#1340),#910,.F.);
#495=ADVANCED_FACE('',(#1341),#911,.F.);
#496=ADVANCED_FACE('',(#1342),#912,.F.);
#497=ADVANCED_FACE('',(#1343),#913,.F.);
#498=ADVANCED_FACE('',(#1344),#914,.F.);
#499=ADVANCED_FACE('',(#1345),#915,.F.);
#500=ADVANCED_FACE('',(#1346),#916,.T.);
#501=ADVANCED_FACE('',(#1347),#917,.F.);
#502=ADVANCED_FACE('',(#1348),#78,.T.);
#503=ADVANCED_FACE('',(#1349),#918,.F.);
#504=ADVANCED_FACE('',(#1350),#919,.F.);
#505=ADVANCED_FACE('',(#1351),#79,.T.);
#506=ADVANCED_FACE('',(#1352),#920,.T.);
#507=ADVANCED_FACE('',(#1353),#921,.F.);
#508=ADVANCED_FACE('',(#1354),#922,.F.);
#509=ADVANCED_FACE('',(#1355),#923,.F.);
#510=ADVANCED_FACE('',(#1356),#924,.F.);
#511=ADVANCED_FACE('',(#1357),#925,.T.);
#512=ADVANCED_FACE('',(#1358),#926,.F.);
#513=ADVANCED_FACE('',(#1359),#927,.F.);
#514=ADVANCED_FACE('',(#1360),#928,.F.);
#515=ADVANCED_FACE('',(#1361),#929,.F.);
#516=ADVANCED_FACE('',(#1362),#930,.F.);
#517=ADVANCED_FACE('',(#1363),#931,.F.);
#518=ADVANCED_FACE('',(#1364),#932,.T.);
#519=ADVANCED_FACE('',(#1365),#933,.F.);
#520=ADVANCED_FACE('',(#1366),#80,.T.);
#521=ADVANCED_FACE('',(#1367),#934,.F.);
#522=ADVANCED_FACE('',(#1368),#935,.F.);
#523=ADVANCED_FACE('',(#1369),#81,.T.);
#524=ADVANCED_FACE('',(#1370),#936,.T.);
#525=ADVANCED_FACE('',(#1371),#937,.F.);
#526=ADVANCED_FACE('',(#1372),#938,.F.);
#527=ADVANCED_FACE('',(#1373),#939,.F.);
#528=ADVANCED_FACE('',(#1374),#940,.F.);
#529=ADVANCED_FACE('',(#1375),#941,.T.);
#530=ADVANCED_FACE('',(#1376),#942,.F.);
#531=ADVANCED_FACE('',(#1377),#943,.F.);
#532=ADVANCED_FACE('',(#1378),#944,.F.);
#533=ADVANCED_FACE('',(#1379),#945,.F.);
#534=ADVANCED_FACE('',(#1380),#946,.F.);
#535=ADVANCED_FACE('',(#1381),#947,.F.);
#536=ADVANCED_FACE('',(#1382),#948,.T.);
#537=ADVANCED_FACE('',(#1383),#949,.F.);
#538=ADVANCED_FACE('',(#1384),#82,.T.);
#539=ADVANCED_FACE('',(#1385),#950,.F.);
#540=ADVANCED_FACE('',(#1386),#951,.F.);
#541=ADVANCED_FACE('',(#1387),#83,.T.);
#542=ADVANCED_FACE('',(#1388),#952,.T.);
#543=ADVANCED_FACE('',(#1389),#953,.F.);
#544=ADVANCED_FACE('',(#1390),#954,.F.);
#545=ADVANCED_FACE('',(#1391),#955,.F.);
#546=ADVANCED_FACE('',(#1392),#956,.F.);
#547=ADVANCED_FACE('',(#1393),#957,.T.);
#548=ADVANCED_FACE('',(#1394),#958,.F.);
#549=ADVANCED_FACE('',(#1395),#959,.F.);
#550=ADVANCED_FACE('',(#1396),#960,.F.);
#551=ADVANCED_FACE('',(#1397),#961,.F.);
#552=ADVANCED_FACE('',(#1398),#962,.F.);
#553=ADVANCED_FACE('',(#1399),#963,.F.);
#554=ADVANCED_FACE('',(#1400),#964,.T.);
#555=ADVANCED_FACE('',(#1401),#965,.F.);
#556=ADVANCED_FACE('',(#1402),#84,.T.);
#557=ADVANCED_FACE('',(#1403),#966,.F.);
#558=ADVANCED_FACE('',(#1404),#967,.F.);
#559=ADVANCED_FACE('',(#1405),#85,.T.);
#560=ADVANCED_FACE('',(#1406),#968,.T.);
#561=ADVANCED_FACE('',(#1407),#969,.F.);
#562=ADVANCED_FACE('',(#1408),#970,.F.);
#563=ADVANCED_FACE('',(#1409),#971,.F.);
#564=ADVANCED_FACE('',(#1410),#972,.F.);
#565=ADVANCED_FACE('',(#1411),#973,.T.);
#566=ADVANCED_FACE('',(#1412),#974,.F.);
#567=ADVANCED_FACE('',(#1413),#975,.F.);
#568=ADVANCED_FACE('',(#1414),#976,.F.);
#569=ADVANCED_FACE('',(#1415),#977,.F.);
#570=ADVANCED_FACE('',(#1416),#978,.F.);
#571=ADVANCED_FACE('',(#1417),#979,.F.);
#572=ADVANCED_FACE('',(#1418),#980,.F.);
#573=ADVANCED_FACE('',(#1419),#981,.F.);
#574=ADVANCED_FACE('',(#1420),#982,.F.);
#575=ADVANCED_FACE('',(#1421),#983,.F.);
#576=ADVANCED_FACE('',(#1422),#984,.F.);
#577=ADVANCED_FACE('',(#1423),#985,.F.);
#578=ADVANCED_FACE('',(#1424),#986,.F.);
#579=ADVANCED_FACE('',(#1425),#987,.F.);
#580=ADVANCED_FACE('',(#1426),#988,.F.);
#581=ADVANCED_FACE('',(#1427),#989,.F.);
#582=ADVANCED_FACE('',(#1428),#990,.F.);
#583=ADVANCED_FACE('',(#1429),#991,.F.);
#584=ADVANCED_FACE('',(#1430),#992,.F.);
#585=ADVANCED_FACE('',(#1431),#993,.F.);
#586=ADVANCED_FACE('',(#1432),#994,.F.);
#587=ADVANCED_FACE('',(#1433),#995,.F.);
#588=ADVANCED_FACE('',(#1434),#996,.T.);
#589=ADVANCED_FACE('',(#1435),#997,.F.);
#590=ADVANCED_FACE('',(#1436),#998,.F.);
#591=ADVANCED_FACE('',(#1437),#999,.F.);
#592=ADVANCED_FACE('',(#1438),#1000,.F.);
#593=ADVANCED_FACE('',(#1439),#1001,.F.);
#594=ADVANCED_FACE('',(#1440),#1002,.F.);
#595=ADVANCED_FACE('',(#1441),#1003,.F.);
#596=ADVANCED_FACE('',(#1442),#1004,.F.);
#597=ADVANCED_FACE('',(#1443),#1005,.F.);
#598=ADVANCED_FACE('',(#1444),#1006,.F.);
#599=ADVANCED_FACE('',(#1445),#1007,.F.);
#600=ADVANCED_FACE('',(#1446),#1008,.F.);
#601=ADVANCED_FACE('',(#1447),#1009,.F.);
#602=ADVANCED_FACE('',(#1448),#1010,.F.);
#603=ADVANCED_FACE('',(#1449),#1011,.F.);
#604=ADVANCED_FACE('',(#1450),#1012,.F.);
#605=ADVANCED_FACE('',(#1451),#1013,.F.);
#606=ADVANCED_FACE('',(#1452),#1014,.T.);
#607=ADVANCED_FACE('',(#1453),#1015,.F.);
#608=PLANE('',#9155);
#609=PLANE('',#9156);
#610=PLANE('',#9157);
#611=PLANE('',#9158);
#612=PLANE('',#9159);
#613=PLANE('',#9160);
#614=PLANE('',#9166);
#615=PLANE('',#9167);
#616=PLANE('',#9168);
#617=PLANE('',#9170);
#618=PLANE('',#9171);
#619=PLANE('',#9172);
#620=PLANE('',#9173);
#621=PLANE('',#9174);
#622=PLANE('',#9175);
#623=PLANE('',#9176);
#624=PLANE('',#9177);
#625=PLANE('',#9178);
#626=PLANE('',#9179);
#627=PLANE('',#9180);
#628=PLANE('',#9181);
#629=PLANE('',#9182);
#630=PLANE('',#9183);
#631=PLANE('',#9184);
#632=PLANE('',#9185);
#633=PLANE('',#9186);
#634=PLANE('',#9187);
#635=PLANE('',#9188);
#636=PLANE('',#9189);
#637=PLANE('',#9190);
#638=PLANE('',#9191);
#639=PLANE('',#9192);
#640=PLANE('',#9193);
#641=PLANE('',#9194);
#642=PLANE('',#9195);
#643=PLANE('',#9196);
#644=PLANE('',#9197);
#645=PLANE('',#9198);
#646=PLANE('',#9199);
#647=PLANE('',#9200);
#648=PLANE('',#9201);
#649=PLANE('',#9202);
#650=PLANE('',#9203);
#651=PLANE('',#9204);
#652=PLANE('',#9205);
#653=PLANE('',#9206);
#654=PLANE('',#9207);
#655=PLANE('',#9208);
#656=PLANE('',#9209);
#657=PLANE('',#9210);
#658=PLANE('',#9211);
#659=PLANE('',#9212);
#660=PLANE('',#9213);
#661=PLANE('',#9214);
#662=PLANE('',#9215);
#663=PLANE('',#9216);
#664=PLANE('',#9217);
#665=PLANE('',#9218);
#666=PLANE('',#9219);
#667=PLANE('',#9220);
#668=PLANE('',#9221);
#669=PLANE('',#9222);
#670=PLANE('',#9223);
#671=PLANE('',#9224);
#672=PLANE('',#9225);
#673=PLANE('',#9226);
#674=PLANE('',#9227);
#675=PLANE('',#9228);
#676=PLANE('',#9229);
#677=PLANE('',#9230);
#678=PLANE('',#9231);
#679=PLANE('',#9232);
#680=PLANE('',#9233);
#681=PLANE('',#9236);
#682=PLANE('',#9237);
#683=PLANE('',#9238);
#684=PLANE('',#9241);
#685=PLANE('',#9242);
#686=PLANE('',#9243);
#687=PLANE('',#9244);
#688=PLANE('',#9245);
#689=PLANE('',#9246);
#690=PLANE('',#9247);
#691=PLANE('',#9248);
#692=PLANE('',#9250);
#693=PLANE('',#9251);
#694=PLANE('',#9252);
#695=PLANE('',#9253);
#696=PLANE('',#9254);
#697=PLANE('',#9255);
#698=PLANE('',#9256);
#699=PLANE('',#9257);
#700=PLANE('',#9258);
#701=PLANE('',#9259);
#702=PLANE('',#9260);
#703=PLANE('',#9261);
#704=PLANE('',#9262);
#705=PLANE('',#9263);
#706=PLANE('',#9264);
#707=PLANE('',#9265);
#708=PLANE('',#9266);
#709=PLANE('',#9267);
#710=PLANE('',#9268);
#711=PLANE('',#9269);
#712=PLANE('',#9270);
#713=PLANE('',#9271);
#714=PLANE('',#9272);
#715=PLANE('',#9275);
#716=PLANE('',#9276);
#717=PLANE('',#9277);
#718=PLANE('',#9278);
#719=PLANE('',#9281);
#720=PLANE('',#9282);
#721=PLANE('',#9283);
#722=PLANE('',#9284);
#723=PLANE('',#9285);
#724=PLANE('',#9286);
#725=PLANE('',#9287);
#726=PLANE('',#9288);
#727=PLANE('',#9289);
#728=PLANE('',#9293);
#729=PLANE('',#9294);
#730=PLANE('',#9295);
#731=PLANE('',#9298);
#732=PLANE('',#9299);
#733=PLANE('',#9300);
#734=PLANE('',#9303);
#735=PLANE('',#9304);
#736=PLANE('',#9305);
#737=PLANE('',#9306);
#738=PLANE('',#9307);
#739=PLANE('',#9308);
#740=PLANE('',#9309);
#741=PLANE('',#9310);
#742=PLANE('',#9311);
#743=PLANE('',#9312);
#744=PLANE('',#9313);
#745=PLANE('',#9314);
#746=PLANE('',#9315);
#747=PLANE('',#9316);
#748=PLANE('',#9317);
#749=PLANE('',#9318);
#750=PLANE('',#9319);
#751=PLANE('',#9320);
#752=PLANE('',#9321);
#753=PLANE('',#9322);
#754=PLANE('',#9323);
#755=PLANE('',#9324);
#756=PLANE('',#9326);
#757=PLANE('',#9328);
#758=PLANE('',#9330);
#759=PLANE('',#9331);
#760=PLANE('',#9335);
#761=PLANE('',#9336);
#762=PLANE('',#9337);
#763=PLANE('',#9338);
#764=PLANE('',#9339);
#765=PLANE('',#9340);
#766=PLANE('',#9341);
#767=PLANE('',#9342);
#768=PLANE('',#9343);
#769=PLANE('',#9344);
#770=PLANE('',#9345);
#771=PLANE('',#9346);
#772=PLANE('',#9348);
#773=PLANE('',#9350);
#774=PLANE('',#9352);
#775=PLANE('',#9353);
#776=PLANE('',#9357);
#777=PLANE('',#9358);
#778=PLANE('',#9359);
#779=PLANE('',#9360);
#780=PLANE('',#9361);
#781=PLANE('',#9362);
#782=PLANE('',#9363);
#783=PLANE('',#9364);
#784=PLANE('',#9365);
#785=PLANE('',#9366);
#786=PLANE('',#9367);
#787=PLANE('',#9368);
#788=PLANE('',#9370);
#789=PLANE('',#9372);
#790=PLANE('',#9374);
#791=PLANE('',#9375);
#792=PLANE('',#9379);
#793=PLANE('',#9380);
#794=PLANE('',#9381);
#795=PLANE('',#9382);
#796=PLANE('',#9383);
#797=PLANE('',#9384);
#798=PLANE('',#9385);
#799=PLANE('',#9386);
#800=PLANE('',#9387);
#801=PLANE('',#9388);
#802=PLANE('',#9389);
#803=PLANE('',#9390);
#804=PLANE('',#9392);
#805=PLANE('',#9394);
#806=PLANE('',#9396);
#807=PLANE('',#9397);
#808=PLANE('',#9401);
#809=PLANE('',#9402);
#810=PLANE('',#9403);
#811=PLANE('',#9404);
#812=PLANE('',#9405);
#813=PLANE('',#9406);
#814=PLANE('',#9407);
#815=PLANE('',#9408);
#816=PLANE('',#9409);
#817=PLANE('',#9410);
#818=PLANE('',#9411);
#819=PLANE('',#9412);
#820=PLANE('',#9414);
#821=PLANE('',#9416);
#822=PLANE('',#9418);
#823=PLANE('',#9419);
#824=PLANE('',#9423);
#825=PLANE('',#9424);
#826=PLANE('',#9425);
#827=PLANE('',#9426);
#828=PLANE('',#9427);
#829=PLANE('',#9428);
#830=PLANE('',#9429);
#831=PLANE('',#9430);
#832=PLANE('',#9431);
#833=PLANE('',#9432);
#834=PLANE('',#9433);
#835=PLANE('',#9434);
#836=PLANE('',#9436);
#837=PLANE('',#9438);
#838=PLANE('',#9440);
#839=PLANE('',#9441);
#840=PLANE('',#9445);
#841=PLANE('',#9446);
#842=PLANE('',#9447);
#843=PLANE('',#9448);
#844=PLANE('',#9449);
#845=PLANE('',#9450);
#846=PLANE('',#9451);
#847=PLANE('',#9452);
#848=PLANE('',#9453);
#849=PLANE('',#9454);
#850=PLANE('',#9455);
#851=PLANE('',#9456);
#852=PLANE('',#9458);
#853=PLANE('',#9460);
#854=PLANE('',#9462);
#855=PLANE('',#9463);
#856=PLANE('',#9467);
#857=PLANE('',#9468);
#858=PLANE('',#9469);
#859=PLANE('',#9470);
#860=PLANE('',#9471);
#861=PLANE('',#9472);
#862=PLANE('',#9473);
#863=PLANE('',#9474);
#864=PLANE('',#9475);
#865=PLANE('',#9476);
#866=PLANE('',#9477);
#867=PLANE('',#9478);
#868=PLANE('',#9480);
#869=PLANE('',#9482);
#870=PLANE('',#9484);
#871=PLANE('',#9485);
#872=PLANE('',#9489);
#873=PLANE('',#9490);
#874=PLANE('',#9491);
#875=PLANE('',#9492);
#876=PLANE('',#9493);
#877=PLANE('',#9494);
#878=PLANE('',#9495);
#879=PLANE('',#9496);
#880=PLANE('',#9497);
#881=PLANE('',#9498);
#882=PLANE('',#9499);
#883=PLANE('',#9500);
#884=PLANE('',#9502);
#885=PLANE('',#9504);
#886=PLANE('',#9506);
#887=PLANE('',#9507);
#888=PLANE('',#9511);
#889=PLANE('',#9512);
#890=PLANE('',#9513);
#891=PLANE('',#9514);
#892=PLANE('',#9515);
#893=PLANE('',#9516);
#894=PLANE('',#9517);
#895=PLANE('',#9518);
#896=PLANE('',#9519);
#897=PLANE('',#9520);
#898=PLANE('',#9521);
#899=PLANE('',#9522);
#900=PLANE('',#9524);
#901=PLANE('',#9526);
#902=PLANE('',#9528);
#903=PLANE('',#9529);
#904=PLANE('',#9533);
#905=PLANE('',#9534);
#906=PLANE('',#9535);
#907=PLANE('',#9536);
#908=PLANE('',#9537);
#909=PLANE('',#9538);
#910=PLANE('',#9539);
#911=PLANE('',#9540);
#912=PLANE('',#9541);
#913=PLANE('',#9542);
#914=PLANE('',#9543);
#915=PLANE('',#9544);
#916=PLANE('',#9546);
#917=PLANE('',#9548);
#918=PLANE('',#9550);
#919=PLANE('',#9551);
#920=PLANE('',#9555);
#921=PLANE('',#9556);
#922=PLANE('',#9557);
#923=PLANE('',#9558);
#924=PLANE('',#9559);
#925=PLANE('',#9560);
#926=PLANE('',#9561);
#927=PLANE('',#9562);
#928=PLANE('',#9563);
#929=PLANE('',#9564);
#930=PLANE('',#9565);
#931=PLANE('',#9566);
#932=PLANE('',#9568);
#933=PLANE('',#9570);
#934=PLANE('',#9572);
#935=PLANE('',#9573);
#936=PLANE('',#9577);
#937=PLANE('',#9578);
#938=PLANE('',#9579);
#939=PLANE('',#9580);
#940=PLANE('',#9581);
#941=PLANE('',#9582);
#942=PLANE('',#9583);
#943=PLANE('',#9584);
#944=PLANE('',#9585);
#945=PLANE('',#9586);
#946=PLANE('',#9587);
#947=PLANE('',#9588);
#948=PLANE('',#9590);
#949=PLANE('',#9592);
#950=PLANE('',#9594);
#951=PLANE('',#9595);
#952=PLANE('',#9599);
#953=PLANE('',#9600);
#954=PLANE('',#9601);
#955=PLANE('',#9602);
#956=PLANE('',#9603);
#957=PLANE('',#9604);
#958=PLANE('',#9605);
#959=PLANE('',#9606);
#960=PLANE('',#9607);
#961=PLANE('',#9608);
#962=PLANE('',#9609);
#963=PLANE('',#9610);
#964=PLANE('',#9612);
#965=PLANE('',#9614);
#966=PLANE('',#9616);
#967=PLANE('',#9617);
#968=PLANE('',#9621);
#969=PLANE('',#9622);
#970=PLANE('',#9623);
#971=PLANE('',#9624);
#972=PLANE('',#9625);
#973=PLANE('',#9626);
#974=PLANE('',#9627);
#975=PLANE('',#9628);
#976=PLANE('',#9629);
#977=PLANE('',#9630);
#978=PLANE('',#9631);
#979=PLANE('',#9632);
#980=PLANE('',#9633);
#981=PLANE('',#9634);
#982=PLANE('',#9635);
#983=PLANE('',#9636);
#984=PLANE('',#9637);
#985=PLANE('',#9638);
#986=PLANE('',#9639);
#987=PLANE('',#9640);
#988=PLANE('',#9641);
#989=PLANE('',#9642);
#990=PLANE('',#9643);
#991=PLANE('',#9644);
#992=PLANE('',#9645);
#993=PLANE('',#9646);
#994=PLANE('',#9647);
#995=PLANE('',#9648);
#996=PLANE('',#9649);
#997=PLANE('',#9650);
#998=PLANE('',#9651);
#999=PLANE('',#9652);
#1000=PLANE('',#9653);
#1001=PLANE('',#9654);
#1002=PLANE('',#9655);
#1003=PLANE('',#9656);
#1004=PLANE('',#9657);
#1005=PLANE('',#9658);
#1006=PLANE('',#9659);
#1007=PLANE('',#9660);
#1008=PLANE('',#9661);
#1009=PLANE('',#9662);
#1010=PLANE('',#9663);
#1011=PLANE('',#9664);
#1012=PLANE('',#9665);
#1013=PLANE('',#9666);
#1014=PLANE('',#9667);
#1015=PLANE('',#9668);
#1016=FACE_OUTER_BOUND('',#1454,.T.);
#1017=FACE_OUTER_BOUND('',#1455,.T.);
#1018=FACE_OUTER_BOUND('',#1456,.T.);
#1019=FACE_OUTER_BOUND('',#1457,.T.);
#1020=FACE_OUTER_BOUND('',#1460,.T.);
#1021=FACE_OUTER_BOUND('',#1461,.T.);
#1022=FACE_OUTER_BOUND('',#1462,.T.);
#1023=FACE_OUTER_BOUND('',#1463,.T.);
#1024=FACE_OUTER_BOUND('',#1464,.T.);
#1025=FACE_OUTER_BOUND('',#1465,.T.);
#1026=FACE_OUTER_BOUND('',#1466,.T.);
#1027=FACE_OUTER_BOUND('',#1469,.T.);
#1028=FACE_OUTER_BOUND('',#1470,.T.);
#1029=FACE_OUTER_BOUND('',#1471,.T.);
#1030=FACE_OUTER_BOUND('',#1472,.T.);
#1031=FACE_OUTER_BOUND('',#1473,.T.);
#1032=FACE_OUTER_BOUND('',#1474,.T.);
#1033=FACE_OUTER_BOUND('',#1475,.T.);
#1034=FACE_OUTER_BOUND('',#1476,.T.);
#1035=FACE_OUTER_BOUND('',#1477,.T.);
#1036=FACE_OUTER_BOUND('',#1478,.T.);
#1037=FACE_OUTER_BOUND('',#1479,.T.);
#1038=FACE_OUTER_BOUND('',#1480,.T.);
#1039=FACE_OUTER_BOUND('',#1481,.T.);
#1040=FACE_OUTER_BOUND('',#1482,.T.);
#1041=FACE_OUTER_BOUND('',#1483,.T.);
#1042=FACE_OUTER_BOUND('',#1484,.T.);
#1043=FACE_OUTER_BOUND('',#1485,.T.);
#1044=FACE_OUTER_BOUND('',#1486,.T.);
#1045=FACE_OUTER_BOUND('',#1487,.T.);
#1046=FACE_OUTER_BOUND('',#1488,.T.);
#1047=FACE_OUTER_BOUND('',#1489,.T.);
#1048=FACE_OUTER_BOUND('',#1490,.T.);
#1049=FACE_OUTER_BOUND('',#1491,.T.);
#1050=FACE_OUTER_BOUND('',#1492,.T.);
#1051=FACE_OUTER_BOUND('',#1493,.T.);
#1052=FACE_OUTER_BOUND('',#1496,.T.);
#1053=FACE_OUTER_BOUND('',#1497,.T.);
#1054=FACE_OUTER_BOUND('',#1498,.T.);
#1055=FACE_OUTER_BOUND('',#1499,.T.);
#1056=FACE_OUTER_BOUND('',#1500,.T.);
#1057=FACE_OUTER_BOUND('',#1501,.T.);
#1058=FACE_OUTER_BOUND('',#1502,.T.);
#1059=FACE_OUTER_BOUND('',#1503,.T.);
#1060=FACE_OUTER_BOUND('',#1504,.T.);
#1061=FACE_OUTER_BOUND('',#1505,.T.);
#1062=FACE_OUTER_BOUND('',#1506,.T.);
#1063=FACE_OUTER_BOUND('',#1507,.T.);
#1064=FACE_OUTER_BOUND('',#1508,.T.);
#1065=FACE_OUTER_BOUND('',#1509,.T.);
#1066=FACE_OUTER_BOUND('',#1510,.T.);
#1067=FACE_OUTER_BOUND('',#1511,.T.);
#1068=FACE_OUTER_BOUND('',#1512,.T.);
#1069=FACE_OUTER_BOUND('',#1513,.T.);
#1070=FACE_OUTER_BOUND('',#1514,.T.);
#1071=FACE_OUTER_BOUND('',#1515,.T.);
#1072=FACE_OUTER_BOUND('',#1516,.T.);
#1073=FACE_OUTER_BOUND('',#1517,.T.);
#1074=FACE_OUTER_BOUND('',#1518,.T.);
#1075=FACE_OUTER_BOUND('',#1519,.T.);
#1076=FACE_OUTER_BOUND('',#1520,.T.);
#1077=FACE_OUTER_BOUND('',#1521,.T.);
#1078=FACE_OUTER_BOUND('',#1522,.T.);
#1079=FACE_OUTER_BOUND('',#1523,.T.);
#1080=FACE_OUTER_BOUND('',#1524,.T.);
#1081=FACE_OUTER_BOUND('',#1525,.T.);
#1082=FACE_OUTER_BOUND('',#1526,.T.);
#1083=FACE_OUTER_BOUND('',#1527,.T.);
#1084=FACE_OUTER_BOUND('',#1528,.T.);
#1085=FACE_OUTER_BOUND('',#1529,.T.);
#1086=FACE_OUTER_BOUND('',#1530,.T.);
#1087=FACE_OUTER_BOUND('',#1531,.T.);
#1088=FACE_OUTER_BOUND('',#1532,.T.);
#1089=FACE_OUTER_BOUND('',#1533,.T.);
#1090=FACE_OUTER_BOUND('',#1534,.T.);
#1091=FACE_OUTER_BOUND('',#1535,.T.);
#1092=FACE_OUTER_BOUND('',#1536,.T.);
#1093=FACE_OUTER_BOUND('',#1537,.T.);
#1094=FACE_OUTER_BOUND('',#1538,.T.);
#1095=FACE_OUTER_BOUND('',#1539,.T.);
#1096=FACE_OUTER_BOUND('',#1540,.T.);
#1097=FACE_OUTER_BOUND('',#1543,.T.);
#1098=FACE_OUTER_BOUND('',#1544,.T.);
#1099=FACE_OUTER_BOUND('',#1545,.T.);
#1100=FACE_OUTER_BOUND('',#1546,.T.);
#1101=FACE_OUTER_BOUND('',#1547,.T.);
#1102=FACE_OUTER_BOUND('',#1548,.T.);
#1103=FACE_OUTER_BOUND('',#1549,.T.);
#1104=FACE_OUTER_BOUND('',#1550,.T.);
#1105=FACE_OUTER_BOUND('',#1551,.T.);
#1106=FACE_OUTER_BOUND('',#1552,.T.);
#1107=FACE_OUTER_BOUND('',#1553,.T.);
#1108=FACE_OUTER_BOUND('',#1554,.T.);
#1109=FACE_OUTER_BOUND('',#1555,.T.);
#1110=FACE_OUTER_BOUND('',#1556,.T.);
#1111=FACE_OUTER_BOUND('',#1557,.T.);
#1112=FACE_OUTER_BOUND('',#1558,.T.);
#1113=FACE_OUTER_BOUND('',#1559,.T.);
#1114=FACE_OUTER_BOUND('',#1560,.T.);
#1115=FACE_OUTER_BOUND('',#1561,.T.);
#1116=FACE_OUTER_BOUND('',#1562,.T.);
#1117=FACE_OUTER_BOUND('',#1563,.T.);
#1118=FACE_OUTER_BOUND('',#1564,.T.);
#1119=FACE_OUTER_BOUND('',#1565,.T.);
#1120=FACE_OUTER_BOUND('',#1566,.T.);
#1121=FACE_OUTER_BOUND('',#1567,.T.);
#1122=FACE_OUTER_BOUND('',#1568,.T.);
#1123=FACE_OUTER_BOUND('',#1569,.T.);
#1124=FACE_OUTER_BOUND('',#1570,.T.);
#1125=FACE_OUTER_BOUND('',#1571,.T.);
#1126=FACE_OUTER_BOUND('',#1572,.T.);
#1127=FACE_OUTER_BOUND('',#1573,.T.);
#1128=FACE_OUTER_BOUND('',#1574,.T.);
#1129=FACE_OUTER_BOUND('',#1575,.T.);
#1130=FACE_OUTER_BOUND('',#1576,.T.);
#1131=FACE_OUTER_BOUND('',#1577,.T.);
#1132=FACE_OUTER_BOUND('',#1578,.T.);
#1133=FACE_OUTER_BOUND('',#1579,.T.);
#1134=FACE_OUTER_BOUND('',#1580,.T.);
#1135=FACE_OUTER_BOUND('',#1581,.T.);
#1136=FACE_OUTER_BOUND('',#1582,.T.);
#1137=FACE_OUTER_BOUND('',#1583,.T.);
#1138=FACE_OUTER_BOUND('',#1584,.T.);
#1139=FACE_OUTER_BOUND('',#1585,.T.);
#1140=FACE_OUTER_BOUND('',#1586,.T.);
#1141=FACE_OUTER_BOUND('',#1587,.T.);
#1142=FACE_OUTER_BOUND('',#1588,.T.);
#1143=FACE_OUTER_BOUND('',#1589,.T.);
#1144=FACE_OUTER_BOUND('',#1590,.T.);
#1145=FACE_OUTER_BOUND('',#1591,.T.);
#1146=FACE_OUTER_BOUND('',#1592,.T.);
#1147=FACE_OUTER_BOUND('',#1593,.T.);
#1148=FACE_OUTER_BOUND('',#1594,.T.);
#1149=FACE_OUTER_BOUND('',#1595,.T.);
#1150=FACE_OUTER_BOUND('',#1596,.T.);
#1151=FACE_OUTER_BOUND('',#1597,.T.);
#1152=FACE_OUTER_BOUND('',#1598,.T.);
#1153=FACE_OUTER_BOUND('',#1599,.T.);
#1154=FACE_OUTER_BOUND('',#1600,.T.);
#1155=FACE_OUTER_BOUND('',#1601,.T.);
#1156=FACE_OUTER_BOUND('',#1602,.T.);
#1157=FACE_OUTER_BOUND('',#1603,.T.);
#1158=FACE_OUTER_BOUND('',#1604,.T.);
#1159=FACE_OUTER_BOUND('',#1605,.T.);
#1160=FACE_OUTER_BOUND('',#1606,.T.);
#1161=FACE_OUTER_BOUND('',#1607,.T.);
#1162=FACE_OUTER_BOUND('',#1608,.T.);
#1163=FACE_OUTER_BOUND('',#1609,.T.);
#1164=FACE_OUTER_BOUND('',#1610,.T.);
#1165=FACE_OUTER_BOUND('',#1611,.T.);
#1166=FACE_OUTER_BOUND('',#1612,.T.);
#1167=FACE_OUTER_BOUND('',#1613,.T.);
#1168=FACE_OUTER_BOUND('',#1614,.T.);
#1169=FACE_OUTER_BOUND('',#1615,.T.);
#1170=FACE_OUTER_BOUND('',#1616,.T.);
#1171=FACE_OUTER_BOUND('',#1617,.T.);
#1172=FACE_OUTER_BOUND('',#1618,.T.);
#1173=FACE_OUTER_BOUND('',#1619,.T.);
#1174=FACE_OUTER_BOUND('',#1620,.T.);
#1175=FACE_OUTER_BOUND('',#1621,.T.);
#1176=FACE_OUTER_BOUND('',#1622,.T.);
#1177=FACE_OUTER_BOUND('',#1623,.T.);
#1178=FACE_OUTER_BOUND('',#1624,.T.);
#1179=FACE_OUTER_BOUND('',#1625,.T.);
#1180=FACE_OUTER_BOUND('',#1626,.T.);
#1181=FACE_OUTER_BOUND('',#1627,.T.);
#1182=FACE_OUTER_BOUND('',#1628,.T.);
#1183=FACE_OUTER_BOUND('',#1629,.T.);
#1184=FACE_OUTER_BOUND('',#1630,.T.);
#1185=FACE_OUTER_BOUND('',#1631,.T.);
#1186=FACE_OUTER_BOUND('',#1632,.T.);
#1187=FACE_OUTER_BOUND('',#1633,.T.);
#1188=FACE_OUTER_BOUND('',#1634,.T.);
#1189=FACE_OUTER_BOUND('',#1635,.T.);
#1190=FACE_OUTER_BOUND('',#1636,.T.);
#1191=FACE_OUTER_BOUND('',#1637,.T.);
#1192=FACE_OUTER_BOUND('',#1638,.T.);
#1193=FACE_OUTER_BOUND('',#1639,.T.);
#1194=FACE_OUTER_BOUND('',#1640,.T.);
#1195=FACE_OUTER_BOUND('',#1641,.T.);
#1196=FACE_OUTER_BOUND('',#1642,.T.);
#1197=FACE_OUTER_BOUND('',#1643,.T.);
#1198=FACE_OUTER_BOUND('',#1644,.T.);
#1199=FACE_OUTER_BOUND('',#1645,.T.);
#1200=FACE_OUTER_BOUND('',#1646,.T.);
#1201=FACE_OUTER_BOUND('',#1647,.T.);
#1202=FACE_OUTER_BOUND('',#1648,.T.);
#1203=FACE_OUTER_BOUND('',#1649,.T.);
#1204=FACE_OUTER_BOUND('',#1650,.T.);
#1205=FACE_OUTER_BOUND('',#1651,.T.);
#1206=FACE_OUTER_BOUND('',#1652,.T.);
#1207=FACE_OUTER_BOUND('',#1653,.T.);
#1208=FACE_OUTER_BOUND('',#1654,.T.);
#1209=FACE_OUTER_BOUND('',#1655,.T.);
#1210=FACE_OUTER_BOUND('',#1656,.T.);
#1211=FACE_OUTER_BOUND('',#1657,.T.);
#1212=FACE_OUTER_BOUND('',#1658,.T.);
#1213=FACE_OUTER_BOUND('',#1659,.T.);
#1214=FACE_OUTER_BOUND('',#1660,.T.);
#1215=FACE_OUTER_BOUND('',#1661,.T.);
#1216=FACE_OUTER_BOUND('',#1662,.T.);
#1217=FACE_OUTER_BOUND('',#1663,.T.);
#1218=FACE_OUTER_BOUND('',#1664,.T.);
#1219=FACE_OUTER_BOUND('',#1665,.T.);
#1220=FACE_OUTER_BOUND('',#1666,.T.);
#1221=FACE_OUTER_BOUND('',#1667,.T.);
#1222=FACE_OUTER_BOUND('',#1668,.T.);
#1223=FACE_OUTER_BOUND('',#1669,.T.);
#1224=FACE_OUTER_BOUND('',#1670,.T.);
#1225=FACE_OUTER_BOUND('',#1671,.T.);
#1226=FACE_OUTER_BOUND('',#1672,.T.);
#1227=FACE_OUTER_BOUND('',#1673,.T.);
#1228=FACE_OUTER_BOUND('',#1674,.T.);
#1229=FACE_OUTER_BOUND('',#1675,.T.);
#1230=FACE_OUTER_BOUND('',#1676,.T.);
#1231=FACE_OUTER_BOUND('',#1677,.T.);
#1232=FACE_OUTER_BOUND('',#1678,.T.);
#1233=FACE_OUTER_BOUND('',#1679,.T.);
#1234=FACE_OUTER_BOUND('',#1680,.T.);
#1235=FACE_OUTER_BOUND('',#1681,.T.);
#1236=FACE_OUTER_BOUND('',#1682,.T.);
#1237=FACE_OUTER_BOUND('',#1683,.T.);
#1238=FACE_OUTER_BOUND('',#1684,.T.);
#1239=FACE_OUTER_BOUND('',#1685,.T.);
#1240=FACE_OUTER_BOUND('',#1686,.T.);
#1241=FACE_OUTER_BOUND('',#1687,.T.);
#1242=FACE_OUTER_BOUND('',#1688,.T.);
#1243=FACE_OUTER_BOUND('',#1689,.T.);
#1244=FACE_OUTER_BOUND('',#1690,.T.);
#1245=FACE_OUTER_BOUND('',#1691,.T.);
#1246=FACE_OUTER_BOUND('',#1692,.T.);
#1247=FACE_OUTER_BOUND('',#1693,.T.);
#1248=FACE_OUTER_BOUND('',#1694,.T.);
#1249=FACE_OUTER_BOUND('',#1695,.T.);
#1250=FACE_OUTER_BOUND('',#1696,.T.);
#1251=FACE_OUTER_BOUND('',#1697,.T.);
#1252=FACE_OUTER_BOUND('',#1698,.T.);
#1253=FACE_OUTER_BOUND('',#1699,.T.);
#1254=FACE_OUTER_BOUND('',#1700,.T.);
#1255=FACE_OUTER_BOUND('',#1701,.T.);
#1256=FACE_OUTER_BOUND('',#1702,.T.);
#1257=FACE_OUTER_BOUND('',#1703,.T.);
#1258=FACE_OUTER_BOUND('',#1704,.T.);
#1259=FACE_OUTER_BOUND('',#1705,.T.);
#1260=FACE_OUTER_BOUND('',#1706,.T.);
#1261=FACE_OUTER_BOUND('',#1707,.T.);
#1262=FACE_OUTER_BOUND('',#1708,.T.);
#1263=FACE_OUTER_BOUND('',#1709,.T.);
#1264=FACE_OUTER_BOUND('',#1710,.T.);
#1265=FACE_OUTER_BOUND('',#1711,.T.);
#1266=FACE_OUTER_BOUND('',#1712,.T.);
#1267=FACE_OUTER_BOUND('',#1713,.T.);
#1268=FACE_OUTER_BOUND('',#1714,.T.);
#1269=FACE_OUTER_BOUND('',#1715,.T.);
#1270=FACE_OUTER_BOUND('',#1716,.T.);
#1271=FACE_OUTER_BOUND('',#1717,.T.);
#1272=FACE_OUTER_BOUND('',#1718,.T.);
#1273=FACE_OUTER_BOUND('',#1719,.T.);
#1274=FACE_OUTER_BOUND('',#1720,.T.);
#1275=FACE_OUTER_BOUND('',#1721,.T.);
#1276=FACE_OUTER_BOUND('',#1722,.T.);
#1277=FACE_OUTER_BOUND('',#1723,.T.);
#1278=FACE_OUTER_BOUND('',#1724,.T.);
#1279=FACE_OUTER_BOUND('',#1725,.T.);
#1280=FACE_OUTER_BOUND('',#1726,.T.);
#1281=FACE_OUTER_BOUND('',#1727,.T.);
#1282=FACE_OUTER_BOUND('',#1728,.T.);
#1283=FACE_OUTER_BOUND('',#1729,.T.);
#1284=FACE_OUTER_BOUND('',#1730,.T.);
#1285=FACE_OUTER_BOUND('',#1731,.T.);
#1286=FACE_OUTER_BOUND('',#1732,.T.);
#1287=FACE_OUTER_BOUND('',#1733,.T.);
#1288=FACE_OUTER_BOUND('',#1734,.T.);
#1289=FACE_OUTER_BOUND('',#1735,.T.);
#1290=FACE_OUTER_BOUND('',#1736,.T.);
#1291=FACE_OUTER_BOUND('',#1737,.T.);
#1292=FACE_OUTER_BOUND('',#1738,.T.);
#1293=FACE_OUTER_BOUND('',#1739,.T.);
#1294=FACE_OUTER_BOUND('',#1740,.T.);
#1295=FACE_OUTER_BOUND('',#1741,.T.);
#1296=FACE_OUTER_BOUND('',#1742,.T.);
#1297=FACE_OUTER_BOUND('',#1743,.T.);
#1298=FACE_OUTER_BOUND('',#1744,.T.);
#1299=FACE_OUTER_BOUND('',#1745,.T.);
#1300=FACE_OUTER_BOUND('',#1746,.T.);
#1301=FACE_OUTER_BOUND('',#1747,.T.);
#1302=FACE_OUTER_BOUND('',#1748,.T.);
#1303=FACE_OUTER_BOUND('',#1749,.T.);
#1304=FACE_OUTER_BOUND('',#1750,.T.);
#1305=FACE_OUTER_BOUND('',#1751,.T.);
#1306=FACE_OUTER_BOUND('',#1752,.T.);
#1307=FACE_OUTER_BOUND('',#1753,.T.);
#1308=FACE_OUTER_BOUND('',#1754,.T.);
#1309=FACE_OUTER_BOUND('',#1755,.T.);
#1310=FACE_OUTER_BOUND('',#1756,.T.);
#1311=FACE_OUTER_BOUND('',#1757,.T.);
#1312=FACE_OUTER_BOUND('',#1758,.T.);
#1313=FACE_OUTER_BOUND('',#1759,.T.);
#1314=FACE_OUTER_BOUND('',#1760,.T.);
#1315=FACE_OUTER_BOUND('',#1761,.T.);
#1316=FACE_OUTER_BOUND('',#1762,.T.);
#1317=FACE_OUTER_BOUND('',#1763,.T.);
#1318=FACE_OUTER_BOUND('',#1764,.T.);
#1319=FACE_OUTER_BOUND('',#1765,.T.);
#1320=FACE_OUTER_BOUND('',#1766,.T.);
#1321=FACE_OUTER_BOUND('',#1767,.T.);
#1322=FACE_OUTER_BOUND('',#1768,.T.);
#1323=FACE_OUTER_BOUND('',#1769,.T.);
#1324=FACE_OUTER_BOUND('',#1770,.T.);
#1325=FACE_OUTER_BOUND('',#1771,.T.);
#1326=FACE_OUTER_BOUND('',#1772,.T.);
#1327=FACE_OUTER_BOUND('',#1773,.T.);
#1328=FACE_OUTER_BOUND('',#1774,.T.);
#1329=FACE_OUTER_BOUND('',#1775,.T.);
#1330=FACE_OUTER_BOUND('',#1776,.T.);
#1331=FACE_OUTER_BOUND('',#1777,.T.);
#1332=FACE_OUTER_BOUND('',#1778,.T.);
#1333=FACE_OUTER_BOUND('',#1779,.T.);
#1334=FACE_OUTER_BOUND('',#1780,.T.);
#1335=FACE_OUTER_BOUND('',#1781,.T.);
#1336=FACE_OUTER_BOUND('',#1782,.T.);
#1337=FACE_OUTER_BOUND('',#1783,.T.);
#1338=FACE_OUTER_BOUND('',#1784,.T.);
#1339=FACE_OUTER_BOUND('',#1785,.T.);
#1340=FACE_OUTER_BOUND('',#1786,.T.);
#1341=FACE_OUTER_BOUND('',#1787,.T.);
#1342=FACE_OUTER_BOUND('',#1788,.T.);
#1343=FACE_OUTER_BOUND('',#1789,.T.);
#1344=FACE_OUTER_BOUND('',#1790,.T.);
#1345=FACE_OUTER_BOUND('',#1791,.T.);
#1346=FACE_OUTER_BOUND('',#1792,.T.);
#1347=FACE_OUTER_BOUND('',#1793,.T.);
#1348=FACE_OUTER_BOUND('',#1794,.T.);
#1349=FACE_OUTER_BOUND('',#1795,.T.);
#1350=FACE_OUTER_BOUND('',#1796,.T.);
#1351=FACE_OUTER_BOUND('',#1797,.T.);
#1352=FACE_OUTER_BOUND('',#1798,.T.);
#1353=FACE_OUTER_BOUND('',#1799,.T.);
#1354=FACE_OUTER_BOUND('',#1800,.T.);
#1355=FACE_OUTER_BOUND('',#1801,.T.);
#1356=FACE_OUTER_BOUND('',#1802,.T.);
#1357=FACE_OUTER_BOUND('',#1803,.T.);
#1358=FACE_OUTER_BOUND('',#1804,.T.);
#1359=FACE_OUTER_BOUND('',#1805,.T.);
#1360=FACE_OUTER_BOUND('',#1806,.T.);
#1361=FACE_OUTER_BOUND('',#1807,.T.);
#1362=FACE_OUTER_BOUND('',#1808,.T.);
#1363=FACE_OUTER_BOUND('',#1809,.T.);
#1364=FACE_OUTER_BOUND('',#1810,.T.);
#1365=FACE_OUTER_BOUND('',#1811,.T.);
#1366=FACE_OUTER_BOUND('',#1812,.T.);
#1367=FACE_OUTER_BOUND('',#1813,.T.);
#1368=FACE_OUTER_BOUND('',#1814,.T.);
#1369=FACE_OUTER_BOUND('',#1815,.T.);
#1370=FACE_OUTER_BOUND('',#1816,.T.);
#1371=FACE_OUTER_BOUND('',#1817,.T.);
#1372=FACE_OUTER_BOUND('',#1818,.T.);
#1373=FACE_OUTER_BOUND('',#1819,.T.);
#1374=FACE_OUTER_BOUND('',#1820,.T.);
#1375=FACE_OUTER_BOUND('',#1821,.T.);
#1376=FACE_OUTER_BOUND('',#1822,.T.);
#1377=FACE_OUTER_BOUND('',#1823,.T.);
#1378=FACE_OUTER_BOUND('',#1824,.T.);
#1379=FACE_OUTER_BOUND('',#1825,.T.);
#1380=FACE_OUTER_BOUND('',#1826,.T.);
#1381=FACE_OUTER_BOUND('',#1827,.T.);
#1382=FACE_OUTER_BOUND('',#1828,.T.);
#1383=FACE_OUTER_BOUND('',#1829,.T.);
#1384=FACE_OUTER_BOUND('',#1830,.T.);
#1385=FACE_OUTER_BOUND('',#1831,.T.);
#1386=FACE_OUTER_BOUND('',#1832,.T.);
#1387=FACE_OUTER_BOUND('',#1833,.T.);
#1388=FACE_OUTER_BOUND('',#1834,.T.);
#1389=FACE_OUTER_BOUND('',#1835,.T.);
#1390=FACE_OUTER_BOUND('',#1836,.T.);
#1391=FACE_OUTER_BOUND('',#1837,.T.);
#1392=FACE_OUTER_BOUND('',#1838,.T.);
#1393=FACE_OUTER_BOUND('',#1839,.T.);
#1394=FACE_OUTER_BOUND('',#1840,.T.);
#1395=FACE_OUTER_BOUND('',#1841,.T.);
#1396=FACE_OUTER_BOUND('',#1842,.T.);
#1397=FACE_OUTER_BOUND('',#1843,.T.);
#1398=FACE_OUTER_BOUND('',#1844,.T.);
#1399=FACE_OUTER_BOUND('',#1845,.T.);
#1400=FACE_OUTER_BOUND('',#1846,.T.);
#1401=FACE_OUTER_BOUND('',#1847,.T.);
#1402=FACE_OUTER_BOUND('',#1848,.T.);
#1403=FACE_OUTER_BOUND('',#1849,.T.);
#1404=FACE_OUTER_BOUND('',#1850,.T.);
#1405=FACE_OUTER_BOUND('',#1851,.T.);
#1406=FACE_OUTER_BOUND('',#1852,.T.);
#1407=FACE_OUTER_BOUND('',#1853,.T.);
#1408=FACE_OUTER_BOUND('',#1854,.T.);
#1409=FACE_OUTER_BOUND('',#1855,.T.);
#1410=FACE_OUTER_BOUND('',#1856,.T.);
#1411=FACE_OUTER_BOUND('',#1857,.T.);
#1412=FACE_OUTER_BOUND('',#1858,.T.);
#1413=FACE_OUTER_BOUND('',#1859,.T.);
#1414=FACE_OUTER_BOUND('',#1860,.T.);
#1415=FACE_OUTER_BOUND('',#1861,.T.);
#1416=FACE_OUTER_BOUND('',#1862,.T.);
#1417=FACE_OUTER_BOUND('',#1863,.T.);
#1418=FACE_OUTER_BOUND('',#1864,.T.);
#1419=FACE_OUTER_BOUND('',#1865,.T.);
#1420=FACE_OUTER_BOUND('',#1866,.T.);
#1421=FACE_OUTER_BOUND('',#1867,.T.);
#1422=FACE_OUTER_BOUND('',#1868,.T.);
#1423=FACE_OUTER_BOUND('',#1869,.T.);
#1424=FACE_OUTER_BOUND('',#1870,.T.);
#1425=FACE_OUTER_BOUND('',#1871,.T.);
#1426=FACE_OUTER_BOUND('',#1872,.T.);
#1427=FACE_OUTER_BOUND('',#1873,.T.);
#1428=FACE_OUTER_BOUND('',#1874,.T.);
#1429=FACE_OUTER_BOUND('',#1875,.T.);
#1430=FACE_OUTER_BOUND('',#1876,.T.);
#1431=FACE_OUTER_BOUND('',#1877,.T.);
#1432=FACE_OUTER_BOUND('',#1878,.T.);
#1433=FACE_OUTER_BOUND('',#1879,.T.);
#1434=FACE_OUTER_BOUND('',#1880,.T.);
#1435=FACE_OUTER_BOUND('',#1881,.T.);
#1436=FACE_OUTER_BOUND('',#1882,.T.);
#1437=FACE_OUTER_BOUND('',#1883,.T.);
#1438=FACE_OUTER_BOUND('',#1884,.T.);
#1439=FACE_OUTER_BOUND('',#1885,.T.);
#1440=FACE_OUTER_BOUND('',#1886,.T.);
#1441=FACE_OUTER_BOUND('',#1887,.T.);
#1442=FACE_OUTER_BOUND('',#1888,.T.);
#1443=FACE_OUTER_BOUND('',#1889,.T.);
#1444=FACE_OUTER_BOUND('',#1890,.T.);
#1445=FACE_OUTER_BOUND('',#1891,.T.);
#1446=FACE_OUTER_BOUND('',#1892,.T.);
#1447=FACE_OUTER_BOUND('',#1893,.T.);
#1448=FACE_OUTER_BOUND('',#1894,.T.);
#1449=FACE_OUTER_BOUND('',#1895,.T.);
#1450=FACE_OUTER_BOUND('',#1896,.T.);
#1451=FACE_OUTER_BOUND('',#1897,.T.);
#1452=FACE_OUTER_BOUND('',#1898,.T.);
#1453=FACE_OUTER_BOUND('',#1899,.T.);
#1454=EDGE_LOOP('',(#1900,#1901,#1902,#1903));
#1455=EDGE_LOOP('',(#1904,#1905,#1906,#1907));
#1456=EDGE_LOOP('',(#1908,#1909,#1910,#1911));
#1457=EDGE_LOOP('',(#1912,#1913,#1914,#1915,#1916,#1917,#1918,#1919,#1920,
#1921,#1922,#1923,#1924,#1925,#1926,#1927,#1928,#1929,#1930,#1931));
#1458=EDGE_LOOP('',(#1932,#1933,#1934,#1935));
#1459=EDGE_LOOP('',(#1936,#1937,#1938,#1939,#1940,#1941,#1942));
#1460=EDGE_LOOP('',(#1943,#1944,#1945,#1946,#1947,#1948,#1949,#1950,#1951,
#1952,#1953,#1954,#1955,#1956,#1957,#1958,#1959,#1960,#1961,#1962));
#1461=EDGE_LOOP('',(#1963,#1964,#1965,#1966,#1967,#1968,#1969,#1970,#1971));
#1462=EDGE_LOOP('',(#1972,#1973,#1974,#1975,#1976,#1977,#1978));
#1463=EDGE_LOOP('',(#1979,#1980,#1981,#1982,#1983,#1984,#1985,#1986,#1987,
#1988,#1989,#1990,#1991,#1992));
#1464=EDGE_LOOP('',(#1993,#1994,#1995,#1996));
#1465=EDGE_LOOP('',(#1997,#1998,#1999,#2000,#2001));
#1466=EDGE_LOOP('',(#2002,#2003,#2004,#2005,#2006,#2007,#2008,#2009));
#1467=EDGE_LOOP('',(#2010,#2011,#2012,#2013,#2014,#2015,#2016));
#1468=EDGE_LOOP('',(#2017,#2018,#2019,#2020));
#1469=EDGE_LOOP('',(#2021,#2022,#2023,#2024,#2025,#2026,#2027,#2028,#2029,
#2030,#2031,#2032,#2033));
#1470=EDGE_LOOP('',(#2034,#2035,#2036,#2037,#2038,#2039));
#1471=EDGE_LOOP('',(#2040,#2041,#2042,#2043));
#1472=EDGE_LOOP('',(#2044,#2045,#2046,#2047,#2048,#2049,#2050,#2051,#2052,
#2053));
#1473=EDGE_LOOP('',(#2054,#2055,#2056,#2057));
#1474=EDGE_LOOP('',(#2058,#2059,#2060,#2061));
#1475=EDGE_LOOP('',(#2062,#2063,#2064,#2065));
#1476=EDGE_LOOP('',(#2066,#2067,#2068,#2069,#2070,#2071,#2072,#2073,#2074,
#2075,#2076,#2077,#2078,#2079));
#1477=EDGE_LOOP('',(#2080,#2081,#2082,#2083,#2084,#2085,#2086,#2087));
#1478=EDGE_LOOP('',(#2088,#2089,#2090,#2091));
#1479=EDGE_LOOP('',(#2092,#2093,#2094,#2095));
#1480=EDGE_LOOP('',(#2096,#2097,#2098,#2099,#2100));
#1481=EDGE_LOOP('',(#2101,#2102,#2103,#2104));
#1482=EDGE_LOOP('',(#2105,#2106,#2107,#2108,#2109,#2110,#2111,#2112));
#1483=EDGE_LOOP('',(#2113,#2114,#2115,#2116));
#1484=EDGE_LOOP('',(#2117,#2118,#2119,#2120));
#1485=EDGE_LOOP('',(#2121,#2122,#2123,#2124,#2125));
#1486=EDGE_LOOP('',(#2126,#2127,#2128,#2129));
#1487=EDGE_LOOP('',(#2130,#2131,#2132,#2133,#2134,#2135,#2136));
#1488=EDGE_LOOP('',(#2137,#2138,#2139,#2140,#2141,#2142,#2143));
#1489=EDGE_LOOP('',(#2144,#2145,#2146,#2147,#2148));
#1490=EDGE_LOOP('',(#2149,#2150,#2151,#2152,#2153,#2154,#2155,#2156));
#1491=EDGE_LOOP('',(#2157,#2158,#2159,#2160));
#1492=EDGE_LOOP('',(#2161,#2162,#2163,#2164,#2165));
#1493=EDGE_LOOP('',(#2166,#2167,#2168,#2169));
#1494=EDGE_LOOP('',(#2170,#2171,#2172));
#1495=EDGE_LOOP('',(#2173,#2174,#2175,#2176,#2177,#2178,#2179,#2180,#2181,
#2182));
#1496=EDGE_LOOP('',(#2183,#2184,#2185,#2186));
#1497=EDGE_LOOP('',(#2187,#2188,#2189,#2190,#2191,#2192,#2193,#2194,#2195,
#2196));
#1498=EDGE_LOOP('',(#2197,#2198,#2199,#2200));
#1499=EDGE_LOOP('',(#2201,#2202,#2203,#2204));
#1500=EDGE_LOOP('',(#2205,#2206,#2207,#2208));
#1501=EDGE_LOOP('',(#2209,#2210,#2211,#2212));
#1502=EDGE_LOOP('',(#2213,#2214,#2215,#2216));
#1503=EDGE_LOOP('',(#2217,#2218,#2219,#2220));
#1504=EDGE_LOOP('',(#2221,#2222,#2223,#2224,#2225,#2226,#2227,#2228,#2229,
#2230));
#1505=EDGE_LOOP('',(#2231,#2232,#2233,#2234));
#1506=EDGE_LOOP('',(#2235,#2236,#2237,#2238));
#1507=EDGE_LOOP('',(#2239,#2240,#2241,#2242,#2243));
#1508=EDGE_LOOP('',(#2244,#2245,#2246,#2247));
#1509=EDGE_LOOP('',(#2248,#2249,#2250,#2251,#2252,#2253,#2254,#2255,#2256,
#2257,#2258,#2259,#2260));
#1510=EDGE_LOOP('',(#2261,#2262,#2263,#2264,#2265,#2266));
#1511=EDGE_LOOP('',(#2267,#2268,#2269,#2270));
#1512=EDGE_LOOP('',(#2271,#2272,#2273,#2274));
#1513=EDGE_LOOP('',(#2275,#2276,#2277,#2278));
#1514=EDGE_LOOP('',(#2279,#2280,#2281,#2282));
#1515=EDGE_LOOP('',(#2283,#2284,#2285,#2286));
#1516=EDGE_LOOP('',(#2287,#2288,#2289,#2290));
#1517=EDGE_LOOP('',(#2291,#2292,#2293,#2294));
#1518=EDGE_LOOP('',(#2295,#2296,#2297,#2298));
#1519=EDGE_LOOP('',(#2299,#2300,#2301,#2302));
#1520=EDGE_LOOP('',(#2303,#2304,#2305,#2306));
#1521=EDGE_LOOP('',(#2307,#2308,#2309,#2310));
#1522=EDGE_LOOP('',(#2311,#2312,#2313,#2314));
#1523=EDGE_LOOP('',(#2315,#2316,#2317,#2318));
#1524=EDGE_LOOP('',(#2319,#2320,#2321,#2322));
#1525=EDGE_LOOP('',(#2323,#2324,#2325,#2326,#2327,#2328));
#1526=EDGE_LOOP('',(#2329,#2330,#2331,#2332,#2333,#2334));
#1527=EDGE_LOOP('',(#2335,#2336,#2337,#2338,#2339,#2340));
#1528=EDGE_LOOP('',(#2341,#2342,#2343,#2344));
#1529=EDGE_LOOP('',(#2345,#2346,#2347,#2348));
#1530=EDGE_LOOP('',(#2349,#2350,#2351,#2352));
#1531=EDGE_LOOP('',(#2353,#2354,#2355,#2356,#2357,#2358,#2359));
#1532=EDGE_LOOP('',(#2360,#2361,#2362,#2363));
#1533=EDGE_LOOP('',(#2364,#2365,#2366,#2367));
#1534=EDGE_LOOP('',(#2368,#2369,#2370,#2371,#2372,#2373,#2374,#2375,#2376));
#1535=EDGE_LOOP('',(#2377,#2378,#2379,#2380,#2381,#2382));
#1536=EDGE_LOOP('',(#2383,#2384,#2385,#2386));
#1537=EDGE_LOOP('',(#2387,#2388,#2389,#2390));
#1538=EDGE_LOOP('',(#2391,#2392,#2393,#2394));
#1539=EDGE_LOOP('',(#2395,#2396,#2397,#2398));
#1540=EDGE_LOOP('',(#2399,#2400,#2401));
#1541=EDGE_LOOP('',(#2402,#2403,#2404,#2405,#2406,#2407,#2408,#2409,#2410,
#2411,#2412,#2413,#2414,#2415,#2416,#2417,#2418,#2419,#2420,#2421,#2422,
#2423,#2424,#2425,#2426,#2427,#2428,#2429,#2430,#2431,#2432,#2433,#2434,
#2435,#2436,#2437,#2438,#2439,#2440,#2441,#2442,#2443,#2444,#2445,#2446,
#2447,#2448,#2449,#2450,#2451,#2452,#2453,#2454,#2455,#2456,#2457,#2458,
#2459,#2460,#2461));
#1542=EDGE_LOOP('',(#2462,#2463,#2464,#2465));
#1543=EDGE_LOOP('',(#2466,#2467,#2468,#2469,#2470,#2471,#2472,#2473));
#1544=EDGE_LOOP('',(#2474,#2475,#2476,#2477,#2478,#2479,#2480,#2481,#2482,
#2483));
#1545=EDGE_LOOP('',(#2484,#2485,#2486,#2487,#2488,#2489,#2490));
#1546=EDGE_LOOP('',(#2491,#2492,#2493,#2494));
#1547=EDGE_LOOP('',(#2495,#2496,#2497,#2498));
#1548=EDGE_LOOP('',(#2499,#2500,#2501,#2502));
#1549=EDGE_LOOP('',(#2503,#2504,#2505,#2506));
#1550=EDGE_LOOP('',(#2507,#2508,#2509,#2510));
#1551=EDGE_LOOP('',(#2511,#2512,#2513,#2514));
#1552=EDGE_LOOP('',(#2515,#2516,#2517,#2518));
#1553=EDGE_LOOP('',(#2519,#2520,#2521,#2522));
#1554=EDGE_LOOP('',(#2523,#2524,#2525,#2526));
#1555=EDGE_LOOP('',(#2527,#2528,#2529,#2530));
#1556=EDGE_LOOP('',(#2531,#2532,#2533,#2534));
#1557=EDGE_LOOP('',(#2535,#2536,#2537,#2538));
#1558=EDGE_LOOP('',(#2539,#2540,#2541,#2542));
#1559=EDGE_LOOP('',(#2543,#2544,#2545,#2546));
#1560=EDGE_LOOP('',(#2547,#2548,#2549,#2550,#2551,#2552,#2553,#2554));
#1561=EDGE_LOOP('',(#2555,#2556,#2557,#2558));
#1562=EDGE_LOOP('',(#2559,#2560,#2561,#2562));
#1563=EDGE_LOOP('',(#2563,#2564,#2565,#2566));
#1564=EDGE_LOOP('',(#2567,#2568,#2569,#2570));
#1565=EDGE_LOOP('',(#2571,#2572,#2573,#2574));
#1566=EDGE_LOOP('',(#2575,#2576,#2577,#2578));
#1567=EDGE_LOOP('',(#2579,#2580,#2581,#2582,#2583,#2584,#2585,#2586,#2587,
#2588,#2589,#2590));
#1568=EDGE_LOOP('',(#2591,#2592,#2593,#2594,#2595,#2596,#2597));
#1569=EDGE_LOOP('',(#2598,#2599,#2600,#2601,#2602,#2603,#2604,#2605,#2606,
#2607,#2608,#2609,#2610,#2611,#2612,#2613,#2614,#2615,#2616,#2617,#2618,
#2619,#2620,#2621,#2622,#2623,#2624,#2625,#2626,#2627,#2628,#2629,#2630,
#2631,#2632,#2633,#2634,#2635,#2636,#2637,#2638,#2639,#2640,#2641,#2642,
#2643,#2644,#2645,#2646,#2647,#2648,#2649,#2650,#2651,#2652,#2653,#2654,
#2655,#2656,#2657,#2658,#2659,#2660,#2661,#2662,#2663,#2664,#2665,#2666,
#2667,#2668,#2669,#2670,#2671,#2672,#2673));
#1570=EDGE_LOOP('',(#2674,#2675,#2676,#2677,#2678,#2679,#2680,#2681,#2682,
#2683));
#1571=EDGE_LOOP('',(#2684,#2685,#2686,#2687));
#1572=EDGE_LOOP('',(#2688,#2689,#2690,#2691,#2692,#2693,#2694,#2695,#2696,
#2697));
#1573=EDGE_LOOP('',(#2698,#2699,#2700,#2701,#2702,#2703));
#1574=EDGE_LOOP('',(#2704,#2705,#2706,#2707));
#1575=EDGE_LOOP('',(#2708,#2709,#2710,#2711,#2712,#2713));
#1576=EDGE_LOOP('',(#2714,#2715,#2716,#2717,#2718,#2719,#2720,#2721));
#1577=EDGE_LOOP('',(#2722,#2723,#2724,#2725,#2726,#2727,#2728,#2729,#2730));
#1578=EDGE_LOOP('',(#2731,#2732,#2733,#2734,#2735,#2736,#2737,#2738,#2739,
#2740,#2741,#2742,#2743,#2744,#2745,#2746,#2747,#2748,#2749,#2750,#2751,
#2752,#2753,#2754,#2755,#2756,#2757,#2758,#2759,#2760,#2761,#2762,#2763,
#2764,#2765,#2766));
#1579=EDGE_LOOP('',(#2767,#2768,#2769,#2770,#2771,#2772,#2773,#2774));
#1580=EDGE_LOOP('',(#2775,#2776,#2777,#2778,#2779,#2780));
#1581=EDGE_LOOP('',(#2781,#2782,#2783,#2784));
#1582=EDGE_LOOP('',(#2785,#2786,#2787,#2788,#2789,#2790));
#1583=EDGE_LOOP('',(#2791,#2792,#2793,#2794,#2795,#2796,#2797,#2798,#2799));
#1584=EDGE_LOOP('',(#2800,#2801,#2802,#2803));
#1585=EDGE_LOOP('',(#2804,#2805,#2806,#2807));
#1586=EDGE_LOOP('',(#2808,#2809,#2810,#2811));
#1587=EDGE_LOOP('',(#2812,#2813,#2814,#2815));
#1588=EDGE_LOOP('',(#2816,#2817,#2818,#2819,#2820,#2821,#2822,#2823,#2824));
#1589=EDGE_LOOP('',(#2825,#2826,#2827,#2828));
#1590=EDGE_LOOP('',(#2829,#2830,#2831,#2832));
#1591=EDGE_LOOP('',(#2833,#2834,#2835,#2836));
#1592=EDGE_LOOP('',(#2837,#2838,#2839,#2840));
#1593=EDGE_LOOP('',(#2841,#2842,#2843,#2844));
#1594=EDGE_LOOP('',(#2845,#2846,#2847,#2848,#2849,#2850,#2851,#2852,#2853,
#2854,#2855,#2856,#2857,#2858,#2859,#2860,#2861,#2862,#2863,#2864,#2865,
#2866,#2867,#2868,#2869,#2870,#2871,#2872,#2873,#2874,#2875,#2876,#2877,
#2878,#2879,#2880,#2881,#2882,#2883,#2884,#2885,#2886,#2887,#2888,#2889,
#2890,#2891,#2892,#2893,#2894,#2895,#2896,#2897,#2898,#2899,#2900,#2901,
#2902,#2903,#2904,#2905,#2906,#2907,#2908));
#1595=EDGE_LOOP('',(#2909,#2910,#2911,#2912));
#1596=EDGE_LOOP('',(#2913,#2914,#2915,#2916,#2917,#2918,#2919,#2920,#2921,
#2922,#2923,#2924,#2925,#2926,#2927,#2928,#2929,#2930,#2931,#2932,#2933,
#2934,#2935,#2936,#2937,#2938,#2939,#2940,#2941,#2942,#2943,#2944,#2945,
#2946,#2947,#2948,#2949,#2950,#2951,#2952,#2953,#2954,#2955,#2956,#2957,
#2958,#2959,#2960,#2961,#2962,#2963,#2964,#2965,#2966,#2967,#2968,#2969,
#2970,#2971,#2972));
#1597=EDGE_LOOP('',(#2973,#2974,#2975,#2976,#2977,#2978,#2979,#2980,#2981,
#2982,#2983,#2984,#2985,#2986,#2987,#2988,#2989,#2990,#2991,#2992,#2993,
#2994,#2995,#2996,#2997,#2998,#2999,#3000,#3001,#3002,#3003,#3004,#3005,
#3006,#3007,#3008,#3009,#3010,#3011,#3012,#3013,#3014,#3015,#3016,#3017,
#3018,#3019,#3020,#3021,#3022,#3023,#3024,#3025,#3026,#3027,#3028,#3029,
#3030,#3031,#3032,#3033,#3034,#3035,#3036,#3037,#3038,#3039,#3040,#3041,
#3042,#3043,#3044,#3045,#3046,#3047,#3048,#3049,#3050,#3051,#3052,#3053,
#3054,#3055,#3056,#3057,#3058,#3059,#3060));
#1598=EDGE_LOOP('',(#3061,#3062,#3063,#3064,#3065,#3066,#3067,#3068,#3069));
#1599=EDGE_LOOP('',(#3070,#3071,#3072,#3073));
#1600=EDGE_LOOP('',(#3074,#3075,#3076,#3077,#3078));
#1601=EDGE_LOOP('',(#3079,#3080,#3081,#3082,#3083,#3084,#3085,#3086));
#1602=EDGE_LOOP('',(#3087,#3088,#3089,#3090,#3091));
#1603=EDGE_LOOP('',(#3092,#3093,#3094,#3095,#3096,#3097,#3098,#3099));
#1604=EDGE_LOOP('',(#3100,#3101,#3102,#3103,#3104,#3105,#3106));
#1605=EDGE_LOOP('',(#3107,#3108,#3109,#3110,#3111,#3112,#3113,#3114,#3115,
#3116));
#1606=EDGE_LOOP('',(#3117,#3118,#3119,#3120,#3121,#3122,#3123));
#1607=EDGE_LOOP('',(#3124,#3125,#3126,#3127));
#1608=EDGE_LOOP('',(#3128,#3129,#3130,#3131,#3132,#3133));
#1609=EDGE_LOOP('',(#3134,#3135,#3136,#3137));
#1610=EDGE_LOOP('',(#3138,#3139,#3140,#3141,#3142,#3143));
#1611=EDGE_LOOP('',(#3144,#3145,#3146,#3147));
#1612=EDGE_LOOP('',(#3148,#3149,#3150,#3151));
#1613=EDGE_LOOP('',(#3152,#3153,#3154,#3155));
#1614=EDGE_LOOP('',(#3156,#3157,#3158,#3159));
#1615=EDGE_LOOP('',(#3160,#3161,#3162,#3163));
#1616=EDGE_LOOP('',(#3164,#3165,#3166,#3167));
#1617=EDGE_LOOP('',(#3168,#3169,#3170,#3171));
#1618=EDGE_LOOP('',(#3172,#3173,#3174,#3175,#3176,#3177,#3178));
#1619=EDGE_LOOP('',(#3179,#3180,#3181,#3182,#3183,#3184,#3185));
#1620=EDGE_LOOP('',(#3186,#3187,#3188,#3189));
#1621=EDGE_LOOP('',(#3190,#3191,#3192,#3193));
#1622=EDGE_LOOP('',(#3194,#3195,#3196,#3197));
#1623=EDGE_LOOP('',(#3198,#3199,#3200,#3201,#3202,#3203,#3204));
#1624=EDGE_LOOP('',(#3205,#3206,#3207,#3208,#3209,#3210,#3211));
#1625=EDGE_LOOP('',(#3212,#3213,#3214,#3215));
#1626=EDGE_LOOP('',(#3216,#3217,#3218,#3219));
#1627=EDGE_LOOP('',(#3220,#3221,#3222,#3223));
#1628=EDGE_LOOP('',(#3224,#3225,#3226,#3227));
#1629=EDGE_LOOP('',(#3228,#3229,#3230,#3231));
#1630=EDGE_LOOP('',(#3232,#3233,#3234,#3235));
#1631=EDGE_LOOP('',(#3236,#3237,#3238,#3239));
#1632=EDGE_LOOP('',(#3240,#3241,#3242,#3243));
#1633=EDGE_LOOP('',(#3244,#3245,#3246,#3247));
#1634=EDGE_LOOP('',(#3248,#3249,#3250,#3251));
#1635=EDGE_LOOP('',(#3252,#3253,#3254,#3255));
#1636=EDGE_LOOP('',(#3256,#3257,#3258,#3259,#3260,#3261,#3262));
#1637=EDGE_LOOP('',(#3263,#3264,#3265,#3266,#3267,#3268,#3269));
#1638=EDGE_LOOP('',(#3270,#3271,#3272,#3273));
#1639=EDGE_LOOP('',(#3274,#3275,#3276,#3277));
#1640=EDGE_LOOP('',(#3278,#3279,#3280,#3281));
#1641=EDGE_LOOP('',(#3282,#3283,#3284,#3285,#3286,#3287,#3288));
#1642=EDGE_LOOP('',(#3289,#3290,#3291,#3292,#3293,#3294,#3295));
#1643=EDGE_LOOP('',(#3296,#3297,#3298,#3299));
#1644=EDGE_LOOP('',(#3300,#3301,#3302,#3303));
#1645=EDGE_LOOP('',(#3304,#3305,#3306,#3307));
#1646=EDGE_LOOP('',(#3308,#3309,#3310,#3311));
#1647=EDGE_LOOP('',(#3312,#3313,#3314,#3315));
#1648=EDGE_LOOP('',(#3316,#3317,#3318,#3319));
#1649=EDGE_LOOP('',(#3320,#3321,#3322,#3323));
#1650=EDGE_LOOP('',(#3324,#3325,#3326,#3327));
#1651=EDGE_LOOP('',(#3328,#3329,#3330,#3331));
#1652=EDGE_LOOP('',(#3332,#3333,#3334,#3335));
#1653=EDGE_LOOP('',(#3336,#3337,#3338,#3339));
#1654=EDGE_LOOP('',(#3340,#3341,#3342,#3343,#3344,#3345,#3346));
#1655=EDGE_LOOP('',(#3347,#3348,#3349,#3350,#3351,#3352,#3353));
#1656=EDGE_LOOP('',(#3354,#3355,#3356,#3357));
#1657=EDGE_LOOP('',(#3358,#3359,#3360,#3361));
#1658=EDGE_LOOP('',(#3362,#3363,#3364,#3365));
#1659=EDGE_LOOP('',(#3366,#3367,#3368,#3369,#3370,#3371,#3372));
#1660=EDGE_LOOP('',(#3373,#3374,#3375,#3376,#3377,#3378,#3379));
#1661=EDGE_LOOP('',(#3380,#3381,#3382,#3383));
#1662=EDGE_LOOP('',(#3384,#3385,#3386,#3387));
#1663=EDGE_LOOP('',(#3388,#3389,#3390,#3391));
#1664=EDGE_LOOP('',(#3392,#3393,#3394,#3395));
#1665=EDGE_LOOP('',(#3396,#3397,#3398,#3399));
#1666=EDGE_LOOP('',(#3400,#3401,#3402,#3403));
#1667=EDGE_LOOP('',(#3404,#3405,#3406,#3407));
#1668=EDGE_LOOP('',(#3408,#3409,#3410,#3411));
#1669=EDGE_LOOP('',(#3412,#3413,#3414,#3415));
#1670=EDGE_LOOP('',(#3416,#3417,#3418,#3419));
#1671=EDGE_LOOP('',(#3420,#3421,#3422,#3423));
#1672=EDGE_LOOP('',(#3424,#3425,#3426,#3427,#3428,#3429,#3430));
#1673=EDGE_LOOP('',(#3431,#3432,#3433,#3434,#3435,#3436,#3437));
#1674=EDGE_LOOP('',(#3438,#3439,#3440,#3441));
#1675=EDGE_LOOP('',(#3442,#3443,#3444,#3445));
#1676=EDGE_LOOP('',(#3446,#3447,#3448,#3449));
#1677=EDGE_LOOP('',(#3450,#3451,#3452,#3453,#3454,#3455,#3456));
#1678=EDGE_LOOP('',(#3457,#3458,#3459,#3460,#3461,#3462,#3463));
#1679=EDGE_LOOP('',(#3464,#3465,#3466,#3467));
#1680=EDGE_LOOP('',(#3468,#3469,#3470,#3471));
#1681=EDGE_LOOP('',(#3472,#3473,#3474,#3475));
#1682=EDGE_LOOP('',(#3476,#3477,#3478,#3479));
#1683=EDGE_LOOP('',(#3480,#3481,#3482,#3483));
#1684=EDGE_LOOP('',(#3484,#3485,#3486,#3487));
#1685=EDGE_LOOP('',(#3488,#3489,#3490,#3491));
#1686=EDGE_LOOP('',(#3492,#3493,#3494,#3495));
#1687=EDGE_LOOP('',(#3496,#3497,#3498,#3499));
#1688=EDGE_LOOP('',(#3500,#3501,#3502,#3503));
#1689=EDGE_LOOP('',(#3504,#3505,#3506,#3507));
#1690=EDGE_LOOP('',(#3508,#3509,#3510,#3511,#3512,#3513,#3514));
#1691=EDGE_LOOP('',(#3515,#3516,#3517,#3518,#3519,#3520,#3521));
#1692=EDGE_LOOP('',(#3522,#3523,#3524,#3525));
#1693=EDGE_LOOP('',(#3526,#3527,#3528,#3529));
#1694=EDGE_LOOP('',(#3530,#3531,#3532,#3533));
#1695=EDGE_LOOP('',(#3534,#3535,#3536,#3537,#3538,#3539,#3540));
#1696=EDGE_LOOP('',(#3541,#3542,#3543,#3544,#3545,#3546,#3547));
#1697=EDGE_LOOP('',(#3548,#3549,#3550,#3551));
#1698=EDGE_LOOP('',(#3552,#3553,#3554,#3555));
#1699=EDGE_LOOP('',(#3556,#3557,#3558,#3559));
#1700=EDGE_LOOP('',(#3560,#3561,#3562,#3563));
#1701=EDGE_LOOP('',(#3564,#3565,#3566,#3567));
#1702=EDGE_LOOP('',(#3568,#3569,#3570,#3571));
#1703=EDGE_LOOP('',(#3572,#3573,#3574,#3575));
#1704=EDGE_LOOP('',(#3576,#3577,#3578,#3579));
#1705=EDGE_LOOP('',(#3580,#3581,#3582,#3583));
#1706=EDGE_LOOP('',(#3584,#3585,#3586,#3587));
#1707=EDGE_LOOP('',(#3588,#3589,#3590,#3591));
#1708=EDGE_LOOP('',(#3592,#3593,#3594,#3595,#3596,#3597,#3598));
#1709=EDGE_LOOP('',(#3599,#3600,#3601,#3602,#3603,#3604,#3605));
#1710=EDGE_LOOP('',(#3606,#3607,#3608,#3609));
#1711=EDGE_LOOP('',(#3610,#3611,#3612,#3613));
#1712=EDGE_LOOP('',(#3614,#3615,#3616,#3617));
#1713=EDGE_LOOP('',(#3618,#3619,#3620,#3621,#3622,#3623,#3624));
#1714=EDGE_LOOP('',(#3625,#3626,#3627,#3628,#3629,#3630,#3631));
#1715=EDGE_LOOP('',(#3632,#3633,#3634,#3635));
#1716=EDGE_LOOP('',(#3636,#3637,#3638,#3639));
#1717=EDGE_LOOP('',(#3640,#3641,#3642,#3643));
#1718=EDGE_LOOP('',(#3644,#3645,#3646,#3647));
#1719=EDGE_LOOP('',(#3648,#3649,#3650,#3651));
#1720=EDGE_LOOP('',(#3652,#3653,#3654,#3655));
#1721=EDGE_LOOP('',(#3656,#3657,#3658,#3659));
#1722=EDGE_LOOP('',(#3660,#3661,#3662,#3663));
#1723=EDGE_LOOP('',(#3664,#3665,#3666,#3667));
#1724=EDGE_LOOP('',(#3668,#3669,#3670,#3671));
#1725=EDGE_LOOP('',(#3672,#3673,#3674,#3675));
#1726=EDGE_LOOP('',(#3676,#3677,#3678,#3679,#3680,#3681,#3682));
#1727=EDGE_LOOP('',(#3683,#3684,#3685,#3686,#3687,#3688,#3689));
#1728=EDGE_LOOP('',(#3690,#3691,#3692,#3693));
#1729=EDGE_LOOP('',(#3694,#3695,#3696,#3697));
#1730=EDGE_LOOP('',(#3698,#3699,#3700,#3701));
#1731=EDGE_LOOP('',(#3702,#3703,#3704,#3705,#3706,#3707,#3708));
#1732=EDGE_LOOP('',(#3709,#3710,#3711,#3712,#3713,#3714,#3715));
#1733=EDGE_LOOP('',(#3716,#3717,#3718,#3719));
#1734=EDGE_LOOP('',(#3720,#3721,#3722,#3723));
#1735=EDGE_LOOP('',(#3724,#3725,#3726,#3727));
#1736=EDGE_LOOP('',(#3728,#3729,#3730,#3731));
#1737=EDGE_LOOP('',(#3732,#3733,#3734,#3735));
#1738=EDGE_LOOP('',(#3736,#3737,#3738,#3739));
#1739=EDGE_LOOP('',(#3740,#3741,#3742,#3743));
#1740=EDGE_LOOP('',(#3744,#3745,#3746,#3747));
#1741=EDGE_LOOP('',(#3748,#3749,#3750,#3751));
#1742=EDGE_LOOP('',(#3752,#3753,#3754,#3755));
#1743=EDGE_LOOP('',(#3756,#3757,#3758,#3759));
#1744=EDGE_LOOP('',(#3760,#3761,#3762,#3763,#3764,#3765,#3766));
#1745=EDGE_LOOP('',(#3767,#3768,#3769,#3770,#3771,#3772,#3773));
#1746=EDGE_LOOP('',(#3774,#3775,#3776,#3777));
#1747=EDGE_LOOP('',(#3778,#3779,#3780,#3781));
#1748=EDGE_LOOP('',(#3782,#3783,#3784,#3785));
#1749=EDGE_LOOP('',(#3786,#3787,#3788,#3789,#3790,#3791,#3792));
#1750=EDGE_LOOP('',(#3793,#3794,#3795,#3796,#3797,#3798,#3799));
#1751=EDGE_LOOP('',(#3800,#3801,#3802,#3803));
#1752=EDGE_LOOP('',(#3804,#3805,#3806,#3807));
#1753=EDGE_LOOP('',(#3808,#3809,#3810,#3811));
#1754=EDGE_LOOP('',(#3812,#3813,#3814,#3815));
#1755=EDGE_LOOP('',(#3816,#3817,#3818,#3819));
#1756=EDGE_LOOP('',(#3820,#3821,#3822,#3823));
#1757=EDGE_LOOP('',(#3824,#3825,#3826,#3827));
#1758=EDGE_LOOP('',(#3828,#3829,#3830,#3831));
#1759=EDGE_LOOP('',(#3832,#3833,#3834,#3835));
#1760=EDGE_LOOP('',(#3836,#3837,#3838,#3839));
#1761=EDGE_LOOP('',(#3840,#3841,#3842,#3843));
#1762=EDGE_LOOP('',(#3844,#3845,#3846,#3847,#3848,#3849,#3850));
#1763=EDGE_LOOP('',(#3851,#3852,#3853,#3854,#3855,#3856,#3857));
#1764=EDGE_LOOP('',(#3858,#3859,#3860,#3861));
#1765=EDGE_LOOP('',(#3862,#3863,#3864,#3865));
#1766=EDGE_LOOP('',(#3866,#3867,#3868,#3869));
#1767=EDGE_LOOP('',(#3870,#3871,#3872,#3873,#3874,#3875,#3876));
#1768=EDGE_LOOP('',(#3877,#3878,#3879,#3880,#3881,#3882,#3883));
#1769=EDGE_LOOP('',(#3884,#3885,#3886,#3887));
#1770=EDGE_LOOP('',(#3888,#3889,#3890,#3891));
#1771=EDGE_LOOP('',(#3892,#3893,#3894,#3895));
#1772=EDGE_LOOP('',(#3896,#3897,#3898,#3899));
#1773=EDGE_LOOP('',(#3900,#3901,#3902,#3903));
#1774=EDGE_LOOP('',(#3904,#3905,#3906,#3907));
#1775=EDGE_LOOP('',(#3908,#3909,#3910,#3911));
#1776=EDGE_LOOP('',(#3912,#3913,#3914,#3915));
#1777=EDGE_LOOP('',(#3916,#3917,#3918,#3919));
#1778=EDGE_LOOP('',(#3920,#3921,#3922,#3923));
#1779=EDGE_LOOP('',(#3924,#3925,#3926,#3927));
#1780=EDGE_LOOP('',(#3928,#3929,#3930,#3931,#3932,#3933,#3934));
#1781=EDGE_LOOP('',(#3935,#3936,#3937,#3938,#3939,#3940,#3941));
#1782=EDGE_LOOP('',(#3942,#3943,#3944,#3945));
#1783=EDGE_LOOP('',(#3946,#3947,#3948,#3949));
#1784=EDGE_LOOP('',(#3950,#3951,#3952,#3953));
#1785=EDGE_LOOP('',(#3954,#3955,#3956,#3957,#3958,#3959,#3960));
#1786=EDGE_LOOP('',(#3961,#3962,#3963,#3964,#3965,#3966,#3967));
#1787=EDGE_LOOP('',(#3968,#3969,#3970,#3971));
#1788=EDGE_LOOP('',(#3972,#3973,#3974,#3975));
#1789=EDGE_LOOP('',(#3976,#3977,#3978,#3979));
#1790=EDGE_LOOP('',(#3980,#3981,#3982,#3983));
#1791=EDGE_LOOP('',(#3984,#3985,#3986,#3987));
#1792=EDGE_LOOP('',(#3988,#3989,#3990,#3991));
#1793=EDGE_LOOP('',(#3992,#3993,#3994,#3995));
#1794=EDGE_LOOP('',(#3996,#3997,#3998,#3999));
#1795=EDGE_LOOP('',(#4000,#4001,#4002,#4003));
#1796=EDGE_LOOP('',(#4004,#4005,#4006,#4007));
#1797=EDGE_LOOP('',(#4008,#4009,#4010,#4011));
#1798=EDGE_LOOP('',(#4012,#4013,#4014,#4015,#4016,#4017,#4018));
#1799=EDGE_LOOP('',(#4019,#4020,#4021,#4022,#4023,#4024,#4025));
#1800=EDGE_LOOP('',(#4026,#4027,#4028,#4029));
#1801=EDGE_LOOP('',(#4030,#4031,#4032,#4033));
#1802=EDGE_LOOP('',(#4034,#4035,#4036,#4037));
#1803=EDGE_LOOP('',(#4038,#4039,#4040,#4041,#4042,#4043,#4044));
#1804=EDGE_LOOP('',(#4045,#4046,#4047,#4048,#4049,#4050,#4051));
#1805=EDGE_LOOP('',(#4052,#4053,#4054,#4055));
#1806=EDGE_LOOP('',(#4056,#4057,#4058,#4059));
#1807=EDGE_LOOP('',(#4060,#4061,#4062,#4063));
#1808=EDGE_LOOP('',(#4064,#4065,#4066,#4067));
#1809=EDGE_LOOP('',(#4068,#4069,#4070,#4071));
#1810=EDGE_LOOP('',(#4072,#4073,#4074,#4075));
#1811=EDGE_LOOP('',(#4076,#4077,#4078,#4079));
#1812=EDGE_LOOP('',(#4080,#4081,#4082,#4083));
#1813=EDGE_LOOP('',(#4084,#4085,#4086,#4087));
#1814=EDGE_LOOP('',(#4088,#4089,#4090,#4091));
#1815=EDGE_LOOP('',(#4092,#4093,#4094,#4095));
#1816=EDGE_LOOP('',(#4096,#4097,#4098,#4099,#4100,#4101,#4102));
#1817=EDGE_LOOP('',(#4103,#4104,#4105,#4106,#4107,#4108,#4109));
#1818=EDGE_LOOP('',(#4110,#4111,#4112,#4113));
#1819=EDGE_LOOP('',(#4114,#4115,#4116,#4117));
#1820=EDGE_LOOP('',(#4118,#4119,#4120,#4121));
#1821=EDGE_LOOP('',(#4122,#4123,#4124,#4125,#4126,#4127,#4128));
#1822=EDGE_LOOP('',(#4129,#4130,#4131,#4132,#4133,#4134,#4135));
#1823=EDGE_LOOP('',(#4136,#4137,#4138,#4139));
#1824=EDGE_LOOP('',(#4140,#4141,#4142,#4143));
#1825=EDGE_LOOP('',(#4144,#4145,#4146,#4147));
#1826=EDGE_LOOP('',(#4148,#4149,#4150,#4151));
#1827=EDGE_LOOP('',(#4152,#4153,#4154,#4155));
#1828=EDGE_LOOP('',(#4156,#4157,#4158,#4159));
#1829=EDGE_LOOP('',(#4160,#4161,#4162,#4163));
#1830=EDGE_LOOP('',(#4164,#4165,#4166,#4167));
#1831=EDGE_LOOP('',(#4168,#4169,#4170,#4171));
#1832=EDGE_LOOP('',(#4172,#4173,#4174,#4175));
#1833=EDGE_LOOP('',(#4176,#4177,#4178,#4179));
#1834=EDGE_LOOP('',(#4180,#4181,#4182,#4183,#4184,#4185,#4186));
#1835=EDGE_LOOP('',(#4187,#4188,#4189,#4190,#4191,#4192,#4193));
#1836=EDGE_LOOP('',(#4194,#4195,#4196,#4197));
#1837=EDGE_LOOP('',(#4198,#4199,#4200,#4201));
#1838=EDGE_LOOP('',(#4202,#4203,#4204,#4205));
#1839=EDGE_LOOP('',(#4206,#4207,#4208,#4209,#4210,#4211,#4212));
#1840=EDGE_LOOP('',(#4213,#4214,#4215,#4216,#4217,#4218,#4219));
#1841=EDGE_LOOP('',(#4220,#4221,#4222,#4223));
#1842=EDGE_LOOP('',(#4224,#4225,#4226,#4227));
#1843=EDGE_LOOP('',(#4228,#4229,#4230,#4231));
#1844=EDGE_LOOP('',(#4232,#4233,#4234,#4235));
#1845=EDGE_LOOP('',(#4236,#4237,#4238,#4239));
#1846=EDGE_LOOP('',(#4240,#4241,#4242,#4243));
#1847=EDGE_LOOP('',(#4244,#4245,#4246,#4247));
#1848=EDGE_LOOP('',(#4248,#4249,#4250,#4251));
#1849=EDGE_LOOP('',(#4252,#4253,#4254,#4255));
#1850=EDGE_LOOP('',(#4256,#4257,#4258,#4259));
#1851=EDGE_LOOP('',(#4260,#4261,#4262,#4263));
#1852=EDGE_LOOP('',(#4264,#4265,#4266,#4267,#4268,#4269,#4270));
#1853=EDGE_LOOP('',(#4271,#4272,#4273,#4274,#4275,#4276,#4277));
#1854=EDGE_LOOP('',(#4278,#4279,#4280,#4281));
#1855=EDGE_LOOP('',(#4282,#4283,#4284,#4285));
#1856=EDGE_LOOP('',(#4286,#4287,#4288,#4289));
#1857=EDGE_LOOP('',(#4290,#4291,#4292,#4293,#4294,#4295,#4296));
#1858=EDGE_LOOP('',(#4297,#4298,#4299,#4300,#4301,#4302,#4303));
#1859=EDGE_LOOP('',(#4304,#4305,#4306,#4307));
#1860=EDGE_LOOP('',(#4308,#4309,#4310,#4311));
#1861=EDGE_LOOP('',(#4312,#4313,#4314,#4315));
#1862=EDGE_LOOP('',(#4316,#4317,#4318,#4319));
#1863=EDGE_LOOP('',(#4320,#4321,#4322,#4323));
#1864=EDGE_LOOP('',(#4324,#4325,#4326,#4327));
#1865=EDGE_LOOP('',(#4328,#4329,#4330,#4331));
#1866=EDGE_LOOP('',(#4332,#4333,#4334,#4335));
#1867=EDGE_LOOP('',(#4336,#4337,#4338,#4339));
#1868=EDGE_LOOP('',(#4340,#4341,#4342,#4343));
#1869=EDGE_LOOP('',(#4344,#4345,#4346,#4347));
#1870=EDGE_LOOP('',(#4348,#4349,#4350,#4351));
#1871=EDGE_LOOP('',(#4352,#4353,#4354,#4355));
#1872=EDGE_LOOP('',(#4356,#4357,#4358,#4359));
#1873=EDGE_LOOP('',(#4360,#4361,#4362,#4363));
#1874=EDGE_LOOP('',(#4364,#4365,#4366,#4367));
#1875=EDGE_LOOP('',(#4368,#4369,#4370,#4371));
#1876=EDGE_LOOP('',(#4372,#4373,#4374,#4375));
#1877=EDGE_LOOP('',(#4376,#4377,#4378,#4379));
#1878=EDGE_LOOP('',(#4380,#4381,#4382,#4383));
#1879=EDGE_LOOP('',(#4384,#4385,#4386,#4387));
#1880=EDGE_LOOP('',(#4388,#4389,#4390,#4391,#4392,#4393,#4394,#4395,#4396,
#4397,#4398,#4399,#4400,#4401,#4402,#4403));
#1881=EDGE_LOOP('',(#4404,#4405,#4406,#4407,#4408,#4409,#4410,#4411,#4412,
#4413,#4414,#4415,#4416,#4417,#4418,#4419));
#1882=EDGE_LOOP('',(#4420,#4421,#4422,#4423));
#1883=EDGE_LOOP('',(#4424,#4425,#4426,#4427));
#1884=EDGE_LOOP('',(#4428,#4429,#4430,#4431));
#1885=EDGE_LOOP('',(#4432,#4433,#4434,#4435));
#1886=EDGE_LOOP('',(#4436,#4437,#4438,#4439));
#1887=EDGE_LOOP('',(#4440,#4441,#4442,#4443));
#1888=EDGE_LOOP('',(#4444,#4445,#4446,#4447));
#1889=EDGE_LOOP('',(#4448,#4449,#4450,#4451));
#1890=EDGE_LOOP('',(#4452,#4453,#4454,#4455));
#1891=EDGE_LOOP('',(#4456,#4457,#4458,#4459));
#1892=EDGE_LOOP('',(#4460,#4461,#4462,#4463));
#1893=EDGE_LOOP('',(#4464,#4465,#4466,#4467));
#1894=EDGE_LOOP('',(#4468,#4469,#4470,#4471));
#1895=EDGE_LOOP('',(#4472,#4473,#4474,#4475));
#1896=EDGE_LOOP('',(#4476,#4477,#4478,#4479));
#1897=EDGE_LOOP('',(#4480,#4481,#4482,#4483));
#1898=EDGE_LOOP('',(#4484,#4485,#4486,#4487,#4488,#4489,#4490,#4491,#4492,
#4493,#4494,#4495,#4496,#4497,#4498,#4499));
#1899=EDGE_LOOP('',(#4500,#4501,#4502,#4503,#4504,#4505,#4506,#4507,#4508,
#4509,#4510,#4511,#4512,#4513,#4514,#4515));
#1900=ORIENTED_EDGE('',*,*,#5374,.T.);
#1901=ORIENTED_EDGE('',*,*,#5375,.F.);
#1902=ORIENTED_EDGE('',*,*,#5376,.T.);
#1903=ORIENTED_EDGE('',*,*,#5377,.T.);
#1904=ORIENTED_EDGE('',*,*,#5378,.F.);
#1905=ORIENTED_EDGE('',*,*,#5379,.F.);
#1906=ORIENTED_EDGE('',*,*,#5380,.F.);
#1907=ORIENTED_EDGE('',*,*,#5381,.T.);
#1908=ORIENTED_EDGE('',*,*,#5382,.F.);
#1909=ORIENTED_EDGE('',*,*,#5383,.F.);
#1910=ORIENTED_EDGE('',*,*,#5384,.T.);
#1911=ORIENTED_EDGE('',*,*,#5385,.F.);
#1912=ORIENTED_EDGE('',*,*,#5386,.F.);
#1913=ORIENTED_EDGE('',*,*,#5387,.F.);
#1914=ORIENTED_EDGE('',*,*,#5388,.F.);
#1915=ORIENTED_EDGE('',*,*,#5389,.T.);
#1916=ORIENTED_EDGE('',*,*,#5390,.F.);
#1917=ORIENTED_EDGE('',*,*,#5391,.T.);
#1918=ORIENTED_EDGE('',*,*,#5392,.T.);
#1919=ORIENTED_EDGE('',*,*,#5393,.T.);
#1920=ORIENTED_EDGE('',*,*,#5394,.T.);
#1921=ORIENTED_EDGE('',*,*,#5395,.F.);
#1922=ORIENTED_EDGE('',*,*,#5396,.F.);
#1923=ORIENTED_EDGE('',*,*,#5397,.F.);
#1924=ORIENTED_EDGE('',*,*,#5398,.T.);
#1925=ORIENTED_EDGE('',*,*,#5399,.T.);
#1926=ORIENTED_EDGE('',*,*,#5377,.F.);
#1927=ORIENTED_EDGE('',*,*,#5400,.F.);
#1928=ORIENTED_EDGE('',*,*,#5401,.F.);
#1929=ORIENTED_EDGE('',*,*,#5402,.T.);
#1930=ORIENTED_EDGE('',*,*,#5403,.T.);
#1931=ORIENTED_EDGE('',*,*,#5404,.T.);
#1932=ORIENTED_EDGE('',*,*,#5405,.F.);
#1933=ORIENTED_EDGE('',*,*,#5406,.F.);
#1934=ORIENTED_EDGE('',*,*,#5407,.T.);
#1935=ORIENTED_EDGE('',*,*,#5408,.T.);
#1936=ORIENTED_EDGE('',*,*,#5409,.F.);
#1937=ORIENTED_EDGE('',*,*,#5410,.T.);
#1938=ORIENTED_EDGE('',*,*,#5411,.F.);
#1939=ORIENTED_EDGE('',*,*,#5412,.T.);
#1940=ORIENTED_EDGE('',*,*,#5413,.F.);
#1941=ORIENTED_EDGE('',*,*,#5414,.T.);
#1942=ORIENTED_EDGE('',*,*,#5415,.F.);
#1943=ORIENTED_EDGE('',*,*,#5416,.F.);
#1944=ORIENTED_EDGE('',*,*,#5417,.T.);
#1945=ORIENTED_EDGE('',*,*,#5418,.T.);
#1946=ORIENTED_EDGE('',*,*,#5419,.T.);
#1947=ORIENTED_EDGE('',*,*,#5420,.T.);
#1948=ORIENTED_EDGE('',*,*,#5421,.F.);
#1949=ORIENTED_EDGE('',*,*,#5422,.T.);
#1950=ORIENTED_EDGE('',*,*,#5423,.T.);
#1951=ORIENTED_EDGE('',*,*,#5424,.F.);
#1952=ORIENTED_EDGE('',*,*,#5425,.T.);
#1953=ORIENTED_EDGE('',*,*,#5426,.T.);
#1954=ORIENTED_EDGE('',*,*,#5427,.F.);
#1955=ORIENTED_EDGE('',*,*,#5428,.F.);
#1956=ORIENTED_EDGE('',*,*,#5429,.T.);
#1957=ORIENTED_EDGE('',*,*,#5430,.F.);
#1958=ORIENTED_EDGE('',*,*,#5431,.F.);
#1959=ORIENTED_EDGE('',*,*,#5432,.T.);
#1960=ORIENTED_EDGE('',*,*,#5433,.F.);
#1961=ORIENTED_EDGE('',*,*,#5434,.T.);
#1962=ORIENTED_EDGE('',*,*,#5435,.F.);
#1963=ORIENTED_EDGE('',*,*,#5436,.T.);
#1964=ORIENTED_EDGE('',*,*,#5437,.T.);
#1965=ORIENTED_EDGE('',*,*,#5438,.F.);
#1966=ORIENTED_EDGE('',*,*,#5439,.T.);
#1967=ORIENTED_EDGE('',*,*,#5440,.T.);
#1968=ORIENTED_EDGE('',*,*,#5441,.T.);
#1969=ORIENTED_EDGE('',*,*,#5442,.F.);
#1970=ORIENTED_EDGE('',*,*,#5443,.F.);
#1971=ORIENTED_EDGE('',*,*,#5444,.F.);
#1972=ORIENTED_EDGE('',*,*,#5440,.F.);
#1973=ORIENTED_EDGE('',*,*,#5445,.T.);
#1974=ORIENTED_EDGE('',*,*,#5436,.F.);
#1975=ORIENTED_EDGE('',*,*,#5446,.F.);
#1976=ORIENTED_EDGE('',*,*,#5447,.T.);
#1977=ORIENTED_EDGE('',*,*,#5448,.T.);
#1978=ORIENTED_EDGE('',*,*,#5449,.F.);
#1979=ORIENTED_EDGE('',*,*,#5450,.F.);
#1980=ORIENTED_EDGE('',*,*,#5451,.F.);
#1981=ORIENTED_EDGE('',*,*,#5400,.T.);
#1982=ORIENTED_EDGE('',*,*,#5376,.F.);
#1983=ORIENTED_EDGE('',*,*,#5452,.F.);
#1984=ORIENTED_EDGE('',*,*,#5453,.F.);
#1985=ORIENTED_EDGE('',*,*,#5454,.F.);
#1986=ORIENTED_EDGE('',*,*,#5455,.T.);
#1987=ORIENTED_EDGE('',*,*,#5456,.T.);
#1988=ORIENTED_EDGE('',*,*,#5457,.T.);
#1989=ORIENTED_EDGE('',*,*,#5458,.T.);
#1990=ORIENTED_EDGE('',*,*,#5459,.F.);
#1991=ORIENTED_EDGE('',*,*,#5460,.F.);
#1992=ORIENTED_EDGE('',*,*,#5461,.F.);
#1993=ORIENTED_EDGE('',*,*,#5462,.T.);
#1994=ORIENTED_EDGE('',*,*,#5463,.T.);
#1995=ORIENTED_EDGE('',*,*,#5457,.F.);
#1996=ORIENTED_EDGE('',*,*,#5464,.F.);
#1997=ORIENTED_EDGE('',*,*,#5465,.F.);
#1998=ORIENTED_EDGE('',*,*,#5466,.F.);
#1999=ORIENTED_EDGE('',*,*,#5467,.F.);
#2000=ORIENTED_EDGE('',*,*,#5398,.F.);
#2001=ORIENTED_EDGE('',*,*,#5468,.T.);
#2002=ORIENTED_EDGE('',*,*,#5469,.F.);
#2003=ORIENTED_EDGE('',*,*,#5374,.F.);
#2004=ORIENTED_EDGE('',*,*,#5399,.F.);
#2005=ORIENTED_EDGE('',*,*,#5467,.T.);
#2006=ORIENTED_EDGE('',*,*,#5470,.T.);
#2007=ORIENTED_EDGE('',*,*,#5471,.F.);
#2008=ORIENTED_EDGE('',*,*,#5472,.F.);
#2009=ORIENTED_EDGE('',*,*,#5473,.F.);
#2010=ORIENTED_EDGE('',*,*,#5453,.T.);
#2011=ORIENTED_EDGE('',*,*,#5474,.T.);
#2012=ORIENTED_EDGE('',*,*,#5471,.T.);
#2013=ORIENTED_EDGE('',*,*,#5475,.F.);
#2014=ORIENTED_EDGE('',*,*,#5476,.F.);
#2015=ORIENTED_EDGE('',*,*,#5477,.T.);
#2016=ORIENTED_EDGE('',*,*,#5478,.F.);
#2017=ORIENTED_EDGE('',*,*,#5479,.F.);
#2018=ORIENTED_EDGE('',*,*,#5480,.F.);
#2019=ORIENTED_EDGE('',*,*,#5481,.T.);
#2020=ORIENTED_EDGE('',*,*,#5482,.T.);
#2021=ORIENTED_EDGE('',*,*,#5483,.T.);
#2022=ORIENTED_EDGE('',*,*,#5468,.F.);
#2023=ORIENTED_EDGE('',*,*,#5397,.T.);
#2024=ORIENTED_EDGE('',*,*,#5484,.F.);
#2025=ORIENTED_EDGE('',*,*,#5485,.T.);
#2026=ORIENTED_EDGE('',*,*,#5486,.T.);
#2027=ORIENTED_EDGE('',*,*,#5487,.T.);
#2028=ORIENTED_EDGE('',*,*,#5462,.F.);
#2029=ORIENTED_EDGE('',*,*,#5488,.F.);
#2030=ORIENTED_EDGE('',*,*,#5489,.F.);
#2031=ORIENTED_EDGE('',*,*,#5490,.F.);
#2032=ORIENTED_EDGE('',*,*,#5491,.F.);
#2033=ORIENTED_EDGE('',*,*,#5492,.T.);
#2034=ORIENTED_EDGE('',*,*,#5493,.T.);
#2035=ORIENTED_EDGE('',*,*,#5494,.T.);
#2036=ORIENTED_EDGE('',*,*,#5491,.T.);
#2037=ORIENTED_EDGE('',*,*,#5495,.F.);
#2038=ORIENTED_EDGE('',*,*,#5496,.T.);
#2039=ORIENTED_EDGE('',*,*,#5476,.T.);
#2040=ORIENTED_EDGE('',*,*,#5488,.T.);
#2041=ORIENTED_EDGE('',*,*,#5464,.T.);
#2042=ORIENTED_EDGE('',*,*,#5456,.F.);
#2043=ORIENTED_EDGE('',*,*,#5497,.T.);
#2044=ORIENTED_EDGE('',*,*,#5498,.F.);
#2045=ORIENTED_EDGE('',*,*,#5499,.F.);
#2046=ORIENTED_EDGE('',*,*,#5461,.T.);
#2047=ORIENTED_EDGE('',*,*,#5500,.T.);
#2048=ORIENTED_EDGE('',*,*,#5484,.T.);
#2049=ORIENTED_EDGE('',*,*,#5396,.T.);
#2050=ORIENTED_EDGE('',*,*,#5501,.T.);
#2051=ORIENTED_EDGE('',*,*,#5502,.T.);
#2052=ORIENTED_EDGE('',*,*,#5503,.T.);
#2053=ORIENTED_EDGE('',*,*,#5504,.F.);
#2054=ORIENTED_EDGE('',*,*,#5505,.F.);
#2055=ORIENTED_EDGE('',*,*,#5486,.F.);
#2056=ORIENTED_EDGE('',*,*,#5506,.T.);
#2057=ORIENTED_EDGE('',*,*,#5459,.T.);
#2058=ORIENTED_EDGE('',*,*,#5485,.F.);
#2059=ORIENTED_EDGE('',*,*,#5500,.F.);
#2060=ORIENTED_EDGE('',*,*,#5460,.T.);
#2061=ORIENTED_EDGE('',*,*,#5506,.F.);
#2062=ORIENTED_EDGE('',*,*,#5507,.F.);
#2063=ORIENTED_EDGE('',*,*,#5508,.T.);
#2064=ORIENTED_EDGE('',*,*,#5477,.F.);
#2065=ORIENTED_EDGE('',*,*,#5496,.F.);
#2066=ORIENTED_EDGE('',*,*,#5509,.T.);
#2067=ORIENTED_EDGE('',*,*,#5510,.T.);
#2068=ORIENTED_EDGE('',*,*,#5511,.T.);
#2069=ORIENTED_EDGE('',*,*,#5512,.T.);
#2070=ORIENTED_EDGE('',*,*,#5513,.T.);
#2071=ORIENTED_EDGE('',*,*,#5514,.F.);
#2072=ORIENTED_EDGE('',*,*,#5515,.F.);
#2073=ORIENTED_EDGE('',*,*,#5516,.T.);
#2074=ORIENTED_EDGE('',*,*,#5517,.F.);
#2075=ORIENTED_EDGE('',*,*,#5518,.T.);
#2076=ORIENTED_EDGE('',*,*,#5411,.T.);
#2077=ORIENTED_EDGE('',*,*,#5519,.T.);
#2078=ORIENTED_EDGE('',*,*,#5520,.T.);
#2079=ORIENTED_EDGE('',*,*,#5421,.T.);
#2080=ORIENTED_EDGE('',*,*,#5521,.T.);
#2081=ORIENTED_EDGE('',*,*,#5522,.T.);
#2082=ORIENTED_EDGE('',*,*,#5523,.F.);
#2083=ORIENTED_EDGE('',*,*,#5524,.T.);
#2084=ORIENTED_EDGE('',*,*,#5525,.T.);
#2085=ORIENTED_EDGE('',*,*,#5526,.F.);
#2086=ORIENTED_EDGE('',*,*,#5503,.F.);
#2087=ORIENTED_EDGE('',*,*,#5527,.T.);
#2088=ORIENTED_EDGE('',*,*,#5528,.F.);
#2089=ORIENTED_EDGE('',*,*,#5529,.T.);
#2090=ORIENTED_EDGE('',*,*,#5504,.T.);
#2091=ORIENTED_EDGE('',*,*,#5526,.T.);
#2092=ORIENTED_EDGE('',*,*,#5530,.F.);
#2093=ORIENTED_EDGE('',*,*,#5531,.F.);
#2094=ORIENTED_EDGE('',*,*,#5532,.F.);
#2095=ORIENTED_EDGE('',*,*,#5516,.F.);
#2096=ORIENTED_EDGE('',*,*,#5442,.T.);
#2097=ORIENTED_EDGE('',*,*,#5533,.T.);
#2098=ORIENTED_EDGE('',*,*,#5534,.F.);
#2099=ORIENTED_EDGE('',*,*,#5424,.T.);
#2100=ORIENTED_EDGE('',*,*,#5535,.T.);
#2101=ORIENTED_EDGE('',*,*,#5536,.F.);
#2102=ORIENTED_EDGE('',*,*,#5537,.F.);
#2103=ORIENTED_EDGE('',*,*,#5530,.T.);
#2104=ORIENTED_EDGE('',*,*,#5515,.T.);
#2105=ORIENTED_EDGE('',*,*,#5538,.F.);
#2106=ORIENTED_EDGE('',*,*,#5539,.F.);
#2107=ORIENTED_EDGE('',*,*,#5540,.T.);
#2108=ORIENTED_EDGE('',*,*,#5409,.T.);
#2109=ORIENTED_EDGE('',*,*,#5443,.T.);
#2110=ORIENTED_EDGE('',*,*,#5535,.F.);
#2111=ORIENTED_EDGE('',*,*,#5423,.F.);
#2112=ORIENTED_EDGE('',*,*,#5541,.T.);
#2113=ORIENTED_EDGE('',*,*,#5542,.F.);
#2114=ORIENTED_EDGE('',*,*,#5541,.F.);
#2115=ORIENTED_EDGE('',*,*,#5422,.F.);
#2116=ORIENTED_EDGE('',*,*,#5520,.F.);
#2117=ORIENTED_EDGE('',*,*,#5543,.T.);
#2118=ORIENTED_EDGE('',*,*,#5544,.T.);
#2119=ORIENTED_EDGE('',*,*,#5413,.T.);
#2120=ORIENTED_EDGE('',*,*,#5545,.F.);
#2121=ORIENTED_EDGE('',*,*,#5543,.F.);
#2122=ORIENTED_EDGE('',*,*,#5546,.T.);
#2123=ORIENTED_EDGE('',*,*,#5547,.F.);
#2124=ORIENTED_EDGE('',*,*,#5548,.T.);
#2125=ORIENTED_EDGE('',*,*,#5549,.T.);
#2126=ORIENTED_EDGE('',*,*,#5532,.T.);
#2127=ORIENTED_EDGE('',*,*,#5550,.T.);
#2128=ORIENTED_EDGE('',*,*,#5547,.T.);
#2129=ORIENTED_EDGE('',*,*,#5517,.T.);
#2130=ORIENTED_EDGE('',*,*,#5551,.F.);
#2131=ORIENTED_EDGE('',*,*,#5552,.T.);
#2132=ORIENTED_EDGE('',*,*,#5553,.T.);
#2133=ORIENTED_EDGE('',*,*,#5428,.T.);
#2134=ORIENTED_EDGE('',*,*,#5554,.T.);
#2135=ORIENTED_EDGE('',*,*,#5555,.T.);
#2136=ORIENTED_EDGE('',*,*,#5523,.T.);
#2137=ORIENTED_EDGE('',*,*,#5556,.F.);
#2138=ORIENTED_EDGE('',*,*,#5557,.T.);
#2139=ORIENTED_EDGE('',*,*,#5521,.F.);
#2140=ORIENTED_EDGE('',*,*,#5558,.F.);
#2141=ORIENTED_EDGE('',*,*,#5559,.F.);
#2142=ORIENTED_EDGE('',*,*,#5394,.F.);
#2143=ORIENTED_EDGE('',*,*,#5560,.F.);
#2144=ORIENTED_EDGE('',*,*,#5561,.F.);
#2145=ORIENTED_EDGE('',*,*,#5562,.T.);
#2146=ORIENTED_EDGE('',*,*,#5404,.F.);
#2147=ORIENTED_EDGE('',*,*,#5563,.T.);
#2148=ORIENTED_EDGE('',*,*,#5564,.T.);
#2149=ORIENTED_EDGE('',*,*,#5565,.F.);
#2150=ORIENTED_EDGE('',*,*,#5566,.T.);
#2151=ORIENTED_EDGE('',*,*,#5567,.F.);
#2152=ORIENTED_EDGE('',*,*,#5568,.F.);
#2153=ORIENTED_EDGE('',*,*,#5564,.F.);
#2154=ORIENTED_EDGE('',*,*,#5569,.F.);
#2155=ORIENTED_EDGE('',*,*,#5570,.F.);
#2156=ORIENTED_EDGE('',*,*,#5571,.F.);
#2157=ORIENTED_EDGE('',*,*,#5418,.F.);
#2158=ORIENTED_EDGE('',*,*,#5572,.T.);
#2159=ORIENTED_EDGE('',*,*,#5571,.T.);
#2160=ORIENTED_EDGE('',*,*,#5573,.F.);
#2161=ORIENTED_EDGE('',*,*,#5574,.T.);
#2162=ORIENTED_EDGE('',*,*,#5575,.T.);
#2163=ORIENTED_EDGE('',*,*,#5565,.T.);
#2164=ORIENTED_EDGE('',*,*,#5572,.F.);
#2165=ORIENTED_EDGE('',*,*,#5417,.F.);
#2166=ORIENTED_EDGE('',*,*,#5403,.F.);
#2167=ORIENTED_EDGE('',*,*,#5576,.F.);
#2168=ORIENTED_EDGE('',*,*,#5569,.T.);
#2169=ORIENTED_EDGE('',*,*,#5563,.F.);
#2170=ORIENTED_EDGE('',*,*,#5577,.T.);
#2171=ORIENTED_EDGE('',*,*,#5578,.F.);
#2172=ORIENTED_EDGE('',*,*,#5579,.F.);
#2173=ORIENTED_EDGE('',*,*,#5419,.F.);
#2174=ORIENTED_EDGE('',*,*,#5573,.T.);
#2175=ORIENTED_EDGE('',*,*,#5570,.T.);
#2176=ORIENTED_EDGE('',*,*,#5576,.T.);
#2177=ORIENTED_EDGE('',*,*,#5402,.F.);
#2178=ORIENTED_EDGE('',*,*,#5580,.F.);
#2179=ORIENTED_EDGE('',*,*,#5379,.T.);
#2180=ORIENTED_EDGE('',*,*,#5581,.T.);
#2181=ORIENTED_EDGE('',*,*,#5385,.T.);
#2182=ORIENTED_EDGE('',*,*,#5582,.T.);
#2183=ORIENTED_EDGE('',*,*,#5552,.F.);
#2184=ORIENTED_EDGE('',*,*,#5583,.T.);
#2185=ORIENTED_EDGE('',*,*,#5556,.T.);
#2186=ORIENTED_EDGE('',*,*,#5584,.F.);
#2187=ORIENTED_EDGE('',*,*,#5560,.T.);
#2188=ORIENTED_EDGE('',*,*,#5393,.F.);
#2189=ORIENTED_EDGE('',*,*,#5585,.F.);
#2190=ORIENTED_EDGE('',*,*,#5586,.F.);
#2191=ORIENTED_EDGE('',*,*,#5567,.T.);
#2192=ORIENTED_EDGE('',*,*,#5587,.T.);
#2193=ORIENTED_EDGE('',*,*,#5588,.F.);
#2194=ORIENTED_EDGE('',*,*,#5429,.F.);
#2195=ORIENTED_EDGE('',*,*,#5553,.F.);
#2196=ORIENTED_EDGE('',*,*,#5584,.T.);
#2197=ORIENTED_EDGE('',*,*,#5568,.T.);
#2198=ORIENTED_EDGE('',*,*,#5586,.T.);
#2199=ORIENTED_EDGE('',*,*,#5589,.T.);
#2200=ORIENTED_EDGE('',*,*,#5561,.T.);
#2201=ORIENTED_EDGE('',*,*,#5566,.F.);
#2202=ORIENTED_EDGE('',*,*,#5575,.F.);
#2203=ORIENTED_EDGE('',*,*,#5590,.F.);
#2204=ORIENTED_EDGE('',*,*,#5587,.F.);
#2205=ORIENTED_EDGE('',*,*,#5591,.T.);
#2206=ORIENTED_EDGE('',*,*,#5558,.T.);
#2207=ORIENTED_EDGE('',*,*,#5527,.F.);
#2208=ORIENTED_EDGE('',*,*,#5502,.F.);
#2209=ORIENTED_EDGE('',*,*,#5395,.T.);
#2210=ORIENTED_EDGE('',*,*,#5559,.T.);
#2211=ORIENTED_EDGE('',*,*,#5591,.F.);
#2212=ORIENTED_EDGE('',*,*,#5501,.F.);
#2213=ORIENTED_EDGE('',*,*,#5554,.F.);
#2214=ORIENTED_EDGE('',*,*,#5427,.T.);
#2215=ORIENTED_EDGE('',*,*,#5592,.T.);
#2216=ORIENTED_EDGE('',*,*,#5593,.F.);
#2217=ORIENTED_EDGE('',*,*,#5555,.F.);
#2218=ORIENTED_EDGE('',*,*,#5593,.T.);
#2219=ORIENTED_EDGE('',*,*,#5594,.T.);
#2220=ORIENTED_EDGE('',*,*,#5524,.F.);
#2221=ORIENTED_EDGE('',*,*,#5595,.F.);
#2222=ORIENTED_EDGE('',*,*,#5528,.T.);
#2223=ORIENTED_EDGE('',*,*,#5525,.F.);
#2224=ORIENTED_EDGE('',*,*,#5594,.F.);
#2225=ORIENTED_EDGE('',*,*,#5592,.F.);
#2226=ORIENTED_EDGE('',*,*,#5426,.F.);
#2227=ORIENTED_EDGE('',*,*,#5596,.F.);
#2228=ORIENTED_EDGE('',*,*,#5597,.F.);
#2229=ORIENTED_EDGE('',*,*,#5511,.F.);
#2230=ORIENTED_EDGE('',*,*,#5598,.T.);
#2231=ORIENTED_EDGE('',*,*,#5599,.F.);
#2232=ORIENTED_EDGE('',*,*,#5600,.T.);
#2233=ORIENTED_EDGE('',*,*,#5512,.F.);
#2234=ORIENTED_EDGE('',*,*,#5597,.T.);
#2235=ORIENTED_EDGE('',*,*,#5601,.F.);
#2236=ORIENTED_EDGE('',*,*,#5513,.F.);
#2237=ORIENTED_EDGE('',*,*,#5600,.F.);
#2238=ORIENTED_EDGE('',*,*,#5602,.F.);
#2239=ORIENTED_EDGE('',*,*,#5603,.T.);
#2240=ORIENTED_EDGE('',*,*,#5604,.T.);
#2241=ORIENTED_EDGE('',*,*,#5507,.T.);
#2242=ORIENTED_EDGE('',*,*,#5495,.T.);
#2243=ORIENTED_EDGE('',*,*,#5490,.T.);
#2244=ORIENTED_EDGE('',*,*,#5603,.F.);
#2245=ORIENTED_EDGE('',*,*,#5489,.T.);
#2246=ORIENTED_EDGE('',*,*,#5497,.F.);
#2247=ORIENTED_EDGE('',*,*,#5455,.F.);
#2248=ORIENTED_EDGE('',*,*,#5605,.F.);
#2249=ORIENTED_EDGE('',*,*,#5448,.F.);
#2250=ORIENTED_EDGE('',*,*,#5606,.T.);
#2251=ORIENTED_EDGE('',*,*,#5548,.F.);
#2252=ORIENTED_EDGE('',*,*,#5550,.F.);
#2253=ORIENTED_EDGE('',*,*,#5531,.T.);
#2254=ORIENTED_EDGE('',*,*,#5537,.T.);
#2255=ORIENTED_EDGE('',*,*,#5607,.F.);
#2256=ORIENTED_EDGE('',*,*,#5602,.T.);
#2257=ORIENTED_EDGE('',*,*,#5599,.T.);
#2258=ORIENTED_EDGE('',*,*,#5596,.T.);
#2259=ORIENTED_EDGE('',*,*,#5425,.F.);
#2260=ORIENTED_EDGE('',*,*,#5534,.T.);
#2261=ORIENTED_EDGE('',*,*,#5608,.F.);
#2262=ORIENTED_EDGE('',*,*,#5414,.F.);
#2263=ORIENTED_EDGE('',*,*,#5544,.F.);
#2264=ORIENTED_EDGE('',*,*,#5549,.F.);
#2265=ORIENTED_EDGE('',*,*,#5606,.F.);
#2266=ORIENTED_EDGE('',*,*,#5447,.F.);
#2267=ORIENTED_EDGE('',*,*,#5545,.T.);
#2268=ORIENTED_EDGE('',*,*,#5412,.F.);
#2269=ORIENTED_EDGE('',*,*,#5518,.F.);
#2270=ORIENTED_EDGE('',*,*,#5546,.F.);
#2271=ORIENTED_EDGE('',*,*,#5609,.T.);
#2272=ORIENTED_EDGE('',*,*,#5480,.T.);
#2273=ORIENTED_EDGE('',*,*,#5610,.F.);
#2274=ORIENTED_EDGE('',*,*,#5611,.F.);
#2275=ORIENTED_EDGE('',*,*,#5612,.T.);
#2276=ORIENTED_EDGE('',*,*,#5611,.T.);
#2277=ORIENTED_EDGE('',*,*,#5613,.F.);
#2278=ORIENTED_EDGE('',*,*,#5614,.F.);
#2279=ORIENTED_EDGE('',*,*,#5615,.T.);
#2280=ORIENTED_EDGE('',*,*,#5614,.T.);
#2281=ORIENTED_EDGE('',*,*,#5616,.F.);
#2282=ORIENTED_EDGE('',*,*,#5482,.F.);
#2283=ORIENTED_EDGE('',*,*,#5479,.T.);
#2284=ORIENTED_EDGE('',*,*,#5616,.T.);
#2285=ORIENTED_EDGE('',*,*,#5613,.T.);
#2286=ORIENTED_EDGE('',*,*,#5610,.T.);
#2287=ORIENTED_EDGE('',*,*,#5481,.F.);
#2288=ORIENTED_EDGE('',*,*,#5609,.F.);
#2289=ORIENTED_EDGE('',*,*,#5612,.F.);
#2290=ORIENTED_EDGE('',*,*,#5615,.F.);
#2291=ORIENTED_EDGE('',*,*,#5617,.T.);
#2292=ORIENTED_EDGE('',*,*,#5618,.T.);
#2293=ORIENTED_EDGE('',*,*,#5619,.F.);
#2294=ORIENTED_EDGE('',*,*,#5620,.F.);
#2295=ORIENTED_EDGE('',*,*,#5621,.T.);
#2296=ORIENTED_EDGE('',*,*,#5620,.T.);
#2297=ORIENTED_EDGE('',*,*,#5622,.F.);
#2298=ORIENTED_EDGE('',*,*,#5408,.F.);
#2299=ORIENTED_EDGE('',*,*,#5623,.T.);
#2300=ORIENTED_EDGE('',*,*,#5406,.T.);
#2301=ORIENTED_EDGE('',*,*,#5624,.F.);
#2302=ORIENTED_EDGE('',*,*,#5618,.F.);
#2303=ORIENTED_EDGE('',*,*,#5619,.T.);
#2304=ORIENTED_EDGE('',*,*,#5624,.T.);
#2305=ORIENTED_EDGE('',*,*,#5405,.T.);
#2306=ORIENTED_EDGE('',*,*,#5622,.T.);
#2307=ORIENTED_EDGE('',*,*,#5617,.F.);
#2308=ORIENTED_EDGE('',*,*,#5621,.F.);
#2309=ORIENTED_EDGE('',*,*,#5407,.F.);
#2310=ORIENTED_EDGE('',*,*,#5623,.F.);
#2311=ORIENTED_EDGE('',*,*,#5601,.T.);
#2312=ORIENTED_EDGE('',*,*,#5607,.T.);
#2313=ORIENTED_EDGE('',*,*,#5536,.T.);
#2314=ORIENTED_EDGE('',*,*,#5514,.T.);
#2315=ORIENTED_EDGE('',*,*,#5444,.T.);
#2316=ORIENTED_EDGE('',*,*,#5415,.T.);
#2317=ORIENTED_EDGE('',*,*,#5608,.T.);
#2318=ORIENTED_EDGE('',*,*,#5446,.T.);
#2319=ORIENTED_EDGE('',*,*,#5605,.T.);
#2320=ORIENTED_EDGE('',*,*,#5533,.F.);
#2321=ORIENTED_EDGE('',*,*,#5441,.F.);
#2322=ORIENTED_EDGE('',*,*,#5449,.T.);
#2323=ORIENTED_EDGE('',*,*,#5401,.T.);
#2324=ORIENTED_EDGE('',*,*,#5451,.T.);
#2325=ORIENTED_EDGE('',*,*,#5625,.F.);
#2326=ORIENTED_EDGE('',*,*,#5626,.F.);
#2327=ORIENTED_EDGE('',*,*,#5380,.T.);
#2328=ORIENTED_EDGE('',*,*,#5580,.T.);
#2329=ORIENTED_EDGE('',*,*,#5420,.F.);
#2330=ORIENTED_EDGE('',*,*,#5582,.F.);
#2331=ORIENTED_EDGE('',*,*,#5384,.F.);
#2332=ORIENTED_EDGE('',*,*,#5627,.T.);
#2333=ORIENTED_EDGE('',*,*,#5628,.T.);
#2334=ORIENTED_EDGE('',*,*,#5509,.F.);
#2335=ORIENTED_EDGE('',*,*,#5629,.F.);
#2336=ORIENTED_EDGE('',*,*,#5630,.F.);
#2337=ORIENTED_EDGE('',*,*,#5598,.F.);
#2338=ORIENTED_EDGE('',*,*,#5510,.F.);
#2339=ORIENTED_EDGE('',*,*,#5628,.F.);
#2340=ORIENTED_EDGE('',*,*,#5631,.T.);
#2341=ORIENTED_EDGE('',*,*,#5632,.F.);
#2342=ORIENTED_EDGE('',*,*,#5631,.F.);
#2343=ORIENTED_EDGE('',*,*,#5627,.F.);
#2344=ORIENTED_EDGE('',*,*,#5383,.T.);
#2345=ORIENTED_EDGE('',*,*,#5454,.T.);
#2346=ORIENTED_EDGE('',*,*,#5478,.T.);
#2347=ORIENTED_EDGE('',*,*,#5508,.F.);
#2348=ORIENTED_EDGE('',*,*,#5604,.F.);
#2349=ORIENTED_EDGE('',*,*,#5505,.T.);
#2350=ORIENTED_EDGE('',*,*,#5458,.F.);
#2351=ORIENTED_EDGE('',*,*,#5463,.F.);
#2352=ORIENTED_EDGE('',*,*,#5487,.F.);
#2353=ORIENTED_EDGE('',*,*,#5633,.T.);
#2354=ORIENTED_EDGE('',*,*,#5634,.T.);
#2355=ORIENTED_EDGE('',*,*,#5635,.T.);
#2356=ORIENTED_EDGE('',*,*,#5636,.T.);
#2357=ORIENTED_EDGE('',*,*,#5492,.F.);
#2358=ORIENTED_EDGE('',*,*,#5494,.F.);
#2359=ORIENTED_EDGE('',*,*,#5637,.T.);
#2360=ORIENTED_EDGE('',*,*,#5493,.F.);
#2361=ORIENTED_EDGE('',*,*,#5475,.T.);
#2362=ORIENTED_EDGE('',*,*,#5638,.F.);
#2363=ORIENTED_EDGE('',*,*,#5637,.F.);
#2364=ORIENTED_EDGE('',*,*,#5639,.T.);
#2365=ORIENTED_EDGE('',*,*,#5465,.T.);
#2366=ORIENTED_EDGE('',*,*,#5483,.F.);
#2367=ORIENTED_EDGE('',*,*,#5636,.F.);
#2368=ORIENTED_EDGE('',*,*,#5640,.T.);
#2369=ORIENTED_EDGE('',*,*,#5641,.T.);
#2370=ORIENTED_EDGE('',*,*,#5633,.F.);
#2371=ORIENTED_EDGE('',*,*,#5638,.T.);
#2372=ORIENTED_EDGE('',*,*,#5470,.F.);
#2373=ORIENTED_EDGE('',*,*,#5466,.T.);
#2374=ORIENTED_EDGE('',*,*,#5639,.F.);
#2375=ORIENTED_EDGE('',*,*,#5635,.F.);
#2376=ORIENTED_EDGE('',*,*,#5642,.T.);
#2377=ORIENTED_EDGE('',*,*,#5643,.T.);
#2378=ORIENTED_EDGE('',*,*,#5644,.T.);
#2379=ORIENTED_EDGE('',*,*,#5645,.F.);
#2380=ORIENTED_EDGE('',*,*,#5625,.T.);
#2381=ORIENTED_EDGE('',*,*,#5450,.T.);
#2382=ORIENTED_EDGE('',*,*,#5499,.T.);
#2383=ORIENTED_EDGE('',*,*,#5645,.T.);
#2384=ORIENTED_EDGE('',*,*,#5646,.T.);
#2385=ORIENTED_EDGE('',*,*,#5381,.F.);
#2386=ORIENTED_EDGE('',*,*,#5626,.T.);
#2387=ORIENTED_EDGE('',*,*,#5578,.T.);
#2388=ORIENTED_EDGE('',*,*,#5647,.T.);
#2389=ORIENTED_EDGE('',*,*,#5648,.T.);
#2390=ORIENTED_EDGE('',*,*,#5649,.F.);
#2391=ORIENTED_EDGE('',*,*,#5577,.F.);
#2392=ORIENTED_EDGE('',*,*,#5650,.T.);
#2393=ORIENTED_EDGE('',*,*,#5651,.T.);
#2394=ORIENTED_EDGE('',*,*,#5647,.F.);
#2395=ORIENTED_EDGE('',*,*,#5579,.T.);
#2396=ORIENTED_EDGE('',*,*,#5649,.T.);
#2397=ORIENTED_EDGE('',*,*,#5652,.T.);
#2398=ORIENTED_EDGE('',*,*,#5650,.F.);
#2399=ORIENTED_EDGE('',*,*,#5648,.F.);
#2400=ORIENTED_EDGE('',*,*,#5651,.F.);
#2401=ORIENTED_EDGE('',*,*,#5652,.F.);
#2402=ORIENTED_EDGE('',*,*,#5653,.F.);
#2403=ORIENTED_EDGE('',*,*,#5654,.T.);
#2404=ORIENTED_EDGE('',*,*,#5655,.T.);
#2405=ORIENTED_EDGE('',*,*,#5656,.F.);
#2406=ORIENTED_EDGE('',*,*,#5657,.T.);
#2407=ORIENTED_EDGE('',*,*,#5658,.T.);
#2408=ORIENTED_EDGE('',*,*,#5659,.F.);
#2409=ORIENTED_EDGE('',*,*,#5660,.F.);
#2410=ORIENTED_EDGE('',*,*,#5661,.F.);
#2411=ORIENTED_EDGE('',*,*,#5662,.T.);
#2412=ORIENTED_EDGE('',*,*,#5663,.T.);
#2413=ORIENTED_EDGE('',*,*,#5664,.F.);
#2414=ORIENTED_EDGE('',*,*,#5665,.F.);
#2415=ORIENTED_EDGE('',*,*,#5666,.T.);
#2416=ORIENTED_EDGE('',*,*,#5667,.T.);
#2417=ORIENTED_EDGE('',*,*,#5668,.F.);
#2418=ORIENTED_EDGE('',*,*,#5669,.F.);
#2419=ORIENTED_EDGE('',*,*,#5670,.T.);
#2420=ORIENTED_EDGE('',*,*,#5671,.T.);
#2421=ORIENTED_EDGE('',*,*,#5672,.F.);
#2422=ORIENTED_EDGE('',*,*,#5673,.F.);
#2423=ORIENTED_EDGE('',*,*,#5674,.T.);
#2424=ORIENTED_EDGE('',*,*,#5675,.T.);
#2425=ORIENTED_EDGE('',*,*,#5676,.F.);
#2426=ORIENTED_EDGE('',*,*,#5677,.F.);
#2427=ORIENTED_EDGE('',*,*,#5678,.T.);
#2428=ORIENTED_EDGE('',*,*,#5679,.T.);
#2429=ORIENTED_EDGE('',*,*,#5680,.F.);
#2430=ORIENTED_EDGE('',*,*,#5681,.F.);
#2431=ORIENTED_EDGE('',*,*,#5682,.T.);
#2432=ORIENTED_EDGE('',*,*,#5683,.T.);
#2433=ORIENTED_EDGE('',*,*,#5684,.F.);
#2434=ORIENTED_EDGE('',*,*,#5685,.F.);
#2435=ORIENTED_EDGE('',*,*,#5686,.T.);
#2436=ORIENTED_EDGE('',*,*,#5687,.T.);
#2437=ORIENTED_EDGE('',*,*,#5688,.F.);
#2438=ORIENTED_EDGE('',*,*,#5689,.F.);
#2439=ORIENTED_EDGE('',*,*,#5690,.T.);
#2440=ORIENTED_EDGE('',*,*,#5691,.T.);
#2441=ORIENTED_EDGE('',*,*,#5692,.F.);
#2442=ORIENTED_EDGE('',*,*,#5693,.F.);
#2443=ORIENTED_EDGE('',*,*,#5694,.T.);
#2444=ORIENTED_EDGE('',*,*,#5695,.T.);
#2445=ORIENTED_EDGE('',*,*,#5696,.F.);
#2446=ORIENTED_EDGE('',*,*,#5697,.F.);
#2447=ORIENTED_EDGE('',*,*,#5698,.T.);
#2448=ORIENTED_EDGE('',*,*,#5699,.T.);
#2449=ORIENTED_EDGE('',*,*,#5700,.F.);
#2450=ORIENTED_EDGE('',*,*,#5701,.F.);
#2451=ORIENTED_EDGE('',*,*,#5702,.T.);
#2452=ORIENTED_EDGE('',*,*,#5703,.T.);
#2453=ORIENTED_EDGE('',*,*,#5704,.F.);
#2454=ORIENTED_EDGE('',*,*,#5705,.F.);
#2455=ORIENTED_EDGE('',*,*,#5706,.T.);
#2456=ORIENTED_EDGE('',*,*,#5707,.T.);
#2457=ORIENTED_EDGE('',*,*,#5708,.F.);
#2458=ORIENTED_EDGE('',*,*,#5709,.F.);
#2459=ORIENTED_EDGE('',*,*,#5710,.T.);
#2460=ORIENTED_EDGE('',*,*,#5711,.T.);
#2461=ORIENTED_EDGE('',*,*,#5712,.F.);
#2462=ORIENTED_EDGE('',*,*,#5522,.F.);
#2463=ORIENTED_EDGE('',*,*,#5557,.F.);
#2464=ORIENTED_EDGE('',*,*,#5583,.F.);
#2465=ORIENTED_EDGE('',*,*,#5551,.T.);
#2466=ORIENTED_EDGE('',*,*,#5713,.T.);
#2467=ORIENTED_EDGE('',*,*,#5473,.T.);
#2468=ORIENTED_EDGE('',*,*,#5714,.T.);
#2469=ORIENTED_EDGE('',*,*,#5715,.T.);
#2470=ORIENTED_EDGE('',*,*,#5640,.F.);
#2471=ORIENTED_EDGE('',*,*,#5716,.T.);
#2472=ORIENTED_EDGE('',*,*,#5717,.F.);
#2473=ORIENTED_EDGE('',*,*,#5718,.F.);
#2474=ORIENTED_EDGE('',*,*,#5641,.F.);
#2475=ORIENTED_EDGE('',*,*,#5715,.F.);
#2476=ORIENTED_EDGE('',*,*,#5719,.T.);
#2477=ORIENTED_EDGE('',*,*,#5720,.F.);
#2478=ORIENTED_EDGE('',*,*,#5721,.F.);
#2479=ORIENTED_EDGE('',*,*,#5722,.T.);
#2480=ORIENTED_EDGE('',*,*,#5723,.F.);
#2481=ORIENTED_EDGE('',*,*,#5716,.F.);
#2482=ORIENTED_EDGE('',*,*,#5642,.F.);
#2483=ORIENTED_EDGE('',*,*,#5634,.F.);
#2484=ORIENTED_EDGE('',*,*,#5644,.F.);
#2485=ORIENTED_EDGE('',*,*,#5724,.T.);
#2486=ORIENTED_EDGE('',*,*,#5725,.T.);
#2487=ORIENTED_EDGE('',*,*,#5726,.T.);
#2488=ORIENTED_EDGE('',*,*,#5727,.T.);
#2489=ORIENTED_EDGE('',*,*,#5378,.T.);
#2490=ORIENTED_EDGE('',*,*,#5646,.F.);
#2491=ORIENTED_EDGE('',*,*,#5728,.F.);
#2492=ORIENTED_EDGE('',*,*,#5729,.T.);
#2493=ORIENTED_EDGE('',*,*,#5730,.F.);
#2494=ORIENTED_EDGE('',*,*,#5731,.T.);
#2495=ORIENTED_EDGE('',*,*,#5732,.F.);
#2496=ORIENTED_EDGE('',*,*,#5733,.F.);
#2497=ORIENTED_EDGE('',*,*,#5734,.T.);
#2498=ORIENTED_EDGE('',*,*,#5735,.F.);
#2499=ORIENTED_EDGE('',*,*,#5736,.F.);
#2500=ORIENTED_EDGE('',*,*,#5737,.F.);
#2501=ORIENTED_EDGE('',*,*,#5738,.T.);
#2502=ORIENTED_EDGE('',*,*,#5739,.F.);
#2503=ORIENTED_EDGE('',*,*,#5740,.F.);
#2504=ORIENTED_EDGE('',*,*,#5741,.F.);
#2505=ORIENTED_EDGE('',*,*,#5742,.T.);
#2506=ORIENTED_EDGE('',*,*,#5743,.F.);
#2507=ORIENTED_EDGE('',*,*,#5744,.F.);
#2508=ORIENTED_EDGE('',*,*,#5745,.F.);
#2509=ORIENTED_EDGE('',*,*,#5746,.T.);
#2510=ORIENTED_EDGE('',*,*,#5747,.F.);
#2511=ORIENTED_EDGE('',*,*,#5748,.F.);
#2512=ORIENTED_EDGE('',*,*,#5749,.F.);
#2513=ORIENTED_EDGE('',*,*,#5750,.T.);
#2514=ORIENTED_EDGE('',*,*,#5751,.F.);
#2515=ORIENTED_EDGE('',*,*,#5752,.F.);
#2516=ORIENTED_EDGE('',*,*,#5753,.F.);
#2517=ORIENTED_EDGE('',*,*,#5754,.T.);
#2518=ORIENTED_EDGE('',*,*,#5755,.F.);
#2519=ORIENTED_EDGE('',*,*,#5756,.F.);
#2520=ORIENTED_EDGE('',*,*,#5757,.F.);
#2521=ORIENTED_EDGE('',*,*,#5758,.T.);
#2522=ORIENTED_EDGE('',*,*,#5759,.F.);
#2523=ORIENTED_EDGE('',*,*,#5760,.F.);
#2524=ORIENTED_EDGE('',*,*,#5761,.F.);
#2525=ORIENTED_EDGE('',*,*,#5762,.T.);
#2526=ORIENTED_EDGE('',*,*,#5763,.F.);
#2527=ORIENTED_EDGE('',*,*,#5764,.F.);
#2528=ORIENTED_EDGE('',*,*,#5765,.F.);
#2529=ORIENTED_EDGE('',*,*,#5766,.T.);
#2530=ORIENTED_EDGE('',*,*,#5767,.F.);
#2531=ORIENTED_EDGE('',*,*,#5768,.F.);
#2532=ORIENTED_EDGE('',*,*,#5769,.F.);
#2533=ORIENTED_EDGE('',*,*,#5770,.T.);
#2534=ORIENTED_EDGE('',*,*,#5771,.F.);
#2535=ORIENTED_EDGE('',*,*,#5772,.F.);
#2536=ORIENTED_EDGE('',*,*,#5773,.F.);
#2537=ORIENTED_EDGE('',*,*,#5774,.T.);
#2538=ORIENTED_EDGE('',*,*,#5775,.F.);
#2539=ORIENTED_EDGE('',*,*,#5776,.F.);
#2540=ORIENTED_EDGE('',*,*,#5777,.F.);
#2541=ORIENTED_EDGE('',*,*,#5778,.T.);
#2542=ORIENTED_EDGE('',*,*,#5779,.F.);
#2543=ORIENTED_EDGE('',*,*,#5780,.F.);
#2544=ORIENTED_EDGE('',*,*,#5781,.F.);
#2545=ORIENTED_EDGE('',*,*,#5782,.T.);
#2546=ORIENTED_EDGE('',*,*,#5783,.F.);
#2547=ORIENTED_EDGE('',*,*,#5590,.T.);
#2548=ORIENTED_EDGE('',*,*,#5574,.F.);
#2549=ORIENTED_EDGE('',*,*,#5784,.F.);
#2550=ORIENTED_EDGE('',*,*,#5785,.T.);
#2551=ORIENTED_EDGE('',*,*,#5786,.F.);
#2552=ORIENTED_EDGE('',*,*,#5787,.F.);
#2553=ORIENTED_EDGE('',*,*,#5788,.F.);
#2554=ORIENTED_EDGE('',*,*,#5588,.T.);
#2555=ORIENTED_EDGE('',*,*,#5789,.F.);
#2556=ORIENTED_EDGE('',*,*,#5790,.T.);
#2557=ORIENTED_EDGE('',*,*,#5791,.T.);
#2558=ORIENTED_EDGE('',*,*,#5792,.F.);
#2559=ORIENTED_EDGE('',*,*,#5793,.F.);
#2560=ORIENTED_EDGE('',*,*,#5794,.T.);
#2561=ORIENTED_EDGE('',*,*,#5795,.T.);
#2562=ORIENTED_EDGE('',*,*,#5796,.F.);
#2563=ORIENTED_EDGE('',*,*,#5391,.F.);
#2564=ORIENTED_EDGE('',*,*,#5797,.T.);
#2565=ORIENTED_EDGE('',*,*,#5798,.F.);
#2566=ORIENTED_EDGE('',*,*,#5799,.T.);
#2567=ORIENTED_EDGE('',*,*,#5800,.F.);
#2568=ORIENTED_EDGE('',*,*,#5801,.F.);
#2569=ORIENTED_EDGE('',*,*,#5802,.F.);
#2570=ORIENTED_EDGE('',*,*,#5798,.T.);
#2571=ORIENTED_EDGE('',*,*,#5803,.F.);
#2572=ORIENTED_EDGE('',*,*,#5431,.T.);
#2573=ORIENTED_EDGE('',*,*,#5804,.F.);
#2574=ORIENTED_EDGE('',*,*,#5805,.T.);
#2575=ORIENTED_EDGE('',*,*,#5806,.T.);
#2576=ORIENTED_EDGE('',*,*,#5807,.T.);
#2577=ORIENTED_EDGE('',*,*,#5805,.F.);
#2578=ORIENTED_EDGE('',*,*,#5808,.T.);
#2579=ORIENTED_EDGE('',*,*,#5809,.F.);
#2580=ORIENTED_EDGE('',*,*,#5810,.T.);
#2581=ORIENTED_EDGE('',*,*,#5726,.F.);
#2582=ORIENTED_EDGE('',*,*,#5811,.F.);
#2583=ORIENTED_EDGE('',*,*,#5812,.F.);
#2584=ORIENTED_EDGE('',*,*,#5813,.F.);
#2585=ORIENTED_EDGE('',*,*,#5814,.F.);
#2586=ORIENTED_EDGE('',*,*,#5815,.T.);
#2587=ORIENTED_EDGE('',*,*,#5816,.T.);
#2588=ORIENTED_EDGE('',*,*,#5817,.F.);
#2589=ORIENTED_EDGE('',*,*,#5818,.F.);
#2590=ORIENTED_EDGE('',*,*,#5819,.F.);
#2591=ORIENTED_EDGE('',*,*,#5820,.F.);
#2592=ORIENTED_EDGE('',*,*,#5629,.T.);
#2593=ORIENTED_EDGE('',*,*,#5632,.T.);
#2594=ORIENTED_EDGE('',*,*,#5382,.T.);
#2595=ORIENTED_EDGE('',*,*,#5821,.T.);
#2596=ORIENTED_EDGE('',*,*,#5809,.T.);
#2597=ORIENTED_EDGE('',*,*,#5822,.F.);
#2598=ORIENTED_EDGE('',*,*,#5823,.F.);
#2599=ORIENTED_EDGE('',*,*,#5824,.T.);
#2600=ORIENTED_EDGE('',*,*,#5825,.T.);
#2601=ORIENTED_EDGE('',*,*,#5826,.T.);
#2602=ORIENTED_EDGE('',*,*,#5827,.T.);
#2603=ORIENTED_EDGE('',*,*,#5828,.T.);
#2604=ORIENTED_EDGE('',*,*,#5829,.F.);
#2605=ORIENTED_EDGE('',*,*,#5830,.F.);
#2606=ORIENTED_EDGE('',*,*,#5831,.F.);
#2607=ORIENTED_EDGE('',*,*,#5832,.F.);
#2608=ORIENTED_EDGE('',*,*,#5791,.F.);
#2609=ORIENTED_EDGE('',*,*,#5833,.T.);
#2610=ORIENTED_EDGE('',*,*,#5834,.F.);
#2611=ORIENTED_EDGE('',*,*,#5835,.T.);
#2612=ORIENTED_EDGE('',*,*,#5836,.T.);
#2613=ORIENTED_EDGE('',*,*,#5837,.T.);
#2614=ORIENTED_EDGE('',*,*,#5796,.T.);
#2615=ORIENTED_EDGE('',*,*,#5838,.T.);
#2616=ORIENTED_EDGE('',*,*,#5839,.T.);
#2617=ORIENTED_EDGE('',*,*,#5721,.T.);
#2618=ORIENTED_EDGE('',*,*,#5840,.T.);
#2619=ORIENTED_EDGE('',*,*,#5841,.T.);
#2620=ORIENTED_EDGE('',*,*,#5842,.T.);
#2621=ORIENTED_EDGE('',*,*,#5843,.T.);
#2622=ORIENTED_EDGE('',*,*,#5844,.T.);
#2623=ORIENTED_EDGE('',*,*,#5845,.T.);
#2624=ORIENTED_EDGE('',*,*,#5846,.F.);
#2625=ORIENTED_EDGE('',*,*,#5847,.T.);
#2626=ORIENTED_EDGE('',*,*,#5848,.T.);
#2627=ORIENTED_EDGE('',*,*,#5849,.T.);
#2628=ORIENTED_EDGE('',*,*,#5850,.F.);
#2629=ORIENTED_EDGE('',*,*,#5851,.T.);
#2630=ORIENTED_EDGE('',*,*,#5852,.T.);
#2631=ORIENTED_EDGE('',*,*,#5853,.T.);
#2632=ORIENTED_EDGE('',*,*,#5854,.F.);
#2633=ORIENTED_EDGE('',*,*,#5855,.T.);
#2634=ORIENTED_EDGE('',*,*,#5856,.T.);
#2635=ORIENTED_EDGE('',*,*,#5857,.T.);
#2636=ORIENTED_EDGE('',*,*,#5858,.F.);
#2637=ORIENTED_EDGE('',*,*,#5859,.T.);
#2638=ORIENTED_EDGE('',*,*,#5860,.F.);
#2639=ORIENTED_EDGE('',*,*,#5861,.T.);
#2640=ORIENTED_EDGE('',*,*,#5862,.T.);
#2641=ORIENTED_EDGE('',*,*,#5863,.T.);
#2642=ORIENTED_EDGE('',*,*,#5864,.F.);
#2643=ORIENTED_EDGE('',*,*,#5865,.T.);
#2644=ORIENTED_EDGE('',*,*,#5866,.T.);
#2645=ORIENTED_EDGE('',*,*,#5867,.T.);
#2646=ORIENTED_EDGE('',*,*,#5868,.F.);
#2647=ORIENTED_EDGE('',*,*,#5869,.T.);
#2648=ORIENTED_EDGE('',*,*,#5870,.T.);
#2649=ORIENTED_EDGE('',*,*,#5871,.T.);
#2650=ORIENTED_EDGE('',*,*,#5872,.F.);
#2651=ORIENTED_EDGE('',*,*,#5873,.T.);
#2652=ORIENTED_EDGE('',*,*,#5874,.T.);
#2653=ORIENTED_EDGE('',*,*,#5875,.T.);
#2654=ORIENTED_EDGE('',*,*,#5876,.F.);
#2655=ORIENTED_EDGE('',*,*,#5877,.T.);
#2656=ORIENTED_EDGE('',*,*,#5878,.T.);
#2657=ORIENTED_EDGE('',*,*,#5879,.T.);
#2658=ORIENTED_EDGE('',*,*,#5880,.F.);
#2659=ORIENTED_EDGE('',*,*,#5881,.T.);
#2660=ORIENTED_EDGE('',*,*,#5882,.T.);
#2661=ORIENTED_EDGE('',*,*,#5883,.T.);
#2662=ORIENTED_EDGE('',*,*,#5884,.F.);
#2663=ORIENTED_EDGE('',*,*,#5885,.T.);
#2664=ORIENTED_EDGE('',*,*,#5886,.T.);
#2665=ORIENTED_EDGE('',*,*,#5887,.T.);
#2666=ORIENTED_EDGE('',*,*,#5888,.F.);
#2667=ORIENTED_EDGE('',*,*,#5889,.T.);
#2668=ORIENTED_EDGE('',*,*,#5890,.T.);
#2669=ORIENTED_EDGE('',*,*,#5891,.T.);
#2670=ORIENTED_EDGE('',*,*,#5892,.F.);
#2671=ORIENTED_EDGE('',*,*,#5893,.T.);
#2672=ORIENTED_EDGE('',*,*,#5894,.T.);
#2673=ORIENTED_EDGE('',*,*,#5895,.T.);
#2674=ORIENTED_EDGE('',*,*,#5834,.T.);
#2675=ORIENTED_EDGE('',*,*,#5896,.T.);
#2676=ORIENTED_EDGE('',*,*,#5897,.T.);
#2677=ORIENTED_EDGE('',*,*,#5898,.F.);
#2678=ORIENTED_EDGE('',*,*,#5829,.T.);
#2679=ORIENTED_EDGE('',*,*,#5899,.T.);
#2680=ORIENTED_EDGE('',*,*,#5900,.F.);
#2681=ORIENTED_EDGE('',*,*,#5816,.F.);
#2682=ORIENTED_EDGE('',*,*,#5901,.T.);
#2683=ORIENTED_EDGE('',*,*,#5902,.T.);
#2684=ORIENTED_EDGE('',*,*,#5717,.T.);
#2685=ORIENTED_EDGE('',*,*,#5723,.T.);
#2686=ORIENTED_EDGE('',*,*,#5903,.F.);
#2687=ORIENTED_EDGE('',*,*,#5904,.F.);
#2688=ORIENTED_EDGE('',*,*,#5840,.F.);
#2689=ORIENTED_EDGE('',*,*,#5720,.T.);
#2690=ORIENTED_EDGE('',*,*,#5905,.F.);
#2691=ORIENTED_EDGE('',*,*,#5906,.F.);
#2692=ORIENTED_EDGE('',*,*,#5836,.F.);
#2693=ORIENTED_EDGE('',*,*,#5907,.F.);
#2694=ORIENTED_EDGE('',*,*,#5908,.T.);
#2695=ORIENTED_EDGE('',*,*,#5814,.T.);
#2696=ORIENTED_EDGE('',*,*,#5909,.T.);
#2697=ORIENTED_EDGE('',*,*,#5910,.F.);
#2698=ORIENTED_EDGE('',*,*,#5832,.T.);
#2699=ORIENTED_EDGE('',*,*,#5911,.T.);
#2700=ORIENTED_EDGE('',*,*,#5433,.T.);
#2701=ORIENTED_EDGE('',*,*,#5912,.T.);
#2702=ORIENTED_EDGE('',*,*,#5913,.T.);
#2703=ORIENTED_EDGE('',*,*,#5792,.T.);
#2704=ORIENTED_EDGE('',*,*,#5914,.T.);
#2705=ORIENTED_EDGE('',*,*,#5452,.T.);
#2706=ORIENTED_EDGE('',*,*,#5915,.F.);
#2707=ORIENTED_EDGE('',*,*,#5916,.T.);
#2708=ORIENTED_EDGE('',*,*,#5917,.F.);
#2709=ORIENTED_EDGE('',*,*,#5838,.F.);
#2710=ORIENTED_EDGE('',*,*,#5795,.F.);
#2711=ORIENTED_EDGE('',*,*,#5918,.T.);
#2712=ORIENTED_EDGE('',*,*,#5919,.T.);
#2713=ORIENTED_EDGE('',*,*,#5389,.F.);
#2714=ORIENTED_EDGE('',*,*,#5920,.F.);
#2715=ORIENTED_EDGE('',*,*,#5562,.F.);
#2716=ORIENTED_EDGE('',*,*,#5589,.F.);
#2717=ORIENTED_EDGE('',*,*,#5585,.T.);
#2718=ORIENTED_EDGE('',*,*,#5921,.T.);
#2719=ORIENTED_EDGE('',*,*,#5922,.F.);
#2720=ORIENTED_EDGE('',*,*,#5923,.T.);
#2721=ORIENTED_EDGE('',*,*,#5924,.T.);
#2722=ORIENTED_EDGE('',*,*,#5808,.F.);
#2723=ORIENTED_EDGE('',*,*,#5804,.T.);
#2724=ORIENTED_EDGE('',*,*,#5430,.T.);
#2725=ORIENTED_EDGE('',*,*,#5788,.T.);
#2726=ORIENTED_EDGE('',*,*,#5925,.T.);
#2727=ORIENTED_EDGE('',*,*,#5731,.F.);
#2728=ORIENTED_EDGE('',*,*,#5926,.F.);
#2729=ORIENTED_EDGE('',*,*,#5657,.F.);
#2730=ORIENTED_EDGE('',*,*,#5927,.F.);
#2731=ORIENTED_EDGE('',*,*,#5928,.F.);
#2732=ORIENTED_EDGE('',*,*,#5826,.F.);
#2733=ORIENTED_EDGE('',*,*,#5929,.F.);
#2734=ORIENTED_EDGE('',*,*,#5895,.F.);
#2735=ORIENTED_EDGE('',*,*,#5930,.F.);
#2736=ORIENTED_EDGE('',*,*,#5891,.F.);
#2737=ORIENTED_EDGE('',*,*,#5931,.F.);
#2738=ORIENTED_EDGE('',*,*,#5887,.F.);
#2739=ORIENTED_EDGE('',*,*,#5932,.F.);
#2740=ORIENTED_EDGE('',*,*,#5883,.F.);
#2741=ORIENTED_EDGE('',*,*,#5933,.F.);
#2742=ORIENTED_EDGE('',*,*,#5879,.F.);
#2743=ORIENTED_EDGE('',*,*,#5934,.F.);
#2744=ORIENTED_EDGE('',*,*,#5875,.F.);
#2745=ORIENTED_EDGE('',*,*,#5935,.F.);
#2746=ORIENTED_EDGE('',*,*,#5871,.F.);
#2747=ORIENTED_EDGE('',*,*,#5936,.F.);
#2748=ORIENTED_EDGE('',*,*,#5867,.F.);
#2749=ORIENTED_EDGE('',*,*,#5937,.F.);
#2750=ORIENTED_EDGE('',*,*,#5863,.F.);
#2751=ORIENTED_EDGE('',*,*,#5938,.F.);
#2752=ORIENTED_EDGE('',*,*,#5859,.F.);
#2753=ORIENTED_EDGE('',*,*,#5939,.F.);
#2754=ORIENTED_EDGE('',*,*,#5855,.F.);
#2755=ORIENTED_EDGE('',*,*,#5940,.F.);
#2756=ORIENTED_EDGE('',*,*,#5851,.F.);
#2757=ORIENTED_EDGE('',*,*,#5941,.F.);
#2758=ORIENTED_EDGE('',*,*,#5847,.F.);
#2759=ORIENTED_EDGE('',*,*,#5942,.F.);
#2760=ORIENTED_EDGE('',*,*,#5843,.F.);
#2761=ORIENTED_EDGE('',*,*,#5943,.T.);
#2762=ORIENTED_EDGE('',*,*,#5924,.F.);
#2763=ORIENTED_EDGE('',*,*,#5944,.F.);
#2764=ORIENTED_EDGE('',*,*,#5945,.F.);
#2765=ORIENTED_EDGE('',*,*,#5946,.F.);
#2766=ORIENTED_EDGE('',*,*,#5785,.F.);
#2767=ORIENTED_EDGE('',*,*,#5947,.F.);
#2768=ORIENTED_EDGE('',*,*,#5539,.T.);
#2769=ORIENTED_EDGE('',*,*,#5948,.F.);
#2770=ORIENTED_EDGE('',*,*,#5949,.F.);
#2771=ORIENTED_EDGE('',*,*,#5950,.T.);
#2772=ORIENTED_EDGE('',*,*,#5951,.F.);
#2773=ORIENTED_EDGE('',*,*,#5438,.T.);
#2774=ORIENTED_EDGE('',*,*,#5952,.F.);
#2775=ORIENTED_EDGE('',*,*,#5434,.F.);
#2776=ORIENTED_EDGE('',*,*,#5911,.F.);
#2777=ORIENTED_EDGE('',*,*,#5831,.T.);
#2778=ORIENTED_EDGE('',*,*,#5953,.T.);
#2779=ORIENTED_EDGE('',*,*,#5954,.F.);
#2780=ORIENTED_EDGE('',*,*,#5955,.F.);
#2781=ORIENTED_EDGE('',*,*,#5956,.F.);
#2782=ORIENTED_EDGE('',*,*,#5950,.F.);
#2783=ORIENTED_EDGE('',*,*,#5957,.F.);
#2784=ORIENTED_EDGE('',*,*,#5954,.T.);
#2785=ORIENTED_EDGE('',*,*,#5917,.T.);
#2786=ORIENTED_EDGE('',*,*,#5388,.T.);
#2787=ORIENTED_EDGE('',*,*,#5958,.F.);
#2788=ORIENTED_EDGE('',*,*,#5903,.T.);
#2789=ORIENTED_EDGE('',*,*,#5722,.F.);
#2790=ORIENTED_EDGE('',*,*,#5839,.F.);
#2791=ORIENTED_EDGE('',*,*,#5375,.T.);
#2792=ORIENTED_EDGE('',*,*,#5469,.T.);
#2793=ORIENTED_EDGE('',*,*,#5713,.F.);
#2794=ORIENTED_EDGE('',*,*,#5959,.F.);
#2795=ORIENTED_EDGE('',*,*,#5909,.F.);
#2796=ORIENTED_EDGE('',*,*,#5813,.T.);
#2797=ORIENTED_EDGE('',*,*,#5960,.F.);
#2798=ORIENTED_EDGE('',*,*,#5961,.T.);
#2799=ORIENTED_EDGE('',*,*,#5915,.T.);
#2800=ORIENTED_EDGE('',*,*,#5962,.F.);
#2801=ORIENTED_EDGE('',*,*,#5963,.T.);
#2802=ORIENTED_EDGE('',*,*,#5960,.T.);
#2803=ORIENTED_EDGE('',*,*,#5812,.T.);
#2804=ORIENTED_EDGE('',*,*,#5725,.F.);
#2805=ORIENTED_EDGE('',*,*,#5964,.T.);
#2806=ORIENTED_EDGE('',*,*,#5962,.T.);
#2807=ORIENTED_EDGE('',*,*,#5811,.T.);
#2808=ORIENTED_EDGE('',*,*,#5908,.F.);
#2809=ORIENTED_EDGE('',*,*,#5965,.T.);
#2810=ORIENTED_EDGE('',*,*,#5901,.F.);
#2811=ORIENTED_EDGE('',*,*,#5815,.F.);
#2812=ORIENTED_EDGE('',*,*,#5966,.F.);
#2813=ORIENTED_EDGE('',*,*,#5967,.T.);
#2814=ORIENTED_EDGE('',*,*,#5818,.T.);
#2815=ORIENTED_EDGE('',*,*,#5968,.F.);
#2816=ORIENTED_EDGE('',*,*,#5948,.T.);
#2817=ORIENTED_EDGE('',*,*,#5538,.T.);
#2818=ORIENTED_EDGE('',*,*,#5542,.T.);
#2819=ORIENTED_EDGE('',*,*,#5969,.F.);
#2820=ORIENTED_EDGE('',*,*,#5970,.F.);
#2821=ORIENTED_EDGE('',*,*,#5968,.T.);
#2822=ORIENTED_EDGE('',*,*,#5817,.T.);
#2823=ORIENTED_EDGE('',*,*,#5900,.T.);
#2824=ORIENTED_EDGE('',*,*,#5971,.F.);
#2825=ORIENTED_EDGE('',*,*,#5972,.F.);
#2826=ORIENTED_EDGE('',*,*,#5822,.T.);
#2827=ORIENTED_EDGE('',*,*,#5819,.T.);
#2828=ORIENTED_EDGE('',*,*,#5967,.F.);
#2829=ORIENTED_EDGE('',*,*,#5907,.T.);
#2830=ORIENTED_EDGE('',*,*,#5835,.F.);
#2831=ORIENTED_EDGE('',*,*,#5902,.F.);
#2832=ORIENTED_EDGE('',*,*,#5965,.F.);
#2833=ORIENTED_EDGE('',*,*,#5946,.T.);
#2834=ORIENTED_EDGE('',*,*,#5973,.F.);
#2835=ORIENTED_EDGE('',*,*,#5974,.F.);
#2836=ORIENTED_EDGE('',*,*,#5786,.T.);
#2837=ORIENTED_EDGE('',*,*,#5945,.T.);
#2838=ORIENTED_EDGE('',*,*,#5975,.F.);
#2839=ORIENTED_EDGE('',*,*,#5976,.F.);
#2840=ORIENTED_EDGE('',*,*,#5973,.T.);
#2841=ORIENTED_EDGE('',*,*,#5944,.T.);
#2842=ORIENTED_EDGE('',*,*,#5923,.F.);
#2843=ORIENTED_EDGE('',*,*,#5977,.F.);
#2844=ORIENTED_EDGE('',*,*,#5975,.T.);
#2845=ORIENTED_EDGE('',*,*,#5978,.F.);
#2846=ORIENTED_EDGE('',*,*,#5979,.T.);
#2847=ORIENTED_EDGE('',*,*,#5980,.T.);
#2848=ORIENTED_EDGE('',*,*,#5728,.T.);
#2849=ORIENTED_EDGE('',*,*,#5925,.F.);
#2850=ORIENTED_EDGE('',*,*,#5787,.T.);
#2851=ORIENTED_EDGE('',*,*,#5974,.T.);
#2852=ORIENTED_EDGE('',*,*,#5976,.T.);
#2853=ORIENTED_EDGE('',*,*,#5977,.T.);
#2854=ORIENTED_EDGE('',*,*,#5922,.T.);
#2855=ORIENTED_EDGE('',*,*,#5981,.T.);
#2856=ORIENTED_EDGE('',*,*,#5982,.T.);
#2857=ORIENTED_EDGE('',*,*,#5983,.F.);
#2858=ORIENTED_EDGE('',*,*,#5984,.T.);
#2859=ORIENTED_EDGE('',*,*,#5985,.T.);
#2860=ORIENTED_EDGE('',*,*,#5781,.T.);
#2861=ORIENTED_EDGE('',*,*,#5986,.F.);
#2862=ORIENTED_EDGE('',*,*,#5987,.T.);
#2863=ORIENTED_EDGE('',*,*,#5988,.T.);
#2864=ORIENTED_EDGE('',*,*,#5777,.T.);
#2865=ORIENTED_EDGE('',*,*,#5989,.F.);
#2866=ORIENTED_EDGE('',*,*,#5990,.T.);
#2867=ORIENTED_EDGE('',*,*,#5991,.T.);
#2868=ORIENTED_EDGE('',*,*,#5773,.T.);
#2869=ORIENTED_EDGE('',*,*,#5992,.F.);
#2870=ORIENTED_EDGE('',*,*,#5993,.T.);
#2871=ORIENTED_EDGE('',*,*,#5994,.T.);
#2872=ORIENTED_EDGE('',*,*,#5769,.T.);
#2873=ORIENTED_EDGE('',*,*,#5995,.F.);
#2874=ORIENTED_EDGE('',*,*,#5996,.T.);
#2875=ORIENTED_EDGE('',*,*,#5997,.T.);
#2876=ORIENTED_EDGE('',*,*,#5765,.T.);
#2877=ORIENTED_EDGE('',*,*,#5998,.F.);
#2878=ORIENTED_EDGE('',*,*,#5999,.T.);
#2879=ORIENTED_EDGE('',*,*,#6000,.T.);
#2880=ORIENTED_EDGE('',*,*,#5761,.T.);
#2881=ORIENTED_EDGE('',*,*,#6001,.F.);
#2882=ORIENTED_EDGE('',*,*,#6002,.T.);
#2883=ORIENTED_EDGE('',*,*,#6003,.T.);
#2884=ORIENTED_EDGE('',*,*,#5757,.T.);
#2885=ORIENTED_EDGE('',*,*,#6004,.F.);
#2886=ORIENTED_EDGE('',*,*,#6005,.T.);
#2887=ORIENTED_EDGE('',*,*,#6006,.T.);
#2888=ORIENTED_EDGE('',*,*,#5753,.T.);
#2889=ORIENTED_EDGE('',*,*,#6007,.F.);
#2890=ORIENTED_EDGE('',*,*,#6008,.T.);
#2891=ORIENTED_EDGE('',*,*,#6009,.T.);
#2892=ORIENTED_EDGE('',*,*,#5749,.T.);
#2893=ORIENTED_EDGE('',*,*,#6010,.F.);
#2894=ORIENTED_EDGE('',*,*,#6011,.T.);
#2895=ORIENTED_EDGE('',*,*,#6012,.T.);
#2896=ORIENTED_EDGE('',*,*,#5745,.T.);
#2897=ORIENTED_EDGE('',*,*,#6013,.F.);
#2898=ORIENTED_EDGE('',*,*,#6014,.T.);
#2899=ORIENTED_EDGE('',*,*,#6015,.T.);
#2900=ORIENTED_EDGE('',*,*,#5741,.T.);
#2901=ORIENTED_EDGE('',*,*,#6016,.F.);
#2902=ORIENTED_EDGE('',*,*,#6017,.T.);
#2903=ORIENTED_EDGE('',*,*,#6018,.T.);
#2904=ORIENTED_EDGE('',*,*,#5737,.T.);
#2905=ORIENTED_EDGE('',*,*,#6019,.F.);
#2906=ORIENTED_EDGE('',*,*,#6020,.T.);
#2907=ORIENTED_EDGE('',*,*,#6021,.T.);
#2908=ORIENTED_EDGE('',*,*,#5733,.T.);
#2909=ORIENTED_EDGE('',*,*,#6022,.F.);
#2910=ORIENTED_EDGE('',*,*,#5982,.F.);
#2911=ORIENTED_EDGE('',*,*,#6023,.F.);
#2912=ORIENTED_EDGE('',*,*,#6024,.F.);
#2913=ORIENTED_EDGE('',*,*,#6025,.F.);
#2914=ORIENTED_EDGE('',*,*,#5735,.T.);
#2915=ORIENTED_EDGE('',*,*,#6026,.T.);
#2916=ORIENTED_EDGE('',*,*,#6027,.T.);
#2917=ORIENTED_EDGE('',*,*,#6028,.F.);
#2918=ORIENTED_EDGE('',*,*,#5739,.T.);
#2919=ORIENTED_EDGE('',*,*,#6029,.T.);
#2920=ORIENTED_EDGE('',*,*,#6030,.T.);
#2921=ORIENTED_EDGE('',*,*,#6031,.F.);
#2922=ORIENTED_EDGE('',*,*,#5743,.T.);
#2923=ORIENTED_EDGE('',*,*,#6032,.T.);
#2924=ORIENTED_EDGE('',*,*,#6033,.T.);
#2925=ORIENTED_EDGE('',*,*,#6034,.F.);
#2926=ORIENTED_EDGE('',*,*,#5747,.T.);
#2927=ORIENTED_EDGE('',*,*,#6035,.T.);
#2928=ORIENTED_EDGE('',*,*,#6036,.T.);
#2929=ORIENTED_EDGE('',*,*,#6037,.F.);
#2930=ORIENTED_EDGE('',*,*,#5751,.T.);
#2931=ORIENTED_EDGE('',*,*,#6038,.T.);
#2932=ORIENTED_EDGE('',*,*,#6039,.T.);
#2933=ORIENTED_EDGE('',*,*,#6040,.F.);
#2934=ORIENTED_EDGE('',*,*,#5755,.T.);
#2935=ORIENTED_EDGE('',*,*,#6041,.T.);
#2936=ORIENTED_EDGE('',*,*,#6042,.T.);
#2937=ORIENTED_EDGE('',*,*,#6043,.F.);
#2938=ORIENTED_EDGE('',*,*,#5759,.T.);
#2939=ORIENTED_EDGE('',*,*,#6044,.T.);
#2940=ORIENTED_EDGE('',*,*,#6045,.T.);
#2941=ORIENTED_EDGE('',*,*,#6046,.F.);
#2942=ORIENTED_EDGE('',*,*,#5763,.T.);
#2943=ORIENTED_EDGE('',*,*,#6047,.T.);
#2944=ORIENTED_EDGE('',*,*,#6048,.T.);
#2945=ORIENTED_EDGE('',*,*,#6049,.F.);
#2946=ORIENTED_EDGE('',*,*,#5767,.T.);
#2947=ORIENTED_EDGE('',*,*,#6050,.T.);
#2948=ORIENTED_EDGE('',*,*,#6051,.T.);
#2949=ORIENTED_EDGE('',*,*,#6052,.F.);
#2950=ORIENTED_EDGE('',*,*,#5771,.T.);
#2951=ORIENTED_EDGE('',*,*,#6053,.T.);
#2952=ORIENTED_EDGE('',*,*,#6054,.T.);
#2953=ORIENTED_EDGE('',*,*,#6055,.F.);
#2954=ORIENTED_EDGE('',*,*,#5775,.T.);
#2955=ORIENTED_EDGE('',*,*,#6056,.T.);
#2956=ORIENTED_EDGE('',*,*,#6057,.T.);
#2957=ORIENTED_EDGE('',*,*,#6058,.F.);
#2958=ORIENTED_EDGE('',*,*,#5779,.T.);
#2959=ORIENTED_EDGE('',*,*,#6059,.T.);
#2960=ORIENTED_EDGE('',*,*,#6060,.T.);
#2961=ORIENTED_EDGE('',*,*,#6061,.F.);
#2962=ORIENTED_EDGE('',*,*,#5783,.T.);
#2963=ORIENTED_EDGE('',*,*,#6062,.T.);
#2964=ORIENTED_EDGE('',*,*,#6063,.T.);
#2965=ORIENTED_EDGE('',*,*,#6064,.F.);
#2966=ORIENTED_EDGE('',*,*,#6024,.T.);
#2967=ORIENTED_EDGE('',*,*,#6065,.F.);
#2968=ORIENTED_EDGE('',*,*,#5658,.F.);
#2969=ORIENTED_EDGE('',*,*,#5926,.T.);
#2970=ORIENTED_EDGE('',*,*,#5730,.T.);
#2971=ORIENTED_EDGE('',*,*,#6066,.T.);
#2972=ORIENTED_EDGE('',*,*,#6067,.T.);
#2973=ORIENTED_EDGE('',*,*,#5529,.F.);
#2974=ORIENTED_EDGE('',*,*,#5595,.T.);
#2975=ORIENTED_EDGE('',*,*,#5630,.T.);
#2976=ORIENTED_EDGE('',*,*,#5820,.T.);
#2977=ORIENTED_EDGE('',*,*,#5972,.T.);
#2978=ORIENTED_EDGE('',*,*,#5966,.T.);
#2979=ORIENTED_EDGE('',*,*,#5970,.T.);
#2980=ORIENTED_EDGE('',*,*,#6068,.T.);
#2981=ORIENTED_EDGE('',*,*,#6069,.T.);
#2982=ORIENTED_EDGE('',*,*,#5896,.F.);
#2983=ORIENTED_EDGE('',*,*,#5833,.F.);
#2984=ORIENTED_EDGE('',*,*,#5790,.F.);
#2985=ORIENTED_EDGE('',*,*,#6070,.T.);
#2986=ORIENTED_EDGE('',*,*,#6071,.T.);
#2987=ORIENTED_EDGE('',*,*,#5806,.F.);
#2988=ORIENTED_EDGE('',*,*,#5927,.T.);
#2989=ORIENTED_EDGE('',*,*,#5656,.T.);
#2990=ORIENTED_EDGE('',*,*,#6072,.T.);
#2991=ORIENTED_EDGE('',*,*,#6073,.T.);
#2992=ORIENTED_EDGE('',*,*,#6074,.F.);
#2993=ORIENTED_EDGE('',*,*,#5712,.T.);
#2994=ORIENTED_EDGE('',*,*,#6075,.T.);
#2995=ORIENTED_EDGE('',*,*,#6076,.T.);
#2996=ORIENTED_EDGE('',*,*,#6077,.F.);
#2997=ORIENTED_EDGE('',*,*,#5708,.T.);
#2998=ORIENTED_EDGE('',*,*,#6078,.T.);
#2999=ORIENTED_EDGE('',*,*,#6079,.T.);
#3000=ORIENTED_EDGE('',*,*,#6080,.F.);
#3001=ORIENTED_EDGE('',*,*,#5704,.T.);
#3002=ORIENTED_EDGE('',*,*,#6081,.T.);
#3003=ORIENTED_EDGE('',*,*,#6082,.T.);
#3004=ORIENTED_EDGE('',*,*,#6083,.F.);
#3005=ORIENTED_EDGE('',*,*,#5700,.T.);
#3006=ORIENTED_EDGE('',*,*,#6084,.T.);
#3007=ORIENTED_EDGE('',*,*,#6085,.T.);
#3008=ORIENTED_EDGE('',*,*,#6086,.F.);
#3009=ORIENTED_EDGE('',*,*,#5696,.T.);
#3010=ORIENTED_EDGE('',*,*,#6087,.T.);
#3011=ORIENTED_EDGE('',*,*,#6088,.T.);
#3012=ORIENTED_EDGE('',*,*,#6089,.F.);
#3013=ORIENTED_EDGE('',*,*,#5692,.T.);
#3014=ORIENTED_EDGE('',*,*,#6090,.T.);
#3015=ORIENTED_EDGE('',*,*,#6091,.T.);
#3016=ORIENTED_EDGE('',*,*,#6092,.F.);
#3017=ORIENTED_EDGE('',*,*,#5688,.T.);
#3018=ORIENTED_EDGE('',*,*,#6093,.T.);
#3019=ORIENTED_EDGE('',*,*,#6094,.T.);
#3020=ORIENTED_EDGE('',*,*,#6095,.F.);
#3021=ORIENTED_EDGE('',*,*,#5684,.T.);
#3022=ORIENTED_EDGE('',*,*,#6096,.T.);
#3023=ORIENTED_EDGE('',*,*,#6097,.T.);
#3024=ORIENTED_EDGE('',*,*,#6098,.F.);
#3025=ORIENTED_EDGE('',*,*,#5680,.T.);
#3026=ORIENTED_EDGE('',*,*,#6099,.T.);
#3027=ORIENTED_EDGE('',*,*,#6100,.T.);
#3028=ORIENTED_EDGE('',*,*,#6101,.F.);
#3029=ORIENTED_EDGE('',*,*,#5676,.T.);
#3030=ORIENTED_EDGE('',*,*,#6102,.T.);
#3031=ORIENTED_EDGE('',*,*,#6103,.T.);
#3032=ORIENTED_EDGE('',*,*,#6104,.F.);
#3033=ORIENTED_EDGE('',*,*,#5672,.T.);
#3034=ORIENTED_EDGE('',*,*,#6105,.T.);
#3035=ORIENTED_EDGE('',*,*,#6106,.T.);
#3036=ORIENTED_EDGE('',*,*,#6107,.F.);
#3037=ORIENTED_EDGE('',*,*,#5668,.T.);
#3038=ORIENTED_EDGE('',*,*,#6108,.T.);
#3039=ORIENTED_EDGE('',*,*,#6109,.T.);
#3040=ORIENTED_EDGE('',*,*,#6110,.F.);
#3041=ORIENTED_EDGE('',*,*,#5664,.T.);
#3042=ORIENTED_EDGE('',*,*,#6111,.T.);
#3043=ORIENTED_EDGE('',*,*,#6112,.T.);
#3044=ORIENTED_EDGE('',*,*,#6113,.F.);
#3045=ORIENTED_EDGE('',*,*,#5660,.T.);
#3046=ORIENTED_EDGE('',*,*,#6114,.F.);
#3047=ORIENTED_EDGE('',*,*,#5801,.T.);
#3048=ORIENTED_EDGE('',*,*,#6115,.F.);
#3049=ORIENTED_EDGE('',*,*,#6116,.F.);
#3050=ORIENTED_EDGE('',*,*,#5793,.T.);
#3051=ORIENTED_EDGE('',*,*,#5837,.F.);
#3052=ORIENTED_EDGE('',*,*,#5906,.T.);
#3053=ORIENTED_EDGE('',*,*,#6117,.F.);
#3054=ORIENTED_EDGE('',*,*,#5916,.F.);
#3055=ORIENTED_EDGE('',*,*,#5961,.F.);
#3056=ORIENTED_EDGE('',*,*,#5963,.F.);
#3057=ORIENTED_EDGE('',*,*,#5964,.F.);
#3058=ORIENTED_EDGE('',*,*,#5724,.F.);
#3059=ORIENTED_EDGE('',*,*,#5643,.F.);
#3060=ORIENTED_EDGE('',*,*,#5498,.T.);
#3061=ORIENTED_EDGE('',*,*,#5799,.F.);
#3062=ORIENTED_EDGE('',*,*,#5802,.T.);
#3063=ORIENTED_EDGE('',*,*,#6114,.T.);
#3064=ORIENTED_EDGE('',*,*,#5659,.T.);
#3065=ORIENTED_EDGE('',*,*,#6065,.T.);
#3066=ORIENTED_EDGE('',*,*,#6023,.T.);
#3067=ORIENTED_EDGE('',*,*,#5981,.F.);
#3068=ORIENTED_EDGE('',*,*,#5921,.F.);
#3069=ORIENTED_EDGE('',*,*,#5392,.F.);
#3070=ORIENTED_EDGE('',*,*,#5519,.F.);
#3071=ORIENTED_EDGE('',*,*,#6118,.T.);
#3072=ORIENTED_EDGE('',*,*,#6068,.F.);
#3073=ORIENTED_EDGE('',*,*,#5969,.T.);
#3074=ORIENTED_EDGE('',*,*,#5928,.T.);
#3075=ORIENTED_EDGE('',*,*,#5784,.T.);
#3076=ORIENTED_EDGE('',*,*,#5416,.T.);
#3077=ORIENTED_EDGE('',*,*,#6119,.T.);
#3078=ORIENTED_EDGE('',*,*,#5827,.F.);
#3079=ORIENTED_EDGE('',*,*,#5955,.T.);
#3080=ORIENTED_EDGE('',*,*,#5957,.T.);
#3081=ORIENTED_EDGE('',*,*,#5949,.T.);
#3082=ORIENTED_EDGE('',*,*,#5971,.T.);
#3083=ORIENTED_EDGE('',*,*,#5899,.F.);
#3084=ORIENTED_EDGE('',*,*,#5828,.F.);
#3085=ORIENTED_EDGE('',*,*,#6119,.F.);
#3086=ORIENTED_EDGE('',*,*,#5435,.T.);
#3087=ORIENTED_EDGE('',*,*,#6120,.F.);
#3088=ORIENTED_EDGE('',*,*,#5386,.T.);
#3089=ORIENTED_EDGE('',*,*,#5920,.T.);
#3090=ORIENTED_EDGE('',*,*,#5943,.F.);
#3091=ORIENTED_EDGE('',*,*,#5842,.F.);
#3092=ORIENTED_EDGE('',*,*,#5958,.T.);
#3093=ORIENTED_EDGE('',*,*,#5387,.T.);
#3094=ORIENTED_EDGE('',*,*,#6120,.T.);
#3095=ORIENTED_EDGE('',*,*,#5841,.F.);
#3096=ORIENTED_EDGE('',*,*,#5910,.T.);
#3097=ORIENTED_EDGE('',*,*,#5959,.T.);
#3098=ORIENTED_EDGE('',*,*,#5718,.T.);
#3099=ORIENTED_EDGE('',*,*,#5904,.T.);
#3100=ORIENTED_EDGE('',*,*,#5714,.F.);
#3101=ORIENTED_EDGE('',*,*,#5472,.T.);
#3102=ORIENTED_EDGE('',*,*,#5474,.F.);
#3103=ORIENTED_EDGE('',*,*,#5914,.F.);
#3104=ORIENTED_EDGE('',*,*,#6117,.T.);
#3105=ORIENTED_EDGE('',*,*,#5905,.T.);
#3106=ORIENTED_EDGE('',*,*,#5719,.F.);
#3107=ORIENTED_EDGE('',*,*,#5437,.F.);
#3108=ORIENTED_EDGE('',*,*,#5445,.F.);
#3109=ORIENTED_EDGE('',*,*,#5439,.F.);
#3110=ORIENTED_EDGE('',*,*,#5951,.T.);
#3111=ORIENTED_EDGE('',*,*,#5956,.T.);
#3112=ORIENTED_EDGE('',*,*,#5953,.F.);
#3113=ORIENTED_EDGE('',*,*,#5830,.T.);
#3114=ORIENTED_EDGE('',*,*,#5898,.T.);
#3115=ORIENTED_EDGE('',*,*,#6121,.F.);
#3116=ORIENTED_EDGE('',*,*,#5952,.T.);
#3117=ORIENTED_EDGE('',*,*,#5540,.F.);
#3118=ORIENTED_EDGE('',*,*,#5947,.T.);
#3119=ORIENTED_EDGE('',*,*,#6121,.T.);
#3120=ORIENTED_EDGE('',*,*,#5897,.F.);
#3121=ORIENTED_EDGE('',*,*,#6069,.F.);
#3122=ORIENTED_EDGE('',*,*,#6118,.F.);
#3123=ORIENTED_EDGE('',*,*,#5410,.F.);
#3124=ORIENTED_EDGE('',*,*,#5581,.F.);
#3125=ORIENTED_EDGE('',*,*,#5727,.F.);
#3126=ORIENTED_EDGE('',*,*,#5810,.F.);
#3127=ORIENTED_EDGE('',*,*,#5821,.F.);
#3128=ORIENTED_EDGE('',*,*,#5803,.T.);
#3129=ORIENTED_EDGE('',*,*,#5807,.F.);
#3130=ORIENTED_EDGE('',*,*,#6071,.F.);
#3131=ORIENTED_EDGE('',*,*,#6122,.F.);
#3132=ORIENTED_EDGE('',*,*,#5912,.F.);
#3133=ORIENTED_EDGE('',*,*,#5432,.F.);
#3134=ORIENTED_EDGE('',*,*,#5789,.T.);
#3135=ORIENTED_EDGE('',*,*,#5913,.F.);
#3136=ORIENTED_EDGE('',*,*,#6122,.T.);
#3137=ORIENTED_EDGE('',*,*,#6070,.F.);
#3138=ORIENTED_EDGE('',*,*,#5390,.T.);
#3139=ORIENTED_EDGE('',*,*,#5919,.F.);
#3140=ORIENTED_EDGE('',*,*,#6123,.T.);
#3141=ORIENTED_EDGE('',*,*,#6115,.T.);
#3142=ORIENTED_EDGE('',*,*,#5800,.T.);
#3143=ORIENTED_EDGE('',*,*,#5797,.F.);
#3144=ORIENTED_EDGE('',*,*,#6123,.F.);
#3145=ORIENTED_EDGE('',*,*,#5918,.F.);
#3146=ORIENTED_EDGE('',*,*,#5794,.F.);
#3147=ORIENTED_EDGE('',*,*,#6116,.T.);
#3148=ORIENTED_EDGE('',*,*,#6124,.T.);
#3149=ORIENTED_EDGE('',*,*,#5661,.T.);
#3150=ORIENTED_EDGE('',*,*,#6113,.T.);
#3151=ORIENTED_EDGE('',*,*,#6125,.T.);
#3152=ORIENTED_EDGE('',*,*,#5663,.F.);
#3153=ORIENTED_EDGE('',*,*,#6126,.F.);
#3154=ORIENTED_EDGE('',*,*,#6127,.F.);
#3155=ORIENTED_EDGE('',*,*,#6111,.F.);
#3156=ORIENTED_EDGE('',*,*,#6112,.F.);
#3157=ORIENTED_EDGE('',*,*,#6127,.T.);
#3158=ORIENTED_EDGE('',*,*,#6128,.F.);
#3159=ORIENTED_EDGE('',*,*,#6125,.F.);
#3160=ORIENTED_EDGE('',*,*,#5662,.F.);
#3161=ORIENTED_EDGE('',*,*,#6124,.F.);
#3162=ORIENTED_EDGE('',*,*,#6128,.T.);
#3163=ORIENTED_EDGE('',*,*,#6126,.T.);
#3164=ORIENTED_EDGE('',*,*,#6129,.T.);
#3165=ORIENTED_EDGE('',*,*,#6130,.F.);
#3166=ORIENTED_EDGE('',*,*,#6131,.F.);
#3167=ORIENTED_EDGE('',*,*,#6132,.T.);
#3168=ORIENTED_EDGE('',*,*,#6133,.T.);
#3169=ORIENTED_EDGE('',*,*,#6134,.F.);
#3170=ORIENTED_EDGE('',*,*,#6135,.F.);
#3171=ORIENTED_EDGE('',*,*,#6130,.T.);
#3172=ORIENTED_EDGE('',*,*,#6136,.T.);
#3173=ORIENTED_EDGE('',*,*,#5983,.T.);
#3174=ORIENTED_EDGE('',*,*,#6022,.T.);
#3175=ORIENTED_EDGE('',*,*,#6064,.T.);
#3176=ORIENTED_EDGE('',*,*,#6137,.T.);
#3177=ORIENTED_EDGE('',*,*,#6131,.T.);
#3178=ORIENTED_EDGE('',*,*,#6135,.T.);
#3179=ORIENTED_EDGE('',*,*,#5985,.F.);
#3180=ORIENTED_EDGE('',*,*,#6138,.F.);
#3181=ORIENTED_EDGE('',*,*,#6133,.F.);
#3182=ORIENTED_EDGE('',*,*,#6129,.F.);
#3183=ORIENTED_EDGE('',*,*,#6139,.F.);
#3184=ORIENTED_EDGE('',*,*,#6062,.F.);
#3185=ORIENTED_EDGE('',*,*,#5782,.F.);
#3186=ORIENTED_EDGE('',*,*,#6063,.F.);
#3187=ORIENTED_EDGE('',*,*,#6139,.T.);
#3188=ORIENTED_EDGE('',*,*,#6132,.F.);
#3189=ORIENTED_EDGE('',*,*,#6137,.F.);
#3190=ORIENTED_EDGE('',*,*,#5984,.F.);
#3191=ORIENTED_EDGE('',*,*,#6136,.F.);
#3192=ORIENTED_EDGE('',*,*,#6134,.T.);
#3193=ORIENTED_EDGE('',*,*,#6138,.T.);
#3194=ORIENTED_EDGE('',*,*,#6140,.F.);
#3195=ORIENTED_EDGE('',*,*,#5942,.T.);
#3196=ORIENTED_EDGE('',*,*,#6141,.T.);
#3197=ORIENTED_EDGE('',*,*,#6142,.F.);
#3198=ORIENTED_EDGE('',*,*,#6143,.T.);
#3199=ORIENTED_EDGE('',*,*,#5844,.F.);
#3200=ORIENTED_EDGE('',*,*,#6140,.T.);
#3201=ORIENTED_EDGE('',*,*,#6144,.T.);
#3202=ORIENTED_EDGE('',*,*,#6145,.T.);
#3203=ORIENTED_EDGE('',*,*,#6146,.T.);
#3204=ORIENTED_EDGE('',*,*,#6147,.T.);
#3205=ORIENTED_EDGE('',*,*,#5846,.T.);
#3206=ORIENTED_EDGE('',*,*,#6148,.F.);
#3207=ORIENTED_EDGE('',*,*,#6149,.F.);
#3208=ORIENTED_EDGE('',*,*,#6150,.F.);
#3209=ORIENTED_EDGE('',*,*,#6151,.F.);
#3210=ORIENTED_EDGE('',*,*,#6152,.F.);
#3211=ORIENTED_EDGE('',*,*,#6141,.F.);
#3212=ORIENTED_EDGE('',*,*,#6152,.T.);
#3213=ORIENTED_EDGE('',*,*,#6153,.F.);
#3214=ORIENTED_EDGE('',*,*,#6144,.F.);
#3215=ORIENTED_EDGE('',*,*,#6142,.T.);
#3216=ORIENTED_EDGE('',*,*,#6151,.T.);
#3217=ORIENTED_EDGE('',*,*,#6154,.F.);
#3218=ORIENTED_EDGE('',*,*,#6145,.F.);
#3219=ORIENTED_EDGE('',*,*,#6153,.T.);
#3220=ORIENTED_EDGE('',*,*,#6150,.T.);
#3221=ORIENTED_EDGE('',*,*,#6155,.F.);
#3222=ORIENTED_EDGE('',*,*,#6146,.F.);
#3223=ORIENTED_EDGE('',*,*,#6154,.T.);
#3224=ORIENTED_EDGE('',*,*,#6149,.T.);
#3225=ORIENTED_EDGE('',*,*,#6156,.F.);
#3226=ORIENTED_EDGE('',*,*,#6147,.F.);
#3227=ORIENTED_EDGE('',*,*,#6155,.T.);
#3228=ORIENTED_EDGE('',*,*,#6148,.T.);
#3229=ORIENTED_EDGE('',*,*,#5845,.F.);
#3230=ORIENTED_EDGE('',*,*,#6143,.F.);
#3231=ORIENTED_EDGE('',*,*,#6156,.T.);
#3232=ORIENTED_EDGE('',*,*,#6157,.T.);
#3233=ORIENTED_EDGE('',*,*,#5665,.T.);
#3234=ORIENTED_EDGE('',*,*,#6110,.T.);
#3235=ORIENTED_EDGE('',*,*,#6158,.T.);
#3236=ORIENTED_EDGE('',*,*,#5667,.F.);
#3237=ORIENTED_EDGE('',*,*,#6159,.F.);
#3238=ORIENTED_EDGE('',*,*,#6160,.F.);
#3239=ORIENTED_EDGE('',*,*,#6108,.F.);
#3240=ORIENTED_EDGE('',*,*,#6109,.F.);
#3241=ORIENTED_EDGE('',*,*,#6160,.T.);
#3242=ORIENTED_EDGE('',*,*,#6161,.F.);
#3243=ORIENTED_EDGE('',*,*,#6158,.F.);
#3244=ORIENTED_EDGE('',*,*,#5666,.F.);
#3245=ORIENTED_EDGE('',*,*,#6157,.F.);
#3246=ORIENTED_EDGE('',*,*,#6161,.T.);
#3247=ORIENTED_EDGE('',*,*,#6159,.T.);
#3248=ORIENTED_EDGE('',*,*,#6162,.T.);
#3249=ORIENTED_EDGE('',*,*,#6163,.F.);
#3250=ORIENTED_EDGE('',*,*,#6164,.F.);
#3251=ORIENTED_EDGE('',*,*,#6165,.T.);
#3252=ORIENTED_EDGE('',*,*,#6166,.T.);
#3253=ORIENTED_EDGE('',*,*,#6167,.F.);
#3254=ORIENTED_EDGE('',*,*,#6168,.F.);
#3255=ORIENTED_EDGE('',*,*,#6163,.T.);
#3256=ORIENTED_EDGE('',*,*,#6169,.T.);
#3257=ORIENTED_EDGE('',*,*,#5986,.T.);
#3258=ORIENTED_EDGE('',*,*,#5780,.T.);
#3259=ORIENTED_EDGE('',*,*,#6061,.T.);
#3260=ORIENTED_EDGE('',*,*,#6170,.T.);
#3261=ORIENTED_EDGE('',*,*,#6164,.T.);
#3262=ORIENTED_EDGE('',*,*,#6168,.T.);
#3263=ORIENTED_EDGE('',*,*,#5988,.F.);
#3264=ORIENTED_EDGE('',*,*,#6171,.F.);
#3265=ORIENTED_EDGE('',*,*,#6166,.F.);
#3266=ORIENTED_EDGE('',*,*,#6162,.F.);
#3267=ORIENTED_EDGE('',*,*,#6172,.F.);
#3268=ORIENTED_EDGE('',*,*,#6059,.F.);
#3269=ORIENTED_EDGE('',*,*,#5778,.F.);
#3270=ORIENTED_EDGE('',*,*,#6060,.F.);
#3271=ORIENTED_EDGE('',*,*,#6172,.T.);
#3272=ORIENTED_EDGE('',*,*,#6165,.F.);
#3273=ORIENTED_EDGE('',*,*,#6170,.F.);
#3274=ORIENTED_EDGE('',*,*,#5987,.F.);
#3275=ORIENTED_EDGE('',*,*,#6169,.F.);
#3276=ORIENTED_EDGE('',*,*,#6167,.T.);
#3277=ORIENTED_EDGE('',*,*,#6171,.T.);
#3278=ORIENTED_EDGE('',*,*,#6173,.F.);
#3279=ORIENTED_EDGE('',*,*,#5941,.T.);
#3280=ORIENTED_EDGE('',*,*,#6174,.T.);
#3281=ORIENTED_EDGE('',*,*,#6175,.F.);
#3282=ORIENTED_EDGE('',*,*,#6176,.T.);
#3283=ORIENTED_EDGE('',*,*,#5848,.F.);
#3284=ORIENTED_EDGE('',*,*,#6173,.T.);
#3285=ORIENTED_EDGE('',*,*,#6177,.T.);
#3286=ORIENTED_EDGE('',*,*,#6178,.T.);
#3287=ORIENTED_EDGE('',*,*,#6179,.T.);
#3288=ORIENTED_EDGE('',*,*,#6180,.T.);
#3289=ORIENTED_EDGE('',*,*,#5850,.T.);
#3290=ORIENTED_EDGE('',*,*,#6181,.F.);
#3291=ORIENTED_EDGE('',*,*,#6182,.F.);
#3292=ORIENTED_EDGE('',*,*,#6183,.F.);
#3293=ORIENTED_EDGE('',*,*,#6184,.F.);
#3294=ORIENTED_EDGE('',*,*,#6185,.F.);
#3295=ORIENTED_EDGE('',*,*,#6174,.F.);
#3296=ORIENTED_EDGE('',*,*,#6185,.T.);
#3297=ORIENTED_EDGE('',*,*,#6186,.F.);
#3298=ORIENTED_EDGE('',*,*,#6177,.F.);
#3299=ORIENTED_EDGE('',*,*,#6175,.T.);
#3300=ORIENTED_EDGE('',*,*,#6184,.T.);
#3301=ORIENTED_EDGE('',*,*,#6187,.F.);
#3302=ORIENTED_EDGE('',*,*,#6178,.F.);
#3303=ORIENTED_EDGE('',*,*,#6186,.T.);
#3304=ORIENTED_EDGE('',*,*,#6183,.T.);
#3305=ORIENTED_EDGE('',*,*,#6188,.F.);
#3306=ORIENTED_EDGE('',*,*,#6179,.F.);
#3307=ORIENTED_EDGE('',*,*,#6187,.T.);
#3308=ORIENTED_EDGE('',*,*,#6182,.T.);
#3309=ORIENTED_EDGE('',*,*,#6189,.F.);
#3310=ORIENTED_EDGE('',*,*,#6180,.F.);
#3311=ORIENTED_EDGE('',*,*,#6188,.T.);
#3312=ORIENTED_EDGE('',*,*,#6181,.T.);
#3313=ORIENTED_EDGE('',*,*,#5849,.F.);
#3314=ORIENTED_EDGE('',*,*,#6176,.F.);
#3315=ORIENTED_EDGE('',*,*,#6189,.T.);
#3316=ORIENTED_EDGE('',*,*,#6190,.T.);
#3317=ORIENTED_EDGE('',*,*,#5669,.T.);
#3318=ORIENTED_EDGE('',*,*,#6107,.T.);
#3319=ORIENTED_EDGE('',*,*,#6191,.T.);
#3320=ORIENTED_EDGE('',*,*,#5671,.F.);
#3321=ORIENTED_EDGE('',*,*,#6192,.F.);
#3322=ORIENTED_EDGE('',*,*,#6193,.F.);
#3323=ORIENTED_EDGE('',*,*,#6105,.F.);
#3324=ORIENTED_EDGE('',*,*,#6106,.F.);
#3325=ORIENTED_EDGE('',*,*,#6193,.T.);
#3326=ORIENTED_EDGE('',*,*,#6194,.F.);
#3327=ORIENTED_EDGE('',*,*,#6191,.F.);
#3328=ORIENTED_EDGE('',*,*,#5670,.F.);
#3329=ORIENTED_EDGE('',*,*,#6190,.F.);
#3330=ORIENTED_EDGE('',*,*,#6194,.T.);
#3331=ORIENTED_EDGE('',*,*,#6192,.T.);
#3332=ORIENTED_EDGE('',*,*,#6195,.T.);
#3333=ORIENTED_EDGE('',*,*,#6196,.F.);
#3334=ORIENTED_EDGE('',*,*,#6197,.F.);
#3335=ORIENTED_EDGE('',*,*,#6198,.T.);
#3336=ORIENTED_EDGE('',*,*,#6199,.T.);
#3337=ORIENTED_EDGE('',*,*,#6200,.F.);
#3338=ORIENTED_EDGE('',*,*,#6201,.F.);
#3339=ORIENTED_EDGE('',*,*,#6196,.T.);
#3340=ORIENTED_EDGE('',*,*,#6202,.T.);
#3341=ORIENTED_EDGE('',*,*,#5989,.T.);
#3342=ORIENTED_EDGE('',*,*,#5776,.T.);
#3343=ORIENTED_EDGE('',*,*,#6058,.T.);
#3344=ORIENTED_EDGE('',*,*,#6203,.T.);
#3345=ORIENTED_EDGE('',*,*,#6197,.T.);
#3346=ORIENTED_EDGE('',*,*,#6201,.T.);
#3347=ORIENTED_EDGE('',*,*,#5991,.F.);
#3348=ORIENTED_EDGE('',*,*,#6204,.F.);
#3349=ORIENTED_EDGE('',*,*,#6199,.F.);
#3350=ORIENTED_EDGE('',*,*,#6195,.F.);
#3351=ORIENTED_EDGE('',*,*,#6205,.F.);
#3352=ORIENTED_EDGE('',*,*,#6056,.F.);
#3353=ORIENTED_EDGE('',*,*,#5774,.F.);
#3354=ORIENTED_EDGE('',*,*,#6057,.F.);
#3355=ORIENTED_EDGE('',*,*,#6205,.T.);
#3356=ORIENTED_EDGE('',*,*,#6198,.F.);
#3357=ORIENTED_EDGE('',*,*,#6203,.F.);
#3358=ORIENTED_EDGE('',*,*,#5990,.F.);
#3359=ORIENTED_EDGE('',*,*,#6202,.F.);
#3360=ORIENTED_EDGE('',*,*,#6200,.T.);
#3361=ORIENTED_EDGE('',*,*,#6204,.T.);
#3362=ORIENTED_EDGE('',*,*,#6206,.F.);
#3363=ORIENTED_EDGE('',*,*,#5940,.T.);
#3364=ORIENTED_EDGE('',*,*,#6207,.T.);
#3365=ORIENTED_EDGE('',*,*,#6208,.F.);
#3366=ORIENTED_EDGE('',*,*,#6209,.T.);
#3367=ORIENTED_EDGE('',*,*,#5852,.F.);
#3368=ORIENTED_EDGE('',*,*,#6206,.T.);
#3369=ORIENTED_EDGE('',*,*,#6210,.T.);
#3370=ORIENTED_EDGE('',*,*,#6211,.T.);
#3371=ORIENTED_EDGE('',*,*,#6212,.T.);
#3372=ORIENTED_EDGE('',*,*,#6213,.T.);
#3373=ORIENTED_EDGE('',*,*,#5854,.T.);
#3374=ORIENTED_EDGE('',*,*,#6214,.F.);
#3375=ORIENTED_EDGE('',*,*,#6215,.F.);
#3376=ORIENTED_EDGE('',*,*,#6216,.F.);
#3377=ORIENTED_EDGE('',*,*,#6217,.F.);
#3378=ORIENTED_EDGE('',*,*,#6218,.F.);
#3379=ORIENTED_EDGE('',*,*,#6207,.F.);
#3380=ORIENTED_EDGE('',*,*,#6218,.T.);
#3381=ORIENTED_EDGE('',*,*,#6219,.F.);
#3382=ORIENTED_EDGE('',*,*,#6210,.F.);
#3383=ORIENTED_EDGE('',*,*,#6208,.T.);
#3384=ORIENTED_EDGE('',*,*,#6217,.T.);
#3385=ORIENTED_EDGE('',*,*,#6220,.F.);
#3386=ORIENTED_EDGE('',*,*,#6211,.F.);
#3387=ORIENTED_EDGE('',*,*,#6219,.T.);
#3388=ORIENTED_EDGE('',*,*,#6216,.T.);
#3389=ORIENTED_EDGE('',*,*,#6221,.F.);
#3390=ORIENTED_EDGE('',*,*,#6212,.F.);
#3391=ORIENTED_EDGE('',*,*,#6220,.T.);
#3392=ORIENTED_EDGE('',*,*,#6215,.T.);
#3393=ORIENTED_EDGE('',*,*,#6222,.F.);
#3394=ORIENTED_EDGE('',*,*,#6213,.F.);
#3395=ORIENTED_EDGE('',*,*,#6221,.T.);
#3396=ORIENTED_EDGE('',*,*,#6214,.T.);
#3397=ORIENTED_EDGE('',*,*,#5853,.F.);
#3398=ORIENTED_EDGE('',*,*,#6209,.F.);
#3399=ORIENTED_EDGE('',*,*,#6222,.T.);
#3400=ORIENTED_EDGE('',*,*,#6223,.T.);
#3401=ORIENTED_EDGE('',*,*,#5673,.T.);
#3402=ORIENTED_EDGE('',*,*,#6104,.T.);
#3403=ORIENTED_EDGE('',*,*,#6224,.T.);
#3404=ORIENTED_EDGE('',*,*,#5675,.F.);
#3405=ORIENTED_EDGE('',*,*,#6225,.F.);
#3406=ORIENTED_EDGE('',*,*,#6226,.F.);
#3407=ORIENTED_EDGE('',*,*,#6102,.F.);
#3408=ORIENTED_EDGE('',*,*,#6103,.F.);
#3409=ORIENTED_EDGE('',*,*,#6226,.T.);
#3410=ORIENTED_EDGE('',*,*,#6227,.F.);
#3411=ORIENTED_EDGE('',*,*,#6224,.F.);
#3412=ORIENTED_EDGE('',*,*,#5674,.F.);
#3413=ORIENTED_EDGE('',*,*,#6223,.F.);
#3414=ORIENTED_EDGE('',*,*,#6227,.T.);
#3415=ORIENTED_EDGE('',*,*,#6225,.T.);
#3416=ORIENTED_EDGE('',*,*,#6228,.T.);
#3417=ORIENTED_EDGE('',*,*,#6229,.F.);
#3418=ORIENTED_EDGE('',*,*,#6230,.F.);
#3419=ORIENTED_EDGE('',*,*,#6231,.T.);
#3420=ORIENTED_EDGE('',*,*,#6232,.T.);
#3421=ORIENTED_EDGE('',*,*,#6233,.F.);
#3422=ORIENTED_EDGE('',*,*,#6234,.F.);
#3423=ORIENTED_EDGE('',*,*,#6229,.T.);
#3424=ORIENTED_EDGE('',*,*,#6235,.T.);
#3425=ORIENTED_EDGE('',*,*,#5992,.T.);
#3426=ORIENTED_EDGE('',*,*,#5772,.T.);
#3427=ORIENTED_EDGE('',*,*,#6055,.T.);
#3428=ORIENTED_EDGE('',*,*,#6236,.T.);
#3429=ORIENTED_EDGE('',*,*,#6230,.T.);
#3430=ORIENTED_EDGE('',*,*,#6234,.T.);
#3431=ORIENTED_EDGE('',*,*,#5994,.F.);
#3432=ORIENTED_EDGE('',*,*,#6237,.F.);
#3433=ORIENTED_EDGE('',*,*,#6232,.F.);
#3434=ORIENTED_EDGE('',*,*,#6228,.F.);
#3435=ORIENTED_EDGE('',*,*,#6238,.F.);
#3436=ORIENTED_EDGE('',*,*,#6053,.F.);
#3437=ORIENTED_EDGE('',*,*,#5770,.F.);
#3438=ORIENTED_EDGE('',*,*,#6054,.F.);
#3439=ORIENTED_EDGE('',*,*,#6238,.T.);
#3440=ORIENTED_EDGE('',*,*,#6231,.F.);
#3441=ORIENTED_EDGE('',*,*,#6236,.F.);
#3442=ORIENTED_EDGE('',*,*,#5993,.F.);
#3443=ORIENTED_EDGE('',*,*,#6235,.F.);
#3444=ORIENTED_EDGE('',*,*,#6233,.T.);
#3445=ORIENTED_EDGE('',*,*,#6237,.T.);
#3446=ORIENTED_EDGE('',*,*,#6239,.F.);
#3447=ORIENTED_EDGE('',*,*,#5939,.T.);
#3448=ORIENTED_EDGE('',*,*,#6240,.T.);
#3449=ORIENTED_EDGE('',*,*,#6241,.F.);
#3450=ORIENTED_EDGE('',*,*,#6242,.T.);
#3451=ORIENTED_EDGE('',*,*,#5856,.F.);
#3452=ORIENTED_EDGE('',*,*,#6239,.T.);
#3453=ORIENTED_EDGE('',*,*,#6243,.T.);
#3454=ORIENTED_EDGE('',*,*,#6244,.T.);
#3455=ORIENTED_EDGE('',*,*,#6245,.T.);
#3456=ORIENTED_EDGE('',*,*,#6246,.T.);
#3457=ORIENTED_EDGE('',*,*,#5858,.T.);
#3458=ORIENTED_EDGE('',*,*,#6247,.F.);
#3459=ORIENTED_EDGE('',*,*,#6248,.F.);
#3460=ORIENTED_EDGE('',*,*,#6249,.F.);
#3461=ORIENTED_EDGE('',*,*,#6250,.F.);
#3462=ORIENTED_EDGE('',*,*,#6251,.F.);
#3463=ORIENTED_EDGE('',*,*,#6240,.F.);
#3464=ORIENTED_EDGE('',*,*,#6251,.T.);
#3465=ORIENTED_EDGE('',*,*,#6252,.F.);
#3466=ORIENTED_EDGE('',*,*,#6243,.F.);
#3467=ORIENTED_EDGE('',*,*,#6241,.T.);
#3468=ORIENTED_EDGE('',*,*,#6250,.T.);
#3469=ORIENTED_EDGE('',*,*,#6253,.F.);
#3470=ORIENTED_EDGE('',*,*,#6244,.F.);
#3471=ORIENTED_EDGE('',*,*,#6252,.T.);
#3472=ORIENTED_EDGE('',*,*,#6249,.T.);
#3473=ORIENTED_EDGE('',*,*,#6254,.F.);
#3474=ORIENTED_EDGE('',*,*,#6245,.F.);
#3475=ORIENTED_EDGE('',*,*,#6253,.T.);
#3476=ORIENTED_EDGE('',*,*,#6248,.T.);
#3477=ORIENTED_EDGE('',*,*,#6255,.F.);
#3478=ORIENTED_EDGE('',*,*,#6246,.F.);
#3479=ORIENTED_EDGE('',*,*,#6254,.T.);
#3480=ORIENTED_EDGE('',*,*,#6247,.T.);
#3481=ORIENTED_EDGE('',*,*,#5857,.F.);
#3482=ORIENTED_EDGE('',*,*,#6242,.F.);
#3483=ORIENTED_EDGE('',*,*,#6255,.T.);
#3484=ORIENTED_EDGE('',*,*,#6256,.T.);
#3485=ORIENTED_EDGE('',*,*,#5677,.T.);
#3486=ORIENTED_EDGE('',*,*,#6101,.T.);
#3487=ORIENTED_EDGE('',*,*,#6257,.T.);
#3488=ORIENTED_EDGE('',*,*,#5679,.F.);
#3489=ORIENTED_EDGE('',*,*,#6258,.F.);
#3490=ORIENTED_EDGE('',*,*,#6259,.F.);
#3491=ORIENTED_EDGE('',*,*,#6099,.F.);
#3492=ORIENTED_EDGE('',*,*,#6100,.F.);
#3493=ORIENTED_EDGE('',*,*,#6259,.T.);
#3494=ORIENTED_EDGE('',*,*,#6260,.F.);
#3495=ORIENTED_EDGE('',*,*,#6257,.F.);
#3496=ORIENTED_EDGE('',*,*,#5678,.F.);
#3497=ORIENTED_EDGE('',*,*,#6256,.F.);
#3498=ORIENTED_EDGE('',*,*,#6260,.T.);
#3499=ORIENTED_EDGE('',*,*,#6258,.T.);
#3500=ORIENTED_EDGE('',*,*,#6261,.T.);
#3501=ORIENTED_EDGE('',*,*,#6262,.F.);
#3502=ORIENTED_EDGE('',*,*,#6263,.F.);
#3503=ORIENTED_EDGE('',*,*,#6264,.T.);
#3504=ORIENTED_EDGE('',*,*,#6265,.T.);
#3505=ORIENTED_EDGE('',*,*,#6266,.F.);
#3506=ORIENTED_EDGE('',*,*,#6267,.F.);
#3507=ORIENTED_EDGE('',*,*,#6262,.T.);
#3508=ORIENTED_EDGE('',*,*,#6268,.T.);
#3509=ORIENTED_EDGE('',*,*,#5995,.T.);
#3510=ORIENTED_EDGE('',*,*,#5768,.T.);
#3511=ORIENTED_EDGE('',*,*,#6052,.T.);
#3512=ORIENTED_EDGE('',*,*,#6269,.T.);
#3513=ORIENTED_EDGE('',*,*,#6263,.T.);
#3514=ORIENTED_EDGE('',*,*,#6267,.T.);
#3515=ORIENTED_EDGE('',*,*,#5997,.F.);
#3516=ORIENTED_EDGE('',*,*,#6270,.F.);
#3517=ORIENTED_EDGE('',*,*,#6265,.F.);
#3518=ORIENTED_EDGE('',*,*,#6261,.F.);
#3519=ORIENTED_EDGE('',*,*,#6271,.F.);
#3520=ORIENTED_EDGE('',*,*,#6050,.F.);
#3521=ORIENTED_EDGE('',*,*,#5766,.F.);
#3522=ORIENTED_EDGE('',*,*,#6051,.F.);
#3523=ORIENTED_EDGE('',*,*,#6271,.T.);
#3524=ORIENTED_EDGE('',*,*,#6264,.F.);
#3525=ORIENTED_EDGE('',*,*,#6269,.F.);
#3526=ORIENTED_EDGE('',*,*,#5996,.F.);
#3527=ORIENTED_EDGE('',*,*,#6268,.F.);
#3528=ORIENTED_EDGE('',*,*,#6266,.T.);
#3529=ORIENTED_EDGE('',*,*,#6270,.T.);
#3530=ORIENTED_EDGE('',*,*,#6272,.F.);
#3531=ORIENTED_EDGE('',*,*,#5938,.T.);
#3532=ORIENTED_EDGE('',*,*,#6273,.T.);
#3533=ORIENTED_EDGE('',*,*,#6274,.F.);
#3534=ORIENTED_EDGE('',*,*,#6275,.T.);
#3535=ORIENTED_EDGE('',*,*,#5860,.T.);
#3536=ORIENTED_EDGE('',*,*,#6272,.T.);
#3537=ORIENTED_EDGE('',*,*,#6276,.T.);
#3538=ORIENTED_EDGE('',*,*,#6277,.T.);
#3539=ORIENTED_EDGE('',*,*,#6278,.T.);
#3540=ORIENTED_EDGE('',*,*,#6279,.T.);
#3541=ORIENTED_EDGE('',*,*,#5862,.F.);
#3542=ORIENTED_EDGE('',*,*,#6280,.F.);
#3543=ORIENTED_EDGE('',*,*,#6281,.F.);
#3544=ORIENTED_EDGE('',*,*,#6282,.F.);
#3545=ORIENTED_EDGE('',*,*,#6283,.F.);
#3546=ORIENTED_EDGE('',*,*,#6284,.F.);
#3547=ORIENTED_EDGE('',*,*,#6273,.F.);
#3548=ORIENTED_EDGE('',*,*,#6284,.T.);
#3549=ORIENTED_EDGE('',*,*,#6285,.F.);
#3550=ORIENTED_EDGE('',*,*,#6276,.F.);
#3551=ORIENTED_EDGE('',*,*,#6274,.T.);
#3552=ORIENTED_EDGE('',*,*,#6283,.T.);
#3553=ORIENTED_EDGE('',*,*,#6286,.F.);
#3554=ORIENTED_EDGE('',*,*,#6277,.F.);
#3555=ORIENTED_EDGE('',*,*,#6285,.T.);
#3556=ORIENTED_EDGE('',*,*,#6282,.T.);
#3557=ORIENTED_EDGE('',*,*,#6287,.F.);
#3558=ORIENTED_EDGE('',*,*,#6278,.F.);
#3559=ORIENTED_EDGE('',*,*,#6286,.T.);
#3560=ORIENTED_EDGE('',*,*,#6281,.T.);
#3561=ORIENTED_EDGE('',*,*,#6288,.F.);
#3562=ORIENTED_EDGE('',*,*,#6279,.F.);
#3563=ORIENTED_EDGE('',*,*,#6287,.T.);
#3564=ORIENTED_EDGE('',*,*,#6280,.T.);
#3565=ORIENTED_EDGE('',*,*,#5861,.F.);
#3566=ORIENTED_EDGE('',*,*,#6275,.F.);
#3567=ORIENTED_EDGE('',*,*,#6288,.T.);
#3568=ORIENTED_EDGE('',*,*,#6289,.T.);
#3569=ORIENTED_EDGE('',*,*,#5681,.T.);
#3570=ORIENTED_EDGE('',*,*,#6098,.T.);
#3571=ORIENTED_EDGE('',*,*,#6290,.T.);
#3572=ORIENTED_EDGE('',*,*,#5683,.F.);
#3573=ORIENTED_EDGE('',*,*,#6291,.F.);
#3574=ORIENTED_EDGE('',*,*,#6292,.F.);
#3575=ORIENTED_EDGE('',*,*,#6096,.F.);
#3576=ORIENTED_EDGE('',*,*,#6097,.F.);
#3577=ORIENTED_EDGE('',*,*,#6292,.T.);
#3578=ORIENTED_EDGE('',*,*,#6293,.F.);
#3579=ORIENTED_EDGE('',*,*,#6290,.F.);
#3580=ORIENTED_EDGE('',*,*,#5682,.F.);
#3581=ORIENTED_EDGE('',*,*,#6289,.F.);
#3582=ORIENTED_EDGE('',*,*,#6293,.T.);
#3583=ORIENTED_EDGE('',*,*,#6291,.T.);
#3584=ORIENTED_EDGE('',*,*,#6294,.T.);
#3585=ORIENTED_EDGE('',*,*,#6295,.F.);
#3586=ORIENTED_EDGE('',*,*,#6296,.F.);
#3587=ORIENTED_EDGE('',*,*,#6297,.T.);
#3588=ORIENTED_EDGE('',*,*,#6298,.T.);
#3589=ORIENTED_EDGE('',*,*,#6299,.F.);
#3590=ORIENTED_EDGE('',*,*,#6300,.F.);
#3591=ORIENTED_EDGE('',*,*,#6295,.T.);
#3592=ORIENTED_EDGE('',*,*,#6301,.T.);
#3593=ORIENTED_EDGE('',*,*,#5998,.T.);
#3594=ORIENTED_EDGE('',*,*,#5764,.T.);
#3595=ORIENTED_EDGE('',*,*,#6049,.T.);
#3596=ORIENTED_EDGE('',*,*,#6302,.T.);
#3597=ORIENTED_EDGE('',*,*,#6296,.T.);
#3598=ORIENTED_EDGE('',*,*,#6300,.T.);
#3599=ORIENTED_EDGE('',*,*,#6000,.F.);
#3600=ORIENTED_EDGE('',*,*,#6303,.F.);
#3601=ORIENTED_EDGE('',*,*,#6298,.F.);
#3602=ORIENTED_EDGE('',*,*,#6294,.F.);
#3603=ORIENTED_EDGE('',*,*,#6304,.F.);
#3604=ORIENTED_EDGE('',*,*,#6047,.F.);
#3605=ORIENTED_EDGE('',*,*,#5762,.F.);
#3606=ORIENTED_EDGE('',*,*,#6048,.F.);
#3607=ORIENTED_EDGE('',*,*,#6304,.T.);
#3608=ORIENTED_EDGE('',*,*,#6297,.F.);
#3609=ORIENTED_EDGE('',*,*,#6302,.F.);
#3610=ORIENTED_EDGE('',*,*,#5999,.F.);
#3611=ORIENTED_EDGE('',*,*,#6301,.F.);
#3612=ORIENTED_EDGE('',*,*,#6299,.T.);
#3613=ORIENTED_EDGE('',*,*,#6303,.T.);
#3614=ORIENTED_EDGE('',*,*,#6305,.F.);
#3615=ORIENTED_EDGE('',*,*,#5937,.T.);
#3616=ORIENTED_EDGE('',*,*,#6306,.T.);
#3617=ORIENTED_EDGE('',*,*,#6307,.F.);
#3618=ORIENTED_EDGE('',*,*,#6308,.T.);
#3619=ORIENTED_EDGE('',*,*,#5864,.T.);
#3620=ORIENTED_EDGE('',*,*,#6305,.T.);
#3621=ORIENTED_EDGE('',*,*,#6309,.T.);
#3622=ORIENTED_EDGE('',*,*,#6310,.T.);
#3623=ORIENTED_EDGE('',*,*,#6311,.T.);
#3624=ORIENTED_EDGE('',*,*,#6312,.T.);
#3625=ORIENTED_EDGE('',*,*,#5866,.F.);
#3626=ORIENTED_EDGE('',*,*,#6313,.F.);
#3627=ORIENTED_EDGE('',*,*,#6314,.F.);
#3628=ORIENTED_EDGE('',*,*,#6315,.F.);
#3629=ORIENTED_EDGE('',*,*,#6316,.F.);
#3630=ORIENTED_EDGE('',*,*,#6317,.F.);
#3631=ORIENTED_EDGE('',*,*,#6306,.F.);
#3632=ORIENTED_EDGE('',*,*,#6317,.T.);
#3633=ORIENTED_EDGE('',*,*,#6318,.F.);
#3634=ORIENTED_EDGE('',*,*,#6309,.F.);
#3635=ORIENTED_EDGE('',*,*,#6307,.T.);
#3636=ORIENTED_EDGE('',*,*,#6316,.T.);
#3637=ORIENTED_EDGE('',*,*,#6319,.F.);
#3638=ORIENTED_EDGE('',*,*,#6310,.F.);
#3639=ORIENTED_EDGE('',*,*,#6318,.T.);
#3640=ORIENTED_EDGE('',*,*,#6315,.T.);
#3641=ORIENTED_EDGE('',*,*,#6320,.F.);
#3642=ORIENTED_EDGE('',*,*,#6311,.F.);
#3643=ORIENTED_EDGE('',*,*,#6319,.T.);
#3644=ORIENTED_EDGE('',*,*,#6314,.T.);
#3645=ORIENTED_EDGE('',*,*,#6321,.F.);
#3646=ORIENTED_EDGE('',*,*,#6312,.F.);
#3647=ORIENTED_EDGE('',*,*,#6320,.T.);
#3648=ORIENTED_EDGE('',*,*,#6313,.T.);
#3649=ORIENTED_EDGE('',*,*,#5865,.F.);
#3650=ORIENTED_EDGE('',*,*,#6308,.F.);
#3651=ORIENTED_EDGE('',*,*,#6321,.T.);
#3652=ORIENTED_EDGE('',*,*,#6322,.T.);
#3653=ORIENTED_EDGE('',*,*,#5685,.T.);
#3654=ORIENTED_EDGE('',*,*,#6095,.T.);
#3655=ORIENTED_EDGE('',*,*,#6323,.T.);
#3656=ORIENTED_EDGE('',*,*,#5687,.F.);
#3657=ORIENTED_EDGE('',*,*,#6324,.F.);
#3658=ORIENTED_EDGE('',*,*,#6325,.F.);
#3659=ORIENTED_EDGE('',*,*,#6093,.F.);
#3660=ORIENTED_EDGE('',*,*,#6094,.F.);
#3661=ORIENTED_EDGE('',*,*,#6325,.T.);
#3662=ORIENTED_EDGE('',*,*,#6326,.F.);
#3663=ORIENTED_EDGE('',*,*,#6323,.F.);
#3664=ORIENTED_EDGE('',*,*,#5686,.F.);
#3665=ORIENTED_EDGE('',*,*,#6322,.F.);
#3666=ORIENTED_EDGE('',*,*,#6326,.T.);
#3667=ORIENTED_EDGE('',*,*,#6324,.T.);
#3668=ORIENTED_EDGE('',*,*,#6327,.T.);
#3669=ORIENTED_EDGE('',*,*,#6328,.F.);
#3670=ORIENTED_EDGE('',*,*,#6329,.F.);
#3671=ORIENTED_EDGE('',*,*,#6330,.T.);
#3672=ORIENTED_EDGE('',*,*,#6331,.T.);
#3673=ORIENTED_EDGE('',*,*,#6332,.F.);
#3674=ORIENTED_EDGE('',*,*,#6333,.F.);
#3675=ORIENTED_EDGE('',*,*,#6328,.T.);
#3676=ORIENTED_EDGE('',*,*,#6334,.T.);
#3677=ORIENTED_EDGE('',*,*,#6001,.T.);
#3678=ORIENTED_EDGE('',*,*,#5760,.T.);
#3679=ORIENTED_EDGE('',*,*,#6046,.T.);
#3680=ORIENTED_EDGE('',*,*,#6335,.T.);
#3681=ORIENTED_EDGE('',*,*,#6329,.T.);
#3682=ORIENTED_EDGE('',*,*,#6333,.T.);
#3683=ORIENTED_EDGE('',*,*,#6003,.F.);
#3684=ORIENTED_EDGE('',*,*,#6336,.F.);
#3685=ORIENTED_EDGE('',*,*,#6331,.F.);
#3686=ORIENTED_EDGE('',*,*,#6327,.F.);
#3687=ORIENTED_EDGE('',*,*,#6337,.F.);
#3688=ORIENTED_EDGE('',*,*,#6044,.F.);
#3689=ORIENTED_EDGE('',*,*,#5758,.F.);
#3690=ORIENTED_EDGE('',*,*,#6045,.F.);
#3691=ORIENTED_EDGE('',*,*,#6337,.T.);
#3692=ORIENTED_EDGE('',*,*,#6330,.F.);
#3693=ORIENTED_EDGE('',*,*,#6335,.F.);
#3694=ORIENTED_EDGE('',*,*,#6002,.F.);
#3695=ORIENTED_EDGE('',*,*,#6334,.F.);
#3696=ORIENTED_EDGE('',*,*,#6332,.T.);
#3697=ORIENTED_EDGE('',*,*,#6336,.T.);
#3698=ORIENTED_EDGE('',*,*,#6338,.F.);
#3699=ORIENTED_EDGE('',*,*,#5936,.T.);
#3700=ORIENTED_EDGE('',*,*,#6339,.T.);
#3701=ORIENTED_EDGE('',*,*,#6340,.F.);
#3702=ORIENTED_EDGE('',*,*,#6341,.T.);
#3703=ORIENTED_EDGE('',*,*,#5868,.T.);
#3704=ORIENTED_EDGE('',*,*,#6338,.T.);
#3705=ORIENTED_EDGE('',*,*,#6342,.T.);
#3706=ORIENTED_EDGE('',*,*,#6343,.T.);
#3707=ORIENTED_EDGE('',*,*,#6344,.T.);
#3708=ORIENTED_EDGE('',*,*,#6345,.T.);
#3709=ORIENTED_EDGE('',*,*,#5870,.F.);
#3710=ORIENTED_EDGE('',*,*,#6346,.F.);
#3711=ORIENTED_EDGE('',*,*,#6347,.F.);
#3712=ORIENTED_EDGE('',*,*,#6348,.F.);
#3713=ORIENTED_EDGE('',*,*,#6349,.F.);
#3714=ORIENTED_EDGE('',*,*,#6350,.F.);
#3715=ORIENTED_EDGE('',*,*,#6339,.F.);
#3716=ORIENTED_EDGE('',*,*,#6350,.T.);
#3717=ORIENTED_EDGE('',*,*,#6351,.F.);
#3718=ORIENTED_EDGE('',*,*,#6342,.F.);
#3719=ORIENTED_EDGE('',*,*,#6340,.T.);
#3720=ORIENTED_EDGE('',*,*,#6349,.T.);
#3721=ORIENTED_EDGE('',*,*,#6352,.F.);
#3722=ORIENTED_EDGE('',*,*,#6343,.F.);
#3723=ORIENTED_EDGE('',*,*,#6351,.T.);
#3724=ORIENTED_EDGE('',*,*,#6348,.T.);
#3725=ORIENTED_EDGE('',*,*,#6353,.F.);
#3726=ORIENTED_EDGE('',*,*,#6344,.F.);
#3727=ORIENTED_EDGE('',*,*,#6352,.T.);
#3728=ORIENTED_EDGE('',*,*,#6347,.T.);
#3729=ORIENTED_EDGE('',*,*,#6354,.F.);
#3730=ORIENTED_EDGE('',*,*,#6345,.F.);
#3731=ORIENTED_EDGE('',*,*,#6353,.T.);
#3732=ORIENTED_EDGE('',*,*,#6346,.T.);
#3733=ORIENTED_EDGE('',*,*,#5869,.F.);
#3734=ORIENTED_EDGE('',*,*,#6341,.F.);
#3735=ORIENTED_EDGE('',*,*,#6354,.T.);
#3736=ORIENTED_EDGE('',*,*,#6355,.T.);
#3737=ORIENTED_EDGE('',*,*,#5689,.T.);
#3738=ORIENTED_EDGE('',*,*,#6092,.T.);
#3739=ORIENTED_EDGE('',*,*,#6356,.T.);
#3740=ORIENTED_EDGE('',*,*,#5691,.F.);
#3741=ORIENTED_EDGE('',*,*,#6357,.F.);
#3742=ORIENTED_EDGE('',*,*,#6358,.F.);
#3743=ORIENTED_EDGE('',*,*,#6090,.F.);
#3744=ORIENTED_EDGE('',*,*,#6091,.F.);
#3745=ORIENTED_EDGE('',*,*,#6358,.T.);
#3746=ORIENTED_EDGE('',*,*,#6359,.F.);
#3747=ORIENTED_EDGE('',*,*,#6356,.F.);
#3748=ORIENTED_EDGE('',*,*,#5690,.F.);
#3749=ORIENTED_EDGE('',*,*,#6355,.F.);
#3750=ORIENTED_EDGE('',*,*,#6359,.T.);
#3751=ORIENTED_EDGE('',*,*,#6357,.T.);
#3752=ORIENTED_EDGE('',*,*,#6360,.T.);
#3753=ORIENTED_EDGE('',*,*,#6361,.F.);
#3754=ORIENTED_EDGE('',*,*,#6362,.F.);
#3755=ORIENTED_EDGE('',*,*,#6363,.T.);
#3756=ORIENTED_EDGE('',*,*,#6364,.T.);
#3757=ORIENTED_EDGE('',*,*,#6365,.F.);
#3758=ORIENTED_EDGE('',*,*,#6366,.F.);
#3759=ORIENTED_EDGE('',*,*,#6361,.T.);
#3760=ORIENTED_EDGE('',*,*,#6367,.T.);
#3761=ORIENTED_EDGE('',*,*,#6004,.T.);
#3762=ORIENTED_EDGE('',*,*,#5756,.T.);
#3763=ORIENTED_EDGE('',*,*,#6043,.T.);
#3764=ORIENTED_EDGE('',*,*,#6368,.T.);
#3765=ORIENTED_EDGE('',*,*,#6362,.T.);
#3766=ORIENTED_EDGE('',*,*,#6366,.T.);
#3767=ORIENTED_EDGE('',*,*,#6006,.F.);
#3768=ORIENTED_EDGE('',*,*,#6369,.F.);
#3769=ORIENTED_EDGE('',*,*,#6364,.F.);
#3770=ORIENTED_EDGE('',*,*,#6360,.F.);
#3771=ORIENTED_EDGE('',*,*,#6370,.F.);
#3772=ORIENTED_EDGE('',*,*,#6041,.F.);
#3773=ORIENTED_EDGE('',*,*,#5754,.F.);
#3774=ORIENTED_EDGE('',*,*,#6042,.F.);
#3775=ORIENTED_EDGE('',*,*,#6370,.T.);
#3776=ORIENTED_EDGE('',*,*,#6363,.F.);
#3777=ORIENTED_EDGE('',*,*,#6368,.F.);
#3778=ORIENTED_EDGE('',*,*,#6005,.F.);
#3779=ORIENTED_EDGE('',*,*,#6367,.F.);
#3780=ORIENTED_EDGE('',*,*,#6365,.T.);
#3781=ORIENTED_EDGE('',*,*,#6369,.T.);
#3782=ORIENTED_EDGE('',*,*,#6371,.F.);
#3783=ORIENTED_EDGE('',*,*,#5935,.T.);
#3784=ORIENTED_EDGE('',*,*,#6372,.T.);
#3785=ORIENTED_EDGE('',*,*,#6373,.F.);
#3786=ORIENTED_EDGE('',*,*,#6374,.T.);
#3787=ORIENTED_EDGE('',*,*,#5872,.T.);
#3788=ORIENTED_EDGE('',*,*,#6371,.T.);
#3789=ORIENTED_EDGE('',*,*,#6375,.T.);
#3790=ORIENTED_EDGE('',*,*,#6376,.T.);
#3791=ORIENTED_EDGE('',*,*,#6377,.T.);
#3792=ORIENTED_EDGE('',*,*,#6378,.T.);
#3793=ORIENTED_EDGE('',*,*,#5874,.F.);
#3794=ORIENTED_EDGE('',*,*,#6379,.F.);
#3795=ORIENTED_EDGE('',*,*,#6380,.F.);
#3796=ORIENTED_EDGE('',*,*,#6381,.F.);
#3797=ORIENTED_EDGE('',*,*,#6382,.F.);
#3798=ORIENTED_EDGE('',*,*,#6383,.F.);
#3799=ORIENTED_EDGE('',*,*,#6372,.F.);
#3800=ORIENTED_EDGE('',*,*,#6383,.T.);
#3801=ORIENTED_EDGE('',*,*,#6384,.F.);
#3802=ORIENTED_EDGE('',*,*,#6375,.F.);
#3803=ORIENTED_EDGE('',*,*,#6373,.T.);
#3804=ORIENTED_EDGE('',*,*,#6382,.T.);
#3805=ORIENTED_EDGE('',*,*,#6385,.F.);
#3806=ORIENTED_EDGE('',*,*,#6376,.F.);
#3807=ORIENTED_EDGE('',*,*,#6384,.T.);
#3808=ORIENTED_EDGE('',*,*,#6381,.T.);
#3809=ORIENTED_EDGE('',*,*,#6386,.F.);
#3810=ORIENTED_EDGE('',*,*,#6377,.F.);
#3811=ORIENTED_EDGE('',*,*,#6385,.T.);
#3812=ORIENTED_EDGE('',*,*,#6380,.T.);
#3813=ORIENTED_EDGE('',*,*,#6387,.F.);
#3814=ORIENTED_EDGE('',*,*,#6378,.F.);
#3815=ORIENTED_EDGE('',*,*,#6386,.T.);
#3816=ORIENTED_EDGE('',*,*,#6379,.T.);
#3817=ORIENTED_EDGE('',*,*,#5873,.F.);
#3818=ORIENTED_EDGE('',*,*,#6374,.F.);
#3819=ORIENTED_EDGE('',*,*,#6387,.T.);
#3820=ORIENTED_EDGE('',*,*,#6388,.T.);
#3821=ORIENTED_EDGE('',*,*,#5693,.T.);
#3822=ORIENTED_EDGE('',*,*,#6089,.T.);
#3823=ORIENTED_EDGE('',*,*,#6389,.T.);
#3824=ORIENTED_EDGE('',*,*,#5695,.F.);
#3825=ORIENTED_EDGE('',*,*,#6390,.F.);
#3826=ORIENTED_EDGE('',*,*,#6391,.F.);
#3827=ORIENTED_EDGE('',*,*,#6087,.F.);
#3828=ORIENTED_EDGE('',*,*,#6088,.F.);
#3829=ORIENTED_EDGE('',*,*,#6391,.T.);
#3830=ORIENTED_EDGE('',*,*,#6392,.F.);
#3831=ORIENTED_EDGE('',*,*,#6389,.F.);
#3832=ORIENTED_EDGE('',*,*,#5694,.F.);
#3833=ORIENTED_EDGE('',*,*,#6388,.F.);
#3834=ORIENTED_EDGE('',*,*,#6392,.T.);
#3835=ORIENTED_EDGE('',*,*,#6390,.T.);
#3836=ORIENTED_EDGE('',*,*,#6393,.T.);
#3837=ORIENTED_EDGE('',*,*,#6394,.F.);
#3838=ORIENTED_EDGE('',*,*,#6395,.F.);
#3839=ORIENTED_EDGE('',*,*,#6396,.T.);
#3840=ORIENTED_EDGE('',*,*,#6397,.T.);
#3841=ORIENTED_EDGE('',*,*,#6398,.F.);
#3842=ORIENTED_EDGE('',*,*,#6399,.F.);
#3843=ORIENTED_EDGE('',*,*,#6394,.T.);
#3844=ORIENTED_EDGE('',*,*,#6400,.T.);
#3845=ORIENTED_EDGE('',*,*,#6007,.T.);
#3846=ORIENTED_EDGE('',*,*,#5752,.T.);
#3847=ORIENTED_EDGE('',*,*,#6040,.T.);
#3848=ORIENTED_EDGE('',*,*,#6401,.T.);
#3849=ORIENTED_EDGE('',*,*,#6395,.T.);
#3850=ORIENTED_EDGE('',*,*,#6399,.T.);
#3851=ORIENTED_EDGE('',*,*,#6009,.F.);
#3852=ORIENTED_EDGE('',*,*,#6402,.F.);
#3853=ORIENTED_EDGE('',*,*,#6397,.F.);
#3854=ORIENTED_EDGE('',*,*,#6393,.F.);
#3855=ORIENTED_EDGE('',*,*,#6403,.F.);
#3856=ORIENTED_EDGE('',*,*,#6038,.F.);
#3857=ORIENTED_EDGE('',*,*,#5750,.F.);
#3858=ORIENTED_EDGE('',*,*,#6039,.F.);
#3859=ORIENTED_EDGE('',*,*,#6403,.T.);
#3860=ORIENTED_EDGE('',*,*,#6396,.F.);
#3861=ORIENTED_EDGE('',*,*,#6401,.F.);
#3862=ORIENTED_EDGE('',*,*,#6008,.F.);
#3863=ORIENTED_EDGE('',*,*,#6400,.F.);
#3864=ORIENTED_EDGE('',*,*,#6398,.T.);
#3865=ORIENTED_EDGE('',*,*,#6402,.T.);
#3866=ORIENTED_EDGE('',*,*,#6404,.F.);
#3867=ORIENTED_EDGE('',*,*,#5934,.T.);
#3868=ORIENTED_EDGE('',*,*,#6405,.T.);
#3869=ORIENTED_EDGE('',*,*,#6406,.F.);
#3870=ORIENTED_EDGE('',*,*,#6407,.T.);
#3871=ORIENTED_EDGE('',*,*,#5876,.T.);
#3872=ORIENTED_EDGE('',*,*,#6404,.T.);
#3873=ORIENTED_EDGE('',*,*,#6408,.T.);
#3874=ORIENTED_EDGE('',*,*,#6409,.T.);
#3875=ORIENTED_EDGE('',*,*,#6410,.T.);
#3876=ORIENTED_EDGE('',*,*,#6411,.T.);
#3877=ORIENTED_EDGE('',*,*,#5878,.F.);
#3878=ORIENTED_EDGE('',*,*,#6412,.F.);
#3879=ORIENTED_EDGE('',*,*,#6413,.F.);
#3880=ORIENTED_EDGE('',*,*,#6414,.F.);
#3881=ORIENTED_EDGE('',*,*,#6415,.F.);
#3882=ORIENTED_EDGE('',*,*,#6416,.F.);
#3883=ORIENTED_EDGE('',*,*,#6405,.F.);
#3884=ORIENTED_EDGE('',*,*,#6416,.T.);
#3885=ORIENTED_EDGE('',*,*,#6417,.F.);
#3886=ORIENTED_EDGE('',*,*,#6408,.F.);
#3887=ORIENTED_EDGE('',*,*,#6406,.T.);
#3888=ORIENTED_EDGE('',*,*,#6415,.T.);
#3889=ORIENTED_EDGE('',*,*,#6418,.F.);
#3890=ORIENTED_EDGE('',*,*,#6409,.F.);
#3891=ORIENTED_EDGE('',*,*,#6417,.T.);
#3892=ORIENTED_EDGE('',*,*,#6414,.T.);
#3893=ORIENTED_EDGE('',*,*,#6419,.F.);
#3894=ORIENTED_EDGE('',*,*,#6410,.F.);
#3895=ORIENTED_EDGE('',*,*,#6418,.T.);
#3896=ORIENTED_EDGE('',*,*,#6413,.T.);
#3897=ORIENTED_EDGE('',*,*,#6420,.F.);
#3898=ORIENTED_EDGE('',*,*,#6411,.F.);
#3899=ORIENTED_EDGE('',*,*,#6419,.T.);
#3900=ORIENTED_EDGE('',*,*,#6412,.T.);
#3901=ORIENTED_EDGE('',*,*,#5877,.F.);
#3902=ORIENTED_EDGE('',*,*,#6407,.F.);
#3903=ORIENTED_EDGE('',*,*,#6420,.T.);
#3904=ORIENTED_EDGE('',*,*,#6421,.T.);
#3905=ORIENTED_EDGE('',*,*,#5697,.T.);
#3906=ORIENTED_EDGE('',*,*,#6086,.T.);
#3907=ORIENTED_EDGE('',*,*,#6422,.T.);
#3908=ORIENTED_EDGE('',*,*,#5699,.F.);
#3909=ORIENTED_EDGE('',*,*,#6423,.F.);
#3910=ORIENTED_EDGE('',*,*,#6424,.F.);
#3911=ORIENTED_EDGE('',*,*,#6084,.F.);
#3912=ORIENTED_EDGE('',*,*,#6085,.F.);
#3913=ORIENTED_EDGE('',*,*,#6424,.T.);
#3914=ORIENTED_EDGE('',*,*,#6425,.F.);
#3915=ORIENTED_EDGE('',*,*,#6422,.F.);
#3916=ORIENTED_EDGE('',*,*,#5698,.F.);
#3917=ORIENTED_EDGE('',*,*,#6421,.F.);
#3918=ORIENTED_EDGE('',*,*,#6425,.T.);
#3919=ORIENTED_EDGE('',*,*,#6423,.T.);
#3920=ORIENTED_EDGE('',*,*,#6426,.T.);
#3921=ORIENTED_EDGE('',*,*,#6427,.F.);
#3922=ORIENTED_EDGE('',*,*,#6428,.F.);
#3923=ORIENTED_EDGE('',*,*,#6429,.T.);
#3924=ORIENTED_EDGE('',*,*,#6430,.T.);
#3925=ORIENTED_EDGE('',*,*,#6431,.F.);
#3926=ORIENTED_EDGE('',*,*,#6432,.F.);
#3927=ORIENTED_EDGE('',*,*,#6427,.T.);
#3928=ORIENTED_EDGE('',*,*,#6433,.T.);
#3929=ORIENTED_EDGE('',*,*,#6010,.T.);
#3930=ORIENTED_EDGE('',*,*,#5748,.T.);
#3931=ORIENTED_EDGE('',*,*,#6037,.T.);
#3932=ORIENTED_EDGE('',*,*,#6434,.T.);
#3933=ORIENTED_EDGE('',*,*,#6428,.T.);
#3934=ORIENTED_EDGE('',*,*,#6432,.T.);
#3935=ORIENTED_EDGE('',*,*,#6012,.F.);
#3936=ORIENTED_EDGE('',*,*,#6435,.F.);
#3937=ORIENTED_EDGE('',*,*,#6430,.F.);
#3938=ORIENTED_EDGE('',*,*,#6426,.F.);
#3939=ORIENTED_EDGE('',*,*,#6436,.F.);
#3940=ORIENTED_EDGE('',*,*,#6035,.F.);
#3941=ORIENTED_EDGE('',*,*,#5746,.F.);
#3942=ORIENTED_EDGE('',*,*,#6036,.F.);
#3943=ORIENTED_EDGE('',*,*,#6436,.T.);
#3944=ORIENTED_EDGE('',*,*,#6429,.F.);
#3945=ORIENTED_EDGE('',*,*,#6434,.F.);
#3946=ORIENTED_EDGE('',*,*,#6011,.F.);
#3947=ORIENTED_EDGE('',*,*,#6433,.F.);
#3948=ORIENTED_EDGE('',*,*,#6431,.T.);
#3949=ORIENTED_EDGE('',*,*,#6435,.T.);
#3950=ORIENTED_EDGE('',*,*,#6437,.F.);
#3951=ORIENTED_EDGE('',*,*,#5933,.T.);
#3952=ORIENTED_EDGE('',*,*,#6438,.T.);
#3953=ORIENTED_EDGE('',*,*,#6439,.F.);
#3954=ORIENTED_EDGE('',*,*,#6440,.T.);
#3955=ORIENTED_EDGE('',*,*,#5880,.T.);
#3956=ORIENTED_EDGE('',*,*,#6437,.T.);
#3957=ORIENTED_EDGE('',*,*,#6441,.T.);
#3958=ORIENTED_EDGE('',*,*,#6442,.T.);
#3959=ORIENTED_EDGE('',*,*,#6443,.T.);
#3960=ORIENTED_EDGE('',*,*,#6444,.T.);
#3961=ORIENTED_EDGE('',*,*,#5882,.F.);
#3962=ORIENTED_EDGE('',*,*,#6445,.F.);
#3963=ORIENTED_EDGE('',*,*,#6446,.F.);
#3964=ORIENTED_EDGE('',*,*,#6447,.F.);
#3965=ORIENTED_EDGE('',*,*,#6448,.F.);
#3966=ORIENTED_EDGE('',*,*,#6449,.F.);
#3967=ORIENTED_EDGE('',*,*,#6438,.F.);
#3968=ORIENTED_EDGE('',*,*,#6449,.T.);
#3969=ORIENTED_EDGE('',*,*,#6450,.F.);
#3970=ORIENTED_EDGE('',*,*,#6441,.F.);
#3971=ORIENTED_EDGE('',*,*,#6439,.T.);
#3972=ORIENTED_EDGE('',*,*,#6448,.T.);
#3973=ORIENTED_EDGE('',*,*,#6451,.F.);
#3974=ORIENTED_EDGE('',*,*,#6442,.F.);
#3975=ORIENTED_EDGE('',*,*,#6450,.T.);
#3976=ORIENTED_EDGE('',*,*,#6447,.T.);
#3977=ORIENTED_EDGE('',*,*,#6452,.F.);
#3978=ORIENTED_EDGE('',*,*,#6443,.F.);
#3979=ORIENTED_EDGE('',*,*,#6451,.T.);
#3980=ORIENTED_EDGE('',*,*,#6446,.T.);
#3981=ORIENTED_EDGE('',*,*,#6453,.F.);
#3982=ORIENTED_EDGE('',*,*,#6444,.F.);
#3983=ORIENTED_EDGE('',*,*,#6452,.T.);
#3984=ORIENTED_EDGE('',*,*,#6445,.T.);
#3985=ORIENTED_EDGE('',*,*,#5881,.F.);
#3986=ORIENTED_EDGE('',*,*,#6440,.F.);
#3987=ORIENTED_EDGE('',*,*,#6453,.T.);
#3988=ORIENTED_EDGE('',*,*,#6454,.T.);
#3989=ORIENTED_EDGE('',*,*,#5701,.T.);
#3990=ORIENTED_EDGE('',*,*,#6083,.T.);
#3991=ORIENTED_EDGE('',*,*,#6455,.T.);
#3992=ORIENTED_EDGE('',*,*,#5703,.F.);
#3993=ORIENTED_EDGE('',*,*,#6456,.F.);
#3994=ORIENTED_EDGE('',*,*,#6457,.F.);
#3995=ORIENTED_EDGE('',*,*,#6081,.F.);
#3996=ORIENTED_EDGE('',*,*,#6082,.F.);
#3997=ORIENTED_EDGE('',*,*,#6457,.T.);
#3998=ORIENTED_EDGE('',*,*,#6458,.F.);
#3999=ORIENTED_EDGE('',*,*,#6455,.F.);
#4000=ORIENTED_EDGE('',*,*,#5702,.F.);
#4001=ORIENTED_EDGE('',*,*,#6454,.F.);
#4002=ORIENTED_EDGE('',*,*,#6458,.T.);
#4003=ORIENTED_EDGE('',*,*,#6456,.T.);
#4004=ORIENTED_EDGE('',*,*,#6459,.T.);
#4005=ORIENTED_EDGE('',*,*,#6460,.F.);
#4006=ORIENTED_EDGE('',*,*,#6461,.F.);
#4007=ORIENTED_EDGE('',*,*,#6462,.T.);
#4008=ORIENTED_EDGE('',*,*,#6463,.T.);
#4009=ORIENTED_EDGE('',*,*,#6464,.F.);
#4010=ORIENTED_EDGE('',*,*,#6465,.F.);
#4011=ORIENTED_EDGE('',*,*,#6460,.T.);
#4012=ORIENTED_EDGE('',*,*,#6466,.T.);
#4013=ORIENTED_EDGE('',*,*,#6013,.T.);
#4014=ORIENTED_EDGE('',*,*,#5744,.T.);
#4015=ORIENTED_EDGE('',*,*,#6034,.T.);
#4016=ORIENTED_EDGE('',*,*,#6467,.T.);
#4017=ORIENTED_EDGE('',*,*,#6461,.T.);
#4018=ORIENTED_EDGE('',*,*,#6465,.T.);
#4019=ORIENTED_EDGE('',*,*,#6015,.F.);
#4020=ORIENTED_EDGE('',*,*,#6468,.F.);
#4021=ORIENTED_EDGE('',*,*,#6463,.F.);
#4022=ORIENTED_EDGE('',*,*,#6459,.F.);
#4023=ORIENTED_EDGE('',*,*,#6469,.F.);
#4024=ORIENTED_EDGE('',*,*,#6032,.F.);
#4025=ORIENTED_EDGE('',*,*,#5742,.F.);
#4026=ORIENTED_EDGE('',*,*,#6033,.F.);
#4027=ORIENTED_EDGE('',*,*,#6469,.T.);
#4028=ORIENTED_EDGE('',*,*,#6462,.F.);
#4029=ORIENTED_EDGE('',*,*,#6467,.F.);
#4030=ORIENTED_EDGE('',*,*,#6014,.F.);
#4031=ORIENTED_EDGE('',*,*,#6466,.F.);
#4032=ORIENTED_EDGE('',*,*,#6464,.T.);
#4033=ORIENTED_EDGE('',*,*,#6468,.T.);
#4034=ORIENTED_EDGE('',*,*,#6470,.F.);
#4035=ORIENTED_EDGE('',*,*,#5932,.T.);
#4036=ORIENTED_EDGE('',*,*,#6471,.T.);
#4037=ORIENTED_EDGE('',*,*,#6472,.F.);
#4038=ORIENTED_EDGE('',*,*,#6473,.T.);
#4039=ORIENTED_EDGE('',*,*,#5884,.T.);
#4040=ORIENTED_EDGE('',*,*,#6470,.T.);
#4041=ORIENTED_EDGE('',*,*,#6474,.T.);
#4042=ORIENTED_EDGE('',*,*,#6475,.T.);
#4043=ORIENTED_EDGE('',*,*,#6476,.T.);
#4044=ORIENTED_EDGE('',*,*,#6477,.T.);
#4045=ORIENTED_EDGE('',*,*,#5886,.F.);
#4046=ORIENTED_EDGE('',*,*,#6478,.F.);
#4047=ORIENTED_EDGE('',*,*,#6479,.F.);
#4048=ORIENTED_EDGE('',*,*,#6480,.F.);
#4049=ORIENTED_EDGE('',*,*,#6481,.F.);
#4050=ORIENTED_EDGE('',*,*,#6482,.F.);
#4051=ORIENTED_EDGE('',*,*,#6471,.F.);
#4052=ORIENTED_EDGE('',*,*,#6482,.T.);
#4053=ORIENTED_EDGE('',*,*,#6483,.F.);
#4054=ORIENTED_EDGE('',*,*,#6474,.F.);
#4055=ORIENTED_EDGE('',*,*,#6472,.T.);
#4056=ORIENTED_EDGE('',*,*,#6481,.T.);
#4057=ORIENTED_EDGE('',*,*,#6484,.F.);
#4058=ORIENTED_EDGE('',*,*,#6475,.F.);
#4059=ORIENTED_EDGE('',*,*,#6483,.T.);
#4060=ORIENTED_EDGE('',*,*,#6480,.T.);
#4061=ORIENTED_EDGE('',*,*,#6485,.F.);
#4062=ORIENTED_EDGE('',*,*,#6476,.F.);
#4063=ORIENTED_EDGE('',*,*,#6484,.T.);
#4064=ORIENTED_EDGE('',*,*,#6479,.T.);
#4065=ORIENTED_EDGE('',*,*,#6486,.F.);
#4066=ORIENTED_EDGE('',*,*,#6477,.F.);
#4067=ORIENTED_EDGE('',*,*,#6485,.T.);
#4068=ORIENTED_EDGE('',*,*,#6478,.T.);
#4069=ORIENTED_EDGE('',*,*,#5885,.F.);
#4070=ORIENTED_EDGE('',*,*,#6473,.F.);
#4071=ORIENTED_EDGE('',*,*,#6486,.T.);
#4072=ORIENTED_EDGE('',*,*,#6487,.T.);
#4073=ORIENTED_EDGE('',*,*,#5705,.T.);
#4074=ORIENTED_EDGE('',*,*,#6080,.T.);
#4075=ORIENTED_EDGE('',*,*,#6488,.T.);
#4076=ORIENTED_EDGE('',*,*,#5707,.F.);
#4077=ORIENTED_EDGE('',*,*,#6489,.F.);
#4078=ORIENTED_EDGE('',*,*,#6490,.F.);
#4079=ORIENTED_EDGE('',*,*,#6078,.F.);
#4080=ORIENTED_EDGE('',*,*,#6079,.F.);
#4081=ORIENTED_EDGE('',*,*,#6490,.T.);
#4082=ORIENTED_EDGE('',*,*,#6491,.F.);
#4083=ORIENTED_EDGE('',*,*,#6488,.F.);
#4084=ORIENTED_EDGE('',*,*,#5706,.F.);
#4085=ORIENTED_EDGE('',*,*,#6487,.F.);
#4086=ORIENTED_EDGE('',*,*,#6491,.T.);
#4087=ORIENTED_EDGE('',*,*,#6489,.T.);
#4088=ORIENTED_EDGE('',*,*,#6492,.T.);
#4089=ORIENTED_EDGE('',*,*,#6493,.F.);
#4090=ORIENTED_EDGE('',*,*,#6494,.F.);
#4091=ORIENTED_EDGE('',*,*,#6495,.T.);
#4092=ORIENTED_EDGE('',*,*,#6496,.T.);
#4093=ORIENTED_EDGE('',*,*,#6497,.F.);
#4094=ORIENTED_EDGE('',*,*,#6498,.F.);
#4095=ORIENTED_EDGE('',*,*,#6493,.T.);
#4096=ORIENTED_EDGE('',*,*,#6499,.T.);
#4097=ORIENTED_EDGE('',*,*,#6016,.T.);
#4098=ORIENTED_EDGE('',*,*,#5740,.T.);
#4099=ORIENTED_EDGE('',*,*,#6031,.T.);
#4100=ORIENTED_EDGE('',*,*,#6500,.T.);
#4101=ORIENTED_EDGE('',*,*,#6494,.T.);
#4102=ORIENTED_EDGE('',*,*,#6498,.T.);
#4103=ORIENTED_EDGE('',*,*,#6018,.F.);
#4104=ORIENTED_EDGE('',*,*,#6501,.F.);
#4105=ORIENTED_EDGE('',*,*,#6496,.F.);
#4106=ORIENTED_EDGE('',*,*,#6492,.F.);
#4107=ORIENTED_EDGE('',*,*,#6502,.F.);
#4108=ORIENTED_EDGE('',*,*,#6029,.F.);
#4109=ORIENTED_EDGE('',*,*,#5738,.F.);
#4110=ORIENTED_EDGE('',*,*,#6030,.F.);
#4111=ORIENTED_EDGE('',*,*,#6502,.T.);
#4112=ORIENTED_EDGE('',*,*,#6495,.F.);
#4113=ORIENTED_EDGE('',*,*,#6500,.F.);
#4114=ORIENTED_EDGE('',*,*,#6017,.F.);
#4115=ORIENTED_EDGE('',*,*,#6499,.F.);
#4116=ORIENTED_EDGE('',*,*,#6497,.T.);
#4117=ORIENTED_EDGE('',*,*,#6501,.T.);
#4118=ORIENTED_EDGE('',*,*,#6503,.F.);
#4119=ORIENTED_EDGE('',*,*,#5931,.T.);
#4120=ORIENTED_EDGE('',*,*,#6504,.T.);
#4121=ORIENTED_EDGE('',*,*,#6505,.F.);
#4122=ORIENTED_EDGE('',*,*,#6506,.T.);
#4123=ORIENTED_EDGE('',*,*,#5888,.T.);
#4124=ORIENTED_EDGE('',*,*,#6503,.T.);
#4125=ORIENTED_EDGE('',*,*,#6507,.T.);
#4126=ORIENTED_EDGE('',*,*,#6508,.T.);
#4127=ORIENTED_EDGE('',*,*,#6509,.T.);
#4128=ORIENTED_EDGE('',*,*,#6510,.T.);
#4129=ORIENTED_EDGE('',*,*,#5890,.F.);
#4130=ORIENTED_EDGE('',*,*,#6511,.F.);
#4131=ORIENTED_EDGE('',*,*,#6512,.F.);
#4132=ORIENTED_EDGE('',*,*,#6513,.F.);
#4133=ORIENTED_EDGE('',*,*,#6514,.F.);
#4134=ORIENTED_EDGE('',*,*,#6515,.F.);
#4135=ORIENTED_EDGE('',*,*,#6504,.F.);
#4136=ORIENTED_EDGE('',*,*,#6515,.T.);
#4137=ORIENTED_EDGE('',*,*,#6516,.F.);
#4138=ORIENTED_EDGE('',*,*,#6507,.F.);
#4139=ORIENTED_EDGE('',*,*,#6505,.T.);
#4140=ORIENTED_EDGE('',*,*,#6514,.T.);
#4141=ORIENTED_EDGE('',*,*,#6517,.F.);
#4142=ORIENTED_EDGE('',*,*,#6508,.F.);
#4143=ORIENTED_EDGE('',*,*,#6516,.T.);
#4144=ORIENTED_EDGE('',*,*,#6513,.T.);
#4145=ORIENTED_EDGE('',*,*,#6518,.F.);
#4146=ORIENTED_EDGE('',*,*,#6509,.F.);
#4147=ORIENTED_EDGE('',*,*,#6517,.T.);
#4148=ORIENTED_EDGE('',*,*,#6512,.T.);
#4149=ORIENTED_EDGE('',*,*,#6519,.F.);
#4150=ORIENTED_EDGE('',*,*,#6510,.F.);
#4151=ORIENTED_EDGE('',*,*,#6518,.T.);
#4152=ORIENTED_EDGE('',*,*,#6511,.T.);
#4153=ORIENTED_EDGE('',*,*,#5889,.F.);
#4154=ORIENTED_EDGE('',*,*,#6506,.F.);
#4155=ORIENTED_EDGE('',*,*,#6519,.T.);
#4156=ORIENTED_EDGE('',*,*,#6520,.T.);
#4157=ORIENTED_EDGE('',*,*,#5709,.T.);
#4158=ORIENTED_EDGE('',*,*,#6077,.T.);
#4159=ORIENTED_EDGE('',*,*,#6521,.T.);
#4160=ORIENTED_EDGE('',*,*,#5711,.F.);
#4161=ORIENTED_EDGE('',*,*,#6522,.F.);
#4162=ORIENTED_EDGE('',*,*,#6523,.F.);
#4163=ORIENTED_EDGE('',*,*,#6075,.F.);
#4164=ORIENTED_EDGE('',*,*,#6076,.F.);
#4165=ORIENTED_EDGE('',*,*,#6523,.T.);
#4166=ORIENTED_EDGE('',*,*,#6524,.F.);
#4167=ORIENTED_EDGE('',*,*,#6521,.F.);
#4168=ORIENTED_EDGE('',*,*,#5710,.F.);
#4169=ORIENTED_EDGE('',*,*,#6520,.F.);
#4170=ORIENTED_EDGE('',*,*,#6524,.T.);
#4171=ORIENTED_EDGE('',*,*,#6522,.T.);
#4172=ORIENTED_EDGE('',*,*,#6525,.T.);
#4173=ORIENTED_EDGE('',*,*,#6526,.F.);
#4174=ORIENTED_EDGE('',*,*,#6527,.F.);
#4175=ORIENTED_EDGE('',*,*,#6528,.T.);
#4176=ORIENTED_EDGE('',*,*,#6529,.T.);
#4177=ORIENTED_EDGE('',*,*,#6530,.F.);
#4178=ORIENTED_EDGE('',*,*,#6531,.F.);
#4179=ORIENTED_EDGE('',*,*,#6526,.T.);
#4180=ORIENTED_EDGE('',*,*,#6532,.T.);
#4181=ORIENTED_EDGE('',*,*,#6019,.T.);
#4182=ORIENTED_EDGE('',*,*,#5736,.T.);
#4183=ORIENTED_EDGE('',*,*,#6028,.T.);
#4184=ORIENTED_EDGE('',*,*,#6533,.T.);
#4185=ORIENTED_EDGE('',*,*,#6527,.T.);
#4186=ORIENTED_EDGE('',*,*,#6531,.T.);
#4187=ORIENTED_EDGE('',*,*,#6021,.F.);
#4188=ORIENTED_EDGE('',*,*,#6534,.F.);
#4189=ORIENTED_EDGE('',*,*,#6529,.F.);
#4190=ORIENTED_EDGE('',*,*,#6525,.F.);
#4191=ORIENTED_EDGE('',*,*,#6535,.F.);
#4192=ORIENTED_EDGE('',*,*,#6026,.F.);
#4193=ORIENTED_EDGE('',*,*,#5734,.F.);
#4194=ORIENTED_EDGE('',*,*,#6027,.F.);
#4195=ORIENTED_EDGE('',*,*,#6535,.T.);
#4196=ORIENTED_EDGE('',*,*,#6528,.F.);
#4197=ORIENTED_EDGE('',*,*,#6533,.F.);
#4198=ORIENTED_EDGE('',*,*,#6020,.F.);
#4199=ORIENTED_EDGE('',*,*,#6532,.F.);
#4200=ORIENTED_EDGE('',*,*,#6530,.T.);
#4201=ORIENTED_EDGE('',*,*,#6534,.T.);
#4202=ORIENTED_EDGE('',*,*,#6536,.F.);
#4203=ORIENTED_EDGE('',*,*,#5930,.T.);
#4204=ORIENTED_EDGE('',*,*,#6537,.T.);
#4205=ORIENTED_EDGE('',*,*,#6538,.F.);
#4206=ORIENTED_EDGE('',*,*,#6539,.T.);
#4207=ORIENTED_EDGE('',*,*,#5892,.T.);
#4208=ORIENTED_EDGE('',*,*,#6536,.T.);
#4209=ORIENTED_EDGE('',*,*,#6540,.T.);
#4210=ORIENTED_EDGE('',*,*,#6541,.T.);
#4211=ORIENTED_EDGE('',*,*,#6542,.T.);
#4212=ORIENTED_EDGE('',*,*,#6543,.T.);
#4213=ORIENTED_EDGE('',*,*,#5894,.F.);
#4214=ORIENTED_EDGE('',*,*,#6544,.F.);
#4215=ORIENTED_EDGE('',*,*,#6545,.F.);
#4216=ORIENTED_EDGE('',*,*,#6546,.F.);
#4217=ORIENTED_EDGE('',*,*,#6547,.F.);
#4218=ORIENTED_EDGE('',*,*,#6548,.F.);
#4219=ORIENTED_EDGE('',*,*,#6537,.F.);
#4220=ORIENTED_EDGE('',*,*,#6548,.T.);
#4221=ORIENTED_EDGE('',*,*,#6549,.F.);
#4222=ORIENTED_EDGE('',*,*,#6540,.F.);
#4223=ORIENTED_EDGE('',*,*,#6538,.T.);
#4224=ORIENTED_EDGE('',*,*,#6547,.T.);
#4225=ORIENTED_EDGE('',*,*,#6550,.F.);
#4226=ORIENTED_EDGE('',*,*,#6541,.F.);
#4227=ORIENTED_EDGE('',*,*,#6549,.T.);
#4228=ORIENTED_EDGE('',*,*,#6546,.T.);
#4229=ORIENTED_EDGE('',*,*,#6551,.F.);
#4230=ORIENTED_EDGE('',*,*,#6542,.F.);
#4231=ORIENTED_EDGE('',*,*,#6550,.T.);
#4232=ORIENTED_EDGE('',*,*,#6545,.T.);
#4233=ORIENTED_EDGE('',*,*,#6552,.F.);
#4234=ORIENTED_EDGE('',*,*,#6543,.F.);
#4235=ORIENTED_EDGE('',*,*,#6551,.T.);
#4236=ORIENTED_EDGE('',*,*,#6544,.T.);
#4237=ORIENTED_EDGE('',*,*,#5893,.F.);
#4238=ORIENTED_EDGE('',*,*,#6539,.F.);
#4239=ORIENTED_EDGE('',*,*,#6552,.T.);
#4240=ORIENTED_EDGE('',*,*,#6553,.T.);
#4241=ORIENTED_EDGE('',*,*,#5653,.T.);
#4242=ORIENTED_EDGE('',*,*,#6074,.T.);
#4243=ORIENTED_EDGE('',*,*,#6554,.T.);
#4244=ORIENTED_EDGE('',*,*,#5655,.F.);
#4245=ORIENTED_EDGE('',*,*,#6555,.F.);
#4246=ORIENTED_EDGE('',*,*,#6556,.F.);
#4247=ORIENTED_EDGE('',*,*,#6072,.F.);
#4248=ORIENTED_EDGE('',*,*,#6073,.F.);
#4249=ORIENTED_EDGE('',*,*,#6556,.T.);
#4250=ORIENTED_EDGE('',*,*,#6557,.F.);
#4251=ORIENTED_EDGE('',*,*,#6554,.F.);
#4252=ORIENTED_EDGE('',*,*,#5654,.F.);
#4253=ORIENTED_EDGE('',*,*,#6553,.F.);
#4254=ORIENTED_EDGE('',*,*,#6557,.T.);
#4255=ORIENTED_EDGE('',*,*,#6555,.T.);
#4256=ORIENTED_EDGE('',*,*,#6558,.T.);
#4257=ORIENTED_EDGE('',*,*,#6559,.F.);
#4258=ORIENTED_EDGE('',*,*,#6560,.F.);
#4259=ORIENTED_EDGE('',*,*,#6561,.T.);
#4260=ORIENTED_EDGE('',*,*,#6562,.T.);
#4261=ORIENTED_EDGE('',*,*,#6563,.F.);
#4262=ORIENTED_EDGE('',*,*,#6564,.F.);
#4263=ORIENTED_EDGE('',*,*,#6559,.T.);
#4264=ORIENTED_EDGE('',*,*,#6565,.T.);
#4265=ORIENTED_EDGE('',*,*,#5978,.T.);
#4266=ORIENTED_EDGE('',*,*,#5732,.T.);
#4267=ORIENTED_EDGE('',*,*,#6025,.T.);
#4268=ORIENTED_EDGE('',*,*,#6566,.T.);
#4269=ORIENTED_EDGE('',*,*,#6560,.T.);
#4270=ORIENTED_EDGE('',*,*,#6564,.T.);
#4271=ORIENTED_EDGE('',*,*,#5980,.F.);
#4272=ORIENTED_EDGE('',*,*,#6567,.F.);
#4273=ORIENTED_EDGE('',*,*,#6562,.F.);
#4274=ORIENTED_EDGE('',*,*,#6558,.F.);
#4275=ORIENTED_EDGE('',*,*,#6568,.F.);
#4276=ORIENTED_EDGE('',*,*,#6066,.F.);
#4277=ORIENTED_EDGE('',*,*,#5729,.F.);
#4278=ORIENTED_EDGE('',*,*,#6067,.F.);
#4279=ORIENTED_EDGE('',*,*,#6568,.T.);
#4280=ORIENTED_EDGE('',*,*,#6561,.F.);
#4281=ORIENTED_EDGE('',*,*,#6566,.F.);
#4282=ORIENTED_EDGE('',*,*,#5979,.F.);
#4283=ORIENTED_EDGE('',*,*,#6565,.F.);
#4284=ORIENTED_EDGE('',*,*,#6563,.T.);
#4285=ORIENTED_EDGE('',*,*,#6567,.T.);
#4286=ORIENTED_EDGE('',*,*,#6569,.F.);
#4287=ORIENTED_EDGE('',*,*,#5929,.T.);
#4288=ORIENTED_EDGE('',*,*,#6570,.T.);
#4289=ORIENTED_EDGE('',*,*,#6571,.F.);
#4290=ORIENTED_EDGE('',*,*,#6572,.T.);
#4291=ORIENTED_EDGE('',*,*,#5823,.T.);
#4292=ORIENTED_EDGE('',*,*,#6569,.T.);
#4293=ORIENTED_EDGE('',*,*,#6573,.T.);
#4294=ORIENTED_EDGE('',*,*,#6574,.T.);
#4295=ORIENTED_EDGE('',*,*,#6575,.T.);
#4296=ORIENTED_EDGE('',*,*,#6576,.T.);
#4297=ORIENTED_EDGE('',*,*,#5825,.F.);
#4298=ORIENTED_EDGE('',*,*,#6577,.F.);
#4299=ORIENTED_EDGE('',*,*,#6578,.F.);
#4300=ORIENTED_EDGE('',*,*,#6579,.F.);
#4301=ORIENTED_EDGE('',*,*,#6580,.F.);
#4302=ORIENTED_EDGE('',*,*,#6581,.F.);
#4303=ORIENTED_EDGE('',*,*,#6570,.F.);
#4304=ORIENTED_EDGE('',*,*,#6581,.T.);
#4305=ORIENTED_EDGE('',*,*,#6582,.F.);
#4306=ORIENTED_EDGE('',*,*,#6573,.F.);
#4307=ORIENTED_EDGE('',*,*,#6571,.T.);
#4308=ORIENTED_EDGE('',*,*,#6580,.T.);
#4309=ORIENTED_EDGE('',*,*,#6583,.F.);
#4310=ORIENTED_EDGE('',*,*,#6574,.F.);
#4311=ORIENTED_EDGE('',*,*,#6582,.T.);
#4312=ORIENTED_EDGE('',*,*,#6579,.T.);
#4313=ORIENTED_EDGE('',*,*,#6584,.F.);
#4314=ORIENTED_EDGE('',*,*,#6575,.F.);
#4315=ORIENTED_EDGE('',*,*,#6583,.T.);
#4316=ORIENTED_EDGE('',*,*,#6578,.T.);
#4317=ORIENTED_EDGE('',*,*,#6585,.F.);
#4318=ORIENTED_EDGE('',*,*,#6576,.F.);
#4319=ORIENTED_EDGE('',*,*,#6584,.T.);
#4320=ORIENTED_EDGE('',*,*,#6577,.T.);
#4321=ORIENTED_EDGE('',*,*,#5824,.F.);
#4322=ORIENTED_EDGE('',*,*,#6572,.F.);
#4323=ORIENTED_EDGE('',*,*,#6585,.T.);
#4324=ORIENTED_EDGE('',*,*,#6586,.T.);
#4325=ORIENTED_EDGE('',*,*,#6587,.F.);
#4326=ORIENTED_EDGE('',*,*,#6588,.F.);
#4327=ORIENTED_EDGE('',*,*,#6589,.T.);
#4328=ORIENTED_EDGE('',*,*,#6590,.T.);
#4329=ORIENTED_EDGE('',*,*,#6591,.F.);
#4330=ORIENTED_EDGE('',*,*,#6592,.F.);
#4331=ORIENTED_EDGE('',*,*,#6587,.T.);
#4332=ORIENTED_EDGE('',*,*,#6593,.T.);
#4333=ORIENTED_EDGE('',*,*,#6594,.F.);
#4334=ORIENTED_EDGE('',*,*,#6595,.F.);
#4335=ORIENTED_EDGE('',*,*,#6591,.T.);
#4336=ORIENTED_EDGE('',*,*,#6596,.T.);
#4337=ORIENTED_EDGE('',*,*,#6597,.F.);
#4338=ORIENTED_EDGE('',*,*,#6598,.F.);
#4339=ORIENTED_EDGE('',*,*,#6594,.T.);
#4340=ORIENTED_EDGE('',*,*,#6599,.T.);
#4341=ORIENTED_EDGE('',*,*,#6600,.F.);
#4342=ORIENTED_EDGE('',*,*,#6601,.F.);
#4343=ORIENTED_EDGE('',*,*,#6597,.T.);
#4344=ORIENTED_EDGE('',*,*,#6602,.T.);
#4345=ORIENTED_EDGE('',*,*,#6603,.F.);
#4346=ORIENTED_EDGE('',*,*,#6604,.F.);
#4347=ORIENTED_EDGE('',*,*,#6600,.T.);
#4348=ORIENTED_EDGE('',*,*,#6605,.T.);
#4349=ORIENTED_EDGE('',*,*,#6606,.F.);
#4350=ORIENTED_EDGE('',*,*,#6607,.F.);
#4351=ORIENTED_EDGE('',*,*,#6603,.T.);
#4352=ORIENTED_EDGE('',*,*,#6608,.T.);
#4353=ORIENTED_EDGE('',*,*,#6609,.F.);
#4354=ORIENTED_EDGE('',*,*,#6610,.F.);
#4355=ORIENTED_EDGE('',*,*,#6606,.T.);
#4356=ORIENTED_EDGE('',*,*,#6611,.T.);
#4357=ORIENTED_EDGE('',*,*,#6612,.F.);
#4358=ORIENTED_EDGE('',*,*,#6613,.F.);
#4359=ORIENTED_EDGE('',*,*,#6609,.T.);
#4360=ORIENTED_EDGE('',*,*,#6614,.T.);
#4361=ORIENTED_EDGE('',*,*,#6615,.F.);
#4362=ORIENTED_EDGE('',*,*,#6616,.F.);
#4363=ORIENTED_EDGE('',*,*,#6612,.T.);
#4364=ORIENTED_EDGE('',*,*,#6617,.T.);
#4365=ORIENTED_EDGE('',*,*,#6618,.F.);
#4366=ORIENTED_EDGE('',*,*,#6619,.F.);
#4367=ORIENTED_EDGE('',*,*,#6615,.T.);
#4368=ORIENTED_EDGE('',*,*,#6620,.T.);
#4369=ORIENTED_EDGE('',*,*,#6621,.F.);
#4370=ORIENTED_EDGE('',*,*,#6622,.F.);
#4371=ORIENTED_EDGE('',*,*,#6618,.T.);
#4372=ORIENTED_EDGE('',*,*,#6623,.T.);
#4373=ORIENTED_EDGE('',*,*,#6624,.F.);
#4374=ORIENTED_EDGE('',*,*,#6625,.F.);
#4375=ORIENTED_EDGE('',*,*,#6621,.T.);
#4376=ORIENTED_EDGE('',*,*,#6626,.T.);
#4377=ORIENTED_EDGE('',*,*,#6627,.F.);
#4378=ORIENTED_EDGE('',*,*,#6628,.F.);
#4379=ORIENTED_EDGE('',*,*,#6624,.T.);
#4380=ORIENTED_EDGE('',*,*,#6629,.T.);
#4381=ORIENTED_EDGE('',*,*,#6630,.F.);
#4382=ORIENTED_EDGE('',*,*,#6631,.F.);
#4383=ORIENTED_EDGE('',*,*,#6627,.T.);
#4384=ORIENTED_EDGE('',*,*,#6632,.T.);
#4385=ORIENTED_EDGE('',*,*,#6589,.F.);
#4386=ORIENTED_EDGE('',*,*,#6633,.F.);
#4387=ORIENTED_EDGE('',*,*,#6630,.T.);
#4388=ORIENTED_EDGE('',*,*,#6588,.T.);
#4389=ORIENTED_EDGE('',*,*,#6592,.T.);
#4390=ORIENTED_EDGE('',*,*,#6595,.T.);
#4391=ORIENTED_EDGE('',*,*,#6598,.T.);
#4392=ORIENTED_EDGE('',*,*,#6601,.T.);
#4393=ORIENTED_EDGE('',*,*,#6604,.T.);
#4394=ORIENTED_EDGE('',*,*,#6607,.T.);
#4395=ORIENTED_EDGE('',*,*,#6610,.T.);
#4396=ORIENTED_EDGE('',*,*,#6613,.T.);
#4397=ORIENTED_EDGE('',*,*,#6616,.T.);
#4398=ORIENTED_EDGE('',*,*,#6619,.T.);
#4399=ORIENTED_EDGE('',*,*,#6622,.T.);
#4400=ORIENTED_EDGE('',*,*,#6625,.T.);
#4401=ORIENTED_EDGE('',*,*,#6628,.T.);
#4402=ORIENTED_EDGE('',*,*,#6631,.T.);
#4403=ORIENTED_EDGE('',*,*,#6633,.T.);
#4404=ORIENTED_EDGE('',*,*,#6586,.F.);
#4405=ORIENTED_EDGE('',*,*,#6632,.F.);
#4406=ORIENTED_EDGE('',*,*,#6629,.F.);
#4407=ORIENTED_EDGE('',*,*,#6626,.F.);
#4408=ORIENTED_EDGE('',*,*,#6623,.F.);
#4409=ORIENTED_EDGE('',*,*,#6620,.F.);
#4410=ORIENTED_EDGE('',*,*,#6617,.F.);
#4411=ORIENTED_EDGE('',*,*,#6614,.F.);
#4412=ORIENTED_EDGE('',*,*,#6611,.F.);
#4413=ORIENTED_EDGE('',*,*,#6608,.F.);
#4414=ORIENTED_EDGE('',*,*,#6605,.F.);
#4415=ORIENTED_EDGE('',*,*,#6602,.F.);
#4416=ORIENTED_EDGE('',*,*,#6599,.F.);
#4417=ORIENTED_EDGE('',*,*,#6596,.F.);
#4418=ORIENTED_EDGE('',*,*,#6593,.F.);
#4419=ORIENTED_EDGE('',*,*,#6590,.F.);
#4420=ORIENTED_EDGE('',*,*,#6634,.T.);
#4421=ORIENTED_EDGE('',*,*,#6635,.T.);
#4422=ORIENTED_EDGE('',*,*,#6636,.F.);
#4423=ORIENTED_EDGE('',*,*,#6637,.T.);
#4424=ORIENTED_EDGE('',*,*,#6638,.T.);
#4425=ORIENTED_EDGE('',*,*,#6639,.T.);
#4426=ORIENTED_EDGE('',*,*,#6640,.F.);
#4427=ORIENTED_EDGE('',*,*,#6635,.F.);
#4428=ORIENTED_EDGE('',*,*,#6641,.T.);
#4429=ORIENTED_EDGE('',*,*,#6642,.F.);
#4430=ORIENTED_EDGE('',*,*,#6643,.F.);
#4431=ORIENTED_EDGE('',*,*,#6639,.F.);
#4432=ORIENTED_EDGE('',*,*,#6644,.F.);
#4433=ORIENTED_EDGE('',*,*,#6645,.T.);
#4434=ORIENTED_EDGE('',*,*,#6646,.T.);
#4435=ORIENTED_EDGE('',*,*,#6642,.T.);
#4436=ORIENTED_EDGE('',*,*,#6647,.F.);
#4437=ORIENTED_EDGE('',*,*,#6648,.T.);
#4438=ORIENTED_EDGE('',*,*,#6649,.T.);
#4439=ORIENTED_EDGE('',*,*,#6645,.F.);
#4440=ORIENTED_EDGE('',*,*,#6650,.F.);
#4441=ORIENTED_EDGE('',*,*,#6651,.T.);
#4442=ORIENTED_EDGE('',*,*,#6652,.T.);
#4443=ORIENTED_EDGE('',*,*,#6648,.F.);
#4444=ORIENTED_EDGE('',*,*,#6653,.F.);
#4445=ORIENTED_EDGE('',*,*,#6654,.T.);
#4446=ORIENTED_EDGE('',*,*,#6655,.T.);
#4447=ORIENTED_EDGE('',*,*,#6651,.F.);
#4448=ORIENTED_EDGE('',*,*,#6656,.F.);
#4449=ORIENTED_EDGE('',*,*,#6657,.T.);
#4450=ORIENTED_EDGE('',*,*,#6658,.T.);
#4451=ORIENTED_EDGE('',*,*,#6654,.F.);
#4452=ORIENTED_EDGE('',*,*,#6659,.F.);
#4453=ORIENTED_EDGE('',*,*,#6660,.T.);
#4454=ORIENTED_EDGE('',*,*,#6661,.T.);
#4455=ORIENTED_EDGE('',*,*,#6657,.F.);
#4456=ORIENTED_EDGE('',*,*,#6662,.F.);
#4457=ORIENTED_EDGE('',*,*,#6663,.T.);
#4458=ORIENTED_EDGE('',*,*,#6664,.T.);
#4459=ORIENTED_EDGE('',*,*,#6660,.F.);
#4460=ORIENTED_EDGE('',*,*,#6665,.F.);
#4461=ORIENTED_EDGE('',*,*,#6666,.T.);
#4462=ORIENTED_EDGE('',*,*,#6667,.T.);
#4463=ORIENTED_EDGE('',*,*,#6663,.F.);
#4464=ORIENTED_EDGE('',*,*,#6668,.F.);
#4465=ORIENTED_EDGE('',*,*,#6669,.F.);
#4466=ORIENTED_EDGE('',*,*,#6670,.T.);
#4467=ORIENTED_EDGE('',*,*,#6666,.F.);
#4468=ORIENTED_EDGE('',*,*,#6671,.T.);
#4469=ORIENTED_EDGE('',*,*,#6672,.F.);
#4470=ORIENTED_EDGE('',*,*,#6673,.F.);
#4471=ORIENTED_EDGE('',*,*,#6669,.T.);
#4472=ORIENTED_EDGE('',*,*,#6674,.T.);
#4473=ORIENTED_EDGE('',*,*,#6675,.F.);
#4474=ORIENTED_EDGE('',*,*,#6676,.F.);
#4475=ORIENTED_EDGE('',*,*,#6672,.T.);
#4476=ORIENTED_EDGE('',*,*,#6677,.T.);
#4477=ORIENTED_EDGE('',*,*,#6678,.F.);
#4478=ORIENTED_EDGE('',*,*,#6679,.F.);
#4479=ORIENTED_EDGE('',*,*,#6675,.T.);
#4480=ORIENTED_EDGE('',*,*,#6680,.T.);
#4481=ORIENTED_EDGE('',*,*,#6637,.F.);
#4482=ORIENTED_EDGE('',*,*,#6681,.F.);
#4483=ORIENTED_EDGE('',*,*,#6678,.T.);
#4484=ORIENTED_EDGE('',*,*,#6636,.T.);
#4485=ORIENTED_EDGE('',*,*,#6640,.T.);
#4486=ORIENTED_EDGE('',*,*,#6643,.T.);
#4487=ORIENTED_EDGE('',*,*,#6646,.F.);
#4488=ORIENTED_EDGE('',*,*,#6649,.F.);
#4489=ORIENTED_EDGE('',*,*,#6652,.F.);
#4490=ORIENTED_EDGE('',*,*,#6655,.F.);
#4491=ORIENTED_EDGE('',*,*,#6658,.F.);
#4492=ORIENTED_EDGE('',*,*,#6661,.F.);
#4493=ORIENTED_EDGE('',*,*,#6664,.F.);
#4494=ORIENTED_EDGE('',*,*,#6667,.F.);
#4495=ORIENTED_EDGE('',*,*,#6670,.F.);
#4496=ORIENTED_EDGE('',*,*,#6673,.T.);
#4497=ORIENTED_EDGE('',*,*,#6676,.T.);
#4498=ORIENTED_EDGE('',*,*,#6679,.T.);
#4499=ORIENTED_EDGE('',*,*,#6681,.T.);
#4500=ORIENTED_EDGE('',*,*,#6634,.F.);
#4501=ORIENTED_EDGE('',*,*,#6680,.F.);
#4502=ORIENTED_EDGE('',*,*,#6677,.F.);
#4503=ORIENTED_EDGE('',*,*,#6674,.F.);
#4504=ORIENTED_EDGE('',*,*,#6671,.F.);
#4505=ORIENTED_EDGE('',*,*,#6668,.T.);
#4506=ORIENTED_EDGE('',*,*,#6665,.T.);
#4507=ORIENTED_EDGE('',*,*,#6662,.T.);
#4508=ORIENTED_EDGE('',*,*,#6659,.T.);
#4509=ORIENTED_EDGE('',*,*,#6656,.T.);
#4510=ORIENTED_EDGE('',*,*,#6653,.T.);
#4511=ORIENTED_EDGE('',*,*,#6650,.T.);
#4512=ORIENTED_EDGE('',*,*,#6647,.T.);
#4513=ORIENTED_EDGE('',*,*,#6644,.T.);
#4514=ORIENTED_EDGE('',*,*,#6641,.F.);
#4515=ORIENTED_EDGE('',*,*,#6638,.F.);
#4516=VERTEX_POINT('',#11937);
#4517=VERTEX_POINT('',#11938);
#4518=VERTEX_POINT('',#11940);
#4519=VERTEX_POINT('',#11942);
#4520=VERTEX_POINT('',#11946);
#4521=VERTEX_POINT('',#11947);
#4522=VERTEX_POINT('',#11949);
#4523=VERTEX_POINT('',#11951);
#4524=VERTEX_POINT('',#11955);
#4525=VERTEX_POINT('',#11956);
#4526=VERTEX_POINT('',#11958);
#4527=VERTEX_POINT('',#11960);
#4528=VERTEX_POINT('',#11964);
#4529=VERTEX_POINT('',#11965);
#4530=VERTEX_POINT('',#11967);
#4531=VERTEX_POINT('',#11969);
#4532=VERTEX_POINT('',#11971);
#4533=VERTEX_POINT('',#11973);
#4534=VERTEX_POINT('',#11975);
#4535=VERTEX_POINT('',#11977);
#4536=VERTEX_POINT('',#11979);
#4537=VERTEX_POINT('',#11981);
#4538=VERTEX_POINT('',#11983);
#4539=VERTEX_POINT('',#11985);
#4540=VERTEX_POINT('',#11987);
#4541=VERTEX_POINT('',#11989);
#4542=VERTEX_POINT('',#11992);
#4543=VERTEX_POINT('',#11994);
#4544=VERTEX_POINT('',#11996);
#4545=VERTEX_POINT('',#11998);
#4546=VERTEX_POINT('',#12002);
#4547=VERTEX_POINT('',#12003);
#4548=VERTEX_POINT('',#12005);
#4549=VERTEX_POINT('',#12007);
#4550=VERTEX_POINT('',#12010);
#4551=VERTEX_POINT('',#12011);
#4552=VERTEX_POINT('',#12013);
#4553=VERTEX_POINT('',#12015);
#4554=VERTEX_POINT('',#12017);
#4555=VERTEX_POINT('',#12019);
#4556=VERTEX_POINT('',#12021);
#4557=VERTEX_POINT('',#12025);
#4558=VERTEX_POINT('',#12026);
#4559=VERTEX_POINT('',#12028);
#4560=VERTEX_POINT('',#12030);
#4561=VERTEX_POINT('',#12032);
#4562=VERTEX_POINT('',#12034);
#4563=VERTEX_POINT('',#12036);
#4564=VERTEX_POINT('',#12038);
#4565=VERTEX_POINT('',#12040);
#4566=VERTEX_POINT('',#12042);
#4567=VERTEX_POINT('',#12044);
#4568=VERTEX_POINT('',#12046);
#4569=VERTEX_POINT('',#12048);
#4570=VERTEX_POINT('',#12050);
#4571=VERTEX_POINT('',#12052);
#4572=VERTEX_POINT('',#12054);
#4573=VERTEX_POINT('',#12056);
#4574=VERTEX_POINT('',#12058);
#4575=VERTEX_POINT('',#12060);
#4576=VERTEX_POINT('',#12062);
#4577=VERTEX_POINT('',#12066);
#4578=VERTEX_POINT('',#12067);
#4579=VERTEX_POINT('',#12069);
#4580=VERTEX_POINT('',#12071);
#4581=VERTEX_POINT('',#12073);
#4582=VERTEX_POINT('',#12075);
#4583=VERTEX_POINT('',#12077);
#4584=VERTEX_POINT('',#12079);
#4585=VERTEX_POINT('',#12085);
#4586=VERTEX_POINT('',#12087);
#4587=VERTEX_POINT('',#12089);
#4588=VERTEX_POINT('',#12093);
#4589=VERTEX_POINT('',#12094);
#4590=VERTEX_POINT('',#12097);
#4591=VERTEX_POINT('',#12099);
#4592=VERTEX_POINT('',#12101);
#4593=VERTEX_POINT('',#12103);
#4594=VERTEX_POINT('',#12105);
#4595=VERTEX_POINT('',#12107);
#4596=VERTEX_POINT('',#12109);
#4597=VERTEX_POINT('',#12111);
#4598=VERTEX_POINT('',#12113);
#4599=VERTEX_POINT('',#12117);
#4600=VERTEX_POINT('',#12118);
#4601=VERTEX_POINT('',#12123);
#4602=VERTEX_POINT('',#12124);
#4603=VERTEX_POINT('',#12126);
#4604=VERTEX_POINT('',#12131);
#4605=VERTEX_POINT('',#12133);
#4606=VERTEX_POINT('',#12135);
#4607=VERTEX_POINT('',#12137);
#4608=VERTEX_POINT('',#12142);
#4609=VERTEX_POINT('',#12144);
#4610=VERTEX_POINT('',#12146);
#4611=VERTEX_POINT('',#12149);
#4612=VERTEX_POINT('',#12150);
#4613=VERTEX_POINT('',#12152);
#4614=VERTEX_POINT('',#12154);
#4615=VERTEX_POINT('',#12158);
#4616=VERTEX_POINT('',#12160);
#4617=VERTEX_POINT('',#12162);
#4618=VERTEX_POINT('',#12164);
#4619=VERTEX_POINT('',#12167);
#4620=VERTEX_POINT('',#12169);
#4621=VERTEX_POINT('',#12171);
#4622=VERTEX_POINT('',#12173);
#4623=VERTEX_POINT('',#12177);
#4624=VERTEX_POINT('',#12180);
#4625=VERTEX_POINT('',#12186);
#4626=VERTEX_POINT('',#12187);
#4627=VERTEX_POINT('',#12191);
#4628=VERTEX_POINT('',#12193);
#4629=VERTEX_POINT('',#12195);
#4630=VERTEX_POINT('',#12203);
#4631=VERTEX_POINT('',#12207);
#4632=VERTEX_POINT('',#12209);
#4633=VERTEX_POINT('',#12211);
#4634=VERTEX_POINT('',#12213);
#4635=VERTEX_POINT('',#12215);
#4636=VERTEX_POINT('',#12217);
#4637=VERTEX_POINT('',#12219);
#4638=VERTEX_POINT('',#12221);
#4639=VERTEX_POINT('',#12223);
#4640=VERTEX_POINT('',#12226);
#4641=VERTEX_POINT('',#12230);
#4642=VERTEX_POINT('',#12231);
#4643=VERTEX_POINT('',#12233);
#4644=VERTEX_POINT('',#12235);
#4645=VERTEX_POINT('',#12237);
#4646=VERTEX_POINT('',#12239);
#4647=VERTEX_POINT('',#12244);
#4648=VERTEX_POINT('',#12248);
#4649=VERTEX_POINT('',#12250);
#4650=VERTEX_POINT('',#12254);
#4651=VERTEX_POINT('',#12259);
#4652=VERTEX_POINT('',#12263);
#4653=VERTEX_POINT('',#12264);
#4654=VERTEX_POINT('',#12266);
#4655=VERTEX_POINT('',#12273);
#4656=VERTEX_POINT('',#12274);
#4657=VERTEX_POINT('',#12280);
#4658=VERTEX_POINT('',#12282);
#4659=VERTEX_POINT('',#12288);
#4660=VERTEX_POINT('',#12290);
#4661=VERTEX_POINT('',#12293);
#4662=VERTEX_POINT('',#12297);
#4663=VERTEX_POINT('',#12298);
#4664=VERTEX_POINT('',#12301);
#4665=VERTEX_POINT('',#12306);
#4666=VERTEX_POINT('',#12307);
#4667=VERTEX_POINT('',#12310);
#4668=VERTEX_POINT('',#12314);
#4669=VERTEX_POINT('',#12315);
#4670=VERTEX_POINT('',#12317);
#4671=VERTEX_POINT('',#12319);
#4672=VERTEX_POINT('',#12322);
#4673=VERTEX_POINT('',#12324);
#4674=VERTEX_POINT('',#12331);
#4675=VERTEX_POINT('',#12337);
#4676=VERTEX_POINT('',#12338);
#4677=VERTEX_POINT('',#12340);
#4678=VERTEX_POINT('',#12350);
#4679=VERTEX_POINT('',#12353);
#4680=VERTEX_POINT('',#12364);
#4681=VERTEX_POINT('',#12370);
#4682=VERTEX_POINT('',#12372);
#4683=VERTEX_POINT('',#12377);
#4684=VERTEX_POINT('',#12381);
#4685=VERTEX_POINT('',#12396);
#4686=VERTEX_POINT('',#12398);
#4687=VERTEX_POINT('',#12402);
#4688=VERTEX_POINT('',#12404);
#4689=VERTEX_POINT('',#12413);
#4690=VERTEX_POINT('',#12414);
#4691=VERTEX_POINT('',#12416);
#4692=VERTEX_POINT('',#12418);
#4693=VERTEX_POINT('',#12433);
#4694=VERTEX_POINT('',#12437);
#4695=VERTEX_POINT('',#12441);
#4696=VERTEX_POINT('',#12442);
#4697=VERTEX_POINT('',#12451);
#4698=VERTEX_POINT('',#12452);
#4699=VERTEX_POINT('',#12454);
#4700=VERTEX_POINT('',#12456);
#4701=VERTEX_POINT('',#12465);
#4702=VERTEX_POINT('',#12466);
#4703=VERTEX_POINT('',#12471);
#4704=VERTEX_POINT('',#12473);
#4705=VERTEX_POINT('',#12479);
#4706=VERTEX_POINT('',#12481);
#4707=VERTEX_POINT('',#12485);
#4708=VERTEX_POINT('',#12492);
#4709=VERTEX_POINT('',#12493);
#4710=VERTEX_POINT('',#12495);
#4711=VERTEX_POINT('',#12497);
#4712=VERTEX_POINT('',#12499);
#4713=VERTEX_POINT('',#12501);
#4714=VERTEX_POINT('',#12503);
#4715=VERTEX_POINT('',#12505);
#4716=VERTEX_POINT('',#12507);
#4717=VERTEX_POINT('',#12509);
#4718=VERTEX_POINT('',#12511);
#4719=VERTEX_POINT('',#12513);
#4720=VERTEX_POINT('',#12515);
#4721=VERTEX_POINT('',#12517);
#4722=VERTEX_POINT('',#12519);
#4723=VERTEX_POINT('',#12521);
#4724=VERTEX_POINT('',#12523);
#4725=VERTEX_POINT('',#12525);
#4726=VERTEX_POINT('',#12527);
#4727=VERTEX_POINT('',#12529);
#4728=VERTEX_POINT('',#12531);
#4729=VERTEX_POINT('',#12533);
#4730=VERTEX_POINT('',#12535);
#4731=VERTEX_POINT('',#12537);
#4732=VERTEX_POINT('',#12539);
#4733=VERTEX_POINT('',#12541);
#4734=VERTEX_POINT('',#12543);
#4735=VERTEX_POINT('',#12545);
#4736=VERTEX_POINT('',#12547);
#4737=VERTEX_POINT('',#12549);
#4738=VERTEX_POINT('',#12551);
#4739=VERTEX_POINT('',#12553);
#4740=VERTEX_POINT('',#12555);
#4741=VERTEX_POINT('',#12557);
#4742=VERTEX_POINT('',#12559);
#4743=VERTEX_POINT('',#12561);
#4744=VERTEX_POINT('',#12563);
#4745=VERTEX_POINT('',#12565);
#4746=VERTEX_POINT('',#12567);
#4747=VERTEX_POINT('',#12569);
#4748=VERTEX_POINT('',#12571);
#4749=VERTEX_POINT('',#12573);
#4750=VERTEX_POINT('',#12575);
#4751=VERTEX_POINT('',#12577);
#4752=VERTEX_POINT('',#12579);
#4753=VERTEX_POINT('',#12581);
#4754=VERTEX_POINT('',#12583);
#4755=VERTEX_POINT('',#12585);
#4756=VERTEX_POINT('',#12587);
#4757=VERTEX_POINT('',#12589);
#4758=VERTEX_POINT('',#12591);
#4759=VERTEX_POINT('',#12593);
#4760=VERTEX_POINT('',#12595);
#4761=VERTEX_POINT('',#12597);
#4762=VERTEX_POINT('',#12599);
#4763=VERTEX_POINT('',#12601);
#4764=VERTEX_POINT('',#12603);
#4765=VERTEX_POINT('',#12605);
#4766=VERTEX_POINT('',#12607);
#4767=VERTEX_POINT('',#12609);
#4768=VERTEX_POINT('',#12613);
#4769=VERTEX_POINT('',#12615);
#4770=VERTEX_POINT('',#12618);
#4771=VERTEX_POINT('',#12620);
#4772=VERTEX_POINT('',#12624);
#4773=VERTEX_POINT('',#12626);
#4774=VERTEX_POINT('',#12628);
#4775=VERTEX_POINT('',#12630);
#4776=VERTEX_POINT('',#12634);
#4777=VERTEX_POINT('',#12636);
#4778=VERTEX_POINT('',#12638);
#4779=VERTEX_POINT('',#12642);
#4780=VERTEX_POINT('',#12643);
#4781=VERTEX_POINT('',#12645);
#4782=VERTEX_POINT('',#12647);
#4783=VERTEX_POINT('',#12651);
#4784=VERTEX_POINT('',#12652);
#4785=VERTEX_POINT('',#12654);
#4786=VERTEX_POINT('',#12656);
#4787=VERTEX_POINT('',#12660);
#4788=VERTEX_POINT('',#12661);
#4789=VERTEX_POINT('',#12663);
#4790=VERTEX_POINT('',#12665);
#4791=VERTEX_POINT('',#12669);
#4792=VERTEX_POINT('',#12670);
#4793=VERTEX_POINT('',#12672);
#4794=VERTEX_POINT('',#12674);
#4795=VERTEX_POINT('',#12678);
#4796=VERTEX_POINT('',#12679);
#4797=VERTEX_POINT('',#12681);
#4798=VERTEX_POINT('',#12683);
#4799=VERTEX_POINT('',#12687);
#4800=VERTEX_POINT('',#12688);
#4801=VERTEX_POINT('',#12690);
#4802=VERTEX_POINT('',#12692);
#4803=VERTEX_POINT('',#12696);
#4804=VERTEX_POINT('',#12697);
#4805=VERTEX_POINT('',#12699);
#4806=VERTEX_POINT('',#12701);
#4807=VERTEX_POINT('',#12705);
#4808=VERTEX_POINT('',#12706);
#4809=VERTEX_POINT('',#12708);
#4810=VERTEX_POINT('',#12710);
#4811=VERTEX_POINT('',#12714);
#4812=VERTEX_POINT('',#12715);
#4813=VERTEX_POINT('',#12717);
#4814=VERTEX_POINT('',#12719);
#4815=VERTEX_POINT('',#12723);
#4816=VERTEX_POINT('',#12724);
#4817=VERTEX_POINT('',#12726);
#4818=VERTEX_POINT('',#12728);
#4819=VERTEX_POINT('',#12732);
#4820=VERTEX_POINT('',#12733);
#4821=VERTEX_POINT('',#12735);
#4822=VERTEX_POINT('',#12737);
#4823=VERTEX_POINT('',#12741);
#4824=VERTEX_POINT('',#12742);
#4825=VERTEX_POINT('',#12744);
#4826=VERTEX_POINT('',#12746);
#4827=VERTEX_POINT('',#12750);
#4828=VERTEX_POINT('',#12751);
#4829=VERTEX_POINT('',#12753);
#4830=VERTEX_POINT('',#12755);
#4831=VERTEX_POINT('',#12759);
#4832=VERTEX_POINT('',#12760);
#4833=VERTEX_POINT('',#12762);
#4834=VERTEX_POINT('',#12764);
#4835=VERTEX_POINT('',#12768);
#4836=VERTEX_POINT('',#12770);
#4837=VERTEX_POINT('',#12772);
#4838=VERTEX_POINT('',#12774);
#4839=VERTEX_POINT('',#12778);
#4840=VERTEX_POINT('',#12779);
#4841=VERTEX_POINT('',#12781);
#4842=VERTEX_POINT('',#12783);
#4843=VERTEX_POINT('',#12787);
#4844=VERTEX_POINT('',#12788);
#4845=VERTEX_POINT('',#12790);
#4846=VERTEX_POINT('',#12792);
#4847=VERTEX_POINT('',#12796);
#4848=VERTEX_POINT('',#12798);
#4849=VERTEX_POINT('',#12802);
#4850=VERTEX_POINT('',#12804);
#4851=VERTEX_POINT('',#12808);
#4852=VERTEX_POINT('',#12810);
#4853=VERTEX_POINT('',#12814);
#4854=VERTEX_POINT('',#12815);
#4855=VERTEX_POINT('',#12820);
#4856=VERTEX_POINT('',#12821);
#4857=VERTEX_POINT('',#12824);
#4858=VERTEX_POINT('',#12826);
#4859=VERTEX_POINT('',#12828);
#4860=VERTEX_POINT('',#12830);
#4861=VERTEX_POINT('',#12832);
#4862=VERTEX_POINT('',#12834);
#4863=VERTEX_POINT('',#12836);
#4864=VERTEX_POINT('',#12838);
#4865=VERTEX_POINT('',#12842);
#4866=VERTEX_POINT('',#12847);
#4867=VERTEX_POINT('',#12848);
#4868=VERTEX_POINT('',#12850);
#4869=VERTEX_POINT('',#12852);
#4870=VERTEX_POINT('',#12854);
#4871=VERTEX_POINT('',#12856);
#4872=VERTEX_POINT('',#12858);
#4873=VERTEX_POINT('',#12860);
#4874=VERTEX_POINT('',#12862);
#4875=VERTEX_POINT('',#12864);
#4876=VERTEX_POINT('',#12867);
#4877=VERTEX_POINT('',#12869);
#4878=VERTEX_POINT('',#12871);
#4879=VERTEX_POINT('',#12873);
#4880=VERTEX_POINT('',#12876);
#4881=VERTEX_POINT('',#12879);
#4882=VERTEX_POINT('',#12881);
#4883=VERTEX_POINT('',#12883);
#4884=VERTEX_POINT('',#12885);
#4885=VERTEX_POINT('',#12887);
#4886=VERTEX_POINT('',#12889);
#4887=VERTEX_POINT('',#12891);
#4888=VERTEX_POINT('',#12893);
#4889=VERTEX_POINT('',#12895);
#4890=VERTEX_POINT('',#12897);
#4891=VERTEX_POINT('',#12899);
#4892=VERTEX_POINT('',#12901);
#4893=VERTEX_POINT('',#12903);
#4894=VERTEX_POINT('',#12905);
#4895=VERTEX_POINT('',#12907);
#4896=VERTEX_POINT('',#12909);
#4897=VERTEX_POINT('',#12911);
#4898=VERTEX_POINT('',#12913);
#4899=VERTEX_POINT('',#12915);
#4900=VERTEX_POINT('',#12917);
#4901=VERTEX_POINT('',#12919);
#4902=VERTEX_POINT('',#12921);
#4903=VERTEX_POINT('',#12923);
#4904=VERTEX_POINT('',#12925);
#4905=VERTEX_POINT('',#12927);
#4906=VERTEX_POINT('',#12929);
#4907=VERTEX_POINT('',#12931);
#4908=VERTEX_POINT('',#12933);
#4909=VERTEX_POINT('',#12935);
#4910=VERTEX_POINT('',#12937);
#4911=VERTEX_POINT('',#12939);
#4912=VERTEX_POINT('',#12941);
#4913=VERTEX_POINT('',#12943);
#4914=VERTEX_POINT('',#12945);
#4915=VERTEX_POINT('',#12947);
#4916=VERTEX_POINT('',#12949);
#4917=VERTEX_POINT('',#12951);
#4918=VERTEX_POINT('',#12953);
#4919=VERTEX_POINT('',#12955);
#4920=VERTEX_POINT('',#12957);
#4921=VERTEX_POINT('',#12959);
#4922=VERTEX_POINT('',#12961);
#4923=VERTEX_POINT('',#12963);
#4924=VERTEX_POINT('',#12965);
#4925=VERTEX_POINT('',#12967);
#4926=VERTEX_POINT('',#12969);
#4927=VERTEX_POINT('',#12971);
#4928=VERTEX_POINT('',#12973);
#4929=VERTEX_POINT('',#12975);
#4930=VERTEX_POINT('',#12977);
#4931=VERTEX_POINT('',#12979);
#4932=VERTEX_POINT('',#12981);
#4933=VERTEX_POINT('',#12983);
#4934=VERTEX_POINT('',#12985);
#4935=VERTEX_POINT('',#12987);
#4936=VERTEX_POINT('',#12991);
#4937=VERTEX_POINT('',#12993);
#4938=VERTEX_POINT('',#12996);
#4939=VERTEX_POINT('',#12999);
#4940=VERTEX_POINT('',#13003);
#4941=VERTEX_POINT('',#13007);
#4942=VERTEX_POINT('',#13010);
#4943=VERTEX_POINT('',#13013);
#4944=VERTEX_POINT('',#13018);
#4945=VERTEX_POINT('',#13022);
#4946=VERTEX_POINT('',#13024);
#4947=VERTEX_POINT('',#13029);
#4948=VERTEX_POINT('',#13033);
#4949=VERTEX_POINT('',#13035);
#4950=VERTEX_POINT('',#13037);
#4951=VERTEX_POINT('',#13039);
#4952=VERTEX_POINT('',#13063);
#4953=VERTEX_POINT('',#13065);
#4954=VERTEX_POINT('',#13069);
#4955=VERTEX_POINT('',#13071);
#4956=VERTEX_POINT('',#13073);
#4957=VERTEX_POINT('',#13075);
#4958=VERTEX_POINT('',#13080);
#4959=VERTEX_POINT('',#13082);
#4960=VERTEX_POINT('',#13092);
#4961=VERTEX_POINT('',#13096);
#4962=VERTEX_POINT('',#13104);
#4963=VERTEX_POINT('',#13105);
#4964=VERTEX_POINT('',#13110);
#4965=VERTEX_POINT('',#13118);
#4966=VERTEX_POINT('',#13122);
#4967=VERTEX_POINT('',#13128);
#4968=VERTEX_POINT('',#13130);
#4969=VERTEX_POINT('',#13133);
#4970=VERTEX_POINT('',#13135);
#4971=VERTEX_POINT('',#13137);
#4972=VERTEX_POINT('',#13139);
#4973=VERTEX_POINT('',#13142);
#4974=VERTEX_POINT('',#13144);
#4975=VERTEX_POINT('',#13147);
#4976=VERTEX_POINT('',#13149);
#4977=VERTEX_POINT('',#13152);
#4978=VERTEX_POINT('',#13154);
#4979=VERTEX_POINT('',#13157);
#4980=VERTEX_POINT('',#13159);
#4981=VERTEX_POINT('',#13162);
#4982=VERTEX_POINT('',#13164);
#4983=VERTEX_POINT('',#13167);
#4984=VERTEX_POINT('',#13169);
#4985=VERTEX_POINT('',#13172);
#4986=VERTEX_POINT('',#13174);
#4987=VERTEX_POINT('',#13177);
#4988=VERTEX_POINT('',#13179);
#4989=VERTEX_POINT('',#13182);
#4990=VERTEX_POINT('',#13184);
#4991=VERTEX_POINT('',#13187);
#4992=VERTEX_POINT('',#13189);
#4993=VERTEX_POINT('',#13192);
#4994=VERTEX_POINT('',#13194);
#4995=VERTEX_POINT('',#13197);
#4996=VERTEX_POINT('',#13199);
#4997=VERTEX_POINT('',#13203);
#4998=VERTEX_POINT('',#13205);
#4999=VERTEX_POINT('',#13209);
#5000=VERTEX_POINT('',#13211);
#5001=VERTEX_POINT('',#13213);
#5002=VERTEX_POINT('',#13216);
#5003=VERTEX_POINT('',#13218);
#5004=VERTEX_POINT('',#13221);
#5005=VERTEX_POINT('',#13223);
#5006=VERTEX_POINT('',#13226);
#5007=VERTEX_POINT('',#13228);
#5008=VERTEX_POINT('',#13231);
#5009=VERTEX_POINT('',#13233);
#5010=VERTEX_POINT('',#13236);
#5011=VERTEX_POINT('',#13238);
#5012=VERTEX_POINT('',#13241);
#5013=VERTEX_POINT('',#13243);
#5014=VERTEX_POINT('',#13246);
#5015=VERTEX_POINT('',#13248);
#5016=VERTEX_POINT('',#13251);
#5017=VERTEX_POINT('',#13253);
#5018=VERTEX_POINT('',#13256);
#5019=VERTEX_POINT('',#13258);
#5020=VERTEX_POINT('',#13261);
#5021=VERTEX_POINT('',#13263);
#5022=VERTEX_POINT('',#13266);
#5023=VERTEX_POINT('',#13268);
#5024=VERTEX_POINT('',#13271);
#5025=VERTEX_POINT('',#13273);
#5026=VERTEX_POINT('',#13277);
#5027=VERTEX_POINT('',#13281);
#5028=VERTEX_POINT('',#13284);
#5029=VERTEX_POINT('',#13287);
#5030=VERTEX_POINT('',#13289);
#5031=VERTEX_POINT('',#13292);
#5032=VERTEX_POINT('',#13294);
#5033=VERTEX_POINT('',#13297);
#5034=VERTEX_POINT('',#13299);
#5035=VERTEX_POINT('',#13302);
#5036=VERTEX_POINT('',#13304);
#5037=VERTEX_POINT('',#13307);
#5038=VERTEX_POINT('',#13309);
#5039=VERTEX_POINT('',#13312);
#5040=VERTEX_POINT('',#13314);
#5041=VERTEX_POINT('',#13317);
#5042=VERTEX_POINT('',#13319);
#5043=VERTEX_POINT('',#13322);
#5044=VERTEX_POINT('',#13324);
#5045=VERTEX_POINT('',#13327);
#5046=VERTEX_POINT('',#13329);
#5047=VERTEX_POINT('',#13332);
#5048=VERTEX_POINT('',#13334);
#5049=VERTEX_POINT('',#13337);
#5050=VERTEX_POINT('',#13339);
#5051=VERTEX_POINT('',#13342);
#5052=VERTEX_POINT('',#13344);
#5053=VERTEX_POINT('',#13347);
#5054=VERTEX_POINT('',#13349);
#5055=VERTEX_POINT('',#13352);
#5056=VERTEX_POINT('',#13354);
#5057=VERTEX_POINT('',#13358);
#5058=VERTEX_POINT('',#13383);
#5059=VERTEX_POINT('',#13387);
#5060=VERTEX_POINT('',#13394);
#5061=VERTEX_POINT('',#13395);
#5062=VERTEX_POINT('',#13397);
#5063=VERTEX_POINT('',#13399);
#5064=VERTEX_POINT('',#13403);
#5065=VERTEX_POINT('',#13405);
#5066=VERTEX_POINT('',#13417);
#5067=VERTEX_POINT('',#13419);
#5068=VERTEX_POINT('',#13423);
#5069=VERTEX_POINT('',#13425);
#5070=VERTEX_POINT('',#13427);
#5071=VERTEX_POINT('',#13429);
#5072=VERTEX_POINT('',#13433);
#5073=VERTEX_POINT('',#13435);
#5074=VERTEX_POINT('',#13437);
#5075=VERTEX_POINT('',#13439);
#5076=VERTEX_POINT('',#13452);
#5077=VERTEX_POINT('',#13456);
#5078=VERTEX_POINT('',#13463);
#5079=VERTEX_POINT('',#13464);
#5080=VERTEX_POINT('',#13466);
#5081=VERTEX_POINT('',#13468);
#5082=VERTEX_POINT('',#13472);
#5083=VERTEX_POINT('',#13474);
#5084=VERTEX_POINT('',#13486);
#5085=VERTEX_POINT('',#13488);
#5086=VERTEX_POINT('',#13492);
#5087=VERTEX_POINT('',#13494);
#5088=VERTEX_POINT('',#13496);
#5089=VERTEX_POINT('',#13498);
#5090=VERTEX_POINT('',#13502);
#5091=VERTEX_POINT('',#13504);
#5092=VERTEX_POINT('',#13506);
#5093=VERTEX_POINT('',#13508);
#5094=VERTEX_POINT('',#13521);
#5095=VERTEX_POINT('',#13525);
#5096=VERTEX_POINT('',#13532);
#5097=VERTEX_POINT('',#13533);
#5098=VERTEX_POINT('',#13535);
#5099=VERTEX_POINT('',#13537);
#5100=VERTEX_POINT('',#13541);
#5101=VERTEX_POINT('',#13543);
#5102=VERTEX_POINT('',#13555);
#5103=VERTEX_POINT('',#13557);
#5104=VERTEX_POINT('',#13561);
#5105=VERTEX_POINT('',#13563);
#5106=VERTEX_POINT('',#13565);
#5107=VERTEX_POINT('',#13567);
#5108=VERTEX_POINT('',#13571);
#5109=VERTEX_POINT('',#13573);
#5110=VERTEX_POINT('',#13575);
#5111=VERTEX_POINT('',#13577);
#5112=VERTEX_POINT('',#13590);
#5113=VERTEX_POINT('',#13594);
#5114=VERTEX_POINT('',#13601);
#5115=VERTEX_POINT('',#13602);
#5116=VERTEX_POINT('',#13604);
#5117=VERTEX_POINT('',#13606);
#5118=VERTEX_POINT('',#13610);
#5119=VERTEX_POINT('',#13612);
#5120=VERTEX_POINT('',#13624);
#5121=VERTEX_POINT('',#13626);
#5122=VERTEX_POINT('',#13630);
#5123=VERTEX_POINT('',#13632);
#5124=VERTEX_POINT('',#13634);
#5125=VERTEX_POINT('',#13636);
#5126=VERTEX_POINT('',#13640);
#5127=VERTEX_POINT('',#13642);
#5128=VERTEX_POINT('',#13644);
#5129=VERTEX_POINT('',#13646);
#5130=VERTEX_POINT('',#13659);
#5131=VERTEX_POINT('',#13663);
#5132=VERTEX_POINT('',#13670);
#5133=VERTEX_POINT('',#13671);
#5134=VERTEX_POINT('',#13673);
#5135=VERTEX_POINT('',#13675);
#5136=VERTEX_POINT('',#13679);
#5137=VERTEX_POINT('',#13681);
#5138=VERTEX_POINT('',#13693);
#5139=VERTEX_POINT('',#13695);
#5140=VERTEX_POINT('',#13699);
#5141=VERTEX_POINT('',#13701);
#5142=VERTEX_POINT('',#13703);
#5143=VERTEX_POINT('',#13705);
#5144=VERTEX_POINT('',#13709);
#5145=VERTEX_POINT('',#13711);
#5146=VERTEX_POINT('',#13713);
#5147=VERTEX_POINT('',#13715);
#5148=VERTEX_POINT('',#13728);
#5149=VERTEX_POINT('',#13732);
#5150=VERTEX_POINT('',#13739);
#5151=VERTEX_POINT('',#13740);
#5152=VERTEX_POINT('',#13742);
#5153=VERTEX_POINT('',#13744);
#5154=VERTEX_POINT('',#13748);
#5155=VERTEX_POINT('',#13750);
#5156=VERTEX_POINT('',#13762);
#5157=VERTEX_POINT('',#13764);
#5158=VERTEX_POINT('',#13768);
#5159=VERTEX_POINT('',#13770);
#5160=VERTEX_POINT('',#13772);
#5161=VERTEX_POINT('',#13774);
#5162=VERTEX_POINT('',#13778);
#5163=VERTEX_POINT('',#13780);
#5164=VERTEX_POINT('',#13782);
#5165=VERTEX_POINT('',#13784);
#5166=VERTEX_POINT('',#13797);
#5167=VERTEX_POINT('',#13801);
#5168=VERTEX_POINT('',#13808);
#5169=VERTEX_POINT('',#13809);
#5170=VERTEX_POINT('',#13811);
#5171=VERTEX_POINT('',#13813);
#5172=VERTEX_POINT('',#13817);
#5173=VERTEX_POINT('',#13819);
#5174=VERTEX_POINT('',#13831);
#5175=VERTEX_POINT('',#13833);
#5176=VERTEX_POINT('',#13837);
#5177=VERTEX_POINT('',#13839);
#5178=VERTEX_POINT('',#13841);
#5179=VERTEX_POINT('',#13843);
#5180=VERTEX_POINT('',#13847);
#5181=VERTEX_POINT('',#13849);
#5182=VERTEX_POINT('',#13851);
#5183=VERTEX_POINT('',#13853);
#5184=VERTEX_POINT('',#13866);
#5185=VERTEX_POINT('',#13870);
#5186=VERTEX_POINT('',#13877);
#5187=VERTEX_POINT('',#13878);
#5188=VERTEX_POINT('',#13880);
#5189=VERTEX_POINT('',#13882);
#5190=VERTEX_POINT('',#13886);
#5191=VERTEX_POINT('',#13888);
#5192=VERTEX_POINT('',#13900);
#5193=VERTEX_POINT('',#13902);
#5194=VERTEX_POINT('',#13906);
#5195=VERTEX_POINT('',#13908);
#5196=VERTEX_POINT('',#13910);
#5197=VERTEX_POINT('',#13912);
#5198=VERTEX_POINT('',#13916);
#5199=VERTEX_POINT('',#13918);
#5200=VERTEX_POINT('',#13920);
#5201=VERTEX_POINT('',#13922);
#5202=VERTEX_POINT('',#13935);
#5203=VERTEX_POINT('',#13939);
#5204=VERTEX_POINT('',#13946);
#5205=VERTEX_POINT('',#13947);
#5206=VERTEX_POINT('',#13949);
#5207=VERTEX_POINT('',#13951);
#5208=VERTEX_POINT('',#13955);
#5209=VERTEX_POINT('',#13957);
#5210=VERTEX_POINT('',#13969);
#5211=VERTEX_POINT('',#13971);
#5212=VERTEX_POINT('',#13975);
#5213=VERTEX_POINT('',#13977);
#5214=VERTEX_POINT('',#13979);
#5215=VERTEX_POINT('',#13981);
#5216=VERTEX_POINT('',#13985);
#5217=VERTEX_POINT('',#13987);
#5218=VERTEX_POINT('',#13989);
#5219=VERTEX_POINT('',#13991);
#5220=VERTEX_POINT('',#14004);
#5221=VERTEX_POINT('',#14008);
#5222=VERTEX_POINT('',#14015);
#5223=VERTEX_POINT('',#14016);
#5224=VERTEX_POINT('',#14018);
#5225=VERTEX_POINT('',#14020);
#5226=VERTEX_POINT('',#14024);
#5227=VERTEX_POINT('',#14026);
#5228=VERTEX_POINT('',#14038);
#5229=VERTEX_POINT('',#14040);
#5230=VERTEX_POINT('',#14044);
#5231=VERTEX_POINT('',#14046);
#5232=VERTEX_POINT('',#14048);
#5233=VERTEX_POINT('',#14050);
#5234=VERTEX_POINT('',#14054);
#5235=VERTEX_POINT('',#14056);
#5236=VERTEX_POINT('',#14058);
#5237=VERTEX_POINT('',#14060);
#5238=VERTEX_POINT('',#14073);
#5239=VERTEX_POINT('',#14077);
#5240=VERTEX_POINT('',#14084);
#5241=VERTEX_POINT('',#14085);
#5242=VERTEX_POINT('',#14087);
#5243=VERTEX_POINT('',#14089);
#5244=VERTEX_POINT('',#14093);
#5245=VERTEX_POINT('',#14095);
#5246=VERTEX_POINT('',#14107);
#5247=VERTEX_POINT('',#14109);
#5248=VERTEX_POINT('',#14113);
#5249=VERTEX_POINT('',#14115);
#5250=VERTEX_POINT('',#14117);
#5251=VERTEX_POINT('',#14119);
#5252=VERTEX_POINT('',#14123);
#5253=VERTEX_POINT('',#14125);
#5254=VERTEX_POINT('',#14127);
#5255=VERTEX_POINT('',#14129);
#5256=VERTEX_POINT('',#14142);
#5257=VERTEX_POINT('',#14146);
#5258=VERTEX_POINT('',#14153);
#5259=VERTEX_POINT('',#14154);
#5260=VERTEX_POINT('',#14156);
#5261=VERTEX_POINT('',#14158);
#5262=VERTEX_POINT('',#14162);
#5263=VERTEX_POINT('',#14164);
#5264=VERTEX_POINT('',#14176);
#5265=VERTEX_POINT('',#14178);
#5266=VERTEX_POINT('',#14182);
#5267=VERTEX_POINT('',#14184);
#5268=VERTEX_POINT('',#14186);
#5269=VERTEX_POINT('',#14188);
#5270=VERTEX_POINT('',#14192);
#5271=VERTEX_POINT('',#14194);
#5272=VERTEX_POINT('',#14196);
#5273=VERTEX_POINT('',#14198);
#5274=VERTEX_POINT('',#14211);
#5275=VERTEX_POINT('',#14215);
#5276=VERTEX_POINT('',#14222);
#5277=VERTEX_POINT('',#14223);
#5278=VERTEX_POINT('',#14225);
#5279=VERTEX_POINT('',#14227);
#5280=VERTEX_POINT('',#14231);
#5281=VERTEX_POINT('',#14233);
#5282=VERTEX_POINT('',#14245);
#5283=VERTEX_POINT('',#14247);
#5284=VERTEX_POINT('',#14251);
#5285=VERTEX_POINT('',#14253);
#5286=VERTEX_POINT('',#14255);
#5287=VERTEX_POINT('',#14257);
#5288=VERTEX_POINT('',#14261);
#5289=VERTEX_POINT('',#14263);
#5290=VERTEX_POINT('',#14265);
#5291=VERTEX_POINT('',#14267);
#5292=VERTEX_POINT('',#14280);
#5293=VERTEX_POINT('',#14284);
#5294=VERTEX_POINT('',#14291);
#5295=VERTEX_POINT('',#14292);
#5296=VERTEX_POINT('',#14294);
#5297=VERTEX_POINT('',#14296);
#5298=VERTEX_POINT('',#14300);
#5299=VERTEX_POINT('',#14302);
#5300=VERTEX_POINT('',#14314);
#5301=VERTEX_POINT('',#14316);
#5302=VERTEX_POINT('',#14320);
#5303=VERTEX_POINT('',#14322);
#5304=VERTEX_POINT('',#14324);
#5305=VERTEX_POINT('',#14326);
#5306=VERTEX_POINT('',#14330);
#5307=VERTEX_POINT('',#14332);
#5308=VERTEX_POINT('',#14334);
#5309=VERTEX_POINT('',#14336);
#5310=VERTEX_POINT('',#14349);
#5311=VERTEX_POINT('',#14350);
#5312=VERTEX_POINT('',#14352);
#5313=VERTEX_POINT('',#14354);
#5314=VERTEX_POINT('',#14358);
#5315=VERTEX_POINT('',#14360);
#5316=VERTEX_POINT('',#14364);
#5317=VERTEX_POINT('',#14366);
#5318=VERTEX_POINT('',#14370);
#5319=VERTEX_POINT('',#14372);
#5320=VERTEX_POINT('',#14376);
#5321=VERTEX_POINT('',#14378);
#5322=VERTEX_POINT('',#14382);
#5323=VERTEX_POINT('',#14384);
#5324=VERTEX_POINT('',#14388);
#5325=VERTEX_POINT('',#14390);
#5326=VERTEX_POINT('',#14394);
#5327=VERTEX_POINT('',#14396);
#5328=VERTEX_POINT('',#14400);
#5329=VERTEX_POINT('',#14402);
#5330=VERTEX_POINT('',#14406);
#5331=VERTEX_POINT('',#14408);
#5332=VERTEX_POINT('',#14412);
#5333=VERTEX_POINT('',#14414);
#5334=VERTEX_POINT('',#14418);
#5335=VERTEX_POINT('',#14420);
#5336=VERTEX_POINT('',#14424);
#5337=VERTEX_POINT('',#14426);
#5338=VERTEX_POINT('',#14430);
#5339=VERTEX_POINT('',#14432);
#5340=VERTEX_POINT('',#14436);
#5341=VERTEX_POINT('',#14438);
#5342=VERTEX_POINT('',#14447);
#5343=VERTEX_POINT('',#14448);
#5344=VERTEX_POINT('',#14450);
#5345=VERTEX_POINT('',#14452);
#5346=VERTEX_POINT('',#14456);
#5347=VERTEX_POINT('',#14458);
#5348=VERTEX_POINT('',#14462);
#5349=VERTEX_POINT('',#14464);
#5350=VERTEX_POINT('',#14468);
#5351=VERTEX_POINT('',#14470);
#5352=VERTEX_POINT('',#14474);
#5353=VERTEX_POINT('',#14476);
#5354=VERTEX_POINT('',#14480);
#5355=VERTEX_POINT('',#14482);
#5356=VERTEX_POINT('',#14486);
#5357=VERTEX_POINT('',#14488);
#5358=VERTEX_POINT('',#14492);
#5359=VERTEX_POINT('',#14494);
#5360=VERTEX_POINT('',#14498);
#5361=VERTEX_POINT('',#14500);
#5362=VERTEX_POINT('',#14504);
#5363=VERTEX_POINT('',#14506);
#5364=VERTEX_POINT('',#14510);
#5365=VERTEX_POINT('',#14512);
#5366=VERTEX_POINT('',#14516);
#5367=VERTEX_POINT('',#14518);
#5368=VERTEX_POINT('',#14522);
#5369=VERTEX_POINT('',#14524);
#5370=VERTEX_POINT('',#14528);
#5371=VERTEX_POINT('',#14530);
#5372=VERTEX_POINT('',#14534);
#5373=VERTEX_POINT('',#14536);
#5374=EDGE_CURVE('',#4516,#4517,#6682,.T.);
#5375=EDGE_CURVE('',#4518,#4517,#6683,.T.);
#5376=EDGE_CURVE('',#4518,#4519,#6684,.T.);
#5377=EDGE_CURVE('',#4519,#4516,#6685,.T.);
#5378=EDGE_CURVE('',#4520,#4521,#6686,.T.);
#5379=EDGE_CURVE('',#4522,#4520,#6687,.T.);
#5380=EDGE_CURVE('',#4523,#4522,#6688,.T.);
#5381=EDGE_CURVE('',#4523,#4521,#6689,.T.);
#5382=EDGE_CURVE('',#4524,#4525,#6690,.T.);
#5383=EDGE_CURVE('',#4526,#4524,#6691,.T.);
#5384=EDGE_CURVE('',#4526,#4527,#6692,.T.);
#5385=EDGE_CURVE('',#4525,#4527,#6693,.T.);
#5386=EDGE_CURVE('',#4528,#4529,#6694,.T.);
#5387=EDGE_CURVE('',#4530,#4528,#6695,.T.);
#5388=EDGE_CURVE('',#4531,#4530,#6696,.T.);
#5389=EDGE_CURVE('',#4531,#4532,#6697,.T.);
#5390=EDGE_CURVE('',#4533,#4532,#6698,.T.);
#5391=EDGE_CURVE('',#4533,#4534,#6699,.T.);
#5392=EDGE_CURVE('',#4534,#4535,#6700,.T.);
#5393=EDGE_CURVE('',#4535,#4536,#6701,.T.);
#5394=EDGE_CURVE('',#4536,#4537,#6702,.T.);
#5395=EDGE_CURVE('',#4538,#4537,#6703,.T.);
#5396=EDGE_CURVE('',#4539,#4538,#6704,.T.);
#5397=EDGE_CURVE('',#4540,#4539,#6705,.T.);
#5398=EDGE_CURVE('',#4540,#4541,#6706,.T.);
#5399=EDGE_CURVE('',#4541,#4516,#6707,.T.);
#5400=EDGE_CURVE('',#4542,#4519,#6708,.T.);
#5401=EDGE_CURVE('',#4543,#4542,#6709,.T.);
#5402=EDGE_CURVE('',#4543,#4544,#6710,.T.);
#5403=EDGE_CURVE('',#4544,#4545,#6711,.T.);
#5404=EDGE_CURVE('',#4545,#4529,#6712,.T.);
#5405=EDGE_CURVE('',#4546,#4547,#6713,.T.);
#5406=EDGE_CURVE('',#4548,#4546,#6714,.T.);
#5407=EDGE_CURVE('',#4548,#4549,#6715,.T.);
#5408=EDGE_CURVE('',#4549,#4547,#6716,.T.);
#5409=EDGE_CURVE('',#4550,#4551,#6717,.T.);
#5410=EDGE_CURVE('',#4550,#4552,#6718,.T.);
#5411=EDGE_CURVE('',#4553,#4552,#6719,.T.);
#5412=EDGE_CURVE('',#4553,#4554,#6720,.T.);
#5413=EDGE_CURVE('',#4555,#4554,#6721,.T.);
#5414=EDGE_CURVE('',#4555,#4556,#6722,.T.);
#5415=EDGE_CURVE('',#4551,#4556,#6723,.T.);
#5416=EDGE_CURVE('',#4557,#4558,#6724,.T.);
#5417=EDGE_CURVE('',#4557,#4559,#6725,.T.);
#5418=EDGE_CURVE('',#4559,#4560,#6726,.T.);
#5419=EDGE_CURVE('',#4560,#4561,#6727,.T.);
#5420=EDGE_CURVE('',#4561,#4562,#6728,.T.);
#5421=EDGE_CURVE('',#4563,#4562,#6729,.T.);
#5422=EDGE_CURVE('',#4563,#4564,#6730,.T.);
#5423=EDGE_CURVE('',#4564,#4565,#6731,.T.);
#5424=EDGE_CURVE('',#4566,#4565,#6732,.T.);
#5425=EDGE_CURVE('',#4566,#4567,#6733,.T.);
#5426=EDGE_CURVE('',#4567,#4568,#6734,.T.);
#5427=EDGE_CURVE('',#4569,#4568,#6735,.T.);
#5428=EDGE_CURVE('',#4570,#4569,#6736,.T.);
#5429=EDGE_CURVE('',#4570,#4571,#6737,.T.);
#5430=EDGE_CURVE('',#4572,#4571,#6738,.T.);
#5431=EDGE_CURVE('',#4573,#4572,#6739,.T.);
#5432=EDGE_CURVE('',#4573,#4574,#6740,.T.);
#5433=EDGE_CURVE('',#4575,#4574,#6741,.T.);
#5434=EDGE_CURVE('',#4575,#4576,#6742,.T.);
#5435=EDGE_CURVE('',#4558,#4576,#6743,.T.);
#5436=EDGE_CURVE('',#4577,#4578,#86,.T.);
#5437=EDGE_CURVE('',#4578,#4579,#6744,.T.);
#5438=EDGE_CURVE('',#4580,#4579,#87,.T.);
#5439=EDGE_CURVE('',#4580,#4581,#6745,.T.);
#5440=EDGE_CURVE('',#4581,#4582,#88,.T.);
#5441=EDGE_CURVE('',#4582,#4583,#6746,.T.);
#5442=EDGE_CURVE('',#4584,#4583,#89,.T.);
#5443=EDGE_CURVE('',#4551,#4584,#6747,.T.);
#5444=EDGE_CURVE('',#4577,#4551,#6748,.T.);
#5445=EDGE_CURVE('',#4581,#4578,#6749,.T.);
#5446=EDGE_CURVE('',#4585,#4577,#6750,.T.);
#5447=EDGE_CURVE('',#4585,#4586,#6751,.T.);
#5448=EDGE_CURVE('',#4586,#4587,#6752,.T.);
#5449=EDGE_CURVE('',#4582,#4587,#6753,.T.);
#5450=EDGE_CURVE('',#4588,#4589,#6754,.T.);
#5451=EDGE_CURVE('',#4542,#4588,#6755,.T.);
#5452=EDGE_CURVE('',#4590,#4518,#6756,.T.);
#5453=EDGE_CURVE('',#4591,#4590,#6757,.T.);
#5454=EDGE_CURVE('',#4592,#4591,#6758,.T.);
#5455=EDGE_CURVE('',#4592,#4593,#6759,.T.);
#5456=EDGE_CURVE('',#4593,#4594,#6760,.T.);
#5457=EDGE_CURVE('',#4594,#4595,#6761,.T.);
#5458=EDGE_CURVE('',#4595,#4596,#6762,.T.);
#5459=EDGE_CURVE('',#4597,#4596,#6763,.T.);
#5460=EDGE_CURVE('',#4598,#4597,#6764,.T.);
#5461=EDGE_CURVE('',#4589,#4598,#6765,.T.);
#5462=EDGE_CURVE('',#4599,#4600,#6766,.T.);
#5463=EDGE_CURVE('',#4600,#4595,#6767,.T.);
#5464=EDGE_CURVE('',#4599,#4594,#6768,.T.);
#5465=EDGE_CURVE('',#4601,#4602,#6769,.T.);
#5466=EDGE_CURVE('',#4603,#4601,#90,.T.);
#5467=EDGE_CURVE('',#4541,#4603,#6770,.T.);
#5468=EDGE_CURVE('',#4540,#4602,#6771,.T.);
#5469=EDGE_CURVE('',#4517,#4604,#6772,.T.);
#5470=EDGE_CURVE('',#4603,#4605,#6773,.T.);
#5471=EDGE_CURVE('',#4606,#4605,#6774,.T.);
#5472=EDGE_CURVE('',#4607,#4606,#6775,.T.);
#5473=EDGE_CURVE('',#4604,#4607,#6776,.T.);
#5474=EDGE_CURVE('',#4590,#4606,#6777,.T.);
#5475=EDGE_CURVE('',#4608,#4605,#6778,.T.);
#5476=EDGE_CURVE('',#4609,#4608,#6779,.T.);
#5477=EDGE_CURVE('',#4609,#4610,#6780,.T.);
#5478=EDGE_CURVE('',#4591,#4610,#6781,.T.);
#5479=EDGE_CURVE('',#4611,#4612,#6782,.T.);
#5480=EDGE_CURVE('',#4613,#4611,#6783,.T.);
#5481=EDGE_CURVE('',#4613,#4614,#6784,.T.);
#5482=EDGE_CURVE('',#4614,#4612,#6785,.T.);
#5483=EDGE_CURVE('',#4615,#4602,#6786,.T.);
#5484=EDGE_CURVE('',#4616,#4539,#6787,.T.);
#5485=EDGE_CURVE('',#4616,#4617,#6788,.T.);
#5486=EDGE_CURVE('',#4617,#4618,#6789,.T.);
#5487=EDGE_CURVE('',#4618,#4600,#6790,.T.);
#5488=EDGE_CURVE('',#4619,#4599,#6791,.T.);
#5489=EDGE_CURVE('',#4620,#4619,#6792,.T.);
#5490=EDGE_CURVE('',#4621,#4620,#6793,.T.);
#5491=EDGE_CURVE('',#4622,#4621,#6794,.T.);
#5492=EDGE_CURVE('',#4622,#4615,#6795,.T.);
#5493=EDGE_CURVE('',#4608,#4623,#6796,.T.);
#5494=EDGE_CURVE('',#4623,#4622,#6797,.T.);
#5495=EDGE_CURVE('',#4624,#4621,#6798,.T.);
#5496=EDGE_CURVE('',#4624,#4609,#6799,.T.);
#5497=EDGE_CURVE('',#4593,#4619,#6800,.T.);
#5498=EDGE_CURVE('',#4625,#4626,#6801,.T.);
#5499=EDGE_CURVE('',#4589,#4625,#6802,.T.);
#5500=EDGE_CURVE('',#4598,#4616,#6803,.T.);
#5501=EDGE_CURVE('',#4538,#4627,#6804,.T.);
#5502=EDGE_CURVE('',#4627,#4628,#6805,.T.);
#5503=EDGE_CURVE('',#4628,#4629,#6806,.T.);
#5504=EDGE_CURVE('',#4626,#4629,#6807,.T.);
#5505=EDGE_CURVE('',#4618,#4596,#6808,.T.);
#5506=EDGE_CURVE('',#4617,#4597,#6809,.T.);
#5507=EDGE_CURVE('',#4630,#4624,#6810,.T.);
#5508=EDGE_CURVE('',#4630,#4610,#6811,.T.);
#5509=EDGE_CURVE('',#4562,#4631,#6812,.T.);
#5510=EDGE_CURVE('',#4631,#4632,#6813,.T.);
#5511=EDGE_CURVE('',#4632,#4633,#6814,.T.);
#5512=EDGE_CURVE('',#4633,#4634,#6815,.T.);
#5513=EDGE_CURVE('',#4634,#4635,#6816,.T.);
#5514=EDGE_CURVE('',#4636,#4635,#6817,.T.);
#5515=EDGE_CURVE('',#4637,#4636,#6818,.T.);
#5516=EDGE_CURVE('',#4637,#4638,#6819,.T.);
#5517=EDGE_CURVE('',#4639,#4638,#6820,.T.);
#5518=EDGE_CURVE('',#4639,#4553,#6821,.T.);
#5519=EDGE_CURVE('',#4552,#4640,#6822,.T.);
#5520=EDGE_CURVE('',#4640,#4563,#6823,.T.);
#5521=EDGE_CURVE('',#4641,#4642,#6824,.T.);
#5522=EDGE_CURVE('',#4642,#4643,#6825,.T.);
#5523=EDGE_CURVE('',#4644,#4643,#6826,.T.);
#5524=EDGE_CURVE('',#4644,#4645,#6827,.T.);
#5525=EDGE_CURVE('',#4645,#4646,#6828,.T.);
#5526=EDGE_CURVE('',#4629,#4646,#6829,.T.);
#5527=EDGE_CURVE('',#4628,#4641,#6830,.T.);
#5528=EDGE_CURVE('',#4647,#4646,#6831,.T.);
#5529=EDGE_CURVE('',#4647,#4626,#6832,.T.);
#5530=EDGE_CURVE('',#4648,#4637,#6833,.T.);
#5531=EDGE_CURVE('',#4649,#4648,#6834,.T.);
#5532=EDGE_CURVE('',#4638,#4649,#6835,.T.);
#5533=EDGE_CURVE('',#4583,#4650,#6836,.T.);
#5534=EDGE_CURVE('',#4566,#4650,#6837,.T.);
#5535=EDGE_CURVE('',#4565,#4584,#6838,.T.);
#5536=EDGE_CURVE('',#4651,#4636,#6839,.T.);
#5537=EDGE_CURVE('',#4648,#4651,#6840,.T.);
#5538=EDGE_CURVE('',#4652,#4653,#6841,.T.);
#5539=EDGE_CURVE('',#4654,#4652,#6842,.T.);
#5540=EDGE_CURVE('',#4654,#4550,#6843,.T.);
#5541=EDGE_CURVE('',#4564,#4653,#6844,.T.);
#5542=EDGE_CURVE('',#4653,#4640,#6845,.T.);
#5543=EDGE_CURVE('',#4655,#4656,#6846,.T.);
#5544=EDGE_CURVE('',#4656,#4555,#6847,.T.);
#5545=EDGE_CURVE('',#4655,#4554,#6848,.T.);
#5546=EDGE_CURVE('',#4655,#4639,#6849,.T.);
#5547=EDGE_CURVE('',#4657,#4639,#6850,.T.);
#5548=EDGE_CURVE('',#4657,#4658,#6851,.T.);
#5549=EDGE_CURVE('',#4658,#4656,#6852,.T.);
#5550=EDGE_CURVE('',#4649,#4657,#6853,.T.);
#5551=EDGE_CURVE('',#4659,#4643,#6854,.T.);
#5552=EDGE_CURVE('',#4659,#4660,#6855,.T.);
#5553=EDGE_CURVE('',#4660,#4570,#6856,.T.);
#5554=EDGE_CURVE('',#4569,#4661,#6857,.T.);
#5555=EDGE_CURVE('',#4661,#4644,#6858,.T.);
#5556=EDGE_CURVE('',#4662,#4663,#6859,.T.);
#5557=EDGE_CURVE('',#4662,#4642,#6860,.T.);
#5558=EDGE_CURVE('',#4664,#4641,#6861,.T.);
#5559=EDGE_CURVE('',#4537,#4664,#6862,.T.);
#5560=EDGE_CURVE('',#4663,#4536,#6863,.T.);
#5561=EDGE_CURVE('',#4665,#4666,#6864,.T.);
#5562=EDGE_CURVE('',#4665,#4529,#6865,.T.);
#5563=EDGE_CURVE('',#4545,#4667,#6866,.T.);
#5564=EDGE_CURVE('',#4667,#4666,#6867,.T.);
#5565=EDGE_CURVE('',#4668,#4669,#6868,.T.);
#5566=EDGE_CURVE('',#4668,#4670,#6869,.T.);
#5567=EDGE_CURVE('',#4671,#4670,#6870,.T.);
#5568=EDGE_CURVE('',#4666,#4671,#6871,.T.);
#5569=EDGE_CURVE('',#4672,#4667,#6872,.T.);
#5570=EDGE_CURVE('',#4673,#4672,#6873,.T.);
#5571=EDGE_CURVE('',#4669,#4673,#6874,.T.);
#5572=EDGE_CURVE('',#4559,#4669,#6875,.T.);
#5573=EDGE_CURVE('',#4560,#4673,#6876,.T.);
#5574=EDGE_CURVE('',#4557,#4674,#6877,.T.);
#5575=EDGE_CURVE('',#4674,#4668,#6878,.T.);
#5576=EDGE_CURVE('',#4672,#4544,#6879,.T.);
#5577=EDGE_CURVE('',#4675,#4676,#6880,.T.);
#5578=EDGE_CURVE('',#4677,#4676,#6881,.T.);
#5579=EDGE_CURVE('',#4675,#4677,#6882,.T.);
#5580=EDGE_CURVE('',#4522,#4543,#6883,.T.);
#5581=EDGE_CURVE('',#4520,#4525,#6884,.T.);
#5582=EDGE_CURVE('',#4527,#4561,#6885,.T.);
#5583=EDGE_CURVE('',#4659,#4662,#6886,.T.);
#5584=EDGE_CURVE('',#4660,#4663,#6887,.T.);
#5585=EDGE_CURVE('',#4678,#4535,#6888,.T.);
#5586=EDGE_CURVE('',#4671,#4678,#6889,.T.);
#5587=EDGE_CURVE('',#4670,#4679,#6890,.T.);
#5588=EDGE_CURVE('',#4571,#4679,#6891,.T.);
#5589=EDGE_CURVE('',#4678,#4665,#6892,.T.);
#5590=EDGE_CURVE('',#4679,#4674,#6893,.T.);
#5591=EDGE_CURVE('',#4627,#4664,#6894,.T.);
#5592=EDGE_CURVE('',#4568,#4680,#6895,.T.);
#5593=EDGE_CURVE('',#4661,#4680,#6896,.T.);
#5594=EDGE_CURVE('',#4680,#4645,#6897,.T.);
#5595=EDGE_CURVE('',#4647,#4681,#6898,.T.);
#5596=EDGE_CURVE('',#4682,#4567,#6899,.T.);
#5597=EDGE_CURVE('',#4633,#4682,#6900,.T.);
#5598=EDGE_CURVE('',#4632,#4681,#6901,.T.);
#5599=EDGE_CURVE('',#4683,#4682,#6902,.T.);
#5600=EDGE_CURVE('',#4683,#4634,#6903,.T.);
#5601=EDGE_CURVE('',#4635,#4684,#6904,.T.);
#5602=EDGE_CURVE('',#4684,#4683,#6905,.T.);
#5603=EDGE_CURVE('',#4620,#4592,#6906,.T.);
#5604=EDGE_CURVE('',#4592,#4630,#6907,.T.);
#5605=EDGE_CURVE('',#4587,#4650,#6908,.T.);
#5606=EDGE_CURVE('',#4586,#4658,#6909,.T.);
#5607=EDGE_CURVE('',#4684,#4651,#6910,.T.);
#5608=EDGE_CURVE('',#4556,#4585,#6911,.T.);
#5609=EDGE_CURVE('',#4685,#4613,#6912,.T.);
#5610=EDGE_CURVE('',#4686,#4611,#6913,.T.);
#5611=EDGE_CURVE('',#4685,#4686,#6914,.T.);
#5612=EDGE_CURVE('',#4687,#4685,#6915,.T.);
#5613=EDGE_CURVE('',#4688,#4686,#6916,.T.);
#5614=EDGE_CURVE('',#4687,#4688,#6917,.T.);
#5615=EDGE_CURVE('',#4614,#4687,#6918,.T.);
#5616=EDGE_CURVE('',#4612,#4688,#6919,.T.);
#5617=EDGE_CURVE('',#4689,#4690,#6920,.T.);
#5618=EDGE_CURVE('',#4690,#4691,#6921,.T.);
#5619=EDGE_CURVE('',#4692,#4691,#6922,.T.);
#5620=EDGE_CURVE('',#4689,#4692,#6923,.T.);
#5621=EDGE_CURVE('',#4549,#4689,#6924,.T.);
#5622=EDGE_CURVE('',#4547,#4692,#6925,.T.);
#5623=EDGE_CURVE('',#4690,#4548,#6926,.T.);
#5624=EDGE_CURVE('',#4691,#4546,#6927,.T.);
#5625=EDGE_CURVE('',#4693,#4588,#6928,.T.);
#5626=EDGE_CURVE('',#4523,#4693,#6929,.T.);
#5627=EDGE_CURVE('',#4526,#4694,#6930,.T.);
#5628=EDGE_CURVE('',#4694,#4631,#6931,.T.);
#5629=EDGE_CURVE('',#4695,#4696,#6932,.T.);
#5630=EDGE_CURVE('',#4681,#4695,#6933,.T.);
#5631=EDGE_CURVE('',#4694,#4696,#6934,.T.);
#5632=EDGE_CURVE('',#4696,#4524,#6935,.T.);
#5633=EDGE_CURVE('',#4697,#4698,#91,.T.);
#5634=EDGE_CURVE('',#4698,#4699,#6936,.T.);
#5635=EDGE_CURVE('',#4699,#4700,#92,.T.);
#5636=EDGE_CURVE('',#4700,#4615,#6937,.T.);
#5637=EDGE_CURVE('',#4623,#4697,#6938,.T.);
#5638=EDGE_CURVE('',#4697,#4605,#6939,.T.);
#5639=EDGE_CURVE('',#4700,#4601,#6940,.T.);
#5640=EDGE_CURVE('',#4701,#4702,#93,.T.);
#5641=EDGE_CURVE('',#4702,#4698,#6941,.T.);
#5642=EDGE_CURVE('',#4699,#4701,#6942,.T.);
#5643=EDGE_CURVE('',#4625,#4703,#6943,.T.);
#5644=EDGE_CURVE('',#4703,#4704,#6944,.T.);
#5645=EDGE_CURVE('',#4693,#4704,#6945,.T.);
#5646=EDGE_CURVE('',#4704,#4521,#6946,.T.);
#5647=EDGE_CURVE('',#4676,#4705,#6947,.T.);
#5648=EDGE_CURVE('',#4705,#4706,#6948,.T.);
#5649=EDGE_CURVE('',#4677,#4706,#6949,.T.);
#5650=EDGE_CURVE('',#4675,#4707,#6950,.T.);
#5651=EDGE_CURVE('',#4707,#4705,#6951,.T.);
#5652=EDGE_CURVE('',#4706,#4707,#6952,.T.);
#5653=EDGE_CURVE('',#4708,#4709,#6953,.T.);
#5654=EDGE_CURVE('',#4708,#4710,#6954,.T.);
#5655=EDGE_CURVE('',#4710,#4711,#6955,.T.);
#5656=EDGE_CURVE('',#4712,#4711,#6956,.T.);
#5657=EDGE_CURVE('',#4712,#4713,#6957,.T.);
#5658=EDGE_CURVE('',#4713,#4714,#6958,.T.);
#5659=EDGE_CURVE('',#4715,#4714,#6959,.T.);
#5660=EDGE_CURVE('',#4716,#4715,#6960,.T.);
#5661=EDGE_CURVE('',#4717,#4716,#6961,.T.);
#5662=EDGE_CURVE('',#4717,#4718,#6962,.T.);
#5663=EDGE_CURVE('',#4718,#4719,#6963,.T.);
#5664=EDGE_CURVE('',#4720,#4719,#6964,.T.);
#5665=EDGE_CURVE('',#4721,#4720,#6965,.T.);
#5666=EDGE_CURVE('',#4721,#4722,#6966,.T.);
#5667=EDGE_CURVE('',#4722,#4723,#6967,.T.);
#5668=EDGE_CURVE('',#4724,#4723,#6968,.T.);
#5669=EDGE_CURVE('',#4725,#4724,#6969,.T.);
#5670=EDGE_CURVE('',#4725,#4726,#6970,.T.);
#5671=EDGE_CURVE('',#4726,#4727,#6971,.T.);
#5672=EDGE_CURVE('',#4728,#4727,#6972,.T.);
#5673=EDGE_CURVE('',#4729,#4728,#6973,.T.);
#5674=EDGE_CURVE('',#4729,#4730,#6974,.T.);
#5675=EDGE_CURVE('',#4730,#4731,#6975,.T.);
#5676=EDGE_CURVE('',#4732,#4731,#6976,.T.);
#5677=EDGE_CURVE('',#4733,#4732,#6977,.T.);
#5678=EDGE_CURVE('',#4733,#4734,#6978,.T.);
#5679=EDGE_CURVE('',#4734,#4735,#6979,.T.);
#5680=EDGE_CURVE('',#4736,#4735,#6980,.T.);
#5681=EDGE_CURVE('',#4737,#4736,#6981,.T.);
#5682=EDGE_CURVE('',#4737,#4738,#6982,.T.);
#5683=EDGE_CURVE('',#4738,#4739,#6983,.T.);
#5684=EDGE_CURVE('',#4740,#4739,#6984,.T.);
#5685=EDGE_CURVE('',#4741,#4740,#6985,.T.);
#5686=EDGE_CURVE('',#4741,#4742,#6986,.T.);
#5687=EDGE_CURVE('',#4742,#4743,#6987,.T.);
#5688=EDGE_CURVE('',#4744,#4743,#6988,.T.);
#5689=EDGE_CURVE('',#4745,#4744,#6989,.T.);
#5690=EDGE_CURVE('',#4745,#4746,#6990,.T.);
#5691=EDGE_CURVE('',#4746,#4747,#6991,.T.);
#5692=EDGE_CURVE('',#4748,#4747,#6992,.T.);
#5693=EDGE_CURVE('',#4749,#4748,#6993,.T.);
#5694=EDGE_CURVE('',#4749,#4750,#6994,.T.);
#5695=EDGE_CURVE('',#4750,#4751,#6995,.T.);
#5696=EDGE_CURVE('',#4752,#4751,#6996,.T.);
#5697=EDGE_CURVE('',#4753,#4752,#6997,.T.);
#5698=EDGE_CURVE('',#4753,#4754,#6998,.T.);
#5699=EDGE_CURVE('',#4754,#4755,#6999,.T.);
#5700=EDGE_CURVE('',#4756,#4755,#7000,.T.);
#5701=EDGE_CURVE('',#4757,#4756,#7001,.T.);
#5702=EDGE_CURVE('',#4757,#4758,#7002,.T.);
#5703=EDGE_CURVE('',#4758,#4759,#7003,.T.);
#5704=EDGE_CURVE('',#4760,#4759,#7004,.T.);
#5705=EDGE_CURVE('',#4761,#4760,#7005,.T.);
#5706=EDGE_CURVE('',#4761,#4762,#7006,.T.);
#5707=EDGE_CURVE('',#4762,#4763,#7007,.T.);
#5708=EDGE_CURVE('',#4764,#4763,#7008,.T.);
#5709=EDGE_CURVE('',#4765,#4764,#7009,.T.);
#5710=EDGE_CURVE('',#4765,#4766,#7010,.T.);
#5711=EDGE_CURVE('',#4766,#4767,#7011,.T.);
#5712=EDGE_CURVE('',#4709,#4767,#7012,.T.);
#5713=EDGE_CURVE('',#4768,#4604,#7013,.T.);
#5714=EDGE_CURVE('',#4607,#4769,#7014,.T.);
#5715=EDGE_CURVE('',#4769,#4702,#7015,.T.);
#5716=EDGE_CURVE('',#4701,#4770,#7016,.T.);
#5717=EDGE_CURVE('',#4771,#4770,#7017,.T.);
#5718=EDGE_CURVE('',#4768,#4771,#7018,.T.);
#5719=EDGE_CURVE('',#4769,#4772,#7019,.T.);
#5720=EDGE_CURVE('',#4773,#4772,#7020,.T.);
#5721=EDGE_CURVE('',#4774,#4773,#7021,.T.);
#5722=EDGE_CURVE('',#4774,#4775,#7022,.T.);
#5723=EDGE_CURVE('',#4770,#4775,#94,.T.);
#5724=EDGE_CURVE('',#4703,#4776,#7023,.T.);
#5725=EDGE_CURVE('',#4776,#4777,#7024,.T.);
#5726=EDGE_CURVE('',#4777,#4778,#7025,.T.);
#5727=EDGE_CURVE('',#4778,#4520,#7026,.T.);
#5728=EDGE_CURVE('',#4779,#4780,#7027,.T.);
#5729=EDGE_CURVE('',#4779,#4781,#7028,.T.);
#5730=EDGE_CURVE('',#4782,#4781,#7029,.T.);
#5731=EDGE_CURVE('',#4782,#4780,#7030,.T.);
#5732=EDGE_CURVE('',#4783,#4784,#7031,.T.);
#5733=EDGE_CURVE('',#4785,#4783,#7032,.T.);
#5734=EDGE_CURVE('',#4785,#4786,#7033,.T.);
#5735=EDGE_CURVE('',#4784,#4786,#7034,.T.);
#5736=EDGE_CURVE('',#4787,#4788,#7035,.T.);
#5737=EDGE_CURVE('',#4789,#4787,#7036,.T.);
#5738=EDGE_CURVE('',#4789,#4790,#7037,.T.);
#5739=EDGE_CURVE('',#4788,#4790,#7038,.T.);
#5740=EDGE_CURVE('',#4791,#4792,#7039,.T.);
#5741=EDGE_CURVE('',#4793,#4791,#7040,.T.);
#5742=EDGE_CURVE('',#4793,#4794,#7041,.T.);
#5743=EDGE_CURVE('',#4792,#4794,#7042,.T.);
#5744=EDGE_CURVE('',#4795,#4796,#7043,.T.);
#5745=EDGE_CURVE('',#4797,#4795,#7044,.T.);
#5746=EDGE_CURVE('',#4797,#4798,#7045,.T.);
#5747=EDGE_CURVE('',#4796,#4798,#7046,.T.);
#5748=EDGE_CURVE('',#4799,#4800,#7047,.T.);
#5749=EDGE_CURVE('',#4801,#4799,#7048,.T.);
#5750=EDGE_CURVE('',#4801,#4802,#7049,.T.);
#5751=EDGE_CURVE('',#4800,#4802,#7050,.T.);
#5752=EDGE_CURVE('',#4803,#4804,#7051,.T.);
#5753=EDGE_CURVE('',#4805,#4803,#7052,.T.);
#5754=EDGE_CURVE('',#4805,#4806,#7053,.T.);
#5755=EDGE_CURVE('',#4804,#4806,#7054,.T.);
#5756=EDGE_CURVE('',#4807,#4808,#7055,.T.);
#5757=EDGE_CURVE('',#4809,#4807,#7056,.T.);
#5758=EDGE_CURVE('',#4809,#4810,#7057,.T.);
#5759=EDGE_CURVE('',#4808,#4810,#7058,.T.);
#5760=EDGE_CURVE('',#4811,#4812,#7059,.T.);
#5761=EDGE_CURVE('',#4813,#4811,#7060,.T.);
#5762=EDGE_CURVE('',#4813,#4814,#7061,.T.);
#5763=EDGE_CURVE('',#4812,#4814,#7062,.T.);
#5764=EDGE_CURVE('',#4815,#4816,#7063,.T.);
#5765=EDGE_CURVE('',#4817,#4815,#7064,.T.);
#5766=EDGE_CURVE('',#4817,#4818,#7065,.T.);
#5767=EDGE_CURVE('',#4816,#4818,#7066,.T.);
#5768=EDGE_CURVE('',#4819,#4820,#7067,.T.);
#5769=EDGE_CURVE('',#4821,#4819,#7068,.T.);
#5770=EDGE_CURVE('',#4821,#4822,#7069,.T.);
#5771=EDGE_CURVE('',#4820,#4822,#7070,.T.);
#5772=EDGE_CURVE('',#4823,#4824,#7071,.T.);
#5773=EDGE_CURVE('',#4825,#4823,#7072,.T.);
#5774=EDGE_CURVE('',#4825,#4826,#7073,.T.);
#5775=EDGE_CURVE('',#4824,#4826,#7074,.T.);
#5776=EDGE_CURVE('',#4827,#4828,#7075,.T.);
#5777=EDGE_CURVE('',#4829,#4827,#7076,.T.);
#5778=EDGE_CURVE('',#4829,#4830,#7077,.T.);
#5779=EDGE_CURVE('',#4828,#4830,#7078,.T.);
#5780=EDGE_CURVE('',#4831,#4832,#7079,.T.);
#5781=EDGE_CURVE('',#4833,#4831,#7080,.T.);
#5782=EDGE_CURVE('',#4833,#4834,#7081,.T.);
#5783=EDGE_CURVE('',#4832,#4834,#7082,.T.);
#5784=EDGE_CURVE('',#4835,#4557,#7083,.T.);
#5785=EDGE_CURVE('',#4835,#4836,#7084,.T.);
#5786=EDGE_CURVE('',#4837,#4836,#7085,.T.);
#5787=EDGE_CURVE('',#4838,#4837,#7086,.T.);
#5788=EDGE_CURVE('',#4571,#4838,#7087,.T.);
#5789=EDGE_CURVE('',#4839,#4840,#7088,.T.);
#5790=EDGE_CURVE('',#4839,#4841,#7089,.T.);
#5791=EDGE_CURVE('',#4841,#4842,#7090,.T.);
#5792=EDGE_CURVE('',#4840,#4842,#7091,.T.);
#5793=EDGE_CURVE('',#4843,#4844,#7092,.T.);
#5794=EDGE_CURVE('',#4843,#4845,#7093,.T.);
#5795=EDGE_CURVE('',#4845,#4846,#7094,.T.);
#5796=EDGE_CURVE('',#4844,#4846,#7095,.T.);
#5797=EDGE_CURVE('',#4533,#4847,#7096,.T.);
#5798=EDGE_CURVE('',#4848,#4847,#7097,.T.);
#5799=EDGE_CURVE('',#4848,#4534,#7098,.T.);
#5800=EDGE_CURVE('',#4849,#4847,#7099,.T.);
#5801=EDGE_CURVE('',#4850,#4849,#7100,.T.);
#5802=EDGE_CURVE('',#4848,#4850,#7101,.T.);
#5803=EDGE_CURVE('',#4573,#4851,#7102,.T.);
#5804=EDGE_CURVE('',#4852,#4572,#7103,.T.);
#5805=EDGE_CURVE('',#4852,#4851,#7104,.T.);
#5806=EDGE_CURVE('',#4853,#4854,#7105,.T.);
#5807=EDGE_CURVE('',#4854,#4851,#7106,.T.);
#5808=EDGE_CURVE('',#4852,#4853,#7107,.T.);
#5809=EDGE_CURVE('',#4855,#4856,#7108,.T.);
#5810=EDGE_CURVE('',#4855,#4778,#7109,.T.);
#5811=EDGE_CURVE('',#4857,#4777,#95,.T.);
#5812=EDGE_CURVE('',#4858,#4857,#7110,.T.);
#5813=EDGE_CURVE('',#4859,#4858,#7111,.T.);
#5814=EDGE_CURVE('',#4860,#4859,#7112,.T.);
#5815=EDGE_CURVE('',#4860,#4861,#7113,.T.);
#5816=EDGE_CURVE('',#4861,#4862,#7114,.T.);
#5817=EDGE_CURVE('',#4863,#4862,#7115,.T.);
#5818=EDGE_CURVE('',#4864,#4863,#7116,.T.);
#5819=EDGE_CURVE('',#4856,#4864,#96,.T.);
#5820=EDGE_CURVE('',#4695,#4865,#7117,.T.);
#5821=EDGE_CURVE('',#4525,#4855,#7118,.T.);
#5822=EDGE_CURVE('',#4865,#4856,#7119,.T.);
#5823=EDGE_CURVE('',#4866,#4867,#7120,.T.);
#5824=EDGE_CURVE('',#4866,#4868,#7121,.T.);
#5825=EDGE_CURVE('',#4868,#4869,#7122,.T.);
#5826=EDGE_CURVE('',#4869,#4870,#7123,.T.);
#5827=EDGE_CURVE('',#4870,#4871,#7124,.T.);
#5828=EDGE_CURVE('',#4871,#4872,#7125,.T.);
#5829=EDGE_CURVE('',#4873,#4872,#7126,.T.);
#5830=EDGE_CURVE('',#4874,#4873,#7127,.T.);
#5831=EDGE_CURVE('',#4875,#4874,#7128,.T.);
#5832=EDGE_CURVE('',#4842,#4875,#7129,.T.);
#5833=EDGE_CURVE('',#4841,#4876,#7130,.T.);
#5834=EDGE_CURVE('',#4877,#4876,#7131,.T.);
#5835=EDGE_CURVE('',#4877,#4878,#7132,.T.);
#5836=EDGE_CURVE('',#4878,#4879,#7133,.T.);
#5837=EDGE_CURVE('',#4879,#4844,#7134,.T.);
#5838=EDGE_CURVE('',#4846,#4880,#7135,.T.);
#5839=EDGE_CURVE('',#4880,#4774,#7136,.T.);
#5840=EDGE_CURVE('',#4773,#4881,#7137,.T.);
#5841=EDGE_CURVE('',#4881,#4882,#7138,.T.);
#5842=EDGE_CURVE('',#4882,#4883,#7139,.T.);
#5843=EDGE_CURVE('',#4883,#4884,#7140,.T.);
#5844=EDGE_CURVE('',#4884,#4885,#7141,.T.);
#5845=EDGE_CURVE('',#4885,#4886,#7142,.T.);
#5846=EDGE_CURVE('',#4887,#4886,#7143,.T.);
#5847=EDGE_CURVE('',#4887,#4888,#7144,.T.);
#5848=EDGE_CURVE('',#4888,#4889,#7145,.T.);
#5849=EDGE_CURVE('',#4889,#4890,#7146,.T.);
#5850=EDGE_CURVE('',#4891,#4890,#7147,.T.);
#5851=EDGE_CURVE('',#4891,#4892,#7148,.T.);
#5852=EDGE_CURVE('',#4892,#4893,#7149,.T.);
#5853=EDGE_CURVE('',#4893,#4894,#7150,.T.);
#5854=EDGE_CURVE('',#4895,#4894,#7151,.T.);
#5855=EDGE_CURVE('',#4895,#4896,#7152,.T.);
#5856=EDGE_CURVE('',#4896,#4897,#7153,.T.);
#5857=EDGE_CURVE('',#4897,#4898,#7154,.T.);
#5858=EDGE_CURVE('',#4899,#4898,#7155,.T.);
#5859=EDGE_CURVE('',#4899,#4900,#7156,.T.);
#5860=EDGE_CURVE('',#4901,#4900,#7157,.T.);
#5861=EDGE_CURVE('',#4901,#4902,#7158,.T.);
#5862=EDGE_CURVE('',#4902,#4903,#7159,.T.);
#5863=EDGE_CURVE('',#4903,#4904,#7160,.T.);
#5864=EDGE_CURVE('',#4905,#4904,#7161,.T.);
#5865=EDGE_CURVE('',#4905,#4906,#7162,.T.);
#5866=EDGE_CURVE('',#4906,#4907,#7163,.T.);
#5867=EDGE_CURVE('',#4907,#4908,#7164,.T.);
#5868=EDGE_CURVE('',#4909,#4908,#7165,.T.);
#5869=EDGE_CURVE('',#4909,#4910,#7166,.T.);
#5870=EDGE_CURVE('',#4910,#4911,#7167,.T.);
#5871=EDGE_CURVE('',#4911,#4912,#7168,.T.);
#5872=EDGE_CURVE('',#4913,#4912,#7169,.T.);
#5873=EDGE_CURVE('',#4913,#4914,#7170,.T.);
#5874=EDGE_CURVE('',#4914,#4915,#7171,.T.);
#5875=EDGE_CURVE('',#4915,#4916,#7172,.T.);
#5876=EDGE_CURVE('',#4917,#4916,#7173,.T.);
#5877=EDGE_CURVE('',#4917,#4918,#7174,.T.);
#5878=EDGE_CURVE('',#4918,#4919,#7175,.T.);
#5879=EDGE_CURVE('',#4919,#4920,#7176,.T.);
#5880=EDGE_CURVE('',#4921,#4920,#7177,.T.);
#5881=EDGE_CURVE('',#4921,#4922,#7178,.T.);
#5882=EDGE_CURVE('',#4922,#4923,#7179,.T.);
#5883=EDGE_CURVE('',#4923,#4924,#7180,.T.);
#5884=EDGE_CURVE('',#4925,#4924,#7181,.T.);
#5885=EDGE_CURVE('',#4925,#4926,#7182,.T.);
#5886=EDGE_CURVE('',#4926,#4927,#7183,.T.);
#5887=EDGE_CURVE('',#4927,#4928,#7184,.T.);
#5888=EDGE_CURVE('',#4929,#4928,#7185,.T.);
#5889=EDGE_CURVE('',#4929,#4930,#7186,.T.);
#5890=EDGE_CURVE('',#4930,#4931,#7187,.T.);
#5891=EDGE_CURVE('',#4931,#4932,#7188,.T.);
#5892=EDGE_CURVE('',#4933,#4932,#7189,.T.);
#5893=EDGE_CURVE('',#4933,#4934,#7190,.T.);
#5894=EDGE_CURVE('',#4934,#4935,#7191,.T.);
#5895=EDGE_CURVE('',#4935,#4867,#7192,.T.);
#5896=EDGE_CURVE('',#4876,#4936,#7193,.T.);
#5897=EDGE_CURVE('',#4936,#4937,#7194,.T.);
#5898=EDGE_CURVE('',#4873,#4937,#7195,.T.);
#5899=EDGE_CURVE('',#4872,#4938,#7196,.T.);
#5900=EDGE_CURVE('',#4862,#4938,#7197,.T.);
#5901=EDGE_CURVE('',#4861,#4939,#7198,.T.);
#5902=EDGE_CURVE('',#4939,#4877,#7199,.T.);
#5903=EDGE_CURVE('',#4940,#4775,#7200,.T.);
#5904=EDGE_CURVE('',#4771,#4940,#97,.T.);
#5905=EDGE_CURVE('',#4941,#4772,#7201,.T.);
#5906=EDGE_CURVE('',#4879,#4941,#7202,.T.);
#5907=EDGE_CURVE('',#4942,#4878,#7203,.T.);
#5908=EDGE_CURVE('',#4942,#4860,#7204,.T.);
#5909=EDGE_CURVE('',#4859,#4943,#7205,.T.);
#5910=EDGE_CURVE('',#4881,#4943,#7206,.T.);
#5911=EDGE_CURVE('',#4875,#4575,#7207,.T.);
#5912=EDGE_CURVE('',#4574,#4944,#7208,.T.);
#5913=EDGE_CURVE('',#4944,#4840,#7209,.T.);
#5914=EDGE_CURVE('',#4945,#4590,#7210,.T.);
#5915=EDGE_CURVE('',#4946,#4518,#7211,.T.);
#5916=EDGE_CURVE('',#4946,#4945,#7212,.T.);
#5917=EDGE_CURVE('',#4880,#4531,#7213,.T.);
#5918=EDGE_CURVE('',#4845,#4947,#7214,.T.);
#5919=EDGE_CURVE('',#4947,#4532,#7215,.T.);
#5920=EDGE_CURVE('',#4529,#4948,#7216,.T.);
#5921=EDGE_CURVE('',#4535,#4949,#7217,.T.);
#5922=EDGE_CURVE('',#4950,#4949,#7218,.T.);
#5923=EDGE_CURVE('',#4950,#4951,#7219,.T.);
#5924=EDGE_CURVE('',#4951,#4948,#7220,.T.);
#5925=EDGE_CURVE('',#4838,#4780,#7221,.T.);
#5926=EDGE_CURVE('',#4713,#4782,#7222,.T.);
#5927=EDGE_CURVE('',#4853,#4712,#7223,.T.);
#5928=EDGE_CURVE('',#4870,#4835,#7224,.T.);
#5929=EDGE_CURVE('',#4867,#4869,#7225,.T.);
#5930=EDGE_CURVE('',#4932,#4935,#7226,.T.);
#5931=EDGE_CURVE('',#4928,#4931,#7227,.T.);
#5932=EDGE_CURVE('',#4924,#4927,#7228,.T.);
#5933=EDGE_CURVE('',#4920,#4923,#7229,.T.);
#5934=EDGE_CURVE('',#4916,#4919,#7230,.T.);
#5935=EDGE_CURVE('',#4912,#4915,#7231,.T.);
#5936=EDGE_CURVE('',#4908,#4911,#7232,.T.);
#5937=EDGE_CURVE('',#4904,#4907,#7233,.T.);
#5938=EDGE_CURVE('',#4900,#4903,#7234,.T.);
#5939=EDGE_CURVE('',#4896,#4899,#7235,.T.);
#5940=EDGE_CURVE('',#4892,#4895,#7236,.T.);
#5941=EDGE_CURVE('',#4888,#4891,#7237,.T.);
#5942=EDGE_CURVE('',#4884,#4887,#7238,.T.);
#5943=EDGE_CURVE('',#4883,#4948,#7239,.T.);
#5944=EDGE_CURVE('',#4952,#4951,#7240,.T.);
#5945=EDGE_CURVE('',#4953,#4952,#7241,.T.);
#5946=EDGE_CURVE('',#4836,#4953,#7242,.T.);
#5947=EDGE_CURVE('',#4654,#4954,#7243,.T.);
#5948=EDGE_CURVE('',#4955,#4652,#7244,.T.);
#5949=EDGE_CURVE('',#4956,#4955,#7245,.T.);
#5950=EDGE_CURVE('',#4956,#4957,#7246,.T.);
#5951=EDGE_CURVE('',#4580,#4957,#7247,.T.);
#5952=EDGE_CURVE('',#4954,#4579,#7248,.T.);
#5953=EDGE_CURVE('',#4874,#4958,#7249,.T.);
#5954=EDGE_CURVE('',#4959,#4958,#7250,.T.);
#5955=EDGE_CURVE('',#4576,#4959,#7251,.T.);
#5956=EDGE_CURVE('',#4957,#4958,#98,.T.);
#5957=EDGE_CURVE('',#4959,#4956,#99,.T.);
#5958=EDGE_CURVE('',#4940,#4530,#7252,.T.);
#5959=EDGE_CURVE('',#4943,#4768,#7253,.T.);
#5960=EDGE_CURVE('',#4960,#4858,#7254,.T.);
#5961=EDGE_CURVE('',#4960,#4946,#7255,.T.);
#5962=EDGE_CURVE('',#4961,#4857,#7256,.T.);
#5963=EDGE_CURVE('',#4961,#4960,#7257,.T.);
#5964=EDGE_CURVE('',#4776,#4961,#100,.T.);
#5965=EDGE_CURVE('',#4942,#4939,#7258,.T.);
#5966=EDGE_CURVE('',#4962,#4963,#7259,.T.);
#5967=EDGE_CURVE('',#4962,#4864,#7260,.T.);
#5968=EDGE_CURVE('',#4963,#4863,#7261,.T.);
#5969=EDGE_CURVE('',#4964,#4640,#7262,.T.);
#5970=EDGE_CURVE('',#4963,#4964,#7263,.T.);
#5971=EDGE_CURVE('',#4955,#4938,#7264,.T.);
#5972=EDGE_CURVE('',#4865,#4962,#101,.T.);
#5973=EDGE_CURVE('',#4965,#4953,#7265,.T.);
#5974=EDGE_CURVE('',#4837,#4965,#7266,.T.);
#5975=EDGE_CURVE('',#4966,#4952,#7267,.T.);
#5976=EDGE_CURVE('',#4965,#4966,#7268,.T.);
#5977=EDGE_CURVE('',#4966,#4950,#7269,.T.);
#5978=EDGE_CURVE('',#4967,#4783,#7270,.T.);
#5979=EDGE_CURVE('',#4967,#4968,#7271,.T.);
#5980=EDGE_CURVE('',#4968,#4779,#7272,.T.);
#5981=EDGE_CURVE('',#4949,#4969,#7273,.T.);
#5982=EDGE_CURVE('',#4969,#4970,#7274,.T.);
#5983=EDGE_CURVE('',#4971,#4970,#7275,.T.);
#5984=EDGE_CURVE('',#4971,#4972,#7276,.T.);
#5985=EDGE_CURVE('',#4972,#4833,#7277,.T.);
#5986=EDGE_CURVE('',#4973,#4831,#7278,.T.);
#5987=EDGE_CURVE('',#4973,#4974,#7279,.T.);
#5988=EDGE_CURVE('',#4974,#4829,#7280,.T.);
#5989=EDGE_CURVE('',#4975,#4827,#7281,.T.);
#5990=EDGE_CURVE('',#4975,#4976,#7282,.T.);
#5991=EDGE_CURVE('',#4976,#4825,#7283,.T.);
#5992=EDGE_CURVE('',#4977,#4823,#7284,.T.);
#5993=EDGE_CURVE('',#4977,#4978,#7285,.T.);
#5994=EDGE_CURVE('',#4978,#4821,#7286,.T.);
#5995=EDGE_CURVE('',#4979,#4819,#7287,.T.);
#5996=EDGE_CURVE('',#4979,#4980,#7288,.T.);
#5997=EDGE_CURVE('',#4980,#4817,#7289,.T.);
#5998=EDGE_CURVE('',#4981,#4815,#7290,.T.);
#5999=EDGE_CURVE('',#4981,#4982,#7291,.T.);
#6000=EDGE_CURVE('',#4982,#4813,#7292,.T.);
#6001=EDGE_CURVE('',#4983,#4811,#7293,.T.);
#6002=EDGE_CURVE('',#4983,#4984,#7294,.T.);
#6003=EDGE_CURVE('',#4984,#4809,#7295,.T.);
#6004=EDGE_CURVE('',#4985,#4807,#7296,.T.);
#6005=EDGE_CURVE('',#4985,#4986,#7297,.T.);
#6006=EDGE_CURVE('',#4986,#4805,#7298,.T.);
#6007=EDGE_CURVE('',#4987,#4803,#7299,.T.);
#6008=EDGE_CURVE('',#4987,#4988,#7300,.T.);
#6009=EDGE_CURVE('',#4988,#4801,#7301,.T.);
#6010=EDGE_CURVE('',#4989,#4799,#7302,.T.);
#6011=EDGE_CURVE('',#4989,#4990,#7303,.T.);
#6012=EDGE_CURVE('',#4990,#4797,#7304,.T.);
#6013=EDGE_CURVE('',#4991,#4795,#7305,.T.);
#6014=EDGE_CURVE('',#4991,#4992,#7306,.T.);
#6015=EDGE_CURVE('',#4992,#4793,#7307,.T.);
#6016=EDGE_CURVE('',#4993,#4791,#7308,.T.);
#6017=EDGE_CURVE('',#4993,#4994,#7309,.T.);
#6018=EDGE_CURVE('',#4994,#4789,#7310,.T.);
#6019=EDGE_CURVE('',#4995,#4787,#7311,.T.);
#6020=EDGE_CURVE('',#4995,#4996,#7312,.T.);
#6021=EDGE_CURVE('',#4996,#4785,#7313,.T.);
#6022=EDGE_CURVE('',#4970,#4997,#7314,.T.);
#6023=EDGE_CURVE('',#4998,#4969,#7315,.T.);
#6024=EDGE_CURVE('',#4997,#4998,#7316,.T.);
#6025=EDGE_CURVE('',#4784,#4999,#7317,.T.);
#6026=EDGE_CURVE('',#4786,#5000,#7318,.T.);
#6027=EDGE_CURVE('',#5000,#5001,#7319,.T.);
#6028=EDGE_CURVE('',#4788,#5001,#7320,.T.);
#6029=EDGE_CURVE('',#4790,#5002,#7321,.T.);
#6030=EDGE_CURVE('',#5002,#5003,#7322,.T.);
#6031=EDGE_CURVE('',#4792,#5003,#7323,.T.);
#6032=EDGE_CURVE('',#4794,#5004,#7324,.T.);
#6033=EDGE_CURVE('',#5004,#5005,#7325,.T.);
#6034=EDGE_CURVE('',#4796,#5005,#7326,.T.);
#6035=EDGE_CURVE('',#4798,#5006,#7327,.T.);
#6036=EDGE_CURVE('',#5006,#5007,#7328,.T.);
#6037=EDGE_CURVE('',#4800,#5007,#7329,.T.);
#6038=EDGE_CURVE('',#4802,#5008,#7330,.T.);
#6039=EDGE_CURVE('',#5008,#5009,#7331,.T.);
#6040=EDGE_CURVE('',#4804,#5009,#7332,.T.);
#6041=EDGE_CURVE('',#4806,#5010,#7333,.T.);
#6042=EDGE_CURVE('',#5010,#5011,#7334,.T.);
#6043=EDGE_CURVE('',#4808,#5011,#7335,.T.);
#6044=EDGE_CURVE('',#4810,#5012,#7336,.T.);
#6045=EDGE_CURVE('',#5012,#5013,#7337,.T.);
#6046=EDGE_CURVE('',#4812,#5013,#7338,.T.);
#6047=EDGE_CURVE('',#4814,#5014,#7339,.T.);
#6048=EDGE_CURVE('',#5014,#5015,#7340,.T.);
#6049=EDGE_CURVE('',#4816,#5015,#7341,.T.);
#6050=EDGE_CURVE('',#4818,#5016,#7342,.T.);
#6051=EDGE_CURVE('',#5016,#5017,#7343,.T.);
#6052=EDGE_CURVE('',#4820,#5017,#7344,.T.);
#6053=EDGE_CURVE('',#4822,#5018,#7345,.T.);
#6054=EDGE_CURVE('',#5018,#5019,#7346,.T.);
#6055=EDGE_CURVE('',#4824,#5019,#7347,.T.);
#6056=EDGE_CURVE('',#4826,#5020,#7348,.T.);
#6057=EDGE_CURVE('',#5020,#5021,#7349,.T.);
#6058=EDGE_CURVE('',#4828,#5021,#7350,.T.);
#6059=EDGE_CURVE('',#4830,#5022,#7351,.T.);
#6060=EDGE_CURVE('',#5022,#5023,#7352,.T.);
#6061=EDGE_CURVE('',#4832,#5023,#7353,.T.);
#6062=EDGE_CURVE('',#4834,#5024,#7354,.T.);
#6063=EDGE_CURVE('',#5024,#5025,#7355,.T.);
#6064=EDGE_CURVE('',#4997,#5025,#7356,.T.);
#6065=EDGE_CURVE('',#4714,#4998,#7357,.T.);
#6066=EDGE_CURVE('',#4781,#5026,#7358,.T.);
#6067=EDGE_CURVE('',#5026,#4999,#7359,.T.);
#6068=EDGE_CURVE('',#4964,#5027,#7360,.T.);
#6069=EDGE_CURVE('',#5027,#4936,#7361,.T.);
#6070=EDGE_CURVE('',#4839,#5028,#7362,.T.);
#6071=EDGE_CURVE('',#5028,#4854,#7363,.T.);
#6072=EDGE_CURVE('',#4711,#5029,#7364,.T.);
#6073=EDGE_CURVE('',#5029,#5030,#7365,.T.);
#6074=EDGE_CURVE('',#4709,#5030,#7366,.T.);
#6075=EDGE_CURVE('',#4767,#5031,#7367,.T.);
#6076=EDGE_CURVE('',#5031,#5032,#7368,.T.);
#6077=EDGE_CURVE('',#4764,#5032,#7369,.T.);
#6078=EDGE_CURVE('',#4763,#5033,#7370,.T.);
#6079=EDGE_CURVE('',#5033,#5034,#7371,.T.);
#6080=EDGE_CURVE('',#4760,#5034,#7372,.T.);
#6081=EDGE_CURVE('',#4759,#5035,#7373,.T.);
#6082=EDGE_CURVE('',#5035,#5036,#7374,.T.);
#6083=EDGE_CURVE('',#4756,#5036,#7375,.T.);
#6084=EDGE_CURVE('',#4755,#5037,#7376,.T.);
#6085=EDGE_CURVE('',#5037,#5038,#7377,.T.);
#6086=EDGE_CURVE('',#4752,#5038,#7378,.T.);
#6087=EDGE_CURVE('',#4751,#5039,#7379,.T.);
#6088=EDGE_CURVE('',#5039,#5040,#7380,.T.);
#6089=EDGE_CURVE('',#4748,#5040,#7381,.T.);
#6090=EDGE_CURVE('',#4747,#5041,#7382,.T.);
#6091=EDGE_CURVE('',#5041,#5042,#7383,.T.);
#6092=EDGE_CURVE('',#4744,#5042,#7384,.T.);
#6093=EDGE_CURVE('',#4743,#5043,#7385,.T.);
#6094=EDGE_CURVE('',#5043,#5044,#7386,.T.);
#6095=EDGE_CURVE('',#4740,#5044,#7387,.T.);
#6096=EDGE_CURVE('',#4739,#5045,#7388,.T.);
#6097=EDGE_CURVE('',#5045,#5046,#7389,.T.);
#6098=EDGE_CURVE('',#4736,#5046,#7390,.T.);
#6099=EDGE_CURVE('',#4735,#5047,#7391,.T.);
#6100=EDGE_CURVE('',#5047,#5048,#7392,.T.);
#6101=EDGE_CURVE('',#4732,#5048,#7393,.T.);
#6102=EDGE_CURVE('',#4731,#5049,#7394,.T.);
#6103=EDGE_CURVE('',#5049,#5050,#7395,.T.);
#6104=EDGE_CURVE('',#4728,#5050,#7396,.T.);
#6105=EDGE_CURVE('',#4727,#5051,#7397,.T.);
#6106=EDGE_CURVE('',#5051,#5052,#7398,.T.);
#6107=EDGE_CURVE('',#4724,#5052,#7399,.T.);
#6108=EDGE_CURVE('',#4723,#5053,#7400,.T.);
#6109=EDGE_CURVE('',#5053,#5054,#7401,.T.);
#6110=EDGE_CURVE('',#4720,#5054,#7402,.T.);
#6111=EDGE_CURVE('',#4719,#5055,#7403,.T.);
#6112=EDGE_CURVE('',#5055,#5056,#7404,.T.);
#6113=EDGE_CURVE('',#4716,#5056,#7405,.T.);
#6114=EDGE_CURVE('',#4850,#4715,#7406,.T.);
#6115=EDGE_CURVE('',#5057,#4849,#7407,.T.);
#6116=EDGE_CURVE('',#4843,#5057,#7408,.T.);
#6117=EDGE_CURVE('',#4945,#4941,#7409,.T.);
#6118=EDGE_CURVE('',#4552,#5027,#7410,.T.);
#6119=EDGE_CURVE('',#4558,#4871,#7411,.T.);
#6120=EDGE_CURVE('',#4528,#4882,#7412,.T.);
#6121=EDGE_CURVE('',#4954,#4937,#7413,.T.);
#6122=EDGE_CURVE('',#4944,#5028,#7414,.T.);
#6123=EDGE_CURVE('',#4947,#5057,#7415,.T.);
#6124=EDGE_CURVE('',#5058,#4717,#7416,.T.);
#6125=EDGE_CURVE('',#5056,#5058,#102,.T.);
#6126=EDGE_CURVE('',#5059,#4718,#7417,.T.);
#6127=EDGE_CURVE('',#5055,#5059,#103,.T.);
#6128=EDGE_CURVE('',#5058,#5059,#7418,.T.);
#6129=EDGE_CURVE('',#5060,#5061,#7419,.T.);
#6130=EDGE_CURVE('',#5062,#5061,#7420,.T.);
#6131=EDGE_CURVE('',#5063,#5062,#7421,.T.);
#6132=EDGE_CURVE('',#5063,#5060,#7422,.T.);
#6133=EDGE_CURVE('',#5061,#5064,#104,.T.);
#6134=EDGE_CURVE('',#5065,#5064,#7423,.T.);
#6135=EDGE_CURVE('',#5062,#5065,#105,.T.);
#6136=EDGE_CURVE('',#5065,#4971,#7424,.T.);
#6137=EDGE_CURVE('',#5025,#5063,#7425,.T.);
#6138=EDGE_CURVE('',#5064,#4972,#7426,.T.);
#6139=EDGE_CURVE('',#5024,#5060,#7427,.T.);
#6140=EDGE_CURVE('',#4884,#5066,#7428,.T.);
#6141=EDGE_CURVE('',#4887,#5067,#7429,.T.);
#6142=EDGE_CURVE('',#5066,#5067,#7430,.T.);
#6143=EDGE_CURVE('',#5068,#4885,#7431,.T.);
#6144=EDGE_CURVE('',#5066,#5069,#7432,.T.);
#6145=EDGE_CURVE('',#5069,#5070,#7433,.T.);
#6146=EDGE_CURVE('',#5070,#5071,#7434,.T.);
#6147=EDGE_CURVE('',#5071,#5068,#7435,.T.);
#6148=EDGE_CURVE('',#5072,#4886,#7436,.T.);
#6149=EDGE_CURVE('',#5073,#5072,#7437,.T.);
#6150=EDGE_CURVE('',#5074,#5073,#7438,.T.);
#6151=EDGE_CURVE('',#5075,#5074,#7439,.T.);
#6152=EDGE_CURVE('',#5067,#5075,#7440,.T.);
#6153=EDGE_CURVE('',#5069,#5075,#7441,.T.);
#6154=EDGE_CURVE('',#5070,#5074,#7442,.T.);
#6155=EDGE_CURVE('',#5071,#5073,#7443,.T.);
#6156=EDGE_CURVE('',#5068,#5072,#7444,.T.);
#6157=EDGE_CURVE('',#5076,#4721,#7445,.T.);
#6158=EDGE_CURVE('',#5054,#5076,#106,.T.);
#6159=EDGE_CURVE('',#5077,#4722,#7446,.T.);
#6160=EDGE_CURVE('',#5053,#5077,#107,.T.);
#6161=EDGE_CURVE('',#5076,#5077,#7447,.T.);
#6162=EDGE_CURVE('',#5078,#5079,#7448,.T.);
#6163=EDGE_CURVE('',#5080,#5079,#7449,.T.);
#6164=EDGE_CURVE('',#5081,#5080,#7450,.T.);
#6165=EDGE_CURVE('',#5081,#5078,#7451,.T.);
#6166=EDGE_CURVE('',#5079,#5082,#108,.T.);
#6167=EDGE_CURVE('',#5083,#5082,#7452,.T.);
#6168=EDGE_CURVE('',#5080,#5083,#109,.T.);
#6169=EDGE_CURVE('',#5083,#4973,#7453,.T.);
#6170=EDGE_CURVE('',#5023,#5081,#7454,.T.);
#6171=EDGE_CURVE('',#5082,#4974,#7455,.T.);
#6172=EDGE_CURVE('',#5022,#5078,#7456,.T.);
#6173=EDGE_CURVE('',#4888,#5084,#7457,.T.);
#6174=EDGE_CURVE('',#4891,#5085,#7458,.T.);
#6175=EDGE_CURVE('',#5084,#5085,#7459,.T.);
#6176=EDGE_CURVE('',#5086,#4889,#7460,.T.);
#6177=EDGE_CURVE('',#5084,#5087,#7461,.T.);
#6178=EDGE_CURVE('',#5087,#5088,#7462,.T.);
#6179=EDGE_CURVE('',#5088,#5089,#7463,.T.);
#6180=EDGE_CURVE('',#5089,#5086,#7464,.T.);
#6181=EDGE_CURVE('',#5090,#4890,#7465,.T.);
#6182=EDGE_CURVE('',#5091,#5090,#7466,.T.);
#6183=EDGE_CURVE('',#5092,#5091,#7467,.T.);
#6184=EDGE_CURVE('',#5093,#5092,#7468,.T.);
#6185=EDGE_CURVE('',#5085,#5093,#7469,.T.);
#6186=EDGE_CURVE('',#5087,#5093,#7470,.T.);
#6187=EDGE_CURVE('',#5088,#5092,#7471,.T.);
#6188=EDGE_CURVE('',#5089,#5091,#7472,.T.);
#6189=EDGE_CURVE('',#5086,#5090,#7473,.T.);
#6190=EDGE_CURVE('',#5094,#4725,#7474,.T.);
#6191=EDGE_CURVE('',#5052,#5094,#110,.T.);
#6192=EDGE_CURVE('',#5095,#4726,#7475,.T.);
#6193=EDGE_CURVE('',#5051,#5095,#111,.T.);
#6194=EDGE_CURVE('',#5094,#5095,#7476,.T.);
#6195=EDGE_CURVE('',#5096,#5097,#7477,.T.);
#6196=EDGE_CURVE('',#5098,#5097,#7478,.T.);
#6197=EDGE_CURVE('',#5099,#5098,#7479,.T.);
#6198=EDGE_CURVE('',#5099,#5096,#7480,.T.);
#6199=EDGE_CURVE('',#5097,#5100,#112,.T.);
#6200=EDGE_CURVE('',#5101,#5100,#7481,.T.);
#6201=EDGE_CURVE('',#5098,#5101,#113,.T.);
#6202=EDGE_CURVE('',#5101,#4975,#7482,.T.);
#6203=EDGE_CURVE('',#5021,#5099,#7483,.T.);
#6204=EDGE_CURVE('',#5100,#4976,#7484,.T.);
#6205=EDGE_CURVE('',#5020,#5096,#7485,.T.);
#6206=EDGE_CURVE('',#4892,#5102,#7486,.T.);
#6207=EDGE_CURVE('',#4895,#5103,#7487,.T.);
#6208=EDGE_CURVE('',#5102,#5103,#7488,.T.);
#6209=EDGE_CURVE('',#5104,#4893,#7489,.T.);
#6210=EDGE_CURVE('',#5102,#5105,#7490,.T.);
#6211=EDGE_CURVE('',#5105,#5106,#7491,.T.);
#6212=EDGE_CURVE('',#5106,#5107,#7492,.T.);
#6213=EDGE_CURVE('',#5107,#5104,#7493,.T.);
#6214=EDGE_CURVE('',#5108,#4894,#7494,.T.);
#6215=EDGE_CURVE('',#5109,#5108,#7495,.T.);
#6216=EDGE_CURVE('',#5110,#5109,#7496,.T.);
#6217=EDGE_CURVE('',#5111,#5110,#7497,.T.);
#6218=EDGE_CURVE('',#5103,#5111,#7498,.T.);
#6219=EDGE_CURVE('',#5105,#5111,#7499,.T.);
#6220=EDGE_CURVE('',#5106,#5110,#7500,.T.);
#6221=EDGE_CURVE('',#5107,#5109,#7501,.T.);
#6222=EDGE_CURVE('',#5104,#5108,#7502,.T.);
#6223=EDGE_CURVE('',#5112,#4729,#7503,.T.);
#6224=EDGE_CURVE('',#5050,#5112,#114,.T.);
#6225=EDGE_CURVE('',#5113,#4730,#7504,.T.);
#6226=EDGE_CURVE('',#5049,#5113,#115,.T.);
#6227=EDGE_CURVE('',#5112,#5113,#7505,.T.);
#6228=EDGE_CURVE('',#5114,#5115,#7506,.T.);
#6229=EDGE_CURVE('',#5116,#5115,#7507,.T.);
#6230=EDGE_CURVE('',#5117,#5116,#7508,.T.);
#6231=EDGE_CURVE('',#5117,#5114,#7509,.T.);
#6232=EDGE_CURVE('',#5115,#5118,#116,.T.);
#6233=EDGE_CURVE('',#5119,#5118,#7510,.T.);
#6234=EDGE_CURVE('',#5116,#5119,#117,.T.);
#6235=EDGE_CURVE('',#5119,#4977,#7511,.T.);
#6236=EDGE_CURVE('',#5019,#5117,#7512,.T.);
#6237=EDGE_CURVE('',#5118,#4978,#7513,.T.);
#6238=EDGE_CURVE('',#5018,#5114,#7514,.T.);
#6239=EDGE_CURVE('',#4896,#5120,#7515,.T.);
#6240=EDGE_CURVE('',#4899,#5121,#7516,.T.);
#6241=EDGE_CURVE('',#5120,#5121,#7517,.T.);
#6242=EDGE_CURVE('',#5122,#4897,#7518,.T.);
#6243=EDGE_CURVE('',#5120,#5123,#7519,.T.);
#6244=EDGE_CURVE('',#5123,#5124,#7520,.T.);
#6245=EDGE_CURVE('',#5124,#5125,#7521,.T.);
#6246=EDGE_CURVE('',#5125,#5122,#7522,.T.);
#6247=EDGE_CURVE('',#5126,#4898,#7523,.T.);
#6248=EDGE_CURVE('',#5127,#5126,#7524,.T.);
#6249=EDGE_CURVE('',#5128,#5127,#7525,.T.);
#6250=EDGE_CURVE('',#5129,#5128,#7526,.T.);
#6251=EDGE_CURVE('',#5121,#5129,#7527,.T.);
#6252=EDGE_CURVE('',#5123,#5129,#7528,.T.);
#6253=EDGE_CURVE('',#5124,#5128,#7529,.T.);
#6254=EDGE_CURVE('',#5125,#5127,#7530,.T.);
#6255=EDGE_CURVE('',#5122,#5126,#7531,.T.);
#6256=EDGE_CURVE('',#5130,#4733,#7532,.T.);
#6257=EDGE_CURVE('',#5048,#5130,#118,.T.);
#6258=EDGE_CURVE('',#5131,#4734,#7533,.T.);
#6259=EDGE_CURVE('',#5047,#5131,#119,.T.);
#6260=EDGE_CURVE('',#5130,#5131,#7534,.T.);
#6261=EDGE_CURVE('',#5132,#5133,#7535,.T.);
#6262=EDGE_CURVE('',#5134,#5133,#7536,.T.);
#6263=EDGE_CURVE('',#5135,#5134,#7537,.T.);
#6264=EDGE_CURVE('',#5135,#5132,#7538,.T.);
#6265=EDGE_CURVE('',#5133,#5136,#120,.T.);
#6266=EDGE_CURVE('',#5137,#5136,#7539,.T.);
#6267=EDGE_CURVE('',#5134,#5137,#121,.T.);
#6268=EDGE_CURVE('',#5137,#4979,#7540,.T.);
#6269=EDGE_CURVE('',#5017,#5135,#7541,.T.);
#6270=EDGE_CURVE('',#5136,#4980,#7542,.T.);
#6271=EDGE_CURVE('',#5016,#5132,#7543,.T.);
#6272=EDGE_CURVE('',#4900,#5138,#7544,.T.);
#6273=EDGE_CURVE('',#4903,#5139,#7545,.T.);
#6274=EDGE_CURVE('',#5138,#5139,#7546,.T.);
#6275=EDGE_CURVE('',#5140,#4901,#7547,.T.);
#6276=EDGE_CURVE('',#5138,#5141,#7548,.T.);
#6277=EDGE_CURVE('',#5141,#5142,#7549,.T.);
#6278=EDGE_CURVE('',#5142,#5143,#7550,.T.);
#6279=EDGE_CURVE('',#5143,#5140,#7551,.T.);
#6280=EDGE_CURVE('',#5144,#4902,#7552,.T.);
#6281=EDGE_CURVE('',#5145,#5144,#7553,.T.);
#6282=EDGE_CURVE('',#5146,#5145,#7554,.T.);
#6283=EDGE_CURVE('',#5147,#5146,#7555,.T.);
#6284=EDGE_CURVE('',#5139,#5147,#7556,.T.);
#6285=EDGE_CURVE('',#5141,#5147,#7557,.T.);
#6286=EDGE_CURVE('',#5142,#5146,#7558,.T.);
#6287=EDGE_CURVE('',#5143,#5145,#7559,.T.);
#6288=EDGE_CURVE('',#5140,#5144,#7560,.T.);
#6289=EDGE_CURVE('',#5148,#4737,#7561,.T.);
#6290=EDGE_CURVE('',#5046,#5148,#122,.T.);
#6291=EDGE_CURVE('',#5149,#4738,#7562,.T.);
#6292=EDGE_CURVE('',#5045,#5149,#123,.T.);
#6293=EDGE_CURVE('',#5148,#5149,#7563,.T.);
#6294=EDGE_CURVE('',#5150,#5151,#7564,.T.);
#6295=EDGE_CURVE('',#5152,#5151,#7565,.T.);
#6296=EDGE_CURVE('',#5153,#5152,#7566,.T.);
#6297=EDGE_CURVE('',#5153,#5150,#7567,.T.);
#6298=EDGE_CURVE('',#5151,#5154,#124,.T.);
#6299=EDGE_CURVE('',#5155,#5154,#7568,.T.);
#6300=EDGE_CURVE('',#5152,#5155,#125,.T.);
#6301=EDGE_CURVE('',#5155,#4981,#7569,.T.);
#6302=EDGE_CURVE('',#5015,#5153,#7570,.T.);
#6303=EDGE_CURVE('',#5154,#4982,#7571,.T.);
#6304=EDGE_CURVE('',#5014,#5150,#7572,.T.);
#6305=EDGE_CURVE('',#4904,#5156,#7573,.T.);
#6306=EDGE_CURVE('',#4907,#5157,#7574,.T.);
#6307=EDGE_CURVE('',#5156,#5157,#7575,.T.);
#6308=EDGE_CURVE('',#5158,#4905,#7576,.T.);
#6309=EDGE_CURVE('',#5156,#5159,#7577,.T.);
#6310=EDGE_CURVE('',#5159,#5160,#7578,.T.);
#6311=EDGE_CURVE('',#5160,#5161,#7579,.T.);
#6312=EDGE_CURVE('',#5161,#5158,#7580,.T.);
#6313=EDGE_CURVE('',#5162,#4906,#7581,.T.);
#6314=EDGE_CURVE('',#5163,#5162,#7582,.T.);
#6315=EDGE_CURVE('',#5164,#5163,#7583,.T.);
#6316=EDGE_CURVE('',#5165,#5164,#7584,.T.);
#6317=EDGE_CURVE('',#5157,#5165,#7585,.T.);
#6318=EDGE_CURVE('',#5159,#5165,#7586,.T.);
#6319=EDGE_CURVE('',#5160,#5164,#7587,.T.);
#6320=EDGE_CURVE('',#5161,#5163,#7588,.T.);
#6321=EDGE_CURVE('',#5158,#5162,#7589,.T.);
#6322=EDGE_CURVE('',#5166,#4741,#7590,.T.);
#6323=EDGE_CURVE('',#5044,#5166,#126,.T.);
#6324=EDGE_CURVE('',#5167,#4742,#7591,.T.);
#6325=EDGE_CURVE('',#5043,#5167,#127,.T.);
#6326=EDGE_CURVE('',#5166,#5167,#7592,.T.);
#6327=EDGE_CURVE('',#5168,#5169,#7593,.T.);
#6328=EDGE_CURVE('',#5170,#5169,#7594,.T.);
#6329=EDGE_CURVE('',#5171,#5170,#7595,.T.);
#6330=EDGE_CURVE('',#5171,#5168,#7596,.T.);
#6331=EDGE_CURVE('',#5169,#5172,#128,.T.);
#6332=EDGE_CURVE('',#5173,#5172,#7597,.T.);
#6333=EDGE_CURVE('',#5170,#5173,#129,.T.);
#6334=EDGE_CURVE('',#5173,#4983,#7598,.T.);
#6335=EDGE_CURVE('',#5013,#5171,#7599,.T.);
#6336=EDGE_CURVE('',#5172,#4984,#7600,.T.);
#6337=EDGE_CURVE('',#5012,#5168,#7601,.T.);
#6338=EDGE_CURVE('',#4908,#5174,#7602,.T.);
#6339=EDGE_CURVE('',#4911,#5175,#7603,.T.);
#6340=EDGE_CURVE('',#5174,#5175,#7604,.T.);
#6341=EDGE_CURVE('',#5176,#4909,#7605,.T.);
#6342=EDGE_CURVE('',#5174,#5177,#7606,.T.);
#6343=EDGE_CURVE('',#5177,#5178,#7607,.T.);
#6344=EDGE_CURVE('',#5178,#5179,#7608,.T.);
#6345=EDGE_CURVE('',#5179,#5176,#7609,.T.);
#6346=EDGE_CURVE('',#5180,#4910,#7610,.T.);
#6347=EDGE_CURVE('',#5181,#5180,#7611,.T.);
#6348=EDGE_CURVE('',#5182,#5181,#7612,.T.);
#6349=EDGE_CURVE('',#5183,#5182,#7613,.T.);
#6350=EDGE_CURVE('',#5175,#5183,#7614,.T.);
#6351=EDGE_CURVE('',#5177,#5183,#7615,.T.);
#6352=EDGE_CURVE('',#5178,#5182,#7616,.T.);
#6353=EDGE_CURVE('',#5179,#5181,#7617,.T.);
#6354=EDGE_CURVE('',#5176,#5180,#7618,.T.);
#6355=EDGE_CURVE('',#5184,#4745,#7619,.T.);
#6356=EDGE_CURVE('',#5042,#5184,#130,.T.);
#6357=EDGE_CURVE('',#5185,#4746,#7620,.T.);
#6358=EDGE_CURVE('',#5041,#5185,#131,.T.);
#6359=EDGE_CURVE('',#5184,#5185,#7621,.T.);
#6360=EDGE_CURVE('',#5186,#5187,#7622,.T.);
#6361=EDGE_CURVE('',#5188,#5187,#7623,.T.);
#6362=EDGE_CURVE('',#5189,#5188,#7624,.T.);
#6363=EDGE_CURVE('',#5189,#5186,#7625,.T.);
#6364=EDGE_CURVE('',#5187,#5190,#132,.T.);
#6365=EDGE_CURVE('',#5191,#5190,#7626,.T.);
#6366=EDGE_CURVE('',#5188,#5191,#133,.T.);
#6367=EDGE_CURVE('',#5191,#4985,#7627,.T.);
#6368=EDGE_CURVE('',#5011,#5189,#7628,.T.);
#6369=EDGE_CURVE('',#5190,#4986,#7629,.T.);
#6370=EDGE_CURVE('',#5010,#5186,#7630,.T.);
#6371=EDGE_CURVE('',#4912,#5192,#7631,.T.);
#6372=EDGE_CURVE('',#4915,#5193,#7632,.T.);
#6373=EDGE_CURVE('',#5192,#5193,#7633,.T.);
#6374=EDGE_CURVE('',#5194,#4913,#7634,.T.);
#6375=EDGE_CURVE('',#5192,#5195,#7635,.T.);
#6376=EDGE_CURVE('',#5195,#5196,#7636,.T.);
#6377=EDGE_CURVE('',#5196,#5197,#7637,.T.);
#6378=EDGE_CURVE('',#5197,#5194,#7638,.T.);
#6379=EDGE_CURVE('',#5198,#4914,#7639,.T.);
#6380=EDGE_CURVE('',#5199,#5198,#7640,.T.);
#6381=EDGE_CURVE('',#5200,#5199,#7641,.T.);
#6382=EDGE_CURVE('',#5201,#5200,#7642,.T.);
#6383=EDGE_CURVE('',#5193,#5201,#7643,.T.);
#6384=EDGE_CURVE('',#5195,#5201,#7644,.T.);
#6385=EDGE_CURVE('',#5196,#5200,#7645,.T.);
#6386=EDGE_CURVE('',#5197,#5199,#7646,.T.);
#6387=EDGE_CURVE('',#5194,#5198,#7647,.T.);
#6388=EDGE_CURVE('',#5202,#4749,#7648,.T.);
#6389=EDGE_CURVE('',#5040,#5202,#134,.T.);
#6390=EDGE_CURVE('',#5203,#4750,#7649,.T.);
#6391=EDGE_CURVE('',#5039,#5203,#135,.T.);
#6392=EDGE_CURVE('',#5202,#5203,#7650,.T.);
#6393=EDGE_CURVE('',#5204,#5205,#7651,.T.);
#6394=EDGE_CURVE('',#5206,#5205,#7652,.T.);
#6395=EDGE_CURVE('',#5207,#5206,#7653,.T.);
#6396=EDGE_CURVE('',#5207,#5204,#7654,.T.);
#6397=EDGE_CURVE('',#5205,#5208,#136,.T.);
#6398=EDGE_CURVE('',#5209,#5208,#7655,.T.);
#6399=EDGE_CURVE('',#5206,#5209,#137,.T.);
#6400=EDGE_CURVE('',#5209,#4987,#7656,.T.);
#6401=EDGE_CURVE('',#5009,#5207,#7657,.T.);
#6402=EDGE_CURVE('',#5208,#4988,#7658,.T.);
#6403=EDGE_CURVE('',#5008,#5204,#7659,.T.);
#6404=EDGE_CURVE('',#4916,#5210,#7660,.T.);
#6405=EDGE_CURVE('',#4919,#5211,#7661,.T.);
#6406=EDGE_CURVE('',#5210,#5211,#7662,.T.);
#6407=EDGE_CURVE('',#5212,#4917,#7663,.T.);
#6408=EDGE_CURVE('',#5210,#5213,#7664,.T.);
#6409=EDGE_CURVE('',#5213,#5214,#7665,.T.);
#6410=EDGE_CURVE('',#5214,#5215,#7666,.T.);
#6411=EDGE_CURVE('',#5215,#5212,#7667,.T.);
#6412=EDGE_CURVE('',#5216,#4918,#7668,.T.);
#6413=EDGE_CURVE('',#5217,#5216,#7669,.T.);
#6414=EDGE_CURVE('',#5218,#5217,#7670,.T.);
#6415=EDGE_CURVE('',#5219,#5218,#7671,.T.);
#6416=EDGE_CURVE('',#5211,#5219,#7672,.T.);
#6417=EDGE_CURVE('',#5213,#5219,#7673,.T.);
#6418=EDGE_CURVE('',#5214,#5218,#7674,.T.);
#6419=EDGE_CURVE('',#5215,#5217,#7675,.T.);
#6420=EDGE_CURVE('',#5212,#5216,#7676,.T.);
#6421=EDGE_CURVE('',#5220,#4753,#7677,.T.);
#6422=EDGE_CURVE('',#5038,#5220,#138,.T.);
#6423=EDGE_CURVE('',#5221,#4754,#7678,.T.);
#6424=EDGE_CURVE('',#5037,#5221,#139,.T.);
#6425=EDGE_CURVE('',#5220,#5221,#7679,.T.);
#6426=EDGE_CURVE('',#5222,#5223,#7680,.T.);
#6427=EDGE_CURVE('',#5224,#5223,#7681,.T.);
#6428=EDGE_CURVE('',#5225,#5224,#7682,.T.);
#6429=EDGE_CURVE('',#5225,#5222,#7683,.T.);
#6430=EDGE_CURVE('',#5223,#5226,#140,.T.);
#6431=EDGE_CURVE('',#5227,#5226,#7684,.T.);
#6432=EDGE_CURVE('',#5224,#5227,#141,.T.);
#6433=EDGE_CURVE('',#5227,#4989,#7685,.T.);
#6434=EDGE_CURVE('',#5007,#5225,#7686,.T.);
#6435=EDGE_CURVE('',#5226,#4990,#7687,.T.);
#6436=EDGE_CURVE('',#5006,#5222,#7688,.T.);
#6437=EDGE_CURVE('',#4920,#5228,#7689,.T.);
#6438=EDGE_CURVE('',#4923,#5229,#7690,.T.);
#6439=EDGE_CURVE('',#5228,#5229,#7691,.T.);
#6440=EDGE_CURVE('',#5230,#4921,#7692,.T.);
#6441=EDGE_CURVE('',#5228,#5231,#7693,.T.);
#6442=EDGE_CURVE('',#5231,#5232,#7694,.T.);
#6443=EDGE_CURVE('',#5232,#5233,#7695,.T.);
#6444=EDGE_CURVE('',#5233,#5230,#7696,.T.);
#6445=EDGE_CURVE('',#5234,#4922,#7697,.T.);
#6446=EDGE_CURVE('',#5235,#5234,#7698,.T.);
#6447=EDGE_CURVE('',#5236,#5235,#7699,.T.);
#6448=EDGE_CURVE('',#5237,#5236,#7700,.T.);
#6449=EDGE_CURVE('',#5229,#5237,#7701,.T.);
#6450=EDGE_CURVE('',#5231,#5237,#7702,.T.);
#6451=EDGE_CURVE('',#5232,#5236,#7703,.T.);
#6452=EDGE_CURVE('',#5233,#5235,#7704,.T.);
#6453=EDGE_CURVE('',#5230,#5234,#7705,.T.);
#6454=EDGE_CURVE('',#5238,#4757,#7706,.T.);
#6455=EDGE_CURVE('',#5036,#5238,#142,.T.);
#6456=EDGE_CURVE('',#5239,#4758,#7707,.T.);
#6457=EDGE_CURVE('',#5035,#5239,#143,.T.);
#6458=EDGE_CURVE('',#5238,#5239,#7708,.T.);
#6459=EDGE_CURVE('',#5240,#5241,#7709,.T.);
#6460=EDGE_CURVE('',#5242,#5241,#7710,.T.);
#6461=EDGE_CURVE('',#5243,#5242,#7711,.T.);
#6462=EDGE_CURVE('',#5243,#5240,#7712,.T.);
#6463=EDGE_CURVE('',#5241,#5244,#144,.T.);
#6464=EDGE_CURVE('',#5245,#5244,#7713,.T.);
#6465=EDGE_CURVE('',#5242,#5245,#145,.T.);
#6466=EDGE_CURVE('',#5245,#4991,#7714,.T.);
#6467=EDGE_CURVE('',#5005,#5243,#7715,.T.);
#6468=EDGE_CURVE('',#5244,#4992,#7716,.T.);
#6469=EDGE_CURVE('',#5004,#5240,#7717,.T.);
#6470=EDGE_CURVE('',#4924,#5246,#7718,.T.);
#6471=EDGE_CURVE('',#4927,#5247,#7719,.T.);
#6472=EDGE_CURVE('',#5246,#5247,#7720,.T.);
#6473=EDGE_CURVE('',#5248,#4925,#7721,.T.);
#6474=EDGE_CURVE('',#5246,#5249,#7722,.T.);
#6475=EDGE_CURVE('',#5249,#5250,#7723,.T.);
#6476=EDGE_CURVE('',#5250,#5251,#7724,.T.);
#6477=EDGE_CURVE('',#5251,#5248,#7725,.T.);
#6478=EDGE_CURVE('',#5252,#4926,#7726,.T.);
#6479=EDGE_CURVE('',#5253,#5252,#7727,.T.);
#6480=EDGE_CURVE('',#5254,#5253,#7728,.T.);
#6481=EDGE_CURVE('',#5255,#5254,#7729,.T.);
#6482=EDGE_CURVE('',#5247,#5255,#7730,.T.);
#6483=EDGE_CURVE('',#5249,#5255,#7731,.T.);
#6484=EDGE_CURVE('',#5250,#5254,#7732,.T.);
#6485=EDGE_CURVE('',#5251,#5253,#7733,.T.);
#6486=EDGE_CURVE('',#5248,#5252,#7734,.T.);
#6487=EDGE_CURVE('',#5256,#4761,#7735,.T.);
#6488=EDGE_CURVE('',#5034,#5256,#146,.T.);
#6489=EDGE_CURVE('',#5257,#4762,#7736,.T.);
#6490=EDGE_CURVE('',#5033,#5257,#147,.T.);
#6491=EDGE_CURVE('',#5256,#5257,#7737,.T.);
#6492=EDGE_CURVE('',#5258,#5259,#7738,.T.);
#6493=EDGE_CURVE('',#5260,#5259,#7739,.T.);
#6494=EDGE_CURVE('',#5261,#5260,#7740,.T.);
#6495=EDGE_CURVE('',#5261,#5258,#7741,.T.);
#6496=EDGE_CURVE('',#5259,#5262,#148,.T.);
#6497=EDGE_CURVE('',#5263,#5262,#7742,.T.);
#6498=EDGE_CURVE('',#5260,#5263,#149,.T.);
#6499=EDGE_CURVE('',#5263,#4993,#7743,.T.);
#6500=EDGE_CURVE('',#5003,#5261,#7744,.T.);
#6501=EDGE_CURVE('',#5262,#4994,#7745,.T.);
#6502=EDGE_CURVE('',#5002,#5258,#7746,.T.);
#6503=EDGE_CURVE('',#4928,#5264,#7747,.T.);
#6504=EDGE_CURVE('',#4931,#5265,#7748,.T.);
#6505=EDGE_CURVE('',#5264,#5265,#7749,.T.);
#6506=EDGE_CURVE('',#5266,#4929,#7750,.T.);
#6507=EDGE_CURVE('',#5264,#5267,#7751,.T.);
#6508=EDGE_CURVE('',#5267,#5268,#7752,.T.);
#6509=EDGE_CURVE('',#5268,#5269,#7753,.T.);
#6510=EDGE_CURVE('',#5269,#5266,#7754,.T.);
#6511=EDGE_CURVE('',#5270,#4930,#7755,.T.);
#6512=EDGE_CURVE('',#5271,#5270,#7756,.T.);
#6513=EDGE_CURVE('',#5272,#5271,#7757,.T.);
#6514=EDGE_CURVE('',#5273,#5272,#7758,.T.);
#6515=EDGE_CURVE('',#5265,#5273,#7759,.T.);
#6516=EDGE_CURVE('',#5267,#5273,#7760,.T.);
#6517=EDGE_CURVE('',#5268,#5272,#7761,.T.);
#6518=EDGE_CURVE('',#5269,#5271,#7762,.T.);
#6519=EDGE_CURVE('',#5266,#5270,#7763,.T.);
#6520=EDGE_CURVE('',#5274,#4765,#7764,.T.);
#6521=EDGE_CURVE('',#5032,#5274,#150,.T.);
#6522=EDGE_CURVE('',#5275,#4766,#7765,.T.);
#6523=EDGE_CURVE('',#5031,#5275,#151,.T.);
#6524=EDGE_CURVE('',#5274,#5275,#7766,.T.);
#6525=EDGE_CURVE('',#5276,#5277,#7767,.T.);
#6526=EDGE_CURVE('',#5278,#5277,#7768,.T.);
#6527=EDGE_CURVE('',#5279,#5278,#7769,.T.);
#6528=EDGE_CURVE('',#5279,#5276,#7770,.T.);
#6529=EDGE_CURVE('',#5277,#5280,#152,.T.);
#6530=EDGE_CURVE('',#5281,#5280,#7771,.T.);
#6531=EDGE_CURVE('',#5278,#5281,#153,.T.);
#6532=EDGE_CURVE('',#5281,#4995,#7772,.T.);
#6533=EDGE_CURVE('',#5001,#5279,#7773,.T.);
#6534=EDGE_CURVE('',#5280,#4996,#7774,.T.);
#6535=EDGE_CURVE('',#5000,#5276,#7775,.T.);
#6536=EDGE_CURVE('',#4932,#5282,#7776,.T.);
#6537=EDGE_CURVE('',#4935,#5283,#7777,.T.);
#6538=EDGE_CURVE('',#5282,#5283,#7778,.T.);
#6539=EDGE_CURVE('',#5284,#4933,#7779,.T.);
#6540=EDGE_CURVE('',#5282,#5285,#7780,.T.);
#6541=EDGE_CURVE('',#5285,#5286,#7781,.T.);
#6542=EDGE_CURVE('',#5286,#5287,#7782,.T.);
#6543=EDGE_CURVE('',#5287,#5284,#7783,.T.);
#6544=EDGE_CURVE('',#5288,#4934,#7784,.T.);
#6545=EDGE_CURVE('',#5289,#5288,#7785,.T.);
#6546=EDGE_CURVE('',#5290,#5289,#7786,.T.);
#6547=EDGE_CURVE('',#5291,#5290,#7787,.T.);
#6548=EDGE_CURVE('',#5283,#5291,#7788,.T.);
#6549=EDGE_CURVE('',#5285,#5291,#7789,.T.);
#6550=EDGE_CURVE('',#5286,#5290,#7790,.T.);
#6551=EDGE_CURVE('',#5287,#5289,#7791,.T.);
#6552=EDGE_CURVE('',#5284,#5288,#7792,.T.);
#6553=EDGE_CURVE('',#5292,#4708,#7793,.T.);
#6554=EDGE_CURVE('',#5030,#5292,#154,.T.);
#6555=EDGE_CURVE('',#5293,#4710,#7794,.T.);
#6556=EDGE_CURVE('',#5029,#5293,#155,.T.);
#6557=EDGE_CURVE('',#5292,#5293,#7795,.T.);
#6558=EDGE_CURVE('',#5294,#5295,#7796,.T.);
#6559=EDGE_CURVE('',#5296,#5295,#7797,.T.);
#6560=EDGE_CURVE('',#5297,#5296,#7798,.T.);
#6561=EDGE_CURVE('',#5297,#5294,#7799,.T.);
#6562=EDGE_CURVE('',#5295,#5298,#156,.T.);
#6563=EDGE_CURVE('',#5299,#5298,#7800,.T.);
#6564=EDGE_CURVE('',#5296,#5299,#157,.T.);
#6565=EDGE_CURVE('',#5299,#4967,#7801,.T.);
#6566=EDGE_CURVE('',#4999,#5297,#7802,.T.);
#6567=EDGE_CURVE('',#5298,#4968,#7803,.T.);
#6568=EDGE_CURVE('',#5026,#5294,#7804,.T.);
#6569=EDGE_CURVE('',#4867,#5300,#7805,.T.);
#6570=EDGE_CURVE('',#4869,#5301,#7806,.T.);
#6571=EDGE_CURVE('',#5300,#5301,#7807,.T.);
#6572=EDGE_CURVE('',#5302,#4866,#7808,.T.);
#6573=EDGE_CURVE('',#5300,#5303,#7809,.T.);
#6574=EDGE_CURVE('',#5303,#5304,#7810,.T.);
#6575=EDGE_CURVE('',#5304,#5305,#7811,.T.);
#6576=EDGE_CURVE('',#5305,#5302,#7812,.T.);
#6577=EDGE_CURVE('',#5306,#4868,#7813,.T.);
#6578=EDGE_CURVE('',#5307,#5306,#7814,.T.);
#6579=EDGE_CURVE('',#5308,#5307,#7815,.T.);
#6580=EDGE_CURVE('',#5309,#5308,#7816,.T.);
#6581=EDGE_CURVE('',#5301,#5309,#7817,.T.);
#6582=EDGE_CURVE('',#5303,#5309,#7818,.T.);
#6583=EDGE_CURVE('',#5304,#5308,#7819,.T.);
#6584=EDGE_CURVE('',#5305,#5307,#7820,.T.);
#6585=EDGE_CURVE('',#5302,#5306,#7821,.T.);
#6586=EDGE_CURVE('',#5310,#5311,#7822,.T.);
#6587=EDGE_CURVE('',#5312,#5311,#7823,.T.);
#6588=EDGE_CURVE('',#5313,#5312,#7824,.T.);
#6589=EDGE_CURVE('',#5313,#5310,#7825,.T.);
#6590=EDGE_CURVE('',#5311,#5314,#7826,.T.);
#6591=EDGE_CURVE('',#5315,#5314,#7827,.T.);
#6592=EDGE_CURVE('',#5312,#5315,#7828,.T.);
#6593=EDGE_CURVE('',#5314,#5316,#7829,.T.);
#6594=EDGE_CURVE('',#5317,#5316,#7830,.T.);
#6595=EDGE_CURVE('',#5315,#5317,#7831,.T.);
#6596=EDGE_CURVE('',#5316,#5318,#7832,.T.);
#6597=EDGE_CURVE('',#5319,#5318,#7833,.T.);
#6598=EDGE_CURVE('',#5317,#5319,#7834,.T.);
#6599=EDGE_CURVE('',#5318,#5320,#7835,.T.);
#6600=EDGE_CURVE('',#5321,#5320,#7836,.T.);
#6601=EDGE_CURVE('',#5319,#5321,#7837,.T.);
#6602=EDGE_CURVE('',#5320,#5322,#7838,.T.);
#6603=EDGE_CURVE('',#5323,#5322,#7839,.T.);
#6604=EDGE_CURVE('',#5321,#5323,#7840,.T.);
#6605=EDGE_CURVE('',#5322,#5324,#7841,.T.);
#6606=EDGE_CURVE('',#5325,#5324,#7842,.T.);
#6607=EDGE_CURVE('',#5323,#5325,#7843,.T.);
#6608=EDGE_CURVE('',#5324,#5326,#7844,.T.);
#6609=EDGE_CURVE('',#5327,#5326,#7845,.T.);
#6610=EDGE_CURVE('',#5325,#5327,#7846,.T.);
#6611=EDGE_CURVE('',#5326,#5328,#7847,.T.);
#6612=EDGE_CURVE('',#5329,#5328,#7848,.T.);
#6613=EDGE_CURVE('',#5327,#5329,#7849,.T.);
#6614=EDGE_CURVE('',#5328,#5330,#7850,.T.);
#6615=EDGE_CURVE('',#5331,#5330,#7851,.T.);
#6616=EDGE_CURVE('',#5329,#5331,#7852,.T.);
#6617=EDGE_CURVE('',#5330,#5332,#7853,.T.);
#6618=EDGE_CURVE('',#5333,#5332,#7854,.T.);
#6619=EDGE_CURVE('',#5331,#5333,#7855,.T.);
#6620=EDGE_CURVE('',#5332,#5334,#7856,.T.);
#6621=EDGE_CURVE('',#5335,#5334,#7857,.T.);
#6622=EDGE_CURVE('',#5333,#5335,#7858,.T.);
#6623=EDGE_CURVE('',#5334,#5336,#7859,.T.);
#6624=EDGE_CURVE('',#5337,#5336,#7860,.T.);
#6625=EDGE_CURVE('',#5335,#5337,#7861,.T.);
#6626=EDGE_CURVE('',#5336,#5338,#7862,.T.);
#6627=EDGE_CURVE('',#5339,#5338,#7863,.T.);
#6628=EDGE_CURVE('',#5337,#5339,#7864,.T.);
#6629=EDGE_CURVE('',#5338,#5340,#7865,.T.);
#6630=EDGE_CURVE('',#5341,#5340,#7866,.T.);
#6631=EDGE_CURVE('',#5339,#5341,#7867,.T.);
#6632=EDGE_CURVE('',#5340,#5310,#7868,.T.);
#6633=EDGE_CURVE('',#5341,#5313,#7869,.T.);
#6634=EDGE_CURVE('',#5342,#5343,#7870,.T.);
#6635=EDGE_CURVE('',#5343,#5344,#7871,.T.);
#6636=EDGE_CURVE('',#5345,#5344,#7872,.T.);
#6637=EDGE_CURVE('',#5345,#5342,#7873,.T.);
#6638=EDGE_CURVE('',#5343,#5346,#7874,.T.);
#6639=EDGE_CURVE('',#5346,#5347,#7875,.T.);
#6640=EDGE_CURVE('',#5344,#5347,#7876,.T.);
#6641=EDGE_CURVE('',#5346,#5348,#7877,.T.);
#6642=EDGE_CURVE('',#5349,#5348,#7878,.T.);
#6643=EDGE_CURVE('',#5347,#5349,#7879,.T.);
#6644=EDGE_CURVE('',#5350,#5348,#7880,.T.);
#6645=EDGE_CURVE('',#5350,#5351,#7881,.T.);
#6646=EDGE_CURVE('',#5351,#5349,#7882,.T.);
#6647=EDGE_CURVE('',#5352,#5350,#7883,.T.);
#6648=EDGE_CURVE('',#5352,#5353,#7884,.T.);
#6649=EDGE_CURVE('',#5353,#5351,#7885,.T.);
#6650=EDGE_CURVE('',#5354,#5352,#7886,.T.);
#6651=EDGE_CURVE('',#5354,#5355,#7887,.T.);
#6652=EDGE_CURVE('',#5355,#5353,#7888,.T.);
#6653=EDGE_CURVE('',#5356,#5354,#7889,.T.);
#6654=EDGE_CURVE('',#5356,#5357,#7890,.T.);
#6655=EDGE_CURVE('',#5357,#5355,#7891,.T.);
#6656=EDGE_CURVE('',#5358,#5356,#7892,.T.);
#6657=EDGE_CURVE('',#5358,#5359,#7893,.T.);
#6658=EDGE_CURVE('',#5359,#5357,#7894,.T.);
#6659=EDGE_CURVE('',#5360,#5358,#7895,.T.);
#6660=EDGE_CURVE('',#5360,#5361,#7896,.T.);
#6661=EDGE_CURVE('',#5361,#5359,#7897,.T.);
#6662=EDGE_CURVE('',#5362,#5360,#7898,.T.);
#6663=EDGE_CURVE('',#5362,#5363,#7899,.T.);
#6664=EDGE_CURVE('',#5363,#5361,#7900,.T.);
#6665=EDGE_CURVE('',#5364,#5362,#7901,.T.);
#6666=EDGE_CURVE('',#5364,#5365,#7902,.T.);
#6667=EDGE_CURVE('',#5365,#5363,#7903,.T.);
#6668=EDGE_CURVE('',#5366,#5364,#7904,.T.);
#6669=EDGE_CURVE('',#5367,#5366,#7905,.T.);
#6670=EDGE_CURVE('',#5367,#5365,#7906,.T.);
#6671=EDGE_CURVE('',#5366,#5368,#7907,.T.);
#6672=EDGE_CURVE('',#5369,#5368,#7908,.T.);
#6673=EDGE_CURVE('',#5367,#5369,#7909,.T.);
#6674=EDGE_CURVE('',#5368,#5370,#7910,.T.);
#6675=EDGE_CURVE('',#5371,#5370,#7911,.T.);
#6676=EDGE_CURVE('',#5369,#5371,#7912,.T.);
#6677=EDGE_CURVE('',#5370,#5372,#7913,.T.);
#6678=EDGE_CURVE('',#5373,#5372,#7914,.T.);
#6679=EDGE_CURVE('',#5371,#5373,#7915,.T.);
#6680=EDGE_CURVE('',#5372,#5342,#7916,.T.);
#6681=EDGE_CURVE('',#5373,#5345,#7917,.T.);
#6682=LINE('',#11936,#7918);
#6683=LINE('',#11939,#7919);
#6684=LINE('',#11941,#7920);
#6685=LINE('',#11943,#7921);
#6686=LINE('',#11945,#7922);
#6687=LINE('',#11948,#7923);
#6688=LINE('',#11950,#7924);
#6689=LINE('',#11952,#7925);
#6690=LINE('',#11954,#7926);
#6691=LINE('',#11957,#7927);
#6692=LINE('',#11959,#7928);
#6693=LINE('',#11961,#7929);
#6694=LINE('',#11963,#7930);
#6695=LINE('',#11966,#7931);
#6696=LINE('',#11968,#7932);
#6697=LINE('',#11970,#7933);
#6698=LINE('',#11972,#7934);
#6699=LINE('',#11974,#7935);
#6700=LINE('',#11976,#7936);
#6701=LINE('',#11978,#7937);
#6702=LINE('',#11980,#7938);
#6703=LINE('',#11982,#7939);
#6704=LINE('',#11984,#7940);
#6705=LINE('',#11986,#7941);
#6706=LINE('',#11988,#7942);
#6707=LINE('',#11990,#7943);
#6708=LINE('',#11991,#7944);
#6709=LINE('',#11993,#7945);
#6710=LINE('',#11995,#7946);
#6711=LINE('',#11997,#7947);
#6712=LINE('',#11999,#7948);
#6713=LINE('',#12001,#7949);
#6714=LINE('',#12004,#7950);
#6715=LINE('',#12006,#7951);
#6716=LINE('',#12008,#7952);
#6717=LINE('',#12009,#7953);
#6718=LINE('',#12012,#7954);
#6719=LINE('',#12014,#7955);
#6720=LINE('',#12016,#7956);
#6721=LINE('',#12018,#7957);
#6722=LINE('',#12020,#7958);
#6723=LINE('',#12022,#7959);
#6724=LINE('',#12024,#7960);
#6725=LINE('',#12027,#7961);
#6726=LINE('',#12029,#7962);
#6727=LINE('',#12031,#7963);
#6728=LINE('',#12033,#7964);
#6729=LINE('',#12035,#7965);
#6730=LINE('',#12037,#7966);
#6731=LINE('',#12039,#7967);
#6732=LINE('',#12041,#7968);
#6733=LINE('',#12043,#7969);
#6734=LINE('',#12045,#7970);
#6735=LINE('',#12047,#7971);
#6736=LINE('',#12049,#7972);
#6737=LINE('',#12051,#7973);
#6738=LINE('',#12053,#7974);
#6739=LINE('',#12055,#7975);
#6740=LINE('',#12057,#7976);
#6741=LINE('',#12059,#7977);
#6742=LINE('',#12061,#7978);
#6743=LINE('',#12063,#7979);
#6744=LINE('',#12068,#7980);
#6745=LINE('',#12072,#7981);
#6746=LINE('',#12076,#7982);
#6747=LINE('',#12080,#7983);
#6748=LINE('',#12081,#7984);
#6749=LINE('',#12083,#7985);
#6750=LINE('',#12084,#7986);
#6751=LINE('',#12086,#7987);
#6752=LINE('',#12088,#7988);
#6753=LINE('',#12090,#7989);
#6754=LINE('',#12092,#7990);
#6755=LINE('',#12095,#7991);
#6756=LINE('',#12096,#7992);
#6757=LINE('',#12098,#7993);
#6758=LINE('',#12100,#7994);
#6759=LINE('',#12102,#7995);
#6760=LINE('',#12104,#7996);
#6761=LINE('',#12106,#7997);
#6762=LINE('',#12108,#7998);
#6763=LINE('',#12110,#7999);
#6764=LINE('',#12112,#8000);
#6765=LINE('',#12114,#8001);
#6766=LINE('',#12116,#8002);
#6767=LINE('',#12119,#8003);
#6768=LINE('',#12120,#8004);
#6769=LINE('',#12122,#8005);
#6770=LINE('',#12127,#8006);
#6771=LINE('',#12128,#8007);
#6772=LINE('',#12130,#8008);
#6773=LINE('',#12132,#8009);
#6774=LINE('',#12134,#8010);
#6775=LINE('',#12136,#8011);
#6776=LINE('',#12138,#8012);
#6777=LINE('',#12140,#8013);
#6778=LINE('',#12141,#8014);
#6779=LINE('',#12143,#8015);
#6780=LINE('',#12145,#8016);
#6781=LINE('',#12147,#8017);
#6782=LINE('',#12148,#8018);
#6783=LINE('',#12151,#8019);
#6784=LINE('',#12153,#8020);
#6785=LINE('',#12155,#8021);
#6786=LINE('',#12157,#8022);
#6787=LINE('',#12159,#8023);
#6788=LINE('',#12161,#8024);
#6789=LINE('',#12163,#8025);
#6790=LINE('',#12165,#8026);
#6791=LINE('',#12166,#8027);
#6792=LINE('',#12168,#8028);
#6793=LINE('',#12170,#8029);
#6794=LINE('',#12172,#8030);
#6795=LINE('',#12174,#8031);
#6796=LINE('',#12176,#8032);
#6797=LINE('',#12178,#8033);
#6798=LINE('',#12179,#8034);
#6799=LINE('',#12181,#8035);
#6800=LINE('',#12183,#8036);
#6801=LINE('',#12185,#8037);
#6802=LINE('',#12188,#8038);
#6803=LINE('',#12189,#8039);
#6804=LINE('',#12190,#8040);
#6805=LINE('',#12192,#8041);
#6806=LINE('',#12194,#8042);
#6807=LINE('',#12196,#8043);
#6808=LINE('',#12198,#8044);
#6809=LINE('',#12199,#8045);
#6810=LINE('',#12202,#8046);
#6811=LINE('',#12204,#8047);
#6812=LINE('',#12206,#8048);
#6813=LINE('',#12208,#8049);
#6814=LINE('',#12210,#8050);
#6815=LINE('',#12212,#8051);
#6816=LINE('',#12214,#8052);
#6817=LINE('',#12216,#8053);
#6818=LINE('',#12218,#8054);
#6819=LINE('',#12220,#8055);
#6820=LINE('',#12222,#8056);
#6821=LINE('',#12224,#8057);
#6822=LINE('',#12225,#8058);
#6823=LINE('',#12227,#8059);
#6824=LINE('',#12229,#8060);
#6825=LINE('',#12232,#8061);
#6826=LINE('',#12234,#8062);
#6827=LINE('',#12236,#8063);
#6828=LINE('',#12238,#8064);
#6829=LINE('',#12240,#8065);
#6830=LINE('',#12241,#8066);
#6831=LINE('',#12243,#8067);
#6832=LINE('',#12245,#8068);
#6833=LINE('',#12247,#8069);
#6834=LINE('',#12249,#8070);
#6835=LINE('',#12251,#8071);
#6836=LINE('',#12253,#8072);
#6837=LINE('',#12255,#8073);
#6838=LINE('',#12256,#8074);
#6839=LINE('',#12258,#8075);
#6840=LINE('',#12260,#8076);
#6841=LINE('',#12262,#8077);
#6842=LINE('',#12265,#8078);
#6843=LINE('',#12267,#8079);
#6844=LINE('',#12268,#8080);
#6845=LINE('',#12270,#8081);
#6846=LINE('',#12272,#8082);
#6847=LINE('',#12275,#8083);
#6848=LINE('',#12276,#8084);
#6849=LINE('',#12278,#8085);
#6850=LINE('',#12279,#8086);
#6851=LINE('',#12281,#8087);
#6852=LINE('',#12283,#8088);
#6853=LINE('',#12285,#8089);
#6854=LINE('',#12287,#8090);
#6855=LINE('',#12289,#8091);
#6856=LINE('',#12291,#8092);
#6857=LINE('',#12292,#8093);
#6858=LINE('',#12294,#8094);
#6859=LINE('',#12296,#8095);
#6860=LINE('',#12299,#8096);
#6861=LINE('',#12300,#8097);
#6862=LINE('',#12302,#8098);
#6863=LINE('',#12303,#8099);
#6864=LINE('',#12305,#8100);
#6865=LINE('',#12308,#8101);
#6866=LINE('',#12309,#8102);
#6867=LINE('',#12311,#8103);
#6868=LINE('',#12313,#8104);
#6869=LINE('',#12316,#8105);
#6870=LINE('',#12318,#8106);
#6871=LINE('',#12320,#8107);
#6872=LINE('',#12321,#8108);
#6873=LINE('',#12323,#8109);
#6874=LINE('',#12325,#8110);
#6875=LINE('',#12327,#8111);
#6876=LINE('',#12328,#8112);
#6877=LINE('',#12330,#8113);
#6878=LINE('',#12332,#8114);
#6879=LINE('',#12334,#8115);
#6880=LINE('',#12336,#8116);
#6881=LINE('',#12339,#8117);
#6882=LINE('',#12341,#8118);
#6883=LINE('',#12342,#8119);
#6884=LINE('',#12343,#8120);
#6885=LINE('',#12344,#8121);
#6886=LINE('',#12346,#8122);
#6887=LINE('',#12347,#8123);
#6888=LINE('',#12349,#8124);
#6889=LINE('',#12351,#8125);
#6890=LINE('',#12352,#8126);
#6891=LINE('',#12354,#8127);
#6892=LINE('',#12356,#8128);
#6893=LINE('',#12358,#8129);
#6894=LINE('',#12360,#8130);
#6895=LINE('',#12363,#8131);
#6896=LINE('',#12365,#8132);
#6897=LINE('',#12367,#8133);
#6898=LINE('',#12369,#8134);
#6899=LINE('',#12371,#8135);
#6900=LINE('',#12373,#8136);
#6901=LINE('',#12374,#8137);
#6902=LINE('',#12376,#8138);
#6903=LINE('',#12378,#8139);
#6904=LINE('',#12380,#8140);
#6905=LINE('',#12382,#8141);
#6906=LINE('',#12384,#8142);
#6907=LINE('',#12385,#8143);
#6908=LINE('',#12388,#8144);
#6909=LINE('',#12389,#8145);
#6910=LINE('',#12390,#8146);
#6911=LINE('',#12392,#8147);
#6912=LINE('',#12395,#8148);
#6913=LINE('',#12397,#8149);
#6914=LINE('',#12399,#8150);
#6915=LINE('',#12401,#8151);
#6916=LINE('',#12403,#8152);
#6917=LINE('',#12405,#8153);
#6918=LINE('',#12407,#8154);
#6919=LINE('',#12408,#8155);
#6920=LINE('',#12412,#8156);
#6921=LINE('',#12415,#8157);
#6922=LINE('',#12417,#8158);
#6923=LINE('',#12419,#8159);
#6924=LINE('',#12421,#8160);
#6925=LINE('',#12422,#8161);
#6926=LINE('',#12424,#8162);
#6927=LINE('',#12425,#8163);
#6928=LINE('',#12432,#8164);
#6929=LINE('',#12434,#8165);
#6930=LINE('',#12436,#8166);
#6931=LINE('',#12438,#8167);
#6932=LINE('',#12440,#8168);
#6933=LINE('',#12443,#8169);
#6934=LINE('',#12444,#8170);
#6935=LINE('',#12446,#8171);
#6936=LINE('',#12453,#8172);
#6937=LINE('',#12457,#8173);
#6938=LINE('',#12458,#8174);
#6939=LINE('',#12460,#8175);
#6940=LINE('',#12462,#8176);
#6941=LINE('',#12467,#8177);
#6942=LINE('',#12468,#8178);
#6943=LINE('',#12470,#8179);
#6944=LINE('',#12472,#8180);
#6945=LINE('',#12474,#8181);
#6946=LINE('',#12476,#8182);
#6947=LINE('',#12478,#8183);
#6948=LINE('',#12480,#8184);
#6949=LINE('',#12482,#8185);
#6950=LINE('',#12484,#8186);
#6951=LINE('',#12486,#8187);
#6952=LINE('',#12488,#8188);
#6953=LINE('',#12491,#8189);
#6954=LINE('',#12494,#8190);
#6955=LINE('',#12496,#8191);
#6956=LINE('',#12498,#8192);
#6957=LINE('',#12500,#8193);
#6958=LINE('',#12502,#8194);
#6959=LINE('',#12504,#8195);
#6960=LINE('',#12506,#8196);
#6961=LINE('',#12508,#8197);
#6962=LINE('',#12510,#8198);
#6963=LINE('',#12512,#8199);
#6964=LINE('',#12514,#8200);
#6965=LINE('',#12516,#8201);
#6966=LINE('',#12518,#8202);
#6967=LINE('',#12520,#8203);
#6968=LINE('',#12522,#8204);
#6969=LINE('',#12524,#8205);
#6970=LINE('',#12526,#8206);
#6971=LINE('',#12528,#8207);
#6972=LINE('',#12530,#8208);
#6973=LINE('',#12532,#8209);
#6974=LINE('',#12534,#8210);
#6975=LINE('',#12536,#8211);
#6976=LINE('',#12538,#8212);
#6977=LINE('',#12540,#8213);
#6978=LINE('',#12542,#8214);
#6979=LINE('',#12544,#8215);
#6980=LINE('',#12546,#8216);
#6981=LINE('',#12548,#8217);
#6982=LINE('',#12550,#8218);
#6983=LINE('',#12552,#8219);
#6984=LINE('',#12554,#8220);
#6985=LINE('',#12556,#8221);
#6986=LINE('',#12558,#8222);
#6987=LINE('',#12560,#8223);
#6988=LINE('',#12562,#8224);
#6989=LINE('',#12564,#8225);
#6990=LINE('',#12566,#8226);
#6991=LINE('',#12568,#8227);
#6992=LINE('',#12570,#8228);
#6993=LINE('',#12572,#8229);
#6994=LINE('',#12574,#8230);
#6995=LINE('',#12576,#8231);
#6996=LINE('',#12578,#8232);
#6997=LINE('',#12580,#8233);
#6998=LINE('',#12582,#8234);
#6999=LINE('',#12584,#8235);
#7000=LINE('',#12586,#8236);
#7001=LINE('',#12588,#8237);
#7002=LINE('',#12590,#8238);
#7003=LINE('',#12592,#8239);
#7004=LINE('',#12594,#8240);
#7005=LINE('',#12596,#8241);
#7006=LINE('',#12598,#8242);
#7007=LINE('',#12600,#8243);
#7008=LINE('',#12602,#8244);
#7009=LINE('',#12604,#8245);
#7010=LINE('',#12606,#8246);
#7011=LINE('',#12608,#8247);
#7012=LINE('',#12610,#8248);
#7013=LINE('',#12612,#8249);
#7014=LINE('',#12614,#8250);
#7015=LINE('',#12616,#8251);
#7016=LINE('',#12617,#8252);
#7017=LINE('',#12619,#8253);
#7018=LINE('',#12621,#8254);
#7019=LINE('',#12623,#8255);
#7020=LINE('',#12625,#8256);
#7021=LINE('',#12627,#8257);
#7022=LINE('',#12629,#8258);
#7023=LINE('',#12633,#8259);
#7024=LINE('',#12635,#8260);
#7025=LINE('',#12637,#8261);
#7026=LINE('',#12639,#8262);
#7027=LINE('',#12641,#8263);
#7028=LINE('',#12644,#8264);
#7029=LINE('',#12646,#8265);
#7030=LINE('',#12648,#8266);
#7031=LINE('',#12650,#8267);
#7032=LINE('',#12653,#8268);
#7033=LINE('',#12655,#8269);
#7034=LINE('',#12657,#8270);
#7035=LINE('',#12659,#8271);
#7036=LINE('',#12662,#8272);
#7037=LINE('',#12664,#8273);
#7038=LINE('',#12666,#8274);
#7039=LINE('',#12668,#8275);
#7040=LINE('',#12671,#8276);
#7041=LINE('',#12673,#8277);
#7042=LINE('',#12675,#8278);
#7043=LINE('',#12677,#8279);
#7044=LINE('',#12680,#8280);
#7045=LINE('',#12682,#8281);
#7046=LINE('',#12684,#8282);
#7047=LINE('',#12686,#8283);
#7048=LINE('',#12689,#8284);
#7049=LINE('',#12691,#8285);
#7050=LINE('',#12693,#8286);
#7051=LINE('',#12695,#8287);
#7052=LINE('',#12698,#8288);
#7053=LINE('',#12700,#8289);
#7054=LINE('',#12702,#8290);
#7055=LINE('',#12704,#8291);
#7056=LINE('',#12707,#8292);
#7057=LINE('',#12709,#8293);
#7058=LINE('',#12711,#8294);
#7059=LINE('',#12713,#8295);
#7060=LINE('',#12716,#8296);
#7061=LINE('',#12718,#8297);
#7062=LINE('',#12720,#8298);
#7063=LINE('',#12722,#8299);
#7064=LINE('',#12725,#8300);
#7065=LINE('',#12727,#8301);
#7066=LINE('',#12729,#8302);
#7067=LINE('',#12731,#8303);
#7068=LINE('',#12734,#8304);
#7069=LINE('',#12736,#8305);
#7070=LINE('',#12738,#8306);
#7071=LINE('',#12740,#8307);
#7072=LINE('',#12743,#8308);
#7073=LINE('',#12745,#8309);
#7074=LINE('',#12747,#8310);
#7075=LINE('',#12749,#8311);
#7076=LINE('',#12752,#8312);
#7077=LINE('',#12754,#8313);
#7078=LINE('',#12756,#8314);
#7079=LINE('',#12758,#8315);
#7080=LINE('',#12761,#8316);
#7081=LINE('',#12763,#8317);
#7082=LINE('',#12765,#8318);
#7083=LINE('',#12767,#8319);
#7084=LINE('',#12769,#8320);
#7085=LINE('',#12771,#8321);
#7086=LINE('',#12773,#8322);
#7087=LINE('',#12775,#8323);
#7088=LINE('',#12777,#8324);
#7089=LINE('',#12780,#8325);
#7090=LINE('',#12782,#8326);
#7091=LINE('',#12784,#8327);
#7092=LINE('',#12786,#8328);
#7093=LINE('',#12789,#8329);
#7094=LINE('',#12791,#8330);
#7095=LINE('',#12793,#8331);
#7096=LINE('',#12795,#8332);
#7097=LINE('',#12797,#8333);
#7098=LINE('',#12799,#8334);
#7099=LINE('',#12801,#8335);
#7100=LINE('',#12803,#8336);
#7101=LINE('',#12805,#8337);
#7102=LINE('',#12807,#8338);
#7103=LINE('',#12809,#8339);
#7104=LINE('',#12811,#8340);
#7105=LINE('',#12813,#8341);
#7106=LINE('',#12816,#8342);
#7107=LINE('',#12817,#8343);
#7108=LINE('',#12819,#8344);
#7109=LINE('',#12822,#8345);
#7110=LINE('',#12825,#8346);
#7111=LINE('',#12827,#8347);
#7112=LINE('',#12829,#8348);
#7113=LINE('',#12831,#8349);
#7114=LINE('',#12833,#8350);
#7115=LINE('',#12835,#8351);
#7116=LINE('',#12837,#8352);
#7117=LINE('',#12841,#8353);
#7118=LINE('',#12843,#8354);
#7119=LINE('',#12844,#8355);
#7120=LINE('',#12846,#8356);
#7121=LINE('',#12849,#8357);
#7122=LINE('',#12851,#8358);
#7123=LINE('',#12853,#8359);
#7124=LINE('',#12855,#8360);
#7125=LINE('',#12857,#8361);
#7126=LINE('',#12859,#8362);
#7127=LINE('',#12861,#8363);
#7128=LINE('',#12863,#8364);
#7129=LINE('',#12865,#8365);
#7130=LINE('',#12866,#8366);
#7131=LINE('',#12868,#8367);
#7132=LINE('',#12870,#8368);
#7133=LINE('',#12872,#8369);
#7134=LINE('',#12874,#8370);
#7135=LINE('',#12875,#8371);
#7136=LINE('',#12877,#8372);
#7137=LINE('',#12878,#8373);
#7138=LINE('',#12880,#8374);
#7139=LINE('',#12882,#8375);
#7140=LINE('',#12884,#8376);
#7141=LINE('',#12886,#8377);
#7142=LINE('',#12888,#8378);
#7143=LINE('',#12890,#8379);
#7144=LINE('',#12892,#8380);
#7145=LINE('',#12894,#8381);
#7146=LINE('',#12896,#8382);
#7147=LINE('',#12898,#8383);
#7148=LINE('',#12900,#8384);
#7149=LINE('',#12902,#8385);
#7150=LINE('',#12904,#8386);
#7151=LINE('',#12906,#8387);
#7152=LINE('',#12908,#8388);
#7153=LINE('',#12910,#8389);
#7154=LINE('',#12912,#8390);
#7155=LINE('',#12914,#8391);
#7156=LINE('',#12916,#8392);
#7157=LINE('',#12918,#8393);
#7158=LINE('',#12920,#8394);
#7159=LINE('',#12922,#8395);
#7160=LINE('',#12924,#8396);
#7161=LINE('',#12926,#8397);
#7162=LINE('',#12928,#8398);
#7163=LINE('',#12930,#8399);
#7164=LINE('',#12932,#8400);
#7165=LINE('',#12934,#8401);
#7166=LINE('',#12936,#8402);
#7167=LINE('',#12938,#8403);
#7168=LINE('',#12940,#8404);
#7169=LINE('',#12942,#8405);
#7170=LINE('',#12944,#8406);
#7171=LINE('',#12946,#8407);
#7172=LINE('',#12948,#8408);
#7173=LINE('',#12950,#8409);
#7174=LINE('',#12952,#8410);
#7175=LINE('',#12954,#8411);
#7176=LINE('',#12956,#8412);
#7177=LINE('',#12958,#8413);
#7178=LINE('',#12960,#8414);
#7179=LINE('',#12962,#8415);
#7180=LINE('',#12964,#8416);
#7181=LINE('',#12966,#8417);
#7182=LINE('',#12968,#8418);
#7183=LINE('',#12970,#8419);
#7184=LINE('',#12972,#8420);
#7185=LINE('',#12974,#8421);
#7186=LINE('',#12976,#8422);
#7187=LINE('',#12978,#8423);
#7188=LINE('',#12980,#8424);
#7189=LINE('',#12982,#8425);
#7190=LINE('',#12984,#8426);
#7191=LINE('',#12986,#8427);
#7192=LINE('',#12988,#8428);
#7193=LINE('',#12990,#8429);
#7194=LINE('',#12992,#8430);
#7195=LINE('',#12994,#8431);
#7196=LINE('',#12995,#8432);
#7197=LINE('',#12997,#8433);
#7198=LINE('',#12998,#8434);
#7199=LINE('',#13000,#8435);
#7200=LINE('',#13002,#8436);
#7201=LINE('',#13006,#8437);
#7202=LINE('',#13008,#8438);
#7203=LINE('',#13009,#8439);
#7204=LINE('',#13011,#8440);
#7205=LINE('',#13012,#8441);
#7206=LINE('',#13014,#8442);
#7207=LINE('',#13016,#8443);
#7208=LINE('',#13017,#8444);
#7209=LINE('',#13019,#8445);
#7210=LINE('',#13021,#8446);
#7211=LINE('',#13023,#8447);
#7212=LINE('',#13025,#8448);
#7213=LINE('',#13027,#8449);
#7214=LINE('',#13028,#8450);
#7215=LINE('',#13030,#8451);
#7216=LINE('',#13032,#8452);
#7217=LINE('',#13034,#8453);
#7218=LINE('',#13036,#8454);
#7219=LINE('',#13038,#8455);
#7220=LINE('',#13040,#8456);
#7221=LINE('',#13042,#8457);
#7222=LINE('',#13043,#8458);
#7223=LINE('',#13044,#8459);
#7224=LINE('',#13046,#8460);
#7225=LINE('',#13047,#8461);
#7226=LINE('',#13048,#8462);
#7227=LINE('',#13049,#8463);
#7228=LINE('',#13050,#8464);
#7229=LINE('',#13051,#8465);
#7230=LINE('',#13052,#8466);
#7231=LINE('',#13053,#8467);
#7232=LINE('',#13054,#8468);
#7233=LINE('',#13055,#8469);
#7234=LINE('',#13056,#8470);
#7235=LINE('',#13057,#8471);
#7236=LINE('',#13058,#8472);
#7237=LINE('',#13059,#8473);
#7238=LINE('',#13060,#8474);
#7239=LINE('',#13061,#8475);
#7240=LINE('',#13062,#8476);
#7241=LINE('',#13064,#8477);
#7242=LINE('',#13066,#8478);
#7243=LINE('',#13068,#8479);
#7244=LINE('',#13070,#8480);
#7245=LINE('',#13072,#8481);
#7246=LINE('',#13074,#8482);
#7247=LINE('',#13076,#8483);
#7248=LINE('',#13077,#8484);
#7249=LINE('',#13079,#8485);
#7250=LINE('',#13081,#8486);
#7251=LINE('',#13083,#8487);
#7252=LINE('',#13088,#8488);
#7253=LINE('',#13090,#8489);
#7254=LINE('',#13091,#8490);
#7255=LINE('',#13093,#8491);
#7256=LINE('',#13095,#8492);
#7257=LINE('',#13097,#8493);
#7258=LINE('',#13101,#8494);
#7259=LINE('',#13103,#8495);
#7260=LINE('',#13106,#8496);
#7261=LINE('',#13107,#8497);
#7262=LINE('',#13109,#8498);
#7263=LINE('',#13111,#8499);
#7264=LINE('',#13112,#8500);
#7265=LINE('',#13117,#8501);
#7266=LINE('',#13119,#8502);
#7267=LINE('',#13121,#8503);
#7268=LINE('',#13123,#8504);
#7269=LINE('',#13125,#8505);
#7270=LINE('',#13127,#8506);
#7271=LINE('',#13129,#8507);
#7272=LINE('',#13131,#8508);
#7273=LINE('',#13132,#8509);
#7274=LINE('',#13134,#8510);
#7275=LINE('',#13136,#8511);
#7276=LINE('',#13138,#8512);
#7277=LINE('',#13140,#8513);
#7278=LINE('',#13141,#8514);
#7279=LINE('',#13143,#8515);
#7280=LINE('',#13145,#8516);
#7281=LINE('',#13146,#8517);
#7282=LINE('',#13148,#8518);
#7283=LINE('',#13150,#8519);
#7284=LINE('',#13151,#8520);
#7285=LINE('',#13153,#8521);
#7286=LINE('',#13155,#8522);
#7287=LINE('',#13156,#8523);
#7288=LINE('',#13158,#8524);
#7289=LINE('',#13160,#8525);
#7290=LINE('',#13161,#8526);
#7291=LINE('',#13163,#8527);
#7292=LINE('',#13165,#8528);
#7293=LINE('',#13166,#8529);
#7294=LINE('',#13168,#8530);
#7295=LINE('',#13170,#8531);
#7296=LINE('',#13171,#8532);
#7297=LINE('',#13173,#8533);
#7298=LINE('',#13175,#8534);
#7299=LINE('',#13176,#8535);
#7300=LINE('',#13178,#8536);
#7301=LINE('',#13180,#8537);
#7302=LINE('',#13181,#8538);
#7303=LINE('',#13183,#8539);
#7304=LINE('',#13185,#8540);
#7305=LINE('',#13186,#8541);
#7306=LINE('',#13188,#8542);
#7307=LINE('',#13190,#8543);
#7308=LINE('',#13191,#8544);
#7309=LINE('',#13193,#8545);
#7310=LINE('',#13195,#8546);
#7311=LINE('',#13196,#8547);
#7312=LINE('',#13198,#8548);
#7313=LINE('',#13200,#8549);
#7314=LINE('',#13202,#8550);
#7315=LINE('',#13204,#8551);
#7316=LINE('',#13206,#8552);
#7317=LINE('',#13208,#8553);
#7318=LINE('',#13210,#8554);
#7319=LINE('',#13212,#8555);
#7320=LINE('',#13214,#8556);
#7321=LINE('',#13215,#8557);
#7322=LINE('',#13217,#8558);
#7323=LINE('',#13219,#8559);
#7324=LINE('',#13220,#8560);
#7325=LINE('',#13222,#8561);
#7326=LINE('',#13224,#8562);
#7327=LINE('',#13225,#8563);
#7328=LINE('',#13227,#8564);
#7329=LINE('',#13229,#8565);
#7330=LINE('',#13230,#8566);
#7331=LINE('',#13232,#8567);
#7332=LINE('',#13234,#8568);
#7333=LINE('',#13235,#8569);
#7334=LINE('',#13237,#8570);
#7335=LINE('',#13239,#8571);
#7336=LINE('',#13240,#8572);
#7337=LINE('',#13242,#8573);
#7338=LINE('',#13244,#8574);
#7339=LINE('',#13245,#8575);
#7340=LINE('',#13247,#8576);
#7341=LINE('',#13249,#8577);
#7342=LINE('',#13250,#8578);
#7343=LINE('',#13252,#8579);
#7344=LINE('',#13254,#8580);
#7345=LINE('',#13255,#8581);
#7346=LINE('',#13257,#8582);
#7347=LINE('',#13259,#8583);
#7348=LINE('',#13260,#8584);
#7349=LINE('',#13262,#8585);
#7350=LINE('',#13264,#8586);
#7351=LINE('',#13265,#8587);
#7352=LINE('',#13267,#8588);
#7353=LINE('',#13269,#8589);
#7354=LINE('',#13270,#8590);
#7355=LINE('',#13272,#8591);
#7356=LINE('',#13274,#8592);
#7357=LINE('',#13275,#8593);
#7358=LINE('',#13276,#8594);
#7359=LINE('',#13278,#8595);
#7360=LINE('',#13280,#8596);
#7361=LINE('',#13282,#8597);
#7362=LINE('',#13283,#8598);
#7363=LINE('',#13285,#8599);
#7364=LINE('',#13286,#8600);
#7365=LINE('',#13288,#8601);
#7366=LINE('',#13290,#8602);
#7367=LINE('',#13291,#8603);
#7368=LINE('',#13293,#8604);
#7369=LINE('',#13295,#8605);
#7370=LINE('',#13296,#8606);
#7371=LINE('',#13298,#8607);
#7372=LINE('',#13300,#8608);
#7373=LINE('',#13301,#8609);
#7374=LINE('',#13303,#8610);
#7375=LINE('',#13305,#8611);
#7376=LINE('',#13306,#8612);
#7377=LINE('',#13308,#8613);
#7378=LINE('',#13310,#8614);
#7379=LINE('',#13311,#8615);
#7380=LINE('',#13313,#8616);
#7381=LINE('',#13315,#8617);
#7382=LINE('',#13316,#8618);
#7383=LINE('',#13318,#8619);
#7384=LINE('',#13320,#8620);
#7385=LINE('',#13321,#8621);
#7386=LINE('',#13323,#8622);
#7387=LINE('',#13325,#8623);
#7388=LINE('',#13326,#8624);
#7389=LINE('',#13328,#8625);
#7390=LINE('',#13330,#8626);
#7391=LINE('',#13331,#8627);
#7392=LINE('',#13333,#8628);
#7393=LINE('',#13335,#8629);
#7394=LINE('',#13336,#8630);
#7395=LINE('',#13338,#8631);
#7396=LINE('',#13340,#8632);
#7397=LINE('',#13341,#8633);
#7398=LINE('',#13343,#8634);
#7399=LINE('',#13345,#8635);
#7400=LINE('',#13346,#8636);
#7401=LINE('',#13348,#8637);
#7402=LINE('',#13350,#8638);
#7403=LINE('',#13351,#8639);
#7404=LINE('',#13353,#8640);
#7405=LINE('',#13355,#8641);
#7406=LINE('',#13356,#8642);
#7407=LINE('',#13357,#8643);
#7408=LINE('',#13359,#8644);
#7409=LINE('',#13360,#8645);
#7410=LINE('',#13363,#8646);
#7411=LINE('',#13365,#8647);
#7412=LINE('',#13368,#8648);
#7413=LINE('',#13372,#8649);
#7414=LINE('',#13376,#8650);
#7415=LINE('',#13379,#8651);
#7416=LINE('',#13382,#8652);
#7417=LINE('',#13386,#8653);
#7418=LINE('',#13390,#8654);
#7419=LINE('',#13393,#8655);
#7420=LINE('',#13396,#8656);
#7421=LINE('',#13398,#8657);
#7422=LINE('',#13400,#8658);
#7423=LINE('',#13404,#8659);
#7424=LINE('',#13408,#8660);
#7425=LINE('',#13409,#8661);
#7426=LINE('',#13411,#8662);
#7427=LINE('',#13412,#8663);
#7428=LINE('',#13416,#8664);
#7429=LINE('',#13418,#8665);
#7430=LINE('',#13420,#8666);
#7431=LINE('',#13422,#8667);
#7432=LINE('',#13424,#8668);
#7433=LINE('',#13426,#8669);
#7434=LINE('',#13428,#8670);
#7435=LINE('',#13430,#8671);
#7436=LINE('',#13432,#8672);
#7437=LINE('',#13434,#8673);
#7438=LINE('',#13436,#8674);
#7439=LINE('',#13438,#8675);
#7440=LINE('',#13440,#8676);
#7441=LINE('',#13442,#8677);
#7442=LINE('',#13444,#8678);
#7443=LINE('',#13446,#8679);
#7444=LINE('',#13448,#8680);
#7445=LINE('',#13451,#8681);
#7446=LINE('',#13455,#8682);
#7447=LINE('',#13459,#8683);
#7448=LINE('',#13462,#8684);
#7449=LINE('',#13465,#8685);
#7450=LINE('',#13467,#8686);
#7451=LINE('',#13469,#8687);
#7452=LINE('',#13473,#8688);
#7453=LINE('',#13477,#8689);
#7454=LINE('',#13478,#8690);
#7455=LINE('',#13480,#8691);
#7456=LINE('',#13481,#8692);
#7457=LINE('',#13485,#8693);
#7458=LINE('',#13487,#8694);
#7459=LINE('',#13489,#8695);
#7460=LINE('',#13491,#8696);
#7461=LINE('',#13493,#8697);
#7462=LINE('',#13495,#8698);
#7463=LINE('',#13497,#8699);
#7464=LINE('',#13499,#8700);
#7465=LINE('',#13501,#8701);
#7466=LINE('',#13503,#8702);
#7467=LINE('',#13505,#8703);
#7468=LINE('',#13507,#8704);
#7469=LINE('',#13509,#8705);
#7470=LINE('',#13511,#8706);
#7471=LINE('',#13513,#8707);
#7472=LINE('',#13515,#8708);
#7473=LINE('',#13517,#8709);
#7474=LINE('',#13520,#8710);
#7475=LINE('',#13524,#8711);
#7476=LINE('',#13528,#8712);
#7477=LINE('',#13531,#8713);
#7478=LINE('',#13534,#8714);
#7479=LINE('',#13536,#8715);
#7480=LINE('',#13538,#8716);
#7481=LINE('',#13542,#8717);
#7482=LINE('',#13546,#8718);
#7483=LINE('',#13547,#8719);
#7484=LINE('',#13549,#8720);
#7485=LINE('',#13550,#8721);
#7486=LINE('',#13554,#8722);
#7487=LINE('',#13556,#8723);
#7488=LINE('',#13558,#8724);
#7489=LINE('',#13560,#8725);
#7490=LINE('',#13562,#8726);
#7491=LINE('',#13564,#8727);
#7492=LINE('',#13566,#8728);
#7493=LINE('',#13568,#8729);
#7494=LINE('',#13570,#8730);
#7495=LINE('',#13572,#8731);
#7496=LINE('',#13574,#8732);
#7497=LINE('',#13576,#8733);
#7498=LINE('',#13578,#8734);
#7499=LINE('',#13580,#8735);
#7500=LINE('',#13582,#8736);
#7501=LINE('',#13584,#8737);
#7502=LINE('',#13586,#8738);
#7503=LINE('',#13589,#8739);
#7504=LINE('',#13593,#8740);
#7505=LINE('',#13597,#8741);
#7506=LINE('',#13600,#8742);
#7507=LINE('',#13603,#8743);
#7508=LINE('',#13605,#8744);
#7509=LINE('',#13607,#8745);
#7510=LINE('',#13611,#8746);
#7511=LINE('',#13615,#8747);
#7512=LINE('',#13616,#8748);
#7513=LINE('',#13618,#8749);
#7514=LINE('',#13619,#8750);
#7515=LINE('',#13623,#8751);
#7516=LINE('',#13625,#8752);
#7517=LINE('',#13627,#8753);
#7518=LINE('',#13629,#8754);
#7519=LINE('',#13631,#8755);
#7520=LINE('',#13633,#8756);
#7521=LINE('',#13635,#8757);
#7522=LINE('',#13637,#8758);
#7523=LINE('',#13639,#8759);
#7524=LINE('',#13641,#8760);
#7525=LINE('',#13643,#8761);
#7526=LINE('',#13645,#8762);
#7527=LINE('',#13647,#8763);
#7528=LINE('',#13649,#8764);
#7529=LINE('',#13651,#8765);
#7530=LINE('',#13653,#8766);
#7531=LINE('',#13655,#8767);
#7532=LINE('',#13658,#8768);
#7533=LINE('',#13662,#8769);
#7534=LINE('',#13666,#8770);
#7535=LINE('',#13669,#8771);
#7536=LINE('',#13672,#8772);
#7537=LINE('',#13674,#8773);
#7538=LINE('',#13676,#8774);
#7539=LINE('',#13680,#8775);
#7540=LINE('',#13684,#8776);
#7541=LINE('',#13685,#8777);
#7542=LINE('',#13687,#8778);
#7543=LINE('',#13688,#8779);
#7544=LINE('',#13692,#8780);
#7545=LINE('',#13694,#8781);
#7546=LINE('',#13696,#8782);
#7547=LINE('',#13698,#8783);
#7548=LINE('',#13700,#8784);
#7549=LINE('',#13702,#8785);
#7550=LINE('',#13704,#8786);
#7551=LINE('',#13706,#8787);
#7552=LINE('',#13708,#8788);
#7553=LINE('',#13710,#8789);
#7554=LINE('',#13712,#8790);
#7555=LINE('',#13714,#8791);
#7556=LINE('',#13716,#8792);
#7557=LINE('',#13718,#8793);
#7558=LINE('',#13720,#8794);
#7559=LINE('',#13722,#8795);
#7560=LINE('',#13724,#8796);
#7561=LINE('',#13727,#8797);
#7562=LINE('',#13731,#8798);
#7563=LINE('',#13735,#8799);
#7564=LINE('',#13738,#8800);
#7565=LINE('',#13741,#8801);
#7566=LINE('',#13743,#8802);
#7567=LINE('',#13745,#8803);
#7568=LINE('',#13749,#8804);
#7569=LINE('',#13753,#8805);
#7570=LINE('',#13754,#8806);
#7571=LINE('',#13756,#8807);
#7572=LINE('',#13757,#8808);
#7573=LINE('',#13761,#8809);
#7574=LINE('',#13763,#8810);
#7575=LINE('',#13765,#8811);
#7576=LINE('',#13767,#8812);
#7577=LINE('',#13769,#8813);
#7578=LINE('',#13771,#8814);
#7579=LINE('',#13773,#8815);
#7580=LINE('',#13775,#8816);
#7581=LINE('',#13777,#8817);
#7582=LINE('',#13779,#8818);
#7583=LINE('',#13781,#8819);
#7584=LINE('',#13783,#8820);
#7585=LINE('',#13785,#8821);
#7586=LINE('',#13787,#8822);
#7587=LINE('',#13789,#8823);
#7588=LINE('',#13791,#8824);
#7589=LINE('',#13793,#8825);
#7590=LINE('',#13796,#8826);
#7591=LINE('',#13800,#8827);
#7592=LINE('',#13804,#8828);
#7593=LINE('',#13807,#8829);
#7594=LINE('',#13810,#8830);
#7595=LINE('',#13812,#8831);
#7596=LINE('',#13814,#8832);
#7597=LINE('',#13818,#8833);
#7598=LINE('',#13822,#8834);
#7599=LINE('',#13823,#8835);
#7600=LINE('',#13825,#8836);
#7601=LINE('',#13826,#8837);
#7602=LINE('',#13830,#8838);
#7603=LINE('',#13832,#8839);
#7604=LINE('',#13834,#8840);
#7605=LINE('',#13836,#8841);
#7606=LINE('',#13838,#8842);
#7607=LINE('',#13840,#8843);
#7608=LINE('',#13842,#8844);
#7609=LINE('',#13844,#8845);
#7610=LINE('',#13846,#8846);
#7611=LINE('',#13848,#8847);
#7612=LINE('',#13850,#8848);
#7613=LINE('',#13852,#8849);
#7614=LINE('',#13854,#8850);
#7615=LINE('',#13856,#8851);
#7616=LINE('',#13858,#8852);
#7617=LINE('',#13860,#8853);
#7618=LINE('',#13862,#8854);
#7619=LINE('',#13865,#8855);
#7620=LINE('',#13869,#8856);
#7621=LINE('',#13873,#8857);
#7622=LINE('',#13876,#8858);
#7623=LINE('',#13879,#8859);
#7624=LINE('',#13881,#8860);
#7625=LINE('',#13883,#8861);
#7626=LINE('',#13887,#8862);
#7627=LINE('',#13891,#8863);
#7628=LINE('',#13892,#8864);
#7629=LINE('',#13894,#8865);
#7630=LINE('',#13895,#8866);
#7631=LINE('',#13899,#8867);
#7632=LINE('',#13901,#8868);
#7633=LINE('',#13903,#8869);
#7634=LINE('',#13905,#8870);
#7635=LINE('',#13907,#8871);
#7636=LINE('',#13909,#8872);
#7637=LINE('',#13911,#8873);
#7638=LINE('',#13913,#8874);
#7639=LINE('',#13915,#8875);
#7640=LINE('',#13917,#8876);
#7641=LINE('',#13919,#8877);
#7642=LINE('',#13921,#8878);
#7643=LINE('',#13923,#8879);
#7644=LINE('',#13925,#8880);
#7645=LINE('',#13927,#8881);
#7646=LINE('',#13929,#8882);
#7647=LINE('',#13931,#8883);
#7648=LINE('',#13934,#8884);
#7649=LINE('',#13938,#8885);
#7650=LINE('',#13942,#8886);
#7651=LINE('',#13945,#8887);
#7652=LINE('',#13948,#8888);
#7653=LINE('',#13950,#8889);
#7654=LINE('',#13952,#8890);
#7655=LINE('',#13956,#8891);
#7656=LINE('',#13960,#8892);
#7657=LINE('',#13961,#8893);
#7658=LINE('',#13963,#8894);
#7659=LINE('',#13964,#8895);
#7660=LINE('',#13968,#8896);
#7661=LINE('',#13970,#8897);
#7662=LINE('',#13972,#8898);
#7663=LINE('',#13974,#8899);
#7664=LINE('',#13976,#8900);
#7665=LINE('',#13978,#8901);
#7666=LINE('',#13980,#8902);
#7667=LINE('',#13982,#8903);
#7668=LINE('',#13984,#8904);
#7669=LINE('',#13986,#8905);
#7670=LINE('',#13988,#8906);
#7671=LINE('',#13990,#8907);
#7672=LINE('',#13992,#8908);
#7673=LINE('',#13994,#8909);
#7674=LINE('',#13996,#8910);
#7675=LINE('',#13998,#8911);
#7676=LINE('',#14000,#8912);
#7677=LINE('',#14003,#8913);
#7678=LINE('',#14007,#8914);
#7679=LINE('',#14011,#8915);
#7680=LINE('',#14014,#8916);
#7681=LINE('',#14017,#8917);
#7682=LINE('',#14019,#8918);
#7683=LINE('',#14021,#8919);
#7684=LINE('',#14025,#8920);
#7685=LINE('',#14029,#8921);
#7686=LINE('',#14030,#8922);
#7687=LINE('',#14032,#8923);
#7688=LINE('',#14033,#8924);
#7689=LINE('',#14037,#8925);
#7690=LINE('',#14039,#8926);
#7691=LINE('',#14041,#8927);
#7692=LINE('',#14043,#8928);
#7693=LINE('',#14045,#8929);
#7694=LINE('',#14047,#8930);
#7695=LINE('',#14049,#8931);
#7696=LINE('',#14051,#8932);
#7697=LINE('',#14053,#8933);
#7698=LINE('',#14055,#8934);
#7699=LINE('',#14057,#8935);
#7700=LINE('',#14059,#8936);
#7701=LINE('',#14061,#8937);
#7702=LINE('',#14063,#8938);
#7703=LINE('',#14065,#8939);
#7704=LINE('',#14067,#8940);
#7705=LINE('',#14069,#8941);
#7706=LINE('',#14072,#8942);
#7707=LINE('',#14076,#8943);
#7708=LINE('',#14080,#8944);
#7709=LINE('',#14083,#8945);
#7710=LINE('',#14086,#8946);
#7711=LINE('',#14088,#8947);
#7712=LINE('',#14090,#8948);
#7713=LINE('',#14094,#8949);
#7714=LINE('',#14098,#8950);
#7715=LINE('',#14099,#8951);
#7716=LINE('',#14101,#8952);
#7717=LINE('',#14102,#8953);
#7718=LINE('',#14106,#8954);
#7719=LINE('',#14108,#8955);
#7720=LINE('',#14110,#8956);
#7721=LINE('',#14112,#8957);
#7722=LINE('',#14114,#8958);
#7723=LINE('',#14116,#8959);
#7724=LINE('',#14118,#8960);
#7725=LINE('',#14120,#8961);
#7726=LINE('',#14122,#8962);
#7727=LINE('',#14124,#8963);
#7728=LINE('',#14126,#8964);
#7729=LINE('',#14128,#8965);
#7730=LINE('',#14130,#8966);
#7731=LINE('',#14132,#8967);
#7732=LINE('',#14134,#8968);
#7733=LINE('',#14136,#8969);
#7734=LINE('',#14138,#8970);
#7735=LINE('',#14141,#8971);
#7736=LINE('',#14145,#8972);
#7737=LINE('',#14149,#8973);
#7738=LINE('',#14152,#8974);
#7739=LINE('',#14155,#8975);
#7740=LINE('',#14157,#8976);
#7741=LINE('',#14159,#8977);
#7742=LINE('',#14163,#8978);
#7743=LINE('',#14167,#8979);
#7744=LINE('',#14168,#8980);
#7745=LINE('',#14170,#8981);
#7746=LINE('',#14171,#8982);
#7747=LINE('',#14175,#8983);
#7748=LINE('',#14177,#8984);
#7749=LINE('',#14179,#8985);
#7750=LINE('',#14181,#8986);
#7751=LINE('',#14183,#8987);
#7752=LINE('',#14185,#8988);
#7753=LINE('',#14187,#8989);
#7754=LINE('',#14189,#8990);
#7755=LINE('',#14191,#8991);
#7756=LINE('',#14193,#8992);
#7757=LINE('',#14195,#8993);
#7758=LINE('',#14197,#8994);
#7759=LINE('',#14199,#8995);
#7760=LINE('',#14201,#8996);
#7761=LINE('',#14203,#8997);
#7762=LINE('',#14205,#8998);
#7763=LINE('',#14207,#8999);
#7764=LINE('',#14210,#9000);
#7765=LINE('',#14214,#9001);
#7766=LINE('',#14218,#9002);
#7767=LINE('',#14221,#9003);
#7768=LINE('',#14224,#9004);
#7769=LINE('',#14226,#9005);
#7770=LINE('',#14228,#9006);
#7771=LINE('',#14232,#9007);
#7772=LINE('',#14236,#9008);
#7773=LINE('',#14237,#9009);
#7774=LINE('',#14239,#9010);
#7775=LINE('',#14240,#9011);
#7776=LINE('',#14244,#9012);
#7777=LINE('',#14246,#9013);
#7778=LINE('',#14248,#9014);
#7779=LINE('',#14250,#9015);
#7780=LINE('',#14252,#9016);
#7781=LINE('',#14254,#9017);
#7782=LINE('',#14256,#9018);
#7783=LINE('',#14258,#9019);
#7784=LINE('',#14260,#9020);
#7785=LINE('',#14262,#9021);
#7786=LINE('',#14264,#9022);
#7787=LINE('',#14266,#9023);
#7788=LINE('',#14268,#9024);
#7789=LINE('',#14270,#9025);
#7790=LINE('',#14272,#9026);
#7791=LINE('',#14274,#9027);
#7792=LINE('',#14276,#9028);
#7793=LINE('',#14279,#9029);
#7794=LINE('',#14283,#9030);
#7795=LINE('',#14287,#9031);
#7796=LINE('',#14290,#9032);
#7797=LINE('',#14293,#9033);
#7798=LINE('',#14295,#9034);
#7799=LINE('',#14297,#9035);
#7800=LINE('',#14301,#9036);
#7801=LINE('',#14305,#9037);
#7802=LINE('',#14306,#9038);
#7803=LINE('',#14308,#9039);
#7804=LINE('',#14309,#9040);
#7805=LINE('',#14313,#9041);
#7806=LINE('',#14315,#9042);
#7807=LINE('',#14317,#9043);
#7808=LINE('',#14319,#9044);
#7809=LINE('',#14321,#9045);
#7810=LINE('',#14323,#9046);
#7811=LINE('',#14325,#9047);
#7812=LINE('',#14327,#9048);
#7813=LINE('',#14329,#9049);
#7814=LINE('',#14331,#9050);
#7815=LINE('',#14333,#9051);
#7816=LINE('',#14335,#9052);
#7817=LINE('',#14337,#9053);
#7818=LINE('',#14339,#9054);
#7819=LINE('',#14341,#9055);
#7820=LINE('',#14343,#9056);
#7821=LINE('',#14345,#9057);
#7822=LINE('',#14348,#9058);
#7823=LINE('',#14351,#9059);
#7824=LINE('',#14353,#9060);
#7825=LINE('',#14355,#9061);
#7826=LINE('',#14357,#9062);
#7827=LINE('',#14359,#9063);
#7828=LINE('',#14361,#9064);
#7829=LINE('',#14363,#9065);
#7830=LINE('',#14365,#9066);
#7831=LINE('',#14367,#9067);
#7832=LINE('',#14369,#9068);
#7833=LINE('',#14371,#9069);
#7834=LINE('',#14373,#9070);
#7835=LINE('',#14375,#9071);
#7836=LINE('',#14377,#9072);
#7837=LINE('',#14379,#9073);
#7838=LINE('',#14381,#9074);
#7839=LINE('',#14383,#9075);
#7840=LINE('',#14385,#9076);
#7841=LINE('',#14387,#9077);
#7842=LINE('',#14389,#9078);
#7843=LINE('',#14391,#9079);
#7844=LINE('',#14393,#9080);
#7845=LINE('',#14395,#9081);
#7846=LINE('',#14397,#9082);
#7847=LINE('',#14399,#9083);
#7848=LINE('',#14401,#9084);
#7849=LINE('',#14403,#9085);
#7850=LINE('',#14405,#9086);
#7851=LINE('',#14407,#9087);
#7852=LINE('',#14409,#9088);
#7853=LINE('',#14411,#9089);
#7854=LINE('',#14413,#9090);
#7855=LINE('',#14415,#9091);
#7856=LINE('',#14417,#9092);
#7857=LINE('',#14419,#9093);
#7858=LINE('',#14421,#9094);
#7859=LINE('',#14423,#9095);
#7860=LINE('',#14425,#9096);
#7861=LINE('',#14427,#9097);
#7862=LINE('',#14429,#9098);
#7863=LINE('',#14431,#9099);
#7864=LINE('',#14433,#9100);
#7865=LINE('',#14435,#9101);
#7866=LINE('',#14437,#9102);
#7867=LINE('',#14439,#9103);
#7868=LINE('',#14441,#9104);
#7869=LINE('',#14442,#9105);
#7870=LINE('',#14446,#9106);
#7871=LINE('',#14449,#9107);
#7872=LINE('',#14451,#9108);
#7873=LINE('',#14453,#9109);
#7874=LINE('',#14455,#9110);
#7875=LINE('',#14457,#9111);
#7876=LINE('',#14459,#9112);
#7877=LINE('',#14461,#9113);
#7878=LINE('',#14463,#9114);
#7879=LINE('',#14465,#9115);
#7880=LINE('',#14467,#9116);
#7881=LINE('',#14469,#9117);
#7882=LINE('',#14471,#9118);
#7883=LINE('',#14473,#9119);
#7884=LINE('',#14475,#9120);
#7885=LINE('',#14477,#9121);
#7886=LINE('',#14479,#9122);
#7887=LINE('',#14481,#9123);
#7888=LINE('',#14483,#9124);
#7889=LINE('',#14485,#9125);
#7890=LINE('',#14487,#9126);
#7891=LINE('',#14489,#9127);
#7892=LINE('',#14491,#9128);
#7893=LINE('',#14493,#9129);
#7894=LINE('',#14495,#9130);
#7895=LINE('',#14497,#9131);
#7896=LINE('',#14499,#9132);
#7897=LINE('',#14501,#9133);
#7898=LINE('',#14503,#9134);
#7899=LINE('',#14505,#9135);
#7900=LINE('',#14507,#9136);
#7901=LINE('',#14509,#9137);
#7902=LINE('',#14511,#9138);
#7903=LINE('',#14513,#9139);
#7904=LINE('',#14515,#9140);
#7905=LINE('',#14517,#9141);
#7906=LINE('',#14519,#9142);
#7907=LINE('',#14521,#9143);
#7908=LINE('',#14523,#9144);
#7909=LINE('',#14525,#9145);
#7910=LINE('',#14527,#9146);
#7911=LINE('',#14529,#9147);
#7912=LINE('',#14531,#9148);
#7913=LINE('',#14533,#9149);
#7914=LINE('',#14535,#9150);
#7915=LINE('',#14537,#9151);
#7916=LINE('',#14539,#9152);
#7917=LINE('',#14540,#9153);
#7918=VECTOR('',#9671,1.);
#7919=VECTOR('',#9672,1.);
#7920=VECTOR('',#9673,1.);
#7921=VECTOR('',#9674,1.);
#7922=VECTOR('',#9677,1.);
#7923=VECTOR('',#9678,1.);
#7924=VECTOR('',#9679,1.);
#7925=VECTOR('',#9680,1.);
#7926=VECTOR('',#9683,1.);
#7927=VECTOR('',#9684,1.);
#7928=VECTOR('',#9685,1.);
#7929=VECTOR('',#9686,1.);
#7930=VECTOR('',#9689,1.);
#7931=VECTOR('',#9690,1.);
#7932=VECTOR('',#9691,1.);
#7933=VECTOR('',#9692,1.);
#7934=VECTOR('',#9693,1.);
#7935=VECTOR('',#9694,1.);
#7936=VECTOR('',#9695,1.);
#7937=VECTOR('',#9696,1.);
#7938=VECTOR('',#9697,1.);
#7939=VECTOR('',#9698,1.);
#7940=VECTOR('',#9699,1.);
#7941=VECTOR('',#9700,1.);
#7942=VECTOR('',#9701,1.);
#7943=VECTOR('',#9702,1.);
#7944=VECTOR('',#9703,1.);
#7945=VECTOR('',#9704,1.);
#7946=VECTOR('',#9705,1.);
#7947=VECTOR('',#9706,1.);
#7948=VECTOR('',#9707,1.);
#7949=VECTOR('',#9710,1.);
#7950=VECTOR('',#9711,1.);
#7951=VECTOR('',#9712,1.);
#7952=VECTOR('',#9713,1.);
#7953=VECTOR('',#9714,1.);
#7954=VECTOR('',#9715,1.);
#7955=VECTOR('',#9716,1.);
#7956=VECTOR('',#9717,1.);
#7957=VECTOR('',#9718,1.);
#7958=VECTOR('',#9719,1.);
#7959=VECTOR('',#9720,1.);
#7960=VECTOR('',#9723,1.);
#7961=VECTOR('',#9724,1.);
#7962=VECTOR('',#9725,1.);
#7963=VECTOR('',#9726,1.);
#7964=VECTOR('',#9727,1.);
#7965=VECTOR('',#9728,1.);
#7966=VECTOR('',#9729,1.);
#7967=VECTOR('',#9730,1.);
#7968=VECTOR('',#9731,1.);
#7969=VECTOR('',#9732,1.);
#7970=VECTOR('',#9733,1.);
#7971=VECTOR('',#9734,1.);
#7972=VECTOR('',#9735,1.);
#7973=VECTOR('',#9736,1.);
#7974=VECTOR('',#9737,1.);
#7975=VECTOR('',#9738,1.);
#7976=VECTOR('',#9739,1.);
#7977=VECTOR('',#9740,1.);
#7978=VECTOR('',#9741,1.);
#7979=VECTOR('',#9742,1.);
#7980=VECTOR('',#9747,1.);
#7981=VECTOR('',#9750,1.);
#7982=VECTOR('',#9753,1.);
#7983=VECTOR('',#9756,1.);
#7984=VECTOR('',#9757,1.);
#7985=VECTOR('',#9760,1.);
#7986=VECTOR('',#9761,1.);
#7987=VECTOR('',#9762,1.);
#7988=VECTOR('',#9763,1.);
#7989=VECTOR('',#9764,1.);
#7990=VECTOR('',#9767,1.);
#7991=VECTOR('',#9768,1.);
#7992=VECTOR('',#9769,1.);
#7993=VECTOR('',#9770,1.);
#7994=VECTOR('',#9771,1.);
#7995=VECTOR('',#9772,1.);
#7996=VECTOR('',#9773,1.);
#7997=VECTOR('',#9774,1.);
#7998=VECTOR('',#9775,1.);
#7999=VECTOR('',#9776,1.);
#8000=VECTOR('',#9777,1.);
#8001=VECTOR('',#9778,1.);
#8002=VECTOR('',#9781,1.);
#8003=VECTOR('',#9782,1.);
#8004=VECTOR('',#9783,1.);
#8005=VECTOR('',#9786,1.);
#8006=VECTOR('',#9789,1.);
#8007=VECTOR('',#9790,1.);
#8008=VECTOR('',#9793,1.);
#8009=VECTOR('',#9794,1.);
#8010=VECTOR('',#9795,1.);
#8011=VECTOR('',#9796,1.);
#8012=VECTOR('',#9797,1.);
#8013=VECTOR('',#9800,1.);
#8014=VECTOR('',#9801,1.);
#8015=VECTOR('',#9802,1.);
#8016=VECTOR('',#9803,1.);
#8017=VECTOR('',#9804,1.);
#8018=VECTOR('',#9805,1.);
#8019=VECTOR('',#9806,1.);
#8020=VECTOR('',#9807,1.);
#8021=VECTOR('',#9808,1.);
#8022=VECTOR('',#9811,1.);
#8023=VECTOR('',#9812,1.);
#8024=VECTOR('',#9813,1.);
#8025=VECTOR('',#9814,1.);
#8026=VECTOR('',#9815,1.);
#8027=VECTOR('',#9816,1.);
#8028=VECTOR('',#9817,1.);
#8029=VECTOR('',#9818,1.);
#8030=VECTOR('',#9819,1.);
#8031=VECTOR('',#9820,1.);
#8032=VECTOR('',#9823,1.);
#8033=VECTOR('',#9824,1.);
#8034=VECTOR('',#9825,1.);
#8035=VECTOR('',#9826,1.);
#8036=VECTOR('',#9829,1.);
#8037=VECTOR('',#9832,1.);
#8038=VECTOR('',#9833,1.);
#8039=VECTOR('',#9834,1.);
#8040=VECTOR('',#9835,1.);
#8041=VECTOR('',#9836,1.);
#8042=VECTOR('',#9837,1.);
#8043=VECTOR('',#9838,1.);
#8044=VECTOR('',#9841,1.);
#8045=VECTOR('',#9842,1.);
#8046=VECTOR('',#9847,1.);
#8047=VECTOR('',#9848,1.);
#8048=VECTOR('',#9851,1.);
#8049=VECTOR('',#9852,1.);
#8050=VECTOR('',#9853,1.);
#8051=VECTOR('',#9854,1.);
#8052=VECTOR('',#9855,1.);
#8053=VECTOR('',#9856,1.);
#8054=VECTOR('',#9857,1.);
#8055=VECTOR('',#9858,1.);
#8056=VECTOR('',#9859,1.);
#8057=VECTOR('',#9860,1.);
#8058=VECTOR('',#9861,1.);
#8059=VECTOR('',#9862,1.);
#8060=VECTOR('',#9865,1.);
#8061=VECTOR('',#9866,1.);
#8062=VECTOR('',#9867,1.);
#8063=VECTOR('',#9868,1.);
#8064=VECTOR('',#9869,1.);
#8065=VECTOR('',#9870,1.);
#8066=VECTOR('',#9871,1.);
#8067=VECTOR('',#9874,1.);
#8068=VECTOR('',#9875,1.);
#8069=VECTOR('',#9878,1.);
#8070=VECTOR('',#9879,1.);
#8071=VECTOR('',#9880,1.);
#8072=VECTOR('',#9883,1.);
#8073=VECTOR('',#9884,1.);
#8074=VECTOR('',#9885,1.);
#8075=VECTOR('',#9888,1.);
#8076=VECTOR('',#9889,1.);
#8077=VECTOR('',#9892,1.);
#8078=VECTOR('',#9893,1.);
#8079=VECTOR('',#9894,1.);
#8080=VECTOR('',#9895,1.);
#8081=VECTOR('',#9898,1.);
#8082=VECTOR('',#9901,1.);
#8083=VECTOR('',#9902,1.);
#8084=VECTOR('',#9903,1.);
#8085=VECTOR('',#9906,1.);
#8086=VECTOR('',#9907,1.);
#8087=VECTOR('',#9908,1.);
#8088=VECTOR('',#9909,1.);
#8089=VECTOR('',#9912,1.);
#8090=VECTOR('',#9915,1.);
#8091=VECTOR('',#9916,1.);
#8092=VECTOR('',#9917,1.);
#8093=VECTOR('',#9918,1.);
#8094=VECTOR('',#9919,1.);
#8095=VECTOR('',#9922,1.);
#8096=VECTOR('',#9923,1.);
#8097=VECTOR('',#9924,1.);
#8098=VECTOR('',#9925,1.);
#8099=VECTOR('',#9926,1.);
#8100=VECTOR('',#9929,1.);
#8101=VECTOR('',#9930,1.);
#8102=VECTOR('',#9931,1.);
#8103=VECTOR('',#9932,1.);
#8104=VECTOR('',#9935,1.);
#8105=VECTOR('',#9936,1.);
#8106=VECTOR('',#9937,1.);
#8107=VECTOR('',#9938,1.);
#8108=VECTOR('',#9939,1.);
#8109=VECTOR('',#9940,1.);
#8110=VECTOR('',#9941,1.);
#8111=VECTOR('',#9944,1.);
#8112=VECTOR('',#9945,1.);
#8113=VECTOR('',#9948,1.);
#8114=VECTOR('',#9949,1.);
#8115=VECTOR('',#9952,1.);
#8116=VECTOR('',#9955,1.);
#8117=VECTOR('',#9956,1.);
#8118=VECTOR('',#9957,1.);
#8119=VECTOR('',#9958,1.);
#8120=VECTOR('',#9959,1.);
#8121=VECTOR('',#9960,1.);
#8122=VECTOR('',#9963,1.);
#8123=VECTOR('',#9964,1.);
#8124=VECTOR('',#9967,1.);
#8125=VECTOR('',#9968,1.);
#8126=VECTOR('',#9969,1.);
#8127=VECTOR('',#9970,1.);
#8128=VECTOR('',#9973,1.);
#8129=VECTOR('',#9976,1.);
#8130=VECTOR('',#9979,1.);
#8131=VECTOR('',#9984,1.);
#8132=VECTOR('',#9985,1.);
#8133=VECTOR('',#9988,1.);
#8134=VECTOR('',#9991,1.);
#8135=VECTOR('',#9992,1.);
#8136=VECTOR('',#9993,1.);
#8137=VECTOR('',#9994,1.);
#8138=VECTOR('',#9997,1.);
#8139=VECTOR('',#9998,1.);
#8140=VECTOR('',#10001,1.);
#8141=VECTOR('',#10002,1.);
#8142=VECTOR('',#10005,1.);
#8143=VECTOR('',#10006,1.);
#8144=VECTOR('',#10011,1.);
#8145=VECTOR('',#10012,1.);
#8146=VECTOR('',#10013,1.);
#8147=VECTOR('',#10016,1.);
#8148=VECTOR('',#10021,1.);
#8149=VECTOR('',#10022,1.);
#8150=VECTOR('',#10023,1.);
#8151=VECTOR('',#10026,1.);
#8152=VECTOR('',#10027,1.);
#8153=VECTOR('',#10028,1.);
#8154=VECTOR('',#10031,1.);
#8155=VECTOR('',#10032,1.);
#8156=VECTOR('',#10039,1.);
#8157=VECTOR('',#10040,1.);
#8158=VECTOR('',#10041,1.);
#8159=VECTOR('',#10042,1.);
#8160=VECTOR('',#10045,1.);
#8161=VECTOR('',#10046,1.);
#8162=VECTOR('',#10049,1.);
#8163=VECTOR('',#10050,1.);
#8164=VECTOR('',#10063,1.);
#8165=VECTOR('',#10064,1.);
#8166=VECTOR('',#10067,1.);
#8167=VECTOR('',#10068,1.);
#8168=VECTOR('',#10071,1.);
#8169=VECTOR('',#10072,1.);
#8170=VECTOR('',#10073,1.);
#8171=VECTOR('',#10076,1.);
#8172=VECTOR('',#10085,1.);
#8173=VECTOR('',#10088,1.);
#8174=VECTOR('',#10089,1.);
#8175=VECTOR('',#10092,1.);
#8176=VECTOR('',#10095,1.);
#8177=VECTOR('',#10100,1.);
#8178=VECTOR('',#10101,1.);
#8179=VECTOR('',#10104,1.);
#8180=VECTOR('',#10105,1.);
#8181=VECTOR('',#10106,1.);
#8182=VECTOR('',#10109,1.);
#8183=VECTOR('',#10112,1.);
#8184=VECTOR('',#10113,1.);
#8185=VECTOR('',#10114,1.);
#8186=VECTOR('',#10117,1.);
#8187=VECTOR('',#10118,1.);
#8188=VECTOR('',#10121,1.);
#8189=VECTOR('',#10126,1.);
#8190=VECTOR('',#10127,1.);
#8191=VECTOR('',#10128,1.);
#8192=VECTOR('',#10129,1.);
#8193=VECTOR('',#10130,1.);
#8194=VECTOR('',#10131,1.);
#8195=VECTOR('',#10132,1.);
#8196=VECTOR('',#10133,1.);
#8197=VECTOR('',#10134,1.);
#8198=VECTOR('',#10135,1.);
#8199=VECTOR('',#10136,1.);
#8200=VECTOR('',#10137,1.);
#8201=VECTOR('',#10138,1.);
#8202=VECTOR('',#10139,1.);
#8203=VECTOR('',#10140,1.);
#8204=VECTOR('',#10141,1.);
#8205=VECTOR('',#10142,1.);
#8206=VECTOR('',#10143,1.);
#8207=VECTOR('',#10144,1.);
#8208=VECTOR('',#10145,1.);
#8209=VECTOR('',#10146,1.);
#8210=VECTOR('',#10147,1.);
#8211=VECTOR('',#10148,1.);
#8212=VECTOR('',#10149,1.);
#8213=VECTOR('',#10150,1.);
#8214=VECTOR('',#10151,1.);
#8215=VECTOR('',#10152,1.);
#8216=VECTOR('',#10153,1.);
#8217=VECTOR('',#10154,1.);
#8218=VECTOR('',#10155,1.);
#8219=VECTOR('',#10156,1.);
#8220=VECTOR('',#10157,1.);
#8221=VECTOR('',#10158,1.);
#8222=VECTOR('',#10159,1.);
#8223=VECTOR('',#10160,1.);
#8224=VECTOR('',#10161,1.);
#8225=VECTOR('',#10162,1.);
#8226=VECTOR('',#10163,1.);
#8227=VECTOR('',#10164,1.);
#8228=VECTOR('',#10165,1.);
#8229=VECTOR('',#10166,1.);
#8230=VECTOR('',#10167,1.);
#8231=VECTOR('',#10168,1.);
#8232=VECTOR('',#10169,1.);
#8233=VECTOR('',#10170,1.);
#8234=VECTOR('',#10171,1.);
#8235=VECTOR('',#10172,1.);
#8236=VECTOR('',#10173,1.);
#8237=VECTOR('',#10174,1.);
#8238=VECTOR('',#10175,1.);
#8239=VECTOR('',#10176,1.);
#8240=VECTOR('',#10177,1.);
#8241=VECTOR('',#10178,1.);
#8242=VECTOR('',#10179,1.);
#8243=VECTOR('',#10180,1.);
#8244=VECTOR('',#10181,1.);
#8245=VECTOR('',#10182,1.);
#8246=VECTOR('',#10183,1.);
#8247=VECTOR('',#10184,1.);
#8248=VECTOR('',#10185,1.);
#8249=VECTOR('',#10188,1.);
#8250=VECTOR('',#10189,1.);
#8251=VECTOR('',#10190,1.);
#8252=VECTOR('',#10191,1.);
#8253=VECTOR('',#10192,1.);
#8254=VECTOR('',#10193,1.);
#8255=VECTOR('',#10196,1.);
#8256=VECTOR('',#10197,1.);
#8257=VECTOR('',#10198,1.);
#8258=VECTOR('',#10199,1.);
#8259=VECTOR('',#10204,1.);
#8260=VECTOR('',#10205,1.);
#8261=VECTOR('',#10206,1.);
#8262=VECTOR('',#10207,1.);
#8263=VECTOR('',#10210,1.);
#8264=VECTOR('',#10211,1.);
#8265=VECTOR('',#10212,1.);
#8266=VECTOR('',#10213,1.);
#8267=VECTOR('',#10216,1.);
#8268=VECTOR('',#10217,1.);
#8269=VECTOR('',#10218,1.);
#8270=VECTOR('',#10219,1.);
#8271=VECTOR('',#10222,1.);
#8272=VECTOR('',#10223,1.);
#8273=VECTOR('',#10224,1.);
#8274=VECTOR('',#10225,1.);
#8275=VECTOR('',#10228,1.);
#8276=VECTOR('',#10229,1.);
#8277=VECTOR('',#10230,1.);
#8278=VECTOR('',#10231,1.);
#8279=VECTOR('',#10234,1.);
#8280=VECTOR('',#10235,1.);
#8281=VECTOR('',#10236,1.);
#8282=VECTOR('',#10237,1.);
#8283=VECTOR('',#10240,1.);
#8284=VECTOR('',#10241,1.);
#8285=VECTOR('',#10242,1.);
#8286=VECTOR('',#10243,1.);
#8287=VECTOR('',#10246,1.);
#8288=VECTOR('',#10247,1.);
#8289=VECTOR('',#10248,1.);
#8290=VECTOR('',#10249,1.);
#8291=VECTOR('',#10252,1.);
#8292=VECTOR('',#10253,1.);
#8293=VECTOR('',#10254,1.);
#8294=VECTOR('',#10255,1.);
#8295=VECTOR('',#10258,1.);
#8296=VECTOR('',#10259,1.);
#8297=VECTOR('',#10260,1.);
#8298=VECTOR('',#10261,1.);
#8299=VECTOR('',#10264,1.);
#8300=VECTOR('',#10265,1.);
#8301=VECTOR('',#10266,1.);
#8302=VECTOR('',#10267,1.);
#8303=VECTOR('',#10270,1.);
#8304=VECTOR('',#10271,1.);
#8305=VECTOR('',#10272,1.);
#8306=VECTOR('',#10273,1.);
#8307=VECTOR('',#10276,1.);
#8308=VECTOR('',#10277,1.);
#8309=VECTOR('',#10278,1.);
#8310=VECTOR('',#10279,1.);
#8311=VECTOR('',#10282,1.);
#8312=VECTOR('',#10283,1.);
#8313=VECTOR('',#10284,1.);
#8314=VECTOR('',#10285,1.);
#8315=VECTOR('',#10288,1.);
#8316=VECTOR('',#10289,1.);
#8317=VECTOR('',#10290,1.);
#8318=VECTOR('',#10291,1.);
#8319=VECTOR('',#10294,1.);
#8320=VECTOR('',#10295,1.);
#8321=VECTOR('',#10296,1.);
#8322=VECTOR('',#10297,1.);
#8323=VECTOR('',#10298,1.);
#8324=VECTOR('',#10301,1.);
#8325=VECTOR('',#10302,1.);
#8326=VECTOR('',#10303,1.);
#8327=VECTOR('',#10304,1.);
#8328=VECTOR('',#10307,1.);
#8329=VECTOR('',#10308,1.);
#8330=VECTOR('',#10309,1.);
#8331=VECTOR('',#10310,1.);
#8332=VECTOR('',#10313,1.);
#8333=VECTOR('',#10314,1.);
#8334=VECTOR('',#10315,1.);
#8335=VECTOR('',#10318,1.);
#8336=VECTOR('',#10319,1.);
#8337=VECTOR('',#10320,1.);
#8338=VECTOR('',#10323,1.);
#8339=VECTOR('',#10324,1.);
#8340=VECTOR('',#10325,1.);
#8341=VECTOR('',#10328,1.);
#8342=VECTOR('',#10329,1.);
#8343=VECTOR('',#10330,1.);
#8344=VECTOR('',#10333,1.);
#8345=VECTOR('',#10334,1.);
#8346=VECTOR('',#10337,1.);
#8347=VECTOR('',#10338,1.);
#8348=VECTOR('',#10339,1.);
#8349=VECTOR('',#10340,1.);
#8350=VECTOR('',#10341,1.);
#8351=VECTOR('',#10342,1.);
#8352=VECTOR('',#10343,1.);
#8353=VECTOR('',#10348,1.);
#8354=VECTOR('',#10349,1.);
#8355=VECTOR('',#10350,1.);
#8356=VECTOR('',#10353,1.);
#8357=VECTOR('',#10354,1.);
#8358=VECTOR('',#10355,1.);
#8359=VECTOR('',#10356,1.);
#8360=VECTOR('',#10357,1.);
#8361=VECTOR('',#10358,1.);
#8362=VECTOR('',#10359,1.);
#8363=VECTOR('',#10360,1.);
#8364=VECTOR('',#10361,1.);
#8365=VECTOR('',#10362,1.);
#8366=VECTOR('',#10363,1.);
#8367=VECTOR('',#10364,1.);
#8368=VECTOR('',#10365,1.);
#8369=VECTOR('',#10366,1.);
#8370=VECTOR('',#10367,1.);
#8371=VECTOR('',#10368,1.);
#8372=VECTOR('',#10369,1.);
#8373=VECTOR('',#10370,1.);
#8374=VECTOR('',#10371,1.);
#8375=VECTOR('',#10372,1.);
#8376=VECTOR('',#10373,1.);
#8377=VECTOR('',#10374,1.);
#8378=VECTOR('',#10375,1.);
#8379=VECTOR('',#10376,1.);
#8380=VECTOR('',#10377,1.);
#8381=VECTOR('',#10378,1.);
#8382=VECTOR('',#10379,1.);
#8383=VECTOR('',#10380,1.);
#8384=VECTOR('',#10381,1.);
#8385=VECTOR('',#10382,1.);
#8386=VECTOR('',#10383,1.);
#8387=VECTOR('',#10384,1.);
#8388=VECTOR('',#10385,1.);
#8389=VECTOR('',#10386,1.);
#8390=VECTOR('',#10387,1.);
#8391=VECTOR('',#10388,1.);
#8392=VECTOR('',#10389,1.);
#8393=VECTOR('',#10390,1.);
#8394=VECTOR('',#10391,1.);
#8395=VECTOR('',#10392,1.);
#8396=VECTOR('',#10393,1.);
#8397=VECTOR('',#10394,1.);
#8398=VECTOR('',#10395,1.);
#8399=VECTOR('',#10396,1.);
#8400=VECTOR('',#10397,1.);
#8401=VECTOR('',#10398,1.);
#8402=VECTOR('',#10399,1.);
#8403=VECTOR('',#10400,1.);
#8404=VECTOR('',#10401,1.);
#8405=VECTOR('',#10402,1.);
#8406=VECTOR('',#10403,1.);
#8407=VECTOR('',#10404,1.);
#8408=VECTOR('',#10405,1.);
#8409=VECTOR('',#10406,1.);
#8410=VECTOR('',#10407,1.);
#8411=VECTOR('',#10408,1.);
#8412=VECTOR('',#10409,1.);
#8413=VECTOR('',#10410,1.);
#8414=VECTOR('',#10411,1.);
#8415=VECTOR('',#10412,1.);
#8416=VECTOR('',#10413,1.);
#8417=VECTOR('',#10414,1.);
#8418=VECTOR('',#10415,1.);
#8419=VECTOR('',#10416,1.);
#8420=VECTOR('',#10417,1.);
#8421=VECTOR('',#10418,1.);
#8422=VECTOR('',#10419,1.);
#8423=VECTOR('',#10420,1.);
#8424=VECTOR('',#10421,1.);
#8425=VECTOR('',#10422,1.);
#8426=VECTOR('',#10423,1.);
#8427=VECTOR('',#10424,1.);
#8428=VECTOR('',#10425,1.);
#8429=VECTOR('',#10428,1.);
#8430=VECTOR('',#10429,1.);
#8431=VECTOR('',#10430,1.);
#8432=VECTOR('',#10431,1.);
#8433=VECTOR('',#10432,1.);
#8434=VECTOR('',#10433,1.);
#8435=VECTOR('',#10434,1.);
#8436=VECTOR('',#10437,1.);
#8437=VECTOR('',#10442,1.);
#8438=VECTOR('',#10443,1.);
#8439=VECTOR('',#10444,1.);
#8440=VECTOR('',#10445,1.);
#8441=VECTOR('',#10446,1.);
#8442=VECTOR('',#10447,1.);
#8443=VECTOR('',#10450,1.);
#8444=VECTOR('',#10451,1.);
#8445=VECTOR('',#10452,1.);
#8446=VECTOR('',#10455,1.);
#8447=VECTOR('',#10456,1.);
#8448=VECTOR('',#10457,1.);
#8449=VECTOR('',#10460,1.);
#8450=VECTOR('',#10461,1.);
#8451=VECTOR('',#10462,1.);
#8452=VECTOR('',#10465,1.);
#8453=VECTOR('',#10466,1.);
#8454=VECTOR('',#10467,1.);
#8455=VECTOR('',#10468,1.);
#8456=VECTOR('',#10469,1.);
#8457=VECTOR('',#10472,1.);
#8458=VECTOR('',#10473,1.);
#8459=VECTOR('',#10474,1.);
#8460=VECTOR('',#10477,1.);
#8461=VECTOR('',#10478,1.);
#8462=VECTOR('',#10479,1.);
#8463=VECTOR('',#10480,1.);
#8464=VECTOR('',#10481,1.);
#8465=VECTOR('',#10482,1.);
#8466=VECTOR('',#10483,1.);
#8467=VECTOR('',#10484,1.);
#8468=VECTOR('',#10485,1.);
#8469=VECTOR('',#10486,1.);
#8470=VECTOR('',#10487,1.);
#8471=VECTOR('',#10488,1.);
#8472=VECTOR('',#10489,1.);
#8473=VECTOR('',#10490,1.);
#8474=VECTOR('',#10491,1.);
#8475=VECTOR('',#10492,1.);
#8476=VECTOR('',#10493,1.);
#8477=VECTOR('',#10494,1.);
#8478=VECTOR('',#10495,1.);
#8479=VECTOR('',#10498,1.);
#8480=VECTOR('',#10499,1.);
#8481=VECTOR('',#10500,1.);
#8482=VECTOR('',#10501,1.);
#8483=VECTOR('',#10502,1.);
#8484=VECTOR('',#10503,1.);
#8485=VECTOR('',#10506,1.);
#8486=VECTOR('',#10507,1.);
#8487=VECTOR('',#10508,1.);
#8488=VECTOR('',#10517,1.);
#8489=VECTOR('',#10520,1.);
#8490=VECTOR('',#10521,1.);
#8491=VECTOR('',#10522,1.);
#8492=VECTOR('',#10525,1.);
#8493=VECTOR('',#10526,1.);
#8494=VECTOR('',#10533,1.);
#8495=VECTOR('',#10536,1.);
#8496=VECTOR('',#10537,1.);
#8497=VECTOR('',#10538,1.);
#8498=VECTOR('',#10541,1.);
#8499=VECTOR('',#10542,1.);
#8500=VECTOR('',#10543,1.);
#8501=VECTOR('',#10552,1.);
#8502=VECTOR('',#10553,1.);
#8503=VECTOR('',#10556,1.);
#8504=VECTOR('',#10557,1.);
#8505=VECTOR('',#10560,1.);
#8506=VECTOR('',#10563,1.);
#8507=VECTOR('',#10564,1.);
#8508=VECTOR('',#10565,1.);
#8509=VECTOR('',#10566,1.);
#8510=VECTOR('',#10567,1.);
#8511=VECTOR('',#10568,1.);
#8512=VECTOR('',#10569,1.);
#8513=VECTOR('',#10570,1.);
#8514=VECTOR('',#10571,1.);
#8515=VECTOR('',#10572,1.);
#8516=VECTOR('',#10573,1.);
#8517=VECTOR('',#10574,1.);
#8518=VECTOR('',#10575,1.);
#8519=VECTOR('',#10576,1.);
#8520=VECTOR('',#10577,1.);
#8521=VECTOR('',#10578,1.);
#8522=VECTOR('',#10579,1.);
#8523=VECTOR('',#10580,1.);
#8524=VECTOR('',#10581,1.);
#8525=VECTOR('',#10582,1.);
#8526=VECTOR('',#10583,1.);
#8527=VECTOR('',#10584,1.);
#8528=VECTOR('',#10585,1.);
#8529=VECTOR('',#10586,1.);
#8530=VECTOR('',#10587,1.);
#8531=VECTOR('',#10588,1.);
#8532=VECTOR('',#10589,1.);
#8533=VECTOR('',#10590,1.);
#8534=VECTOR('',#10591,1.);
#8535=VECTOR('',#10592,1.);
#8536=VECTOR('',#10593,1.);
#8537=VECTOR('',#10594,1.);
#8538=VECTOR('',#10595,1.);
#8539=VECTOR('',#10596,1.);
#8540=VECTOR('',#10597,1.);
#8541=VECTOR('',#10598,1.);
#8542=VECTOR('',#10599,1.);
#8543=VECTOR('',#10600,1.);
#8544=VECTOR('',#10601,1.);
#8545=VECTOR('',#10602,1.);
#8546=VECTOR('',#10603,1.);
#8547=VECTOR('',#10604,1.);
#8548=VECTOR('',#10605,1.);
#8549=VECTOR('',#10606,1.);
#8550=VECTOR('',#10609,1.);
#8551=VECTOR('',#10610,1.);
#8552=VECTOR('',#10611,1.);
#8553=VECTOR('',#10614,1.);
#8554=VECTOR('',#10615,1.);
#8555=VECTOR('',#10616,1.);
#8556=VECTOR('',#10617,1.);
#8557=VECTOR('',#10618,1.);
#8558=VECTOR('',#10619,1.);
#8559=VECTOR('',#10620,1.);
#8560=VECTOR('',#10621,1.);
#8561=VECTOR('',#10622,1.);
#8562=VECTOR('',#10623,1.);
#8563=VECTOR('',#10624,1.);
#8564=VECTOR('',#10625,1.);
#8565=VECTOR('',#10626,1.);
#8566=VECTOR('',#10627,1.);
#8567=VECTOR('',#10628,1.);
#8568=VECTOR('',#10629,1.);
#8569=VECTOR('',#10630,1.);
#8570=VECTOR('',#10631,1.);
#8571=VECTOR('',#10632,1.);
#8572=VECTOR('',#10633,1.);
#8573=VECTOR('',#10634,1.);
#8574=VECTOR('',#10635,1.);
#8575=VECTOR('',#10636,1.);
#8576=VECTOR('',#10637,1.);
#8577=VECTOR('',#10638,1.);
#8578=VECTOR('',#10639,1.);
#8579=VECTOR('',#10640,1.);
#8580=VECTOR('',#10641,1.);
#8581=VECTOR('',#10642,1.);
#8582=VECTOR('',#10643,1.);
#8583=VECTOR('',#10644,1.);
#8584=VECTOR('',#10645,1.);
#8585=VECTOR('',#10646,1.);
#8586=VECTOR('',#10647,1.);
#8587=VECTOR('',#10648,1.);
#8588=VECTOR('',#10649,1.);
#8589=VECTOR('',#10650,1.);
#8590=VECTOR('',#10651,1.);
#8591=VECTOR('',#10652,1.);
#8592=VECTOR('',#10653,1.);
#8593=VECTOR('',#10654,1.);
#8594=VECTOR('',#10655,1.);
#8595=VECTOR('',#10656,1.);
#8596=VECTOR('',#10659,1.);
#8597=VECTOR('',#10660,1.);
#8598=VECTOR('',#10661,1.);
#8599=VECTOR('',#10662,1.);
#8600=VECTOR('',#10663,1.);
#8601=VECTOR('',#10664,1.);
#8602=VECTOR('',#10665,1.);
#8603=VECTOR('',#10666,1.);
#8604=VECTOR('',#10667,1.);
#8605=VECTOR('',#10668,1.);
#8606=VECTOR('',#10669,1.);
#8607=VECTOR('',#10670,1.);
#8608=VECTOR('',#10671,1.);
#8609=VECTOR('',#10672,1.);
#8610=VECTOR('',#10673,1.);
#8611=VECTOR('',#10674,1.);
#8612=VECTOR('',#10675,1.);
#8613=VECTOR('',#10676,1.);
#8614=VECTOR('',#10677,1.);
#8615=VECTOR('',#10678,1.);
#8616=VECTOR('',#10679,1.);
#8617=VECTOR('',#10680,1.);
#8618=VECTOR('',#10681,1.);
#8619=VECTOR('',#10682,1.);
#8620=VECTOR('',#10683,1.);
#8621=VECTOR('',#10684,1.);
#8622=VECTOR('',#10685,1.);
#8623=VECTOR('',#10686,1.);
#8624=VECTOR('',#10687,1.);
#8625=VECTOR('',#10688,1.);
#8626=VECTOR('',#10689,1.);
#8627=VECTOR('',#10690,1.);
#8628=VECTOR('',#10691,1.);
#8629=VECTOR('',#10692,1.);
#8630=VECTOR('',#10693,1.);
#8631=VECTOR('',#10694,1.);
#8632=VECTOR('',#10695,1.);
#8633=VECTOR('',#10696,1.);
#8634=VECTOR('',#10697,1.);
#8635=VECTOR('',#10698,1.);
#8636=VECTOR('',#10699,1.);
#8637=VECTOR('',#10700,1.);
#8638=VECTOR('',#10701,1.);
#8639=VECTOR('',#10702,1.);
#8640=VECTOR('',#10703,1.);
#8641=VECTOR('',#10704,1.);
#8642=VECTOR('',#10705,1.);
#8643=VECTOR('',#10706,1.);
#8644=VECTOR('',#10707,1.);
#8645=VECTOR('',#10708,1.);
#8646=VECTOR('',#10713,1.);
#8647=VECTOR('',#10716,1.);
#8648=VECTOR('',#10721,1.);
#8649=VECTOR('',#10728,1.);
#8650=VECTOR('',#10735,1.);
#8651=VECTOR('',#10740,1.);
#8652=VECTOR('',#10745,1.);
#8653=VECTOR('',#10750,1.);
#8654=VECTOR('',#10755,1.);
#8655=VECTOR('',#10760,1.);
#8656=VECTOR('',#10761,1.);
#8657=VECTOR('',#10762,1.);
#8658=VECTOR('',#10763,1.);
#8659=VECTOR('',#10768,1.);
#8660=VECTOR('',#10773,1.);
#8661=VECTOR('',#10774,1.);
#8662=VECTOR('',#10777,1.);
#8663=VECTOR('',#10778,1.);
#8664=VECTOR('',#10785,1.);
#8665=VECTOR('',#10786,1.);
#8666=VECTOR('',#10787,1.);
#8667=VECTOR('',#10790,1.);
#8668=VECTOR('',#10791,1.);
#8669=VECTOR('',#10792,1.);
#8670=VECTOR('',#10793,1.);
#8671=VECTOR('',#10794,1.);
#8672=VECTOR('',#10797,1.);
#8673=VECTOR('',#10798,1.);
#8674=VECTOR('',#10799,1.);
#8675=VECTOR('',#10800,1.);
#8676=VECTOR('',#10801,1.);
#8677=VECTOR('',#10804,1.);
#8678=VECTOR('',#10807,1.);
#8679=VECTOR('',#10810,1.);
#8680=VECTOR('',#10813,1.);
#8681=VECTOR('',#10818,1.);
#8682=VECTOR('',#10823,1.);
#8683=VECTOR('',#10828,1.);
#8684=VECTOR('',#10833,1.);
#8685=VECTOR('',#10834,1.);
#8686=VECTOR('',#10835,1.);
#8687=VECTOR('',#10836,1.);
#8688=VECTOR('',#10841,1.);
#8689=VECTOR('',#10846,1.);
#8690=VECTOR('',#10847,1.);
#8691=VECTOR('',#10850,1.);
#8692=VECTOR('',#10851,1.);
#8693=VECTOR('',#10858,1.);
#8694=VECTOR('',#10859,1.);
#8695=VECTOR('',#10860,1.);
#8696=VECTOR('',#10863,1.);
#8697=VECTOR('',#10864,1.);
#8698=VECTOR('',#10865,1.);
#8699=VECTOR('',#10866,1.);
#8700=VECTOR('',#10867,1.);
#8701=VECTOR('',#10870,1.);
#8702=VECTOR('',#10871,1.);
#8703=VECTOR('',#10872,1.);
#8704=VECTOR('',#10873,1.);
#8705=VECTOR('',#10874,1.);
#8706=VECTOR('',#10877,1.);
#8707=VECTOR('',#10880,1.);
#8708=VECTOR('',#10883,1.);
#8709=VECTOR('',#10886,1.);
#8710=VECTOR('',#10891,1.);
#8711=VECTOR('',#10896,1.);
#8712=VECTOR('',#10901,1.);
#8713=VECTOR('',#10906,1.);
#8714=VECTOR('',#10907,1.);
#8715=VECTOR('',#10908,1.);
#8716=VECTOR('',#10909,1.);
#8717=VECTOR('',#10914,1.);
#8718=VECTOR('',#10919,1.);
#8719=VECTOR('',#10920,1.);
#8720=VECTOR('',#10923,1.);
#8721=VECTOR('',#10924,1.);
#8722=VECTOR('',#10931,1.);
#8723=VECTOR('',#10932,1.);
#8724=VECTOR('',#10933,1.);
#8725=VECTOR('',#10936,1.);
#8726=VECTOR('',#10937,1.);
#8727=VECTOR('',#10938,1.);
#8728=VECTOR('',#10939,1.);
#8729=VECTOR('',#10940,1.);
#8730=VECTOR('',#10943,1.);
#8731=VECTOR('',#10944,1.);
#8732=VECTOR('',#10945,1.);
#8733=VECTOR('',#10946,1.);
#8734=VECTOR('',#10947,1.);
#8735=VECTOR('',#10950,1.);
#8736=VECTOR('',#10953,1.);
#8737=VECTOR('',#10956,1.);
#8738=VECTOR('',#10959,1.);
#8739=VECTOR('',#10964,1.);
#8740=VECTOR('',#10969,1.);
#8741=VECTOR('',#10974,1.);
#8742=VECTOR('',#10979,1.);
#8743=VECTOR('',#10980,1.);
#8744=VECTOR('',#10981,1.);
#8745=VECTOR('',#10982,1.);
#8746=VECTOR('',#10987,1.);
#8747=VECTOR('',#10992,1.);
#8748=VECTOR('',#10993,1.);
#8749=VECTOR('',#10996,1.);
#8750=VECTOR('',#10997,1.);
#8751=VECTOR('',#11004,1.);
#8752=VECTOR('',#11005,1.);
#8753=VECTOR('',#11006,1.);
#8754=VECTOR('',#11009,1.);
#8755=VECTOR('',#11010,1.);
#8756=VECTOR('',#11011,1.);
#8757=VECTOR('',#11012,1.);
#8758=VECTOR('',#11013,1.);
#8759=VECTOR('',#11016,1.);
#8760=VECTOR('',#11017,1.);
#8761=VECTOR('',#11018,1.);
#8762=VECTOR('',#11019,1.);
#8763=VECTOR('',#11020,1.);
#8764=VECTOR('',#11023,1.);
#8765=VECTOR('',#11026,1.);
#8766=VECTOR('',#11029,1.);
#8767=VECTOR('',#11032,1.);
#8768=VECTOR('',#11037,1.);
#8769=VECTOR('',#11042,1.);
#8770=VECTOR('',#11047,1.);
#8771=VECTOR('',#11052,1.);
#8772=VECTOR('',#11053,1.);
#8773=VECTOR('',#11054,1.);
#8774=VECTOR('',#11055,1.);
#8775=VECTOR('',#11060,1.);
#8776=VECTOR('',#11065,1.);
#8777=VECTOR('',#11066,1.);
#8778=VECTOR('',#11069,1.);
#8779=VECTOR('',#11070,1.);
#8780=VECTOR('',#11077,1.);
#8781=VECTOR('',#11078,1.);
#8782=VECTOR('',#11079,1.);
#8783=VECTOR('',#11082,1.);
#8784=VECTOR('',#11083,1.);
#8785=VECTOR('',#11084,1.);
#8786=VECTOR('',#11085,1.);
#8787=VECTOR('',#11086,1.);
#8788=VECTOR('',#11089,1.);
#8789=VECTOR('',#11090,1.);
#8790=VECTOR('',#11091,1.);
#8791=VECTOR('',#11092,1.);
#8792=VECTOR('',#11093,1.);
#8793=VECTOR('',#11096,1.);
#8794=VECTOR('',#11099,1.);
#8795=VECTOR('',#11102,1.);
#8796=VECTOR('',#11105,1.);
#8797=VECTOR('',#11110,1.);
#8798=VECTOR('',#11115,1.);
#8799=VECTOR('',#11120,1.);
#8800=VECTOR('',#11125,1.);
#8801=VECTOR('',#11126,1.);
#8802=VECTOR('',#11127,1.);
#8803=VECTOR('',#11128,1.);
#8804=VECTOR('',#11133,1.);
#8805=VECTOR('',#11138,1.);
#8806=VECTOR('',#11139,1.);
#8807=VECTOR('',#11142,1.);
#8808=VECTOR('',#11143,1.);
#8809=VECTOR('',#11150,1.);
#8810=VECTOR('',#11151,1.);
#8811=VECTOR('',#11152,1.);
#8812=VECTOR('',#11155,1.);
#8813=VECTOR('',#11156,1.);
#8814=VECTOR('',#11157,1.);
#8815=VECTOR('',#11158,1.);
#8816=VECTOR('',#11159,1.);
#8817=VECTOR('',#11162,1.);
#8818=VECTOR('',#11163,1.);
#8819=VECTOR('',#11164,1.);
#8820=VECTOR('',#11165,1.);
#8821=VECTOR('',#11166,1.);
#8822=VECTOR('',#11169,1.);
#8823=VECTOR('',#11172,1.);
#8824=VECTOR('',#11175,1.);
#8825=VECTOR('',#11178,1.);
#8826=VECTOR('',#11183,1.);
#8827=VECTOR('',#11188,1.);
#8828=VECTOR('',#11193,1.);
#8829=VECTOR('',#11198,1.);
#8830=VECTOR('',#11199,1.);
#8831=VECTOR('',#11200,1.);
#8832=VECTOR('',#11201,1.);
#8833=VECTOR('',#11206,1.);
#8834=VECTOR('',#11211,1.);
#8835=VECTOR('',#11212,1.);
#8836=VECTOR('',#11215,1.);
#8837=VECTOR('',#11216,1.);
#8838=VECTOR('',#11223,1.);
#8839=VECTOR('',#11224,1.);
#8840=VECTOR('',#11225,1.);
#8841=VECTOR('',#11228,1.);
#8842=VECTOR('',#11229,1.);
#8843=VECTOR('',#11230,1.);
#8844=VECTOR('',#11231,1.);
#8845=VECTOR('',#11232,1.);
#8846=VECTOR('',#11235,1.);
#8847=VECTOR('',#11236,1.);
#8848=VECTOR('',#11237,1.);
#8849=VECTOR('',#11238,1.);
#8850=VECTOR('',#11239,1.);
#8851=VECTOR('',#11242,1.);
#8852=VECTOR('',#11245,1.);
#8853=VECTOR('',#11248,1.);
#8854=VECTOR('',#11251,1.);
#8855=VECTOR('',#11256,1.);
#8856=VECTOR('',#11261,1.);
#8857=VECTOR('',#11266,1.);
#8858=VECTOR('',#11271,1.);
#8859=VECTOR('',#11272,1.);
#8860=VECTOR('',#11273,1.);
#8861=VECTOR('',#11274,1.);
#8862=VECTOR('',#11279,1.);
#8863=VECTOR('',#11284,1.);
#8864=VECTOR('',#11285,1.);
#8865=VECTOR('',#11288,1.);
#8866=VECTOR('',#11289,1.);
#8867=VECTOR('',#11296,1.);
#8868=VECTOR('',#11297,1.);
#8869=VECTOR('',#11298,1.);
#8870=VECTOR('',#11301,1.);
#8871=VECTOR('',#11302,1.);
#8872=VECTOR('',#11303,1.);
#8873=VECTOR('',#11304,1.);
#8874=VECTOR('',#11305,1.);
#8875=VECTOR('',#11308,1.);
#8876=VECTOR('',#11309,1.);
#8877=VECTOR('',#11310,1.);
#8878=VECTOR('',#11311,1.);
#8879=VECTOR('',#11312,1.);
#8880=VECTOR('',#11315,1.);
#8881=VECTOR('',#11318,1.);
#8882=VECTOR('',#11321,1.);
#8883=VECTOR('',#11324,1.);
#8884=VECTOR('',#11329,1.);
#8885=VECTOR('',#11334,1.);
#8886=VECTOR('',#11339,1.);
#8887=VECTOR('',#11344,1.);
#8888=VECTOR('',#11345,1.);
#8889=VECTOR('',#11346,1.);
#8890=VECTOR('',#11347,1.);
#8891=VECTOR('',#11352,1.);
#8892=VECTOR('',#11357,1.);
#8893=VECTOR('',#11358,1.);
#8894=VECTOR('',#11361,1.);
#8895=VECTOR('',#11362,1.);
#8896=VECTOR('',#11369,1.);
#8897=VECTOR('',#11370,1.);
#8898=VECTOR('',#11371,1.);
#8899=VECTOR('',#11374,1.);
#8900=VECTOR('',#11375,1.);
#8901=VECTOR('',#11376,1.);
#8902=VECTOR('',#11377,1.);
#8903=VECTOR('',#11378,1.);
#8904=VECTOR('',#11381,1.);
#8905=VECTOR('',#11382,1.);
#8906=VECTOR('',#11383,1.);
#8907=VECTOR('',#11384,1.);
#8908=VECTOR('',#11385,1.);
#8909=VECTOR('',#11388,1.);
#8910=VECTOR('',#11391,1.);
#8911=VECTOR('',#11394,1.);
#8912=VECTOR('',#11397,1.);
#8913=VECTOR('',#11402,1.);
#8914=VECTOR('',#11407,1.);
#8915=VECTOR('',#11412,1.);
#8916=VECTOR('',#11417,1.);
#8917=VECTOR('',#11418,1.);
#8918=VECTOR('',#11419,1.);
#8919=VECTOR('',#11420,1.);
#8920=VECTOR('',#11425,1.);
#8921=VECTOR('',#11430,1.);
#8922=VECTOR('',#11431,1.);
#8923=VECTOR('',#11434,1.);
#8924=VECTOR('',#11435,1.);
#8925=VECTOR('',#11442,1.);
#8926=VECTOR('',#11443,1.);
#8927=VECTOR('',#11444,1.);
#8928=VECTOR('',#11447,1.);
#8929=VECTOR('',#11448,1.);
#8930=VECTOR('',#11449,1.);
#8931=VECTOR('',#11450,1.);
#8932=VECTOR('',#11451,1.);
#8933=VECTOR('',#11454,1.);
#8934=VECTOR('',#11455,1.);
#8935=VECTOR('',#11456,1.);
#8936=VECTOR('',#11457,1.);
#8937=VECTOR('',#11458,1.);
#8938=VECTOR('',#11461,1.);
#8939=VECTOR('',#11464,1.);
#8940=VECTOR('',#11467,1.);
#8941=VECTOR('',#11470,1.);
#8942=VECTOR('',#11475,1.);
#8943=VECTOR('',#11480,1.);
#8944=VECTOR('',#11485,1.);
#8945=VECTOR('',#11490,1.);
#8946=VECTOR('',#11491,1.);
#8947=VECTOR('',#11492,1.);
#8948=VECTOR('',#11493,1.);
#8949=VECTOR('',#11498,1.);
#8950=VECTOR('',#11503,1.);
#8951=VECTOR('',#11504,1.);
#8952=VECTOR('',#11507,1.);
#8953=VECTOR('',#11508,1.);
#8954=VECTOR('',#11515,1.);
#8955=VECTOR('',#11516,1.);
#8956=VECTOR('',#11517,1.);
#8957=VECTOR('',#11520,1.);
#8958=VECTOR('',#11521,1.);
#8959=VECTOR('',#11522,1.);
#8960=VECTOR('',#11523,1.);
#8961=VECTOR('',#11524,1.);
#8962=VECTOR('',#11527,1.);
#8963=VECTOR('',#11528,1.);
#8964=VECTOR('',#11529,1.);
#8965=VECTOR('',#11530,1.);
#8966=VECTOR('',#11531,1.);
#8967=VECTOR('',#11534,1.);
#8968=VECTOR('',#11537,1.);
#8969=VECTOR('',#11540,1.);
#8970=VECTOR('',#11543,1.);
#8971=VECTOR('',#11548,1.);
#8972=VECTOR('',#11553,1.);
#8973=VECTOR('',#11558,1.);
#8974=VECTOR('',#11563,1.);
#8975=VECTOR('',#11564,1.);
#8976=VECTOR('',#11565,1.);
#8977=VECTOR('',#11566,1.);
#8978=VECTOR('',#11571,1.);
#8979=VECTOR('',#11576,1.);
#8980=VECTOR('',#11577,1.);
#8981=VECTOR('',#11580,1.);
#8982=VECTOR('',#11581,1.);
#8983=VECTOR('',#11588,1.);
#8984=VECTOR('',#11589,1.);
#8985=VECTOR('',#11590,1.);
#8986=VECTOR('',#11593,1.);
#8987=VECTOR('',#11594,1.);
#8988=VECTOR('',#11595,1.);
#8989=VECTOR('',#11596,1.);
#8990=VECTOR('',#11597,1.);
#8991=VECTOR('',#11600,1.);
#8992=VECTOR('',#11601,1.);
#8993=VECTOR('',#11602,1.);
#8994=VECTOR('',#11603,1.);
#8995=VECTOR('',#11604,1.);
#8996=VECTOR('',#11607,1.);
#8997=VECTOR('',#11610,1.);
#8998=VECTOR('',#11613,1.);
#8999=VECTOR('',#11616,1.);
#9000=VECTOR('',#11621,1.);
#9001=VECTOR('',#11626,1.);
#9002=VECTOR('',#11631,1.);
#9003=VECTOR('',#11636,1.);
#9004=VECTOR('',#11637,1.);
#9005=VECTOR('',#11638,1.);
#9006=VECTOR('',#11639,1.);
#9007=VECTOR('',#11644,1.);
#9008=VECTOR('',#11649,1.);
#9009=VECTOR('',#11650,1.);
#9010=VECTOR('',#11653,1.);
#9011=VECTOR('',#11654,1.);
#9012=VECTOR('',#11661,1.);
#9013=VECTOR('',#11662,1.);
#9014=VECTOR('',#11663,1.);
#9015=VECTOR('',#11666,1.);
#9016=VECTOR('',#11667,1.);
#9017=VECTOR('',#11668,1.);
#9018=VECTOR('',#11669,1.);
#9019=VECTOR('',#11670,1.);
#9020=VECTOR('',#11673,1.);
#9021=VECTOR('',#11674,1.);
#9022=VECTOR('',#11675,1.);
#9023=VECTOR('',#11676,1.);
#9024=VECTOR('',#11677,1.);
#9025=VECTOR('',#11680,1.);
#9026=VECTOR('',#11683,1.);
#9027=VECTOR('',#11686,1.);
#9028=VECTOR('',#11689,1.);
#9029=VECTOR('',#11694,1.);
#9030=VECTOR('',#11699,1.);
#9031=VECTOR('',#11704,1.);
#9032=VECTOR('',#11709,1.);
#9033=VECTOR('',#11710,1.);
#9034=VECTOR('',#11711,1.);
#9035=VECTOR('',#11712,1.);
#9036=VECTOR('',#11717,1.);
#9037=VECTOR('',#11722,1.);
#9038=VECTOR('',#11723,1.);
#9039=VECTOR('',#11726,1.);
#9040=VECTOR('',#11727,1.);
#9041=VECTOR('',#11734,1.);
#9042=VECTOR('',#11735,1.);
#9043=VECTOR('',#11736,1.);
#9044=VECTOR('',#11739,1.);
#9045=VECTOR('',#11740,1.);
#9046=VECTOR('',#11741,1.);
#9047=VECTOR('',#11742,1.);
#9048=VECTOR('',#11743,1.);
#9049=VECTOR('',#11746,1.);
#9050=VECTOR('',#11747,1.);
#9051=VECTOR('',#11748,1.);
#9052=VECTOR('',#11749,1.);
#9053=VECTOR('',#11750,1.);
#9054=VECTOR('',#11753,1.);
#9055=VECTOR('',#11756,1.);
#9056=VECTOR('',#11759,1.);
#9057=VECTOR('',#11762,1.);
#9058=VECTOR('',#11767,1.);
#9059=VECTOR('',#11768,1.);
#9060=VECTOR('',#11769,1.);
#9061=VECTOR('',#11770,1.);
#9062=VECTOR('',#11773,1.);
#9063=VECTOR('',#11774,1.);
#9064=VECTOR('',#11775,1.);
#9065=VECTOR('',#11778,1.);
#9066=VECTOR('',#11779,1.);
#9067=VECTOR('',#11780,1.);
#9068=VECTOR('',#11783,1.);
#9069=VECTOR('',#11784,1.);
#9070=VECTOR('',#11785,1.);
#9071=VECTOR('',#11788,1.);
#9072=VECTOR('',#11789,1.);
#9073=VECTOR('',#11790,1.);
#9074=VECTOR('',#11793,1.);
#9075=VECTOR('',#11794,1.);
#9076=VECTOR('',#11795,1.);
#9077=VECTOR('',#11798,1.);
#9078=VECTOR('',#11799,1.);
#9079=VECTOR('',#11800,1.);
#9080=VECTOR('',#11803,1.);
#9081=VECTOR('',#11804,1.);
#9082=VECTOR('',#11805,1.);
#9083=VECTOR('',#11808,1.);
#9084=VECTOR('',#11809,1.);
#9085=VECTOR('',#11810,1.);
#9086=VECTOR('',#11813,1.);
#9087=VECTOR('',#11814,1.);
#9088=VECTOR('',#11815,1.);
#9089=VECTOR('',#11818,1.);
#9090=VECTOR('',#11819,1.);
#9091=VECTOR('',#11820,1.);
#9092=VECTOR('',#11823,1.);
#9093=VECTOR('',#11824,1.);
#9094=VECTOR('',#11825,1.);
#9095=VECTOR('',#11828,1.);
#9096=VECTOR('',#11829,1.);
#9097=VECTOR('',#11830,1.);
#9098=VECTOR('',#11833,1.);
#9099=VECTOR('',#11834,1.);
#9100=VECTOR('',#11835,1.);
#9101=VECTOR('',#11838,1.);
#9102=VECTOR('',#11839,1.);
#9103=VECTOR('',#11840,1.);
#9104=VECTOR('',#11843,1.);
#9105=VECTOR('',#11844,1.);
#9106=VECTOR('',#11851,1.);
#9107=VECTOR('',#11852,1.);
#9108=VECTOR('',#11853,1.);
#9109=VECTOR('',#11854,1.);
#9110=VECTOR('',#11857,1.);
#9111=VECTOR('',#11858,1.);
#9112=VECTOR('',#11859,1.);
#9113=VECTOR('',#11862,1.);
#9114=VECTOR('',#11863,1.);
#9115=VECTOR('',#11864,1.);
#9116=VECTOR('',#11867,1.);
#9117=VECTOR('',#11868,1.);
#9118=VECTOR('',#11869,1.);
#9119=VECTOR('',#11872,1.);
#9120=VECTOR('',#11873,1.);
#9121=VECTOR('',#11874,1.);
#9122=VECTOR('',#11877,1.);
#9123=VECTOR('',#11878,1.);
#9124=VECTOR('',#11879,1.);
#9125=VECTOR('',#11882,1.);
#9126=VECTOR('',#11883,1.);
#9127=VECTOR('',#11884,1.);
#9128=VECTOR('',#11887,1.);
#9129=VECTOR('',#11888,1.);
#9130=VECTOR('',#11889,1.);
#9131=VECTOR('',#11892,1.);
#9132=VECTOR('',#11893,1.);
#9133=VECTOR('',#11894,1.);
#9134=VECTOR('',#11897,1.);
#9135=VECTOR('',#11898,1.);
#9136=VECTOR('',#11899,1.);
#9137=VECTOR('',#11902,1.);
#9138=VECTOR('',#11903,1.);
#9139=VECTOR('',#11904,1.);
#9140=VECTOR('',#11907,1.);
#9141=VECTOR('',#11908,1.);
#9142=VECTOR('',#11909,1.);
#9143=VECTOR('',#11912,1.);
#9144=VECTOR('',#11913,1.);
#9145=VECTOR('',#11914,1.);
#9146=VECTOR('',#11917,1.);
#9147=VECTOR('',#11918,1.);
#9148=VECTOR('',#11919,1.);
#9149=VECTOR('',#11922,1.);
#9150=VECTOR('',#11923,1.);
#9151=VECTOR('',#11924,1.);
#9152=VECTOR('',#11927,1.);
#9153=VECTOR('',#11928,1.);
#9154=AXIS2_PLACEMENT_3D('',#11935,#9669,#9670);
#9155=AXIS2_PLACEMENT_3D('',#11944,#9675,#9676);
#9156=AXIS2_PLACEMENT_3D('',#11953,#9681,#9682);
#9157=AXIS2_PLACEMENT_3D('',#11962,#9687,#9688);
#9158=AXIS2_PLACEMENT_3D('',#12000,#9708,#9709);
#9159=AXIS2_PLACEMENT_3D('',#12023,#9721,#9722);
#9160=AXIS2_PLACEMENT_3D('',#12064,#9743,#9744);
#9161=AXIS2_PLACEMENT_3D('',#12065,#9745,#9746);
#9162=AXIS2_PLACEMENT_3D('',#12070,#9748,#9749);
#9163=AXIS2_PLACEMENT_3D('',#12074,#9751,#9752);
#9164=AXIS2_PLACEMENT_3D('',#12078,#9754,#9755);
#9165=AXIS2_PLACEMENT_3D('',#12082,#9758,#9759);
#9166=AXIS2_PLACEMENT_3D('',#12091,#9765,#9766);
#9167=AXIS2_PLACEMENT_3D('',#12115,#9779,#9780);
#9168=AXIS2_PLACEMENT_3D('',#12121,#9784,#9785);
#9169=AXIS2_PLACEMENT_3D('',#12125,#9787,#9788);
#9170=AXIS2_PLACEMENT_3D('',#12129,#9791,#9792);
#9171=AXIS2_PLACEMENT_3D('',#12139,#9798,#9799);
#9172=AXIS2_PLACEMENT_3D('',#12156,#9809,#9810);
#9173=AXIS2_PLACEMENT_3D('',#12175,#9821,#9822);
#9174=AXIS2_PLACEMENT_3D('',#12182,#9827,#9828);
#9175=AXIS2_PLACEMENT_3D('',#12184,#9830,#9831);
#9176=AXIS2_PLACEMENT_3D('',#12197,#9839,#9840);
#9177=AXIS2_PLACEMENT_3D('',#12200,#9843,#9844);
#9178=AXIS2_PLACEMENT_3D('',#12201,#9845,#9846);
#9179=AXIS2_PLACEMENT_3D('',#12205,#9849,#9850);
#9180=AXIS2_PLACEMENT_3D('',#12228,#9863,#9864);
#9181=AXIS2_PLACEMENT_3D('',#12242,#9872,#9873);
#9182=AXIS2_PLACEMENT_3D('',#12246,#9876,#9877);
#9183=AXIS2_PLACEMENT_3D('',#12252,#9881,#9882);
#9184=AXIS2_PLACEMENT_3D('',#12257,#9886,#9887);
#9185=AXIS2_PLACEMENT_3D('',#12261,#9890,#9891);
#9186=AXIS2_PLACEMENT_3D('',#12269,#9896,#9897);
#9187=AXIS2_PLACEMENT_3D('',#12271,#9899,#9900);
#9188=AXIS2_PLACEMENT_3D('',#12277,#9904,#9905);
#9189=AXIS2_PLACEMENT_3D('',#12284,#9910,#9911);
#9190=AXIS2_PLACEMENT_3D('',#12286,#9913,#9914);
#9191=AXIS2_PLACEMENT_3D('',#12295,#9920,#9921);
#9192=AXIS2_PLACEMENT_3D('',#12304,#9927,#9928);
#9193=AXIS2_PLACEMENT_3D('',#12312,#9933,#9934);
#9194=AXIS2_PLACEMENT_3D('',#12326,#9942,#9943);
#9195=AXIS2_PLACEMENT_3D('',#12329,#9946,#9947);
#9196=AXIS2_PLACEMENT_3D('',#12333,#9950,#9951);
#9197=AXIS2_PLACEMENT_3D('',#12335,#9953,#9954);
#9198=AXIS2_PLACEMENT_3D('',#12345,#9961,#9962);
#9199=AXIS2_PLACEMENT_3D('',#12348,#9965,#9966);
#9200=AXIS2_PLACEMENT_3D('',#12355,#9971,#9972);
#9201=AXIS2_PLACEMENT_3D('',#12357,#9974,#9975);
#9202=AXIS2_PLACEMENT_3D('',#12359,#9977,#9978);
#9203=AXIS2_PLACEMENT_3D('',#12361,#9980,#9981);
#9204=AXIS2_PLACEMENT_3D('',#12362,#9982,#9983);
#9205=AXIS2_PLACEMENT_3D('',#12366,#9986,#9987);
#9206=AXIS2_PLACEMENT_3D('',#12368,#9989,#9990);
#9207=AXIS2_PLACEMENT_3D('',#12375,#9995,#9996);
#9208=AXIS2_PLACEMENT_3D('',#12379,#9999,#10000);
#9209=AXIS2_PLACEMENT_3D('',#12383,#10003,#10004);
#9210=AXIS2_PLACEMENT_3D('',#12386,#10007,#10008);
#9211=AXIS2_PLACEMENT_3D('',#12387,#10009,#10010);
#9212=AXIS2_PLACEMENT_3D('',#12391,#10014,#10015);
#9213=AXIS2_PLACEMENT_3D('',#12393,#10017,#10018);
#9214=AXIS2_PLACEMENT_3D('',#12394,#10019,#10020);
#9215=AXIS2_PLACEMENT_3D('',#12400,#10024,#10025);
#9216=AXIS2_PLACEMENT_3D('',#12406,#10029,#10030);
#9217=AXIS2_PLACEMENT_3D('',#12409,#10033,#10034);
#9218=AXIS2_PLACEMENT_3D('',#12410,#10035,#10036);
#9219=AXIS2_PLACEMENT_3D('',#12411,#10037,#10038);
#9220=AXIS2_PLACEMENT_3D('',#12420,#10043,#10044);
#9221=AXIS2_PLACEMENT_3D('',#12423,#10047,#10048);
#9222=AXIS2_PLACEMENT_3D('',#12426,#10051,#10052);
#9223=AXIS2_PLACEMENT_3D('',#12427,#10053,#10054);
#9224=AXIS2_PLACEMENT_3D('',#12428,#10055,#10056);
#9225=AXIS2_PLACEMENT_3D('',#12429,#10057,#10058);
#9226=AXIS2_PLACEMENT_3D('',#12430,#10059,#10060);
#9227=AXIS2_PLACEMENT_3D('',#12431,#10061,#10062);
#9228=AXIS2_PLACEMENT_3D('',#12435,#10065,#10066);
#9229=AXIS2_PLACEMENT_3D('',#12439,#10069,#10070);
#9230=AXIS2_PLACEMENT_3D('',#12445,#10074,#10075);
#9231=AXIS2_PLACEMENT_3D('',#12447,#10077,#10078);
#9232=AXIS2_PLACEMENT_3D('',#12448,#10079,#10080);
#9233=AXIS2_PLACEMENT_3D('',#12449,#10081,#10082);
#9234=AXIS2_PLACEMENT_3D('',#12450,#10083,#10084);
#9235=AXIS2_PLACEMENT_3D('',#12455,#10086,#10087);
#9236=AXIS2_PLACEMENT_3D('',#12459,#10090,#10091);
#9237=AXIS2_PLACEMENT_3D('',#12461,#10093,#10094);
#9238=AXIS2_PLACEMENT_3D('',#12463,#10096,#10097);
#9239=AXIS2_PLACEMENT_3D('',#12464,#10098,#10099);
#9240=AXIS2_PLACEMENT_3D('',#12469,#10102,#10103);
#9241=AXIS2_PLACEMENT_3D('',#12475,#10107,#10108);
#9242=AXIS2_PLACEMENT_3D('',#12477,#10110,#10111);
#9243=AXIS2_PLACEMENT_3D('',#12483,#10115,#10116);
#9244=AXIS2_PLACEMENT_3D('',#12487,#10119,#10120);
#9245=AXIS2_PLACEMENT_3D('',#12489,#10122,#10123);
#9246=AXIS2_PLACEMENT_3D('',#12490,#10124,#10125);
#9247=AXIS2_PLACEMENT_3D('',#12611,#10186,#10187);
#9248=AXIS2_PLACEMENT_3D('',#12622,#10194,#10195);
#9249=AXIS2_PLACEMENT_3D('',#12631,#10200,#10201);
#9250=AXIS2_PLACEMENT_3D('',#12632,#10202,#10203);
#9251=AXIS2_PLACEMENT_3D('',#12640,#10208,#10209);
#9252=AXIS2_PLACEMENT_3D('',#12649,#10214,#10215);
#9253=AXIS2_PLACEMENT_3D('',#12658,#10220,#10221);
#9254=AXIS2_PLACEMENT_3D('',#12667,#10226,#10227);
#9255=AXIS2_PLACEMENT_3D('',#12676,#10232,#10233);
#9256=AXIS2_PLACEMENT_3D('',#12685,#10238,#10239);
#9257=AXIS2_PLACEMENT_3D('',#12694,#10244,#10245);
#9258=AXIS2_PLACEMENT_3D('',#12703,#10250,#10251);
#9259=AXIS2_PLACEMENT_3D('',#12712,#10256,#10257);
#9260=AXIS2_PLACEMENT_3D('',#12721,#10262,#10263);
#9261=AXIS2_PLACEMENT_3D('',#12730,#10268,#10269);
#9262=AXIS2_PLACEMENT_3D('',#12739,#10274,#10275);
#9263=AXIS2_PLACEMENT_3D('',#12748,#10280,#10281);
#9264=AXIS2_PLACEMENT_3D('',#12757,#10286,#10287);
#9265=AXIS2_PLACEMENT_3D('',#12766,#10292,#10293);
#9266=AXIS2_PLACEMENT_3D('',#12776,#10299,#10300);
#9267=AXIS2_PLACEMENT_3D('',#12785,#10305,#10306);
#9268=AXIS2_PLACEMENT_3D('',#12794,#10311,#10312);
#9269=AXIS2_PLACEMENT_3D('',#12800,#10316,#10317);
#9270=AXIS2_PLACEMENT_3D('',#12806,#10321,#10322);
#9271=AXIS2_PLACEMENT_3D('',#12812,#10326,#10327);
#9272=AXIS2_PLACEMENT_3D('',#12818,#10331,#10332);
#9273=AXIS2_PLACEMENT_3D('',#12823,#10335,#10336);
#9274=AXIS2_PLACEMENT_3D('',#12839,#10344,#10345);
#9275=AXIS2_PLACEMENT_3D('',#12840,#10346,#10347);
#9276=AXIS2_PLACEMENT_3D('',#12845,#10351,#10352);
#9277=AXIS2_PLACEMENT_3D('',#12989,#10426,#10427);
#9278=AXIS2_PLACEMENT_3D('',#13001,#10435,#10436);
#9279=AXIS2_PLACEMENT_3D('',#13004,#10438,#10439);
#9280=AXIS2_PLACEMENT_3D('',#13005,#10440,#10441);
#9281=AXIS2_PLACEMENT_3D('',#13015,#10448,#10449);
#9282=AXIS2_PLACEMENT_3D('',#13020,#10453,#10454);
#9283=AXIS2_PLACEMENT_3D('',#13026,#10458,#10459);
#9284=AXIS2_PLACEMENT_3D('',#13031,#10463,#10464);
#9285=AXIS2_PLACEMENT_3D('',#13041,#10470,#10471);
#9286=AXIS2_PLACEMENT_3D('',#13045,#10475,#10476);
#9287=AXIS2_PLACEMENT_3D('',#13067,#10496,#10497);
#9288=AXIS2_PLACEMENT_3D('',#13078,#10504,#10505);
#9289=AXIS2_PLACEMENT_3D('',#13084,#10509,#10510);
#9290=AXIS2_PLACEMENT_3D('',#13085,#10511,#10512);
#9291=AXIS2_PLACEMENT_3D('',#13086,#10513,#10514);
#9292=AXIS2_PLACEMENT_3D('',#13087,#10515,#10516);
#9293=AXIS2_PLACEMENT_3D('',#13089,#10518,#10519);
#9294=AXIS2_PLACEMENT_3D('',#13094,#10523,#10524);
#9295=AXIS2_PLACEMENT_3D('',#13098,#10527,#10528);
#9296=AXIS2_PLACEMENT_3D('',#13099,#10529,#10530);
#9297=AXIS2_PLACEMENT_3D('',#13100,#10531,#10532);
#9298=AXIS2_PLACEMENT_3D('',#13102,#10534,#10535);
#9299=AXIS2_PLACEMENT_3D('',#13108,#10539,#10540);
#9300=AXIS2_PLACEMENT_3D('',#13113,#10544,#10545);
#9301=AXIS2_PLACEMENT_3D('',#13114,#10546,#10547);
#9302=AXIS2_PLACEMENT_3D('',#13115,#10548,#10549);
#9303=AXIS2_PLACEMENT_3D('',#13116,#10550,#10551);
#9304=AXIS2_PLACEMENT_3D('',#13120,#10554,#10555);
#9305=AXIS2_PLACEMENT_3D('',#13124,#10558,#10559);
#9306=AXIS2_PLACEMENT_3D('',#13126,#10561,#10562);
#9307=AXIS2_PLACEMENT_3D('',#13201,#10607,#10608);
#9308=AXIS2_PLACEMENT_3D('',#13207,#10612,#10613);
#9309=AXIS2_PLACEMENT_3D('',#13279,#10657,#10658);
#9310=AXIS2_PLACEMENT_3D('',#13361,#10709,#10710);
#9311=AXIS2_PLACEMENT_3D('',#13362,#10711,#10712);
#9312=AXIS2_PLACEMENT_3D('',#13364,#10714,#10715);
#9313=AXIS2_PLACEMENT_3D('',#13366,#10717,#10718);
#9314=AXIS2_PLACEMENT_3D('',#13367,#10719,#10720);
#9315=AXIS2_PLACEMENT_3D('',#13369,#10722,#10723);
#9316=AXIS2_PLACEMENT_3D('',#13370,#10724,#10725);
#9317=AXIS2_PLACEMENT_3D('',#13371,#10726,#10727);
#9318=AXIS2_PLACEMENT_3D('',#13373,#10729,#10730);
#9319=AXIS2_PLACEMENT_3D('',#13374,#10731,#10732);
#9320=AXIS2_PLACEMENT_3D('',#13375,#10733,#10734);
#9321=AXIS2_PLACEMENT_3D('',#13377,#10736,#10737);
#9322=AXIS2_PLACEMENT_3D('',#13378,#10738,#10739);
#9323=AXIS2_PLACEMENT_3D('',#13380,#10741,#10742);
#9324=AXIS2_PLACEMENT_3D('',#13381,#10743,#10744);
#9325=AXIS2_PLACEMENT_3D('',#13384,#10746,#10747);
#9326=AXIS2_PLACEMENT_3D('',#13385,#10748,#10749);
#9327=AXIS2_PLACEMENT_3D('',#13388,#10751,#10752);
#9328=AXIS2_PLACEMENT_3D('',#13389,#10753,#10754);
#9329=AXIS2_PLACEMENT_3D('',#13391,#10756,#10757);
#9330=AXIS2_PLACEMENT_3D('',#13392,#10758,#10759);
#9331=AXIS2_PLACEMENT_3D('',#13401,#10764,#10765);
#9332=AXIS2_PLACEMENT_3D('',#13402,#10766,#10767);
#9333=AXIS2_PLACEMENT_3D('',#13406,#10769,#10770);
#9334=AXIS2_PLACEMENT_3D('',#13407,#10771,#10772);
#9335=AXIS2_PLACEMENT_3D('',#13410,#10775,#10776);
#9336=AXIS2_PLACEMENT_3D('',#13413,#10779,#10780);
#9337=AXIS2_PLACEMENT_3D('',#13414,#10781,#10782);
#9338=AXIS2_PLACEMENT_3D('',#13415,#10783,#10784);
#9339=AXIS2_PLACEMENT_3D('',#13421,#10788,#10789);
#9340=AXIS2_PLACEMENT_3D('',#13431,#10795,#10796);
#9341=AXIS2_PLACEMENT_3D('',#13441,#10802,#10803);
#9342=AXIS2_PLACEMENT_3D('',#13443,#10805,#10806);
#9343=AXIS2_PLACEMENT_3D('',#13445,#10808,#10809);
#9344=AXIS2_PLACEMENT_3D('',#13447,#10811,#10812);
#9345=AXIS2_PLACEMENT_3D('',#13449,#10814,#10815);
#9346=AXIS2_PLACEMENT_3D('',#13450,#10816,#10817);
#9347=AXIS2_PLACEMENT_3D('',#13453,#10819,#10820);
#9348=AXIS2_PLACEMENT_3D('',#13454,#10821,#10822);
#9349=AXIS2_PLACEMENT_3D('',#13457,#10824,#10825);
#9350=AXIS2_PLACEMENT_3D('',#13458,#10826,#10827);
#9351=AXIS2_PLACEMENT_3D('',#13460,#10829,#10830);
#9352=AXIS2_PLACEMENT_3D('',#13461,#10831,#10832);
#9353=AXIS2_PLACEMENT_3D('',#13470,#10837,#10838);
#9354=AXIS2_PLACEMENT_3D('',#13471,#10839,#10840);
#9355=AXIS2_PLACEMENT_3D('',#13475,#10842,#10843);
#9356=AXIS2_PLACEMENT_3D('',#13476,#10844,#10845);
#9357=AXIS2_PLACEMENT_3D('',#13479,#10848,#10849);
#9358=AXIS2_PLACEMENT_3D('',#13482,#10852,#10853);
#9359=AXIS2_PLACEMENT_3D('',#13483,#10854,#10855);
#9360=AXIS2_PLACEMENT_3D('',#13484,#10856,#10857);
#9361=AXIS2_PLACEMENT_3D('',#13490,#10861,#10862);
#9362=AXIS2_PLACEMENT_3D('',#13500,#10868,#10869);
#9363=AXIS2_PLACEMENT_3D('',#13510,#10875,#10876);
#9364=AXIS2_PLACEMENT_3D('',#13512,#10878,#10879);
#9365=AXIS2_PLACEMENT_3D('',#13514,#10881,#10882);
#9366=AXIS2_PLACEMENT_3D('',#13516,#10884,#10885);
#9367=AXIS2_PLACEMENT_3D('',#13518,#10887,#10888);
#9368=AXIS2_PLACEMENT_3D('',#13519,#10889,#10890);
#9369=AXIS2_PLACEMENT_3D('',#13522,#10892,#10893);
#9370=AXIS2_PLACEMENT_3D('',#13523,#10894,#10895);
#9371=AXIS2_PLACEMENT_3D('',#13526,#10897,#10898);
#9372=AXIS2_PLACEMENT_3D('',#13527,#10899,#10900);
#9373=AXIS2_PLACEMENT_3D('',#13529,#10902,#10903);
#9374=AXIS2_PLACEMENT_3D('',#13530,#10904,#10905);
#9375=AXIS2_PLACEMENT_3D('',#13539,#10910,#10911);
#9376=AXIS2_PLACEMENT_3D('',#13540,#10912,#10913);
#9377=AXIS2_PLACEMENT_3D('',#13544,#10915,#10916);
#9378=AXIS2_PLACEMENT_3D('',#13545,#10917,#10918);
#9379=AXIS2_PLACEMENT_3D('',#13548,#10921,#10922);
#9380=AXIS2_PLACEMENT_3D('',#13551,#10925,#10926);
#9381=AXIS2_PLACEMENT_3D('',#13552,#10927,#10928);
#9382=AXIS2_PLACEMENT_3D('',#13553,#10929,#10930);
#9383=AXIS2_PLACEMENT_3D('',#13559,#10934,#10935);
#9384=AXIS2_PLACEMENT_3D('',#13569,#10941,#10942);
#9385=AXIS2_PLACEMENT_3D('',#13579,#10948,#10949);
#9386=AXIS2_PLACEMENT_3D('',#13581,#10951,#10952);
#9387=AXIS2_PLACEMENT_3D('',#13583,#10954,#10955);
#9388=AXIS2_PLACEMENT_3D('',#13585,#10957,#10958);
#9389=AXIS2_PLACEMENT_3D('',#13587,#10960,#10961);
#9390=AXIS2_PLACEMENT_3D('',#13588,#10962,#10963);
#9391=AXIS2_PLACEMENT_3D('',#13591,#10965,#10966);
#9392=AXIS2_PLACEMENT_3D('',#13592,#10967,#10968);
#9393=AXIS2_PLACEMENT_3D('',#13595,#10970,#10971);
#9394=AXIS2_PLACEMENT_3D('',#13596,#10972,#10973);
#9395=AXIS2_PLACEMENT_3D('',#13598,#10975,#10976);
#9396=AXIS2_PLACEMENT_3D('',#13599,#10977,#10978);
#9397=AXIS2_PLACEMENT_3D('',#13608,#10983,#10984);
#9398=AXIS2_PLACEMENT_3D('',#13609,#10985,#10986);
#9399=AXIS2_PLACEMENT_3D('',#13613,#10988,#10989);
#9400=AXIS2_PLACEMENT_3D('',#13614,#10990,#10991);
#9401=AXIS2_PLACEMENT_3D('',#13617,#10994,#10995);
#9402=AXIS2_PLACEMENT_3D('',#13620,#10998,#10999);
#9403=AXIS2_PLACEMENT_3D('',#13621,#11000,#11001);
#9404=AXIS2_PLACEMENT_3D('',#13622,#11002,#11003);
#9405=AXIS2_PLACEMENT_3D('',#13628,#11007,#11008);
#9406=AXIS2_PLACEMENT_3D('',#13638,#11014,#11015);
#9407=AXIS2_PLACEMENT_3D('',#13648,#11021,#11022);
#9408=AXIS2_PLACEMENT_3D('',#13650,#11024,#11025);
#9409=AXIS2_PLACEMENT_3D('',#13652,#11027,#11028);
#9410=AXIS2_PLACEMENT_3D('',#13654,#11030,#11031);
#9411=AXIS2_PLACEMENT_3D('',#13656,#11033,#11034);
#9412=AXIS2_PLACEMENT_3D('',#13657,#11035,#11036);
#9413=AXIS2_PLACEMENT_3D('',#13660,#11038,#11039);
#9414=AXIS2_PLACEMENT_3D('',#13661,#11040,#11041);
#9415=AXIS2_PLACEMENT_3D('',#13664,#11043,#11044);
#9416=AXIS2_PLACEMENT_3D('',#13665,#11045,#11046);
#9417=AXIS2_PLACEMENT_3D('',#13667,#11048,#11049);
#9418=AXIS2_PLACEMENT_3D('',#13668,#11050,#11051);
#9419=AXIS2_PLACEMENT_3D('',#13677,#11056,#11057);
#9420=AXIS2_PLACEMENT_3D('',#13678,#11058,#11059);
#9421=AXIS2_PLACEMENT_3D('',#13682,#11061,#11062);
#9422=AXIS2_PLACEMENT_3D('',#13683,#11063,#11064);
#9423=AXIS2_PLACEMENT_3D('',#13686,#11067,#11068);
#9424=AXIS2_PLACEMENT_3D('',#13689,#11071,#11072);
#9425=AXIS2_PLACEMENT_3D('',#13690,#11073,#11074);
#9426=AXIS2_PLACEMENT_3D('',#13691,#11075,#11076);
#9427=AXIS2_PLACEMENT_3D('',#13697,#11080,#11081);
#9428=AXIS2_PLACEMENT_3D('',#13707,#11087,#11088);
#9429=AXIS2_PLACEMENT_3D('',#13717,#11094,#11095);
#9430=AXIS2_PLACEMENT_3D('',#13719,#11097,#11098);
#9431=AXIS2_PLACEMENT_3D('',#13721,#11100,#11101);
#9432=AXIS2_PLACEMENT_3D('',#13723,#11103,#11104);
#9433=AXIS2_PLACEMENT_3D('',#13725,#11106,#11107);
#9434=AXIS2_PLACEMENT_3D('',#13726,#11108,#11109);
#9435=AXIS2_PLACEMENT_3D('',#13729,#11111,#11112);
#9436=AXIS2_PLACEMENT_3D('',#13730,#11113,#11114);
#9437=AXIS2_PLACEMENT_3D('',#13733,#11116,#11117);
#9438=AXIS2_PLACEMENT_3D('',#13734,#11118,#11119);
#9439=AXIS2_PLACEMENT_3D('',#13736,#11121,#11122);
#9440=AXIS2_PLACEMENT_3D('',#13737,#11123,#11124);
#9441=AXIS2_PLACEMENT_3D('',#13746,#11129,#11130);
#9442=AXIS2_PLACEMENT_3D('',#13747,#11131,#11132);
#9443=AXIS2_PLACEMENT_3D('',#13751,#11134,#11135);
#9444=AXIS2_PLACEMENT_3D('',#13752,#11136,#11137);
#9445=AXIS2_PLACEMENT_3D('',#13755,#11140,#11141);
#9446=AXIS2_PLACEMENT_3D('',#13758,#11144,#11145);
#9447=AXIS2_PLACEMENT_3D('',#13759,#11146,#11147);
#9448=AXIS2_PLACEMENT_3D('',#13760,#11148,#11149);
#9449=AXIS2_PLACEMENT_3D('',#13766,#11153,#11154);
#9450=AXIS2_PLACEMENT_3D('',#13776,#11160,#11161);
#9451=AXIS2_PLACEMENT_3D('',#13786,#11167,#11168);
#9452=AXIS2_PLACEMENT_3D('',#13788,#11170,#11171);
#9453=AXIS2_PLACEMENT_3D('',#13790,#11173,#11174);
#9454=AXIS2_PLACEMENT_3D('',#13792,#11176,#11177);
#9455=AXIS2_PLACEMENT_3D('',#13794,#11179,#11180);
#9456=AXIS2_PLACEMENT_3D('',#13795,#11181,#11182);
#9457=AXIS2_PLACEMENT_3D('',#13798,#11184,#11185);
#9458=AXIS2_PLACEMENT_3D('',#13799,#11186,#11187);
#9459=AXIS2_PLACEMENT_3D('',#13802,#11189,#11190);
#9460=AXIS2_PLACEMENT_3D('',#13803,#11191,#11192);
#9461=AXIS2_PLACEMENT_3D('',#13805,#11194,#11195);
#9462=AXIS2_PLACEMENT_3D('',#13806,#11196,#11197);
#9463=AXIS2_PLACEMENT_3D('',#13815,#11202,#11203);
#9464=AXIS2_PLACEMENT_3D('',#13816,#11204,#11205);
#9465=AXIS2_PLACEMENT_3D('',#13820,#11207,#11208);
#9466=AXIS2_PLACEMENT_3D('',#13821,#11209,#11210);
#9467=AXIS2_PLACEMENT_3D('',#13824,#11213,#11214);
#9468=AXIS2_PLACEMENT_3D('',#13827,#11217,#11218);
#9469=AXIS2_PLACEMENT_3D('',#13828,#11219,#11220);
#9470=AXIS2_PLACEMENT_3D('',#13829,#11221,#11222);
#9471=AXIS2_PLACEMENT_3D('',#13835,#11226,#11227);
#9472=AXIS2_PLACEMENT_3D('',#13845,#11233,#11234);
#9473=AXIS2_PLACEMENT_3D('',#13855,#11240,#11241);
#9474=AXIS2_PLACEMENT_3D('',#13857,#11243,#11244);
#9475=AXIS2_PLACEMENT_3D('',#13859,#11246,#11247);
#9476=AXIS2_PLACEMENT_3D('',#13861,#11249,#11250);
#9477=AXIS2_PLACEMENT_3D('',#13863,#11252,#11253);
#9478=AXIS2_PLACEMENT_3D('',#13864,#11254,#11255);
#9479=AXIS2_PLACEMENT_3D('',#13867,#11257,#11258);
#9480=AXIS2_PLACEMENT_3D('',#13868,#11259,#11260);
#9481=AXIS2_PLACEMENT_3D('',#13871,#11262,#11263);
#9482=AXIS2_PLACEMENT_3D('',#13872,#11264,#11265);
#9483=AXIS2_PLACEMENT_3D('',#13874,#11267,#11268);
#9484=AXIS2_PLACEMENT_3D('',#13875,#11269,#11270);
#9485=AXIS2_PLACEMENT_3D('',#13884,#11275,#11276);
#9486=AXIS2_PLACEMENT_3D('',#13885,#11277,#11278);
#9487=AXIS2_PLACEMENT_3D('',#13889,#11280,#11281);
#9488=AXIS2_PLACEMENT_3D('',#13890,#11282,#11283);
#9489=AXIS2_PLACEMENT_3D('',#13893,#11286,#11287);
#9490=AXIS2_PLACEMENT_3D('',#13896,#11290,#11291);
#9491=AXIS2_PLACEMENT_3D('',#13897,#11292,#11293);
#9492=AXIS2_PLACEMENT_3D('',#13898,#11294,#11295);
#9493=AXIS2_PLACEMENT_3D('',#13904,#11299,#11300);
#9494=AXIS2_PLACEMENT_3D('',#13914,#11306,#11307);
#9495=AXIS2_PLACEMENT_3D('',#13924,#11313,#11314);
#9496=AXIS2_PLACEMENT_3D('',#13926,#11316,#11317);
#9497=AXIS2_PLACEMENT_3D('',#13928,#11319,#11320);
#9498=AXIS2_PLACEMENT_3D('',#13930,#11322,#11323);
#9499=AXIS2_PLACEMENT_3D('',#13932,#11325,#11326);
#9500=AXIS2_PLACEMENT_3D('',#13933,#11327,#11328);
#9501=AXIS2_PLACEMENT_3D('',#13936,#11330,#11331);
#9502=AXIS2_PLACEMENT_3D('',#13937,#11332,#11333);
#9503=AXIS2_PLACEMENT_3D('',#13940,#11335,#11336);
#9504=AXIS2_PLACEMENT_3D('',#13941,#11337,#11338);
#9505=AXIS2_PLACEMENT_3D('',#13943,#11340,#11341);
#9506=AXIS2_PLACEMENT_3D('',#13944,#11342,#11343);
#9507=AXIS2_PLACEMENT_3D('',#13953,#11348,#11349);
#9508=AXIS2_PLACEMENT_3D('',#13954,#11350,#11351);
#9509=AXIS2_PLACEMENT_3D('',#13958,#11353,#11354);
#9510=AXIS2_PLACEMENT_3D('',#13959,#11355,#11356);
#9511=AXIS2_PLACEMENT_3D('',#13962,#11359,#11360);
#9512=AXIS2_PLACEMENT_3D('',#13965,#11363,#11364);
#9513=AXIS2_PLACEMENT_3D('',#13966,#11365,#11366);
#9514=AXIS2_PLACEMENT_3D('',#13967,#11367,#11368);
#9515=AXIS2_PLACEMENT_3D('',#13973,#11372,#11373);
#9516=AXIS2_PLACEMENT_3D('',#13983,#11379,#11380);
#9517=AXIS2_PLACEMENT_3D('',#13993,#11386,#11387);
#9518=AXIS2_PLACEMENT_3D('',#13995,#11389,#11390);
#9519=AXIS2_PLACEMENT_3D('',#13997,#11392,#11393);
#9520=AXIS2_PLACEMENT_3D('',#13999,#11395,#11396);
#9521=AXIS2_PLACEMENT_3D('',#14001,#11398,#11399);
#9522=AXIS2_PLACEMENT_3D('',#14002,#11400,#11401);
#9523=AXIS2_PLACEMENT_3D('',#14005,#11403,#11404);
#9524=AXIS2_PLACEMENT_3D('',#14006,#11405,#11406);
#9525=AXIS2_PLACEMENT_3D('',#14009,#11408,#11409);
#9526=AXIS2_PLACEMENT_3D('',#14010,#11410,#11411);
#9527=AXIS2_PLACEMENT_3D('',#14012,#11413,#11414);
#9528=AXIS2_PLACEMENT_3D('',#14013,#11415,#11416);
#9529=AXIS2_PLACEMENT_3D('',#14022,#11421,#11422);
#9530=AXIS2_PLACEMENT_3D('',#14023,#11423,#11424);
#9531=AXIS2_PLACEMENT_3D('',#14027,#11426,#11427);
#9532=AXIS2_PLACEMENT_3D('',#14028,#11428,#11429);
#9533=AXIS2_PLACEMENT_3D('',#14031,#11432,#11433);
#9534=AXIS2_PLACEMENT_3D('',#14034,#11436,#11437);
#9535=AXIS2_PLACEMENT_3D('',#14035,#11438,#11439);
#9536=AXIS2_PLACEMENT_3D('',#14036,#11440,#11441);
#9537=AXIS2_PLACEMENT_3D('',#14042,#11445,#11446);
#9538=AXIS2_PLACEMENT_3D('',#14052,#11452,#11453);
#9539=AXIS2_PLACEMENT_3D('',#14062,#11459,#11460);
#9540=AXIS2_PLACEMENT_3D('',#14064,#11462,#11463);
#9541=AXIS2_PLACEMENT_3D('',#14066,#11465,#11466);
#9542=AXIS2_PLACEMENT_3D('',#14068,#11468,#11469);
#9543=AXIS2_PLACEMENT_3D('',#14070,#11471,#11472);
#9544=AXIS2_PLACEMENT_3D('',#14071,#11473,#11474);
#9545=AXIS2_PLACEMENT_3D('',#14074,#11476,#11477);
#9546=AXIS2_PLACEMENT_3D('',#14075,#11478,#11479);
#9547=AXIS2_PLACEMENT_3D('',#14078,#11481,#11482);
#9548=AXIS2_PLACEMENT_3D('',#14079,#11483,#11484);
#9549=AXIS2_PLACEMENT_3D('',#14081,#11486,#11487);
#9550=AXIS2_PLACEMENT_3D('',#14082,#11488,#11489);
#9551=AXIS2_PLACEMENT_3D('',#14091,#11494,#11495);
#9552=AXIS2_PLACEMENT_3D('',#14092,#11496,#11497);
#9553=AXIS2_PLACEMENT_3D('',#14096,#11499,#11500);
#9554=AXIS2_PLACEMENT_3D('',#14097,#11501,#11502);
#9555=AXIS2_PLACEMENT_3D('',#14100,#11505,#11506);
#9556=AXIS2_PLACEMENT_3D('',#14103,#11509,#11510);
#9557=AXIS2_PLACEMENT_3D('',#14104,#11511,#11512);
#9558=AXIS2_PLACEMENT_3D('',#14105,#11513,#11514);
#9559=AXIS2_PLACEMENT_3D('',#14111,#11518,#11519);
#9560=AXIS2_PLACEMENT_3D('',#14121,#11525,#11526);
#9561=AXIS2_PLACEMENT_3D('',#14131,#11532,#11533);
#9562=AXIS2_PLACEMENT_3D('',#14133,#11535,#11536);
#9563=AXIS2_PLACEMENT_3D('',#14135,#11538,#11539);
#9564=AXIS2_PLACEMENT_3D('',#14137,#11541,#11542);
#9565=AXIS2_PLACEMENT_3D('',#14139,#11544,#11545);
#9566=AXIS2_PLACEMENT_3D('',#14140,#11546,#11547);
#9567=AXIS2_PLACEMENT_3D('',#14143,#11549,#11550);
#9568=AXIS2_PLACEMENT_3D('',#14144,#11551,#11552);
#9569=AXIS2_PLACEMENT_3D('',#14147,#11554,#11555);
#9570=AXIS2_PLACEMENT_3D('',#14148,#11556,#11557);
#9571=AXIS2_PLACEMENT_3D('',#14150,#11559,#11560);
#9572=AXIS2_PLACEMENT_3D('',#14151,#11561,#11562);
#9573=AXIS2_PLACEMENT_3D('',#14160,#11567,#11568);
#9574=AXIS2_PLACEMENT_3D('',#14161,#11569,#11570);
#9575=AXIS2_PLACEMENT_3D('',#14165,#11572,#11573);
#9576=AXIS2_PLACEMENT_3D('',#14166,#11574,#11575);
#9577=AXIS2_PLACEMENT_3D('',#14169,#11578,#11579);
#9578=AXIS2_PLACEMENT_3D('',#14172,#11582,#11583);
#9579=AXIS2_PLACEMENT_3D('',#14173,#11584,#11585);
#9580=AXIS2_PLACEMENT_3D('',#14174,#11586,#11587);
#9581=AXIS2_PLACEMENT_3D('',#14180,#11591,#11592);
#9582=AXIS2_PLACEMENT_3D('',#14190,#11598,#11599);
#9583=AXIS2_PLACEMENT_3D('',#14200,#11605,#11606);
#9584=AXIS2_PLACEMENT_3D('',#14202,#11608,#11609);
#9585=AXIS2_PLACEMENT_3D('',#14204,#11611,#11612);
#9586=AXIS2_PLACEMENT_3D('',#14206,#11614,#11615);
#9587=AXIS2_PLACEMENT_3D('',#14208,#11617,#11618);
#9588=AXIS2_PLACEMENT_3D('',#14209,#11619,#11620);
#9589=AXIS2_PLACEMENT_3D('',#14212,#11622,#11623);
#9590=AXIS2_PLACEMENT_3D('',#14213,#11624,#11625);
#9591=AXIS2_PLACEMENT_3D('',#14216,#11627,#11628);
#9592=AXIS2_PLACEMENT_3D('',#14217,#11629,#11630);
#9593=AXIS2_PLACEMENT_3D('',#14219,#11632,#11633);
#9594=AXIS2_PLACEMENT_3D('',#14220,#11634,#11635);
#9595=AXIS2_PLACEMENT_3D('',#14229,#11640,#11641);
#9596=AXIS2_PLACEMENT_3D('',#14230,#11642,#11643);
#9597=AXIS2_PLACEMENT_3D('',#14234,#11645,#11646);
#9598=AXIS2_PLACEMENT_3D('',#14235,#11647,#11648);
#9599=AXIS2_PLACEMENT_3D('',#14238,#11651,#11652);
#9600=AXIS2_PLACEMENT_3D('',#14241,#11655,#11656);
#9601=AXIS2_PLACEMENT_3D('',#14242,#11657,#11658);
#9602=AXIS2_PLACEMENT_3D('',#14243,#11659,#11660);
#9603=AXIS2_PLACEMENT_3D('',#14249,#11664,#11665);
#9604=AXIS2_PLACEMENT_3D('',#14259,#11671,#11672);
#9605=AXIS2_PLACEMENT_3D('',#14269,#11678,#11679);
#9606=AXIS2_PLACEMENT_3D('',#14271,#11681,#11682);
#9607=AXIS2_PLACEMENT_3D('',#14273,#11684,#11685);
#9608=AXIS2_PLACEMENT_3D('',#14275,#11687,#11688);
#9609=AXIS2_PLACEMENT_3D('',#14277,#11690,#11691);
#9610=AXIS2_PLACEMENT_3D('',#14278,#11692,#11693);
#9611=AXIS2_PLACEMENT_3D('',#14281,#11695,#11696);
#9612=AXIS2_PLACEMENT_3D('',#14282,#11697,#11698);
#9613=AXIS2_PLACEMENT_3D('',#14285,#11700,#11701);
#9614=AXIS2_PLACEMENT_3D('',#14286,#11702,#11703);
#9615=AXIS2_PLACEMENT_3D('',#14288,#11705,#11706);
#9616=AXIS2_PLACEMENT_3D('',#14289,#11707,#11708);
#9617=AXIS2_PLACEMENT_3D('',#14298,#11713,#11714);
#9618=AXIS2_PLACEMENT_3D('',#14299,#11715,#11716);
#9619=AXIS2_PLACEMENT_3D('',#14303,#11718,#11719);
#9620=AXIS2_PLACEMENT_3D('',#14304,#11720,#11721);
#9621=AXIS2_PLACEMENT_3D('',#14307,#11724,#11725);
#9622=AXIS2_PLACEMENT_3D('',#14310,#11728,#11729);
#9623=AXIS2_PLACEMENT_3D('',#14311,#11730,#11731);
#9624=AXIS2_PLACEMENT_3D('',#14312,#11732,#11733);
#9625=AXIS2_PLACEMENT_3D('',#14318,#11737,#11738);
#9626=AXIS2_PLACEMENT_3D('',#14328,#11744,#11745);
#9627=AXIS2_PLACEMENT_3D('',#14338,#11751,#11752);
#9628=AXIS2_PLACEMENT_3D('',#14340,#11754,#11755);
#9629=AXIS2_PLACEMENT_3D('',#14342,#11757,#11758);
#9630=AXIS2_PLACEMENT_3D('',#14344,#11760,#11761);
#9631=AXIS2_PLACEMENT_3D('',#14346,#11763,#11764);
#9632=AXIS2_PLACEMENT_3D('',#14347,#11765,#11766);
#9633=AXIS2_PLACEMENT_3D('',#14356,#11771,#11772);
#9634=AXIS2_PLACEMENT_3D('',#14362,#11776,#11777);
#9635=AXIS2_PLACEMENT_3D('',#14368,#11781,#11782);
#9636=AXIS2_PLACEMENT_3D('',#14374,#11786,#11787);
#9637=AXIS2_PLACEMENT_3D('',#14380,#11791,#11792);
#9638=AXIS2_PLACEMENT_3D('',#14386,#11796,#11797);
#9639=AXIS2_PLACEMENT_3D('',#14392,#11801,#11802);
#9640=AXIS2_PLACEMENT_3D('',#14398,#11806,#11807);
#9641=AXIS2_PLACEMENT_3D('',#14404,#11811,#11812);
#9642=AXIS2_PLACEMENT_3D('',#14410,#11816,#11817);
#9643=AXIS2_PLACEMENT_3D('',#14416,#11821,#11822);
#9644=AXIS2_PLACEMENT_3D('',#14422,#11826,#11827);
#9645=AXIS2_PLACEMENT_3D('',#14428,#11831,#11832);
#9646=AXIS2_PLACEMENT_3D('',#14434,#11836,#11837);
#9647=AXIS2_PLACEMENT_3D('',#14440,#11841,#11842);
#9648=AXIS2_PLACEMENT_3D('',#14443,#11845,#11846);
#9649=AXIS2_PLACEMENT_3D('',#14444,#11847,#11848);
#9650=AXIS2_PLACEMENT_3D('',#14445,#11849,#11850);
#9651=AXIS2_PLACEMENT_3D('',#14454,#11855,#11856);
#9652=AXIS2_PLACEMENT_3D('',#14460,#11860,#11861);
#9653=AXIS2_PLACEMENT_3D('',#14466,#11865,#11866);
#9654=AXIS2_PLACEMENT_3D('',#14472,#11870,#11871);
#9655=AXIS2_PLACEMENT_3D('',#14478,#11875,#11876);
#9656=AXIS2_PLACEMENT_3D('',#14484,#11880,#11881);
#9657=AXIS2_PLACEMENT_3D('',#14490,#11885,#11886);
#9658=AXIS2_PLACEMENT_3D('',#14496,#11890,#11891);
#9659=AXIS2_PLACEMENT_3D('',#14502,#11895,#11896);
#9660=AXIS2_PLACEMENT_3D('',#14508,#11900,#11901);
#9661=AXIS2_PLACEMENT_3D('',#14514,#11905,#11906);
#9662=AXIS2_PLACEMENT_3D('',#14520,#11910,#11911);
#9663=AXIS2_PLACEMENT_3D('',#14526,#11915,#11916);
#9664=AXIS2_PLACEMENT_3D('',#14532,#11920,#11921);
#9665=AXIS2_PLACEMENT_3D('',#14538,#11925,#11926);
#9666=AXIS2_PLACEMENT_3D('',#14541,#11929,#11930);
#9667=AXIS2_PLACEMENT_3D('',#14542,#11931,#11932);
#9668=AXIS2_PLACEMENT_3D('',#14543,#11933,#11934);
#9669=DIRECTION('',(0.,0.,1.));
#9670=DIRECTION('',(1.,0.,0.));
#9671=DIRECTION('',(-8.06848128361306E-16,1.,0.));
#9672=DIRECTION('',(0.,0.,-1.));
#9673=DIRECTION('',(8.06848128361306E-16,-1.,1.23908819712629E-16));
#9674=DIRECTION('',(0.,0.,-1.));
#9675=DIRECTION('',(-1.,-8.06848128361306E-16,0.));
#9676=DIRECTION('',(8.06646416329215E-16,-1.,0.));
#9677=DIRECTION('',(0.,4.51750905202289E-16,-1.));
#9678=DIRECTION('',(-1.,0.,0.));
#9679=DIRECTION('',(0.,-9.80395581502851E-16,1.));
#9680=DIRECTION('',(-1.,0.,0.));
#9681=DIRECTION('',(0.,-1.,-9.80395581502851E-16));
#9682=DIRECTION('',(0.,9.80389814470017E-16,-1.));
#9683=DIRECTION('',(0.,-4.51750905202289E-16,1.));
#9684=DIRECTION('',(1.,0.,0.));
#9685=DIRECTION('',(0.,-9.80395581502851E-16,1.));
#9686=DIRECTION('',(-1.,0.,0.));
#9687=DIRECTION('',(0.,-1.,-9.80395581502851E-16));
#9688=DIRECTION('',(0.,9.80389814470017E-16,-1.));
#9689=DIRECTION('',(0.,0.,-1.));
#9690=DIRECTION('',(-1.,0.,6.0910234409298E-16));
#9691=DIRECTION('',(0.,0.,-1.));
#9692=DIRECTION('',(-1.,0.,2.71050543121376E-16));
#9693=DIRECTION('',(0.,0.,-1.));
#9694=DIRECTION('',(-1.,0.,1.76293036176505E-16));
#9695=DIRECTION('',(0.,1.14374836979086E-16,-1.));
#9696=DIRECTION('',(-1.,0.,0.));
#9697=DIRECTION('',(0.,0.,1.));
#9698=DIRECTION('',(-1.,0.,0.));
#9699=DIRECTION('',(0.,0.,1.));
#9700=DIRECTION('',(-1.,-3.41480999208033E-16,0.));
#9701=DIRECTION('',(0.,-1.23908819712629E-15,-1.));
#9702=DIRECTION('',(1.,1.83697019872103E-16,0.));
#9703=DIRECTION('',(1.,0.,0.));
#9704=DIRECTION('',(0.,0.,-1.));
#9705=DIRECTION('',(1.,0.,0.));
#9706=DIRECTION('',(0.,0.,-1.));
#9707=DIRECTION('',(-1.,0.,0.));
#9708=DIRECTION('',(0.,-1.,0.));
#9709=DIRECTION('',(0.,0.,-1.));
#9710=DIRECTION('',(1.50845519650157E-15,-1.,-1.31989829693888E-15));
#9711=DIRECTION('',(0.,0.,-1.));
#9712=DIRECTION('',(1.50845519650157E-15,-1.,-1.31989829693888E-15));
#9713=DIRECTION('',(0.,0.,-1.));
#9714=DIRECTION('',(-1.21027219254196E-15,1.,0.));
#9715=DIRECTION('',(0.,0.,1.));
#9716=DIRECTION('',(1.21027219254196E-15,-1.,1.23908819712629E-16));
#9717=DIRECTION('',(6.17969651040594E-15,-0.997458699830735,-0.0712470499879089));
#9718=DIRECTION('',(0.,0.,1.));
#9719=DIRECTION('',(-2.04439122224448E-15,0.707106781186548,-0.707106781186547));
#9720=DIRECTION('',(-8.3979503388978E-30,6.9388939039072E-15,1.));
#9721=DIRECTION('',(-1.,-1.21027219254196E-15,0.));
#9722=DIRECTION('',(1.20996962449382E-15,-1.,0.));
#9723=DIRECTION('',(0.,0.,1.));
#9724=DIRECTION('',(-1.,0.,0.));
#9725=DIRECTION('',(0.,0.,1.));
#9726=DIRECTION('',(1.,0.,0.));
#9727=DIRECTION('',(0.,0.,-1.));
#9728=DIRECTION('',(1.,0.,0.));
#9729=DIRECTION('',(0.,0.,-1.));
#9730=DIRECTION('',(1.,-1.83697019872103E-16,0.));
#9731=DIRECTION('',(0.,-1.23908819712629E-15,-1.));
#9732=DIRECTION('',(1.,-3.41480999208033E-16,0.));
#9733=DIRECTION('',(0.,0.,1.));
#9734=DIRECTION('',(-1.,0.,0.));
#9735=DIRECTION('',(0.,0.,1.));
#9736=DIRECTION('',(-1.,0.,0.));
#9737=DIRECTION('',(0.,1.14374836979086E-16,-1.));
#9738=DIRECTION('',(1.,0.,1.76293036176505E-16));
#9739=DIRECTION('',(0.,0.,-1.));
#9740=DIRECTION('',(1.,0.,2.71050543121376E-16));
#9741=DIRECTION('',(0.,0.,-1.));
#9742=DIRECTION('',(-1.,0.,-6.0910234409298E-16));
#9743=DIRECTION('',(0.,-1.,0.));
#9744=DIRECTION('',(0.,0.,-1.));
#9745=DIRECTION('',(1.,0.,0.));
#9746=DIRECTION('',(0.,-0.999999999999999,0.));
#9747=DIRECTION('',(1.,0.,0.));
#9748=DIRECTION('',(-1.,0.,0.));
#9749=DIRECTION('',(0.,0.,-1.));
#9750=DIRECTION('',(-1.,0.,0.));
#9751=DIRECTION('',(1.,0.,0.));
#9752=DIRECTION('',(0.,-0.999999999999999,0.));
#9753=DIRECTION('',(1.,0.,0.));
#9754=DIRECTION('',(1.,0.,0.));
#9755=DIRECTION('',(0.,-0.999999999999999,0.));
#9756=DIRECTION('',(1.,0.,0.));
#9757=DIRECTION('',(1.,0.,0.));
#9758=DIRECTION('',(-1.,0.,0.));
#9759=DIRECTION('',(0.,0.,1.));
#9760=DIRECTION('',(0.,-1.,0.));
#9761=DIRECTION('',(0.,-6.9388939039072E-15,-1.));
#9762=DIRECTION('',(0.,0.707106781186548,-0.707106781186547));
#9763=DIRECTION('',(0.,1.,-3.33600668457085E-16));
#9764=DIRECTION('',(0.,6.93889390390719E-15,1.));
#9765=DIRECTION('',(-1.,0.,0.));
#9766=DIRECTION('',(0.,0.,1.));
#9767=DIRECTION('',(-1.,0.,0.));
#9768=DIRECTION('',(0.,1.,0.));
#9769=DIRECTION('',(8.06848128361306E-16,-1.,1.23908819712629E-16));
#9770=DIRECTION('',(8.06848128361306E-16,-1.,1.23908819712629E-16));
#9771=DIRECTION('',(-1.,0.,0.));
#9772=DIRECTION('',(6.93889390390721E-15,1.,-1.23908819712629E-16));
#9773=DIRECTION('',(-1.,0.,0.));
#9774=DIRECTION('',(0.,-1.,0.));
#9775=DIRECTION('',(-1.,-3.41480999208033E-16,0.));
#9776=DIRECTION('',(1.50845519650157E-15,1.,-1.23908819712629E-16));
#9777=DIRECTION('',(0.70710678118654,0.707106781186555,-8.76167666676223E-17));
#9778=DIRECTION('',(0.,1.,-1.23908819712629E-16));
#9779=DIRECTION('',(0.,-1.23908819712629E-16,-1.));
#9780=DIRECTION('',(0.,1.,-1.23815888097845E-16));
#9781=DIRECTION('',(-8.39382327085553E-16,-1.,2.40933816107898E-16));
#9782=DIRECTION('',(0.,0.,1.));
#9783=DIRECTION('',(0.,-7.35052320329153E-16,1.));
#9784=DIRECTION('',(1.,-8.39382327085553E-16,1.04006873436811E-30));
#9785=DIRECTION('',(8.39606162372775E-16,1.,0.));
#9786=DIRECTION('',(4.16027493747249E-30,6.19544098563151E-15,1.));
#9787=DIRECTION('',(1.,0.,0.));
#9788=DIRECTION('',(0.,-0.999999999999999,0.));
#9789=DIRECTION('',(8.39382327085553E-16,1.,-1.39897054514259E-16));
#9790=DIRECTION('',(8.94187358750933E-16,1.,-7.45156132292444E-17));
#9791=DIRECTION('',(1.,-8.39382327085553E-16,1.04006873436811E-30));
#9792=DIRECTION('',(8.39606162372775E-16,1.,0.));
#9793=DIRECTION('',(-1.,3.33600668457078E-16,0.));
#9794=DIRECTION('',(1.,0.,0.));
#9795=DIRECTION('',(-8.06848128361306E-16,1.,0.));
#9796=DIRECTION('',(1.,0.,0.));
#9797=DIRECTION('',(0.,1.,0.));
#9798=DIRECTION('',(0.,0.,-1.));
#9799=DIRECTION('',(-1.,0.,0.));
#9800=DIRECTION('',(0.,0.,-1.));
#9801=DIRECTION('',(5.5986335592652E-30,-6.9388939039072E-15,-1.));
#9802=DIRECTION('',(-2.04439122224448E-15,0.707106781186548,-0.707106781186547));
#9803=DIRECTION('',(0.,0.,1.));
#9804=DIRECTION('',(6.17969651040594E-15,-0.997458699830735,-0.0712470499879089));
#9805=DIRECTION('',(-2.26268279475231E-15,1.,1.31989829693885E-15));
#9806=DIRECTION('',(0.,0.,-1.));
#9807=DIRECTION('',(-2.26268279475231E-15,1.,1.31989829693885E-15));
#9808=DIRECTION('',(0.,0.,-1.));
#9809=DIRECTION('',(-1.,-8.06848128361306E-16,0.));
#9810=DIRECTION('',(8.06646416329215E-16,-1.,0.));
#9811=DIRECTION('',(-1.,0.,0.));
#9812=DIRECTION('',(-8.94187358750933E-16,-1.,7.45156132292444E-17));
#9813=DIRECTION('',(0.70710678118654,0.707106781186555,-5.26904954186733E-17));
#9814=DIRECTION('',(1.50845519650157E-15,1.,-7.45156132292444E-17));
#9815=DIRECTION('',(1.,3.41480999208033E-16,0.));
#9816=DIRECTION('',(-1.,0.,0.));
#9817=DIRECTION('',(6.93889390390721E-15,1.,-3.33600668457085E-16));
#9818=DIRECTION('',(-0.23599732810074,0.97175370394422,-3.24177685211441E-16));
#9819=DIRECTION('',(1.,0.,0.));
#9820=DIRECTION('',(0.,1.,-3.33600668457085E-16));
#9821=DIRECTION('',(0.,3.33600668457085E-16,1.));
#9822=DIRECTION('',(0.,-1.,3.3360900847379E-16));
#9823=DIRECTION('',(1.,0.,0.));
#9824=DIRECTION('',(0.,0.707106781186548,-0.707106781186547));
#9825=DIRECTION('',(-0.169248512475359,0.696905639604416,-0.696905639604415));
#9826=DIRECTION('',(-1.,0.,0.));
#9827=DIRECTION('',(0.,0.707106781186547,0.707106781186548));
#9828=DIRECTION('',(0.,-0.707106781186548,0.707106781186547));
#9829=DIRECTION('',(0.,0.,-1.));
#9830=DIRECTION('',(0.,1.,0.));
#9831=DIRECTION('',(0.,0.,1.));
#9832=DIRECTION('',(0.,-1.,0.));
#9833=DIRECTION('',(-5.3218886856233E-15,-0.997054485501582,0.0766964988847373));
#9834=DIRECTION('',(0.,0.,-1.));
#9835=DIRECTION('',(0.,1.,0.));
#9836=DIRECTION('',(0.,0.,1.));
#9837=DIRECTION('',(-4.87890977618477E-15,-1.,1.35525271560688E-16));
#9838=DIRECTION('',(0.,7.97207479768753E-17,-1.));
#9839=DIRECTION('',(-1.,0.,0.));
#9840=DIRECTION('',(0.,0.,1.));
#9841=DIRECTION('',(0.,0.,1.));
#9842=DIRECTION('',(0.,0.,1.));
#9843=DIRECTION('',(1.,-1.50845519650157E-15,0.));
#9844=DIRECTION('',(1.50834206236183E-15,1.,0.));
#9845=DIRECTION('',(0.707106781186555,-0.70710678118654,0.));
#9846=DIRECTION('',(0.70710678118654,0.707106781186555,0.));
#9847=DIRECTION('',(0.,0.,-1.));
#9848=DIRECTION('',(-1.,0.,0.));
#9849=DIRECTION('',(-1.03257349760524E-15,1.,0.));
#9850=DIRECTION('',(-1.,-1.03259414907519E-15,0.));
#9851=DIRECTION('',(0.,1.,0.));
#9852=DIRECTION('',(1.,0.,0.));
#9853=DIRECTION('',(2.79794109028517E-16,1.,-1.23908819712629E-16));
#9854=DIRECTION('',(-0.707106781186545,0.707106781186549,-8.76167666676216E-17));
#9855=DIRECTION('',(-3.01691039300315E-15,1.,-1.23908819712629E-16));
#9856=DIRECTION('',(1.,-3.41480999208033E-16,0.));
#9857=DIRECTION('',(0.,-1.,0.));
#9858=DIRECTION('',(-1.,3.41480999208033E-16,-4.23125075661566E-32));
#9859=DIRECTION('',(-1.38777878078144E-14,1.,-1.23908819712629E-16));
#9860=DIRECTION('',(1.,0.,0.));
#9861=DIRECTION('',(1.21027219254196E-15,-1.,1.23908819712629E-16));
#9862=DIRECTION('',(1.21027219254196E-15,-1.,1.23908819712629E-16));
#9863=DIRECTION('',(0.,-1.23908819712629E-16,-1.));
#9864=DIRECTION('',(0.,1.,-1.23815888097845E-16));
#9865=DIRECTION('',(0.,1.,-1.23908819712629E-16));
#9866=DIRECTION('',(-1.,0.,0.));
#9867=DIRECTION('',(0.,1.,-1.23908819712629E-16));
#9868=DIRECTION('',(-1.,0.,0.));
#9869=DIRECTION('',(-4.87890977618477E-15,-1.,1.35525271560688E-16));
#9870=DIRECTION('',(-1.,0.,0.));
#9871=DIRECTION('',(-1.,0.,0.));
#9872=DIRECTION('',(0.,-1.23908819712629E-16,-1.));
#9873=DIRECTION('',(0.,1.,-1.23815888097845E-16));
#9874=DIRECTION('',(0.,7.97207479768753E-17,-1.));
#9875=DIRECTION('',(1.,0.,0.));
#9876=DIRECTION('',(0.,-1.,-9.80395581502851E-16));
#9877=DIRECTION('',(0.,9.80389814470017E-16,-1.));
#9878=DIRECTION('',(0.,-7.35052320329153E-16,1.));
#9879=DIRECTION('',(1.,0.,0.));
#9880=DIRECTION('',(0.,0.,-1.));
#9881=DIRECTION('',(3.41480999208033E-16,1.,0.));
#9882=DIRECTION('',(-1.,3.41306843898437E-16,0.));
#9883=DIRECTION('',(4.16027493747249E-30,6.19544098563151E-15,1.));
#9884=DIRECTION('',(8.94187358750933E-16,1.,-7.45156132292444E-17));
#9885=DIRECTION('',(8.39382327085553E-16,1.,-1.39897054514259E-16));
#9886=DIRECTION('',(1.,-8.39382327085553E-16,1.04006873436811E-30));
#9887=DIRECTION('',(8.39606162372775E-16,1.,0.));
#9888=DIRECTION('',(0.,0.,1.));
#9889=DIRECTION('',(-8.39382327085553E-16,-1.,2.40933816107898E-16));
#9890=DIRECTION('',(1.,-8.39382327085553E-16,1.04006873436811E-30));
#9891=DIRECTION('',(8.39606162372775E-16,1.,0.));
#9892=DIRECTION('',(-1.,-3.33600668457078E-16,0.));
#9893=DIRECTION('',(0.,-1.,0.));
#9894=DIRECTION('',(-1.,0.,0.));
#9895=DIRECTION('',(-1.21027219254196E-15,1.,0.));
#9896=DIRECTION('',(0.,0.,-1.));
#9897=DIRECTION('',(-1.,0.,0.));
#9898=DIRECTION('',(0.,0.,1.));
#9899=DIRECTION('',(-1.,-1.21027219254196E-15,0.));
#9900=DIRECTION('',(1.20996962449382E-15,-1.,0.));
#9901=DIRECTION('',(0.,0.,-1.));
#9902=DIRECTION('',(1.,0.,0.));
#9903=DIRECTION('',(1.,0.,0.));
#9904=DIRECTION('',(0.,-1.,0.));
#9905=DIRECTION('',(0.,0.,-1.));
#9906=DIRECTION('',(0.235430870253247,0.969421230454544,0.0692443736038953));
#9907=DIRECTION('',(0.,0.,1.));
#9908=DIRECTION('',(-0.23599732810074,-0.97175370394422,3.24177685211441E-16));
#9909=DIRECTION('',(-0.169248512475359,-0.696905639604416,0.696905639604415));
#9910=DIRECTION('',(-0.97175370394422,0.23599732810074,0.));
#9911=DIRECTION('',(-0.23599732810074,-0.97175370394422,0.));
#9912=DIRECTION('',(1.38777878078144E-14,-1.,3.33600668457085E-16));
#9913=DIRECTION('',(-1.,-1.38777878078144E-14,0.));
#9914=DIRECTION('',(1.38777878078145E-14,-1.,0.));
#9915=DIRECTION('',(0.,-0.727788971792835,0.685801146497094));
#9916=DIRECTION('',(0.,9.63735264431558E-16,-1.));
#9917=DIRECTION('',(0.,-1.,-2.47817639425258E-16));
#9918=DIRECTION('',(0.,1.,0.));
#9919=DIRECTION('',(0.,0.,1.));
#9920=DIRECTION('',(-1.,0.,0.));
#9921=DIRECTION('',(0.,0.,1.));
#9922=DIRECTION('',(0.,9.63735264431558E-16,-1.));
#9923=DIRECTION('',(0.,-0.727788971792835,0.685801146497094));
#9924=DIRECTION('',(0.,0.,1.));
#9925=DIRECTION('',(0.,1.,0.));
#9926=DIRECTION('',(0.,-1.,-2.47817639425258E-16));
#9927=DIRECTION('',(-1.,0.,0.));
#9928=DIRECTION('',(0.,0.,1.));
#9929=DIRECTION('',(0.,-1.,-1.35525271560688E-16));
#9930=DIRECTION('',(1.,0.,0.));
#9931=DIRECTION('',(0.,-1.,0.));
#9932=DIRECTION('',(-1.,0.,0.));
#9933=DIRECTION('',(0.,0.,1.));
#9934=DIRECTION('',(1.,0.,0.));
#9935=DIRECTION('',(-1.,0.,0.));
#9936=DIRECTION('',(0.,-4.17000835571347E-16,1.));
#9937=DIRECTION('',(-1.,0.,0.));
#9938=DIRECTION('',(0.,-4.17000835571347E-16,1.));
#9939=DIRECTION('',(0.,0.,-1.));
#9940=DIRECTION('',(1.,0.,0.));
#9941=DIRECTION('',(0.,0.,1.));
#9942=DIRECTION('',(0.,-1.,0.));
#9943=DIRECTION('',(0.,0.,-1.));
#9944=DIRECTION('',(0.,-1.,0.));
#9945=DIRECTION('',(0.,-1.,0.));
#9946=DIRECTION('',(1.,0.,0.));
#9947=DIRECTION('',(0.,0.,-1.));
#9948=DIRECTION('',(1.,0.,0.));
#9949=DIRECTION('',(0.,-1.,-1.35525271560688E-16));
#9950=DIRECTION('',(0.,0.,1.));
#9951=DIRECTION('',(1.,0.,0.));
#9952=DIRECTION('',(0.,1.,0.));
#9953=DIRECTION('',(-1.,0.,0.));
#9954=DIRECTION('',(0.,0.,1.));
#9955=DIRECTION('',(-0.554700196225228,-0.832050294337845,0.));
#9956=DIRECTION('',(0.554700196225229,-0.832050294337843,0.));
#9957=DIRECTION('',(-1.,0.,0.));
#9958=DIRECTION('',(0.,-1.,0.));
#9959=DIRECTION('',(-1.,0.,0.));
#9960=DIRECTION('',(0.,-1.,0.));
#9961=DIRECTION('',(0.,0.,-1.));
#9962=DIRECTION('',(-1.,0.,0.));
#9963=DIRECTION('',(1.,0.,0.));
#9964=DIRECTION('',(1.,0.,0.));
#9965=DIRECTION('',(0.,-1.,-9.63735264431558E-16));
#9966=DIRECTION('',(0.,9.63638890905116E-16,-1.));
#9967=DIRECTION('',(-1.,0.,0.));
#9968=DIRECTION('',(0.,1.,0.));
#9969=DIRECTION('',(0.,1.,0.));
#9970=DIRECTION('',(-1.,0.,0.));
#9971=DIRECTION('',(0.,-2.47817639425258E-16,1.));
#9972=DIRECTION('',(0.,-1.,-2.47848616630186E-16));
#9973=DIRECTION('',(0.,0.,-1.));
#9974=DIRECTION('',(-1.,0.,0.));
#9975=DIRECTION('',(0.,0.,1.));
#9976=DIRECTION('',(0.,0.,-1.));
#9977=DIRECTION('',(-1.,0.,0.));
#9978=DIRECTION('',(0.,0.,1.));
#9979=DIRECTION('',(-1.,0.,0.));
#9980=DIRECTION('',(0.,-1.,0.));
#9981=DIRECTION('',(0.,0.,-1.));
#9982=DIRECTION('',(0.,0.,1.));
#9983=DIRECTION('',(1.,0.,0.));
#9984=DIRECTION('',(0.,1.,0.));
#9985=DIRECTION('',(-1.,0.,0.));
#9986=DIRECTION('',(0.,0.,1.));
#9987=DIRECTION('',(1.,0.,0.));
#9988=DIRECTION('',(0.,0.,1.));
#9989=DIRECTION('',(0.,-1.,0.));
#9990=DIRECTION('',(0.,0.,-1.));
#9991=DIRECTION('',(2.79794109028517E-16,1.,0.));
#9992=DIRECTION('',(-8.94187358750933E-16,-1.,7.45156132292444E-17));
#9993=DIRECTION('',(0.,0.,-1.));
#9994=DIRECTION('',(-5.3218886856233E-15,-0.997054485501582,0.0766964988847373));
#9995=DIRECTION('',(1.,-2.79794109028517E-16,0.));
#9996=DIRECTION('',(2.80157841370254E-16,1.,0.));
#9997=DIRECTION('',(0.707106781186545,-0.707106781186549,5.26904954186729E-17));
#9998=DIRECTION('',(0.,0.,1.));
#9999=DIRECTION('',(0.707106781186549,0.707106781186545,0.));
#10000=DIRECTION('',(-0.707106781186545,0.707106781186549,0.));
#10001=DIRECTION('',(0.,0.,-1.));
#10002=DIRECTION('',(3.01691039300315E-15,-1.,7.45156132292444E-17));
#10003=DIRECTION('',(1.,3.01691039300315E-15,0.));
#10004=DIRECTION('',(-3.01668412472367E-15,1.,0.));
#10005=DIRECTION('',(0.,0.,1.));
#10006=DIRECTION('',(0.235430870253247,-0.969421230454544,-0.0692443736038953));
#10007=DIRECTION('',(-0.97175370394422,-0.23599732810074,0.));
#10008=DIRECTION('',(0.23599732810074,-0.97175370394422,0.));
#10009=DIRECTION('',(-1.,6.93889390390721E-15,0.));
#10010=DIRECTION('',(-6.93889390390723E-15,-1.,0.));
#10011=DIRECTION('',(1.,0.,0.));
#10012=DIRECTION('',(-1.,0.,0.));
#10013=DIRECTION('',(-1.,3.41480999208033E-16,0.));
#10014=DIRECTION('',(0.,-3.33600668457085E-16,-1.));
#10015=DIRECTION('',(0.,1.,-3.3360900847379E-16));
#10016=DIRECTION('',(-1.,0.,0.));
#10017=DIRECTION('',(0.,-0.707106781186547,-0.707106781186548));
#10018=DIRECTION('',(0.,0.707106781186548,-0.707106781186547));
#10019=DIRECTION('',(0.,-0.0712470499879089,0.997458699830735));
#10020=DIRECTION('',(0.,-0.997458699830735,-0.0712470499879089));
#10021=DIRECTION('',(-0.499999999999999,-0.866025403784439,-1.27553196763E-15));
#10022=DIRECTION('',(-0.499999999999999,-0.866025403784439,-1.27553196763E-15));
#10023=DIRECTION('',(0.,0.,-1.));
#10024=DIRECTION('',(0.866025403784439,-0.499999999999999,0.));
#10025=DIRECTION('',(0.499999999999999,0.86602540378444,0.));
#10026=DIRECTION('',(0.,-1.,-1.58150392728333E-15));
#10027=DIRECTION('',(0.,-1.,-1.58150392728333E-15));
#10028=DIRECTION('',(0.,0.,-1.));
#10029=DIRECTION('',(1.,0.,0.));
#10030=DIRECTION('',(0.,0.,-1.));
#10031=DIRECTION('',(0.707106781186499,-0.707106781186596,0.));
#10032=DIRECTION('',(0.707106781186499,-0.707106781186596,0.));
#10033=DIRECTION('',(0.707106781186596,0.707106781186499,0.));
#10034=DIRECTION('',(-0.707106781186499,0.707106781186596,0.));
#10035=DIRECTION('',(1.31989829693903E-15,1.31989829693885E-15,-1.));
#10036=DIRECTION('',(-1.,0.,-1.31990772478385E-15));
#10037=DIRECTION('',(1.31989829693903E-15,1.31989829693885E-15,-1.));
#10038=DIRECTION('',(-1.,0.,-1.31990772478385E-15));
#10039=DIRECTION('',(0.,1.,1.26520314182666E-15));
#10040=DIRECTION('',(0.,0.,-1.));
#10041=DIRECTION('',(0.,1.,1.26520314182666E-15));
#10042=DIRECTION('',(0.,0.,-1.));
#10043=DIRECTION('',(-1.,0.,0.));
#10044=DIRECTION('',(0.,0.,1.));
#10045=DIRECTION('',(-0.499999999999999,0.866025403784439,6.37765983815001E-16));
#10046=DIRECTION('',(-0.499999999999999,0.866025403784439,6.37765983815001E-16));
#10047=DIRECTION('',(-0.866025403784439,-0.499999999999999,0.));
#10048=DIRECTION('',(0.499999999999999,-0.86602540378444,0.));
#10049=DIRECTION('',(0.707106781186544,0.707106781186551,1.8038746078628E-15));
#10050=DIRECTION('',(0.707106781186544,0.707106781186551,1.8038746078628E-15));
#10051=DIRECTION('',(-0.707106781186551,0.707106781186544,0.));
#10052=DIRECTION('',(-0.707106781186544,-0.707106781186551,0.));
#10053=DIRECTION('',(1.28586079343336E-15,1.26520314182666E-15,-1.));
#10054=DIRECTION('',(-1.,0.,-1.28586377656781E-15));
#10055=DIRECTION('',(1.28586079343336E-15,1.26520314182666E-15,-1.));
#10056=DIRECTION('',(-1.,0.,-1.28586377656781E-15));
#10057=DIRECTION('',(-3.41480999208033E-16,-1.,0.));
#10058=DIRECTION('',(1.,-3.41306843898437E-16,0.));
#10059=DIRECTION('',(0.,-1.,6.9388939039072E-15));
#10060=DIRECTION('',(0.,-6.93889390390723E-15,-1.));
#10061=DIRECTION('',(0.,1.,-6.93889390390719E-15));
#10062=DIRECTION('',(0.,6.93889390390723E-15,1.));
#10063=DIRECTION('',(0.,0.997054485501582,-0.0766964988847373));
#10064=DIRECTION('',(0.,0.78086880944303,-0.624695047554424));
#10065=DIRECTION('',(1.,0.,0.));
#10066=DIRECTION('',(0.,0.,-1.));
#10067=DIRECTION('',(0.,0.78086880944303,-0.624695047554424));
#10068=DIRECTION('',(0.,0.997054485501582,-0.0766964988847373));
#10069=DIRECTION('',(1.,0.,0.));
#10070=DIRECTION('',(0.,0.,-1.));
#10071=DIRECTION('',(0.,-0.997054485501582,0.0766964988847372));
#10072=DIRECTION('',(-1.,0.,0.));
#10073=DIRECTION('',(1.,0.,0.));
#10074=DIRECTION('',(0.,0.0766964988847372,0.997054485501581));
#10075=DIRECTION('',(0.,-0.997054485501582,0.0766964988847373));
#10076=DIRECTION('',(0.,-0.780868809443031,0.624695047554424));
#10077=DIRECTION('',(0.,0.624695047554424,0.78086880944303));
#10078=DIRECTION('',(0.,-0.78086880944303,0.624695047554424));
#10079=DIRECTION('',(0.,0.0712470499879089,-0.997458699830735));
#10080=DIRECTION('',(0.,0.997458699830735,0.0712470499879089));
#10081=DIRECTION('',(-3.41480999208033E-16,1.,0.));
#10082=DIRECTION('',(-1.,-3.41306843898437E-16,0.));
#10083=DIRECTION('',(1.,0.,0.));
#10084=DIRECTION('',(0.,-0.999999999999999,0.));
#10085=DIRECTION('',(0.,1.,0.));
#10086=DIRECTION('',(1.,0.,0.));
#10087=DIRECTION('',(0.,-0.999999999999999,0.));
#10088=DIRECTION('',(0.,6.93889390390719E-15,1.));
#10089=DIRECTION('',(0.,-6.9388939039072E-15,-1.));
#10090=DIRECTION('',(-1.,0.,0.));
#10091=DIRECTION('',(0.,0.,1.));
#10092=DIRECTION('',(-1.,0.,0.));
#10093=DIRECTION('',(0.,1.,-6.9388939039072E-15));
#10094=DIRECTION('',(0.,6.93889390390723E-15,1.));
#10095=DIRECTION('',(-1.,0.,0.));
#10096=DIRECTION('',(0.,-1.,6.93889390390719E-15));
#10097=DIRECTION('',(0.,-6.93889390390723E-15,-1.));
#10098=DIRECTION('',(-1.,0.,0.));
#10099=DIRECTION('',(0.,0.,1.));
#10100=DIRECTION('',(1.,0.,0.));
#10101=DIRECTION('',(-1.,0.,0.));
#10102=DIRECTION('',(1.,0.,0.));
#10103=DIRECTION('',(0.,0.,-1.));
#10104=DIRECTION('',(1.,0.,0.));
#10105=DIRECTION('',(0.,-0.997054485501582,0.0766964988847372));
#10106=DIRECTION('',(-1.,0.,0.));
#10107=DIRECTION('',(0.,-0.0766964988847372,-0.997054485501581));
#10108=DIRECTION('',(0.,0.997054485501582,-0.0766964988847373));
#10109=DIRECTION('',(0.,-0.780868809443031,0.624695047554424));
#10110=DIRECTION('',(0.,-0.624695047554424,-0.78086880944303));
#10111=DIRECTION('',(0.,0.78086880944303,-0.624695047554424));
#10112=DIRECTION('',(0.,0.,-1.));
#10113=DIRECTION('',(-0.554700196225229,0.832050294337843,0.));
#10114=DIRECTION('',(0.,0.,-1.));
#10115=DIRECTION('',(-0.832050294337843,-0.554700196225229,0.));
#10116=DIRECTION('',(0.554700196225229,-0.832050294337844,0.));
#10117=DIRECTION('',(0.,0.,-1.));
#10118=DIRECTION('',(-0.554700196225228,-0.832050294337845,0.));
#10119=DIRECTION('',(0.832050294337845,-0.554700196225228,0.));
#10120=DIRECTION('',(0.554700196225228,0.832050294337845,0.));
#10121=DIRECTION('',(1.,0.,0.));
#10122=DIRECTION('',(0.,1.,0.));
#10123=DIRECTION('',(0.,0.,1.));
#10124=DIRECTION('',(0.,0.,1.));
#10125=DIRECTION('',(1.,0.,0.));
#10126=DIRECTION('',(0.,-0.727788971792835,0.685801146497094));
#10127=DIRECTION('',(-1.,0.,0.));
#10128=DIRECTION('',(0.,-0.727788971792835,0.685801146497094));
#10129=DIRECTION('',(1.,0.,0.));
#10130=DIRECTION('',(0.,0.727788971792835,-0.685801146497094));
#10131=DIRECTION('',(1.,0.,0.));
#10132=DIRECTION('',(0.,0.727788971792835,-0.685801146497094));
#10133=DIRECTION('',(1.,0.,0.));
#10134=DIRECTION('',(0.,-0.727788971792835,0.685801146497094));
#10135=DIRECTION('',(-1.,0.,0.));
#10136=DIRECTION('',(0.,-0.727788971792835,0.685801146497094));
#10137=DIRECTION('',(1.,0.,0.));
#10138=DIRECTION('',(0.,-0.727788971792835,0.685801146497094));
#10139=DIRECTION('',(-1.,0.,0.));
#10140=DIRECTION('',(0.,-0.727788971792835,0.685801146497094));
#10141=DIRECTION('',(1.,0.,0.));
#10142=DIRECTION('',(0.,-0.727788971792835,0.685801146497094));
#10143=DIRECTION('',(-1.,0.,0.));
#10144=DIRECTION('',(0.,-0.727788971792835,0.685801146497094));
#10145=DIRECTION('',(1.,0.,0.));
#10146=DIRECTION('',(0.,-0.727788971792835,0.685801146497094));
#10147=DIRECTION('',(-1.,0.,0.));
#10148=DIRECTION('',(0.,-0.727788971792835,0.685801146497094));
#10149=DIRECTION('',(1.,0.,0.));
#10150=DIRECTION('',(0.,-0.727788971792835,0.685801146497094));
#10151=DIRECTION('',(-1.,0.,0.));
#10152=DIRECTION('',(0.,-0.727788971792835,0.685801146497094));
#10153=DIRECTION('',(1.,0.,0.));
#10154=DIRECTION('',(0.,-0.727788971792835,0.685801146497094));
#10155=DIRECTION('',(-1.,0.,0.));
#10156=DIRECTION('',(0.,-0.727788971792835,0.685801146497094));
#10157=DIRECTION('',(1.,0.,0.));
#10158=DIRECTION('',(0.,-0.727788971792835,0.685801146497094));
#10159=DIRECTION('',(-1.,0.,0.));
#10160=DIRECTION('',(0.,-0.727788971792835,0.685801146497094));
#10161=DIRECTION('',(1.,0.,0.));
#10162=DIRECTION('',(0.,-0.727788971792835,0.685801146497094));
#10163=DIRECTION('',(-1.,0.,0.));
#10164=DIRECTION('',(0.,-0.727788971792835,0.685801146497094));
#10165=DIRECTION('',(1.,0.,0.));
#10166=DIRECTION('',(0.,-0.727788971792835,0.685801146497094));
#10167=DIRECTION('',(-1.,0.,0.));
#10168=DIRECTION('',(0.,-0.727788971792835,0.685801146497094));
#10169=DIRECTION('',(1.,0.,0.));
#10170=DIRECTION('',(0.,-0.727788971792835,0.685801146497094));
#10171=DIRECTION('',(-1.,0.,0.));
#10172=DIRECTION('',(0.,-0.727788971792835,0.685801146497094));
#10173=DIRECTION('',(1.,0.,0.));
#10174=DIRECTION('',(0.,-0.727788971792835,0.685801146497094));
#10175=DIRECTION('',(-1.,0.,0.));
#10176=DIRECTION('',(0.,-0.727788971792835,0.685801146497094));
#10177=DIRECTION('',(1.,0.,0.));
#10178=DIRECTION('',(0.,-0.727788971792835,0.685801146497094));
#10179=DIRECTION('',(-1.,0.,0.));
#10180=DIRECTION('',(0.,-0.727788971792835,0.685801146497094));
#10181=DIRECTION('',(1.,0.,0.));
#10182=DIRECTION('',(0.,-0.727788971792835,0.685801146497094));
#10183=DIRECTION('',(-1.,0.,0.));
#10184=DIRECTION('',(0.,-0.727788971792835,0.685801146497094));
#10185=DIRECTION('',(1.,0.,0.));
#10186=DIRECTION('',(0.,-0.685801146497094,-0.727788971792835));
#10187=DIRECTION('',(0.,0.727788971792835,-0.685801146497094));
#10188=DIRECTION('',(0.,0.,1.));
#10189=DIRECTION('',(0.,0.,-1.));
#10190=DIRECTION('',(0.,1.,0.));
#10191=DIRECTION('',(0.,1.,0.));
#10192=DIRECTION('',(0.,0.,1.));
#10193=DIRECTION('',(0.,1.,0.));
#10194=DIRECTION('',(-1.,0.,0.));
#10195=DIRECTION('',(0.,0.,1.));
#10196=DIRECTION('',(1.,0.,2.16840434497101E-16));
#10197=DIRECTION('',(0.,-1.,0.));
#10198=DIRECTION('',(1.,0.,2.16840434497101E-16));
#10199=DIRECTION('',(0.,-1.,0.));
#10200=DIRECTION('',(-2.16840434497101E-16,0.,1.));
#10201=DIRECTION('',(1.,0.,0.));
#10202=DIRECTION('',(-2.16840434497101E-16,0.,1.));
#10203=DIRECTION('',(1.,0.,2.16840434497101E-16));
#10204=DIRECTION('',(0.,1.,0.));
#10205=DIRECTION('',(0.,0.,1.));
#10206=DIRECTION('',(0.,-1.,0.));
#10207=DIRECTION('',(0.,4.51750905202289E-16,-1.));
#10208=DIRECTION('',(1.,0.,0.));
#10209=DIRECTION('',(0.,0.,-1.));
#10210=DIRECTION('',(-1.,0.,0.));
#10211=DIRECTION('',(0.,0.994781438611053,0.102028865498569));
#10212=DIRECTION('',(1.,0.,0.));
#10213=DIRECTION('',(0.,-0.994781438611052,-0.102028865498569));
#10214=DIRECTION('',(0.,-0.102028865498569,0.994781438611052));
#10215=DIRECTION('',(0.,-0.994781438611053,-0.102028865498569));
#10216=DIRECTION('',(0.,0.994781438611053,0.102028865498569));
#10217=DIRECTION('',(-1.,0.,0.));
#10218=DIRECTION('',(0.,0.994781438611053,0.102028865498569));
#10219=DIRECTION('',(1.,0.,0.));
#10220=DIRECTION('',(0.,-0.102028865498569,0.994781438611052));
#10221=DIRECTION('',(0.,-0.994781438611053,-0.102028865498569));
#10222=DIRECTION('',(0.,0.994781438611053,0.102028865498569));
#10223=DIRECTION('',(-1.,0.,0.));
#10224=DIRECTION('',(0.,0.994781438611053,0.102028865498569));
#10225=DIRECTION('',(1.,0.,0.));
#10226=DIRECTION('',(0.,-0.102028865498569,0.994781438611052));
#10227=DIRECTION('',(0.,-0.994781438611053,-0.102028865498569));
#10228=DIRECTION('',(0.,0.994781438611053,0.102028865498569));
#10229=DIRECTION('',(-1.,0.,0.));
#10230=DIRECTION('',(0.,0.994781438611053,0.102028865498569));
#10231=DIRECTION('',(1.,0.,0.));
#10232=DIRECTION('',(0.,-0.102028865498569,0.994781438611052));
#10233=DIRECTION('',(0.,-0.994781438611053,-0.102028865498569));
#10234=DIRECTION('',(0.,0.994781438611053,0.102028865498569));
#10235=DIRECTION('',(-1.,0.,0.));
#10236=DIRECTION('',(0.,0.994781438611053,0.102028865498569));
#10237=DIRECTION('',(1.,0.,0.));
#10238=DIRECTION('',(0.,-0.102028865498569,0.994781438611052));
#10239=DIRECTION('',(0.,-0.994781438611053,-0.102028865498569));
#10240=DIRECTION('',(0.,0.994781438611053,0.102028865498569));
#10241=DIRECTION('',(-1.,0.,0.));
#10242=DIRECTION('',(0.,0.994781438611053,0.102028865498569));
#10243=DIRECTION('',(1.,0.,0.));
#10244=DIRECTION('',(0.,-0.102028865498569,0.994781438611052));
#10245=DIRECTION('',(0.,-0.994781438611053,-0.102028865498569));
#10246=DIRECTION('',(0.,0.994781438611053,0.102028865498569));
#10247=DIRECTION('',(-1.,0.,0.));
#10248=DIRECTION('',(0.,0.994781438611053,0.102028865498569));
#10249=DIRECTION('',(1.,0.,0.));
#10250=DIRECTION('',(0.,-0.102028865498569,0.994781438611052));
#10251=DIRECTION('',(0.,-0.994781438611053,-0.102028865498569));
#10252=DIRECTION('',(0.,0.994781438611053,0.102028865498569));
#10253=DIRECTION('',(-1.,0.,0.));
#10254=DIRECTION('',(0.,0.994781438611053,0.102028865498569));
#10255=DIRECTION('',(1.,0.,0.));
#10256=DIRECTION('',(0.,-0.102028865498569,0.994781438611052));
#10257=DIRECTION('',(0.,-0.994781438611053,-0.102028865498569));
#10258=DIRECTION('',(0.,0.994781438611053,0.102028865498569));
#10259=DIRECTION('',(-1.,0.,0.));
#10260=DIRECTION('',(0.,0.994781438611053,0.102028865498569));
#10261=DIRECTION('',(1.,0.,0.));
#10262=DIRECTION('',(0.,-0.102028865498569,0.994781438611052));
#10263=DIRECTION('',(0.,-0.994781438611053,-0.102028865498569));
#10264=DIRECTION('',(0.,0.994781438611053,0.102028865498569));
#10265=DIRECTION('',(-1.,0.,0.));
#10266=DIRECTION('',(0.,0.994781438611053,0.102028865498569));
#10267=DIRECTION('',(1.,0.,0.));
#10268=DIRECTION('',(0.,-0.102028865498569,0.994781438611052));
#10269=DIRECTION('',(0.,-0.994781438611053,-0.102028865498569));
#10270=DIRECTION('',(0.,0.994781438611053,0.102028865498569));
#10271=DIRECTION('',(-1.,0.,0.));
#10272=DIRECTION('',(0.,0.994781438611053,0.102028865498569));
#10273=DIRECTION('',(1.,0.,0.));
#10274=DIRECTION('',(0.,-0.102028865498569,0.994781438611052));
#10275=DIRECTION('',(0.,-0.994781438611053,-0.102028865498569));
#10276=DIRECTION('',(0.,0.994781438611053,0.102028865498569));
#10277=DIRECTION('',(-1.,0.,0.));
#10278=DIRECTION('',(0.,0.994781438611053,0.102028865498569));
#10279=DIRECTION('',(1.,0.,0.));
#10280=DIRECTION('',(0.,-0.102028865498569,0.994781438611052));
#10281=DIRECTION('',(0.,-0.994781438611053,-0.102028865498569));
#10282=DIRECTION('',(0.,0.994781438611053,0.102028865498569));
#10283=DIRECTION('',(-1.,0.,0.));
#10284=DIRECTION('',(0.,0.994781438611053,0.102028865498569));
#10285=DIRECTION('',(1.,0.,0.));
#10286=DIRECTION('',(0.,-0.102028865498569,0.994781438611052));
#10287=DIRECTION('',(0.,-0.994781438611053,-0.102028865498569));
#10288=DIRECTION('',(0.,0.994781438611053,0.102028865498569));
#10289=DIRECTION('',(-1.,0.,0.));
#10290=DIRECTION('',(0.,0.994781438611053,0.102028865498569));
#10291=DIRECTION('',(1.,0.,0.));
#10292=DIRECTION('',(0.,-0.102028865498569,0.994781438611052));
#10293=DIRECTION('',(0.,-0.994781438611053,-0.102028865498569));
#10294=DIRECTION('',(0.,0.,1.));
#10295=DIRECTION('',(1.,0.,0.));
#10296=DIRECTION('',(0.,0.,-1.));
#10297=DIRECTION('',(1.,0.,0.));
#10298=DIRECTION('',(0.,1.14374836979086E-16,-1.));
#10299=DIRECTION('',(0.,-1.,0.));
#10300=DIRECTION('',(0.,0.,-1.));
#10301=DIRECTION('',(0.,0.,-1.));
#10302=DIRECTION('',(0.,1.,0.));
#10303=DIRECTION('',(0.,0.,-1.));
#10304=DIRECTION('',(0.,1.,0.));
#10305=DIRECTION('',(1.,0.,0.));
#10306=DIRECTION('',(0.,0.,-1.));
#10307=DIRECTION('',(0.,1.,0.));
#10308=DIRECTION('',(0.,0.,-1.));
#10309=DIRECTION('',(0.,1.,0.));
#10310=DIRECTION('',(0.,0.,-1.));
#10311=DIRECTION('',(1.,0.,0.));
#10312=DIRECTION('',(0.,0.,-1.));
#10313=DIRECTION('',(0.,1.,0.));
#10314=DIRECTION('',(1.,0.,-1.76293036176505E-16));
#10315=DIRECTION('',(0.,-1.,0.));
#10316=DIRECTION('',(1.76293036176505E-16,0.,1.));
#10317=DIRECTION('',(1.,0.,-1.76291273246143E-16));
#10318=DIRECTION('',(0.,0.,-1.));
#10319=DIRECTION('',(1.,0.,0.));
#10320=DIRECTION('',(0.,0.,1.));
#10321=DIRECTION('',(0.,1.,0.));
#10322=DIRECTION('',(0.,0.,1.));
#10323=DIRECTION('',(0.,1.,0.));
#10324=DIRECTION('',(0.,-1.,0.));
#10325=DIRECTION('',(-1.,0.,-1.76293036176505E-16));
#10326=DIRECTION('',(1.76293036176505E-16,0.,-1.));
#10327=DIRECTION('',(-1.,0.,-1.76291273246143E-16));
#10328=DIRECTION('',(-1.,0.,0.));
#10329=DIRECTION('',(0.,0.,-1.));
#10330=DIRECTION('',(0.,0.,1.));
#10331=DIRECTION('',(0.,-1.,0.));
#10332=DIRECTION('',(0.,0.,-1.));
#10333=DIRECTION('',(0.,1.,0.));
#10334=DIRECTION('',(1.,0.,0.));
#10335=DIRECTION('',(-3.45409541676798E-16,0.,1.));
#10336=DIRECTION('',(1.,0.,0.));
#10337=DIRECTION('',(0.,1.,0.));
#10338=DIRECTION('',(-1.,3.33600668457078E-16,-3.45409541676798E-16));
#10339=DIRECTION('',(0.,-1.,0.));
#10340=DIRECTION('',(-1.,0.,-3.45409541676798E-16));
#10341=DIRECTION('',(0.,-1.,0.));
#10342=DIRECTION('',(-1.,-3.33600668457078E-16,-3.45409541676798E-16));
#10343=DIRECTION('',(0.,-1.,0.));
#10344=DIRECTION('',(-3.45409541676798E-16,0.,1.));
#10345=DIRECTION('',(1.,0.,0.));
#10346=DIRECTION('',(-3.45409541676798E-16,0.,1.));
#10347=DIRECTION('',(1.,0.,3.45426812153882E-16));
#10348=DIRECTION('',(0.,1.,0.));
#10349=DIRECTION('',(0.,-4.51750905202289E-16,1.));
#10350=DIRECTION('',(0.,0.,1.));
#10351=DIRECTION('',(-1.,0.,0.));
#10352=DIRECTION('',(0.,0.,1.));
#10353=DIRECTION('',(0.,0.,-1.));
#10354=DIRECTION('',(-1.,0.,0.));
#10355=DIRECTION('',(0.,0.,-1.));
#10356=DIRECTION('',(-1.,0.,0.));
#10357=DIRECTION('',(0.,0.,1.));
#10358=DIRECTION('',(-1.,0.,-6.0910234409298E-16));
#10359=DIRECTION('',(0.,0.,-1.));
#10360=DIRECTION('',(-1.,0.,2.16840434497101E-16));
#10361=DIRECTION('',(0.,0.,-1.));
#10362=DIRECTION('',(-1.,0.,-2.71050543121376E-16));
#10363=DIRECTION('',(-1.,0.,-2.71050543121376E-16));
#10364=DIRECTION('',(0.,0.,-1.));
#10365=DIRECTION('',(1.,0.,0.));
#10366=DIRECTION('',(0.,0.,-1.));
#10367=DIRECTION('',(-1.,0.,2.71050543121376E-16));
#10368=DIRECTION('',(1.,0.,-2.71050543121376E-16));
#10369=DIRECTION('',(0.,0.,-1.));
#10370=DIRECTION('',(0.,0.,-1.));
#10371=DIRECTION('',(-1.,0.,6.0910234409298E-16));
#10372=DIRECTION('',(0.,0.,-1.));
#10373=DIRECTION('',(-1.,0.,0.));
#10374=DIRECTION('',(0.,0.,1.));
#10375=DIRECTION('',(-1.,0.,0.));
#10376=DIRECTION('',(0.,0.,1.));
#10377=DIRECTION('',(-1.,0.,0.));
#10378=DIRECTION('',(0.,0.,1.));
#10379=DIRECTION('',(-1.,0.,0.));
#10380=DIRECTION('',(0.,0.,1.));
#10381=DIRECTION('',(-1.,0.,0.));
#10382=DIRECTION('',(0.,0.,1.));
#10383=DIRECTION('',(-1.,0.,0.));
#10384=DIRECTION('',(0.,0.,1.));
#10385=DIRECTION('',(-1.,0.,0.));
#10386=DIRECTION('',(0.,0.,1.));
#10387=DIRECTION('',(-1.,0.,0.));
#10388=DIRECTION('',(0.,0.,1.));
#10389=DIRECTION('',(-1.,0.,0.));
#10390=DIRECTION('',(0.,0.,-1.));
#10391=DIRECTION('',(-1.,0.,0.));
#10392=DIRECTION('',(0.,0.,-1.));
#10393=DIRECTION('',(-1.,0.,0.));
#10394=DIRECTION('',(0.,0.,-1.));
#10395=DIRECTION('',(-1.,0.,0.));
#10396=DIRECTION('',(0.,0.,-1.));
#10397=DIRECTION('',(-1.,0.,0.));
#10398=DIRECTION('',(0.,0.,-1.));
#10399=DIRECTION('',(-1.,0.,0.));
#10400=DIRECTION('',(0.,0.,-1.));
#10401=DIRECTION('',(-1.,0.,0.));
#10402=DIRECTION('',(0.,0.,-1.));
#10403=DIRECTION('',(-1.,0.,0.));
#10404=DIRECTION('',(0.,0.,-1.));
#10405=DIRECTION('',(-1.,0.,0.));
#10406=DIRECTION('',(0.,0.,-1.));
#10407=DIRECTION('',(-1.,0.,0.));
#10408=DIRECTION('',(0.,0.,-1.));
#10409=DIRECTION('',(-1.,0.,0.));
#10410=DIRECTION('',(0.,0.,-1.));
#10411=DIRECTION('',(-1.,0.,0.));
#10412=DIRECTION('',(0.,0.,-1.));
#10413=DIRECTION('',(-1.,0.,0.));
#10414=DIRECTION('',(0.,0.,-1.));
#10415=DIRECTION('',(-1.,0.,0.));
#10416=DIRECTION('',(0.,0.,-1.));
#10417=DIRECTION('',(-1.,0.,0.));
#10418=DIRECTION('',(0.,0.,-1.));
#10419=DIRECTION('',(-1.,0.,0.));
#10420=DIRECTION('',(0.,0.,-1.));
#10421=DIRECTION('',(-1.,0.,0.));
#10422=DIRECTION('',(0.,0.,-1.));
#10423=DIRECTION('',(-1.,0.,0.));
#10424=DIRECTION('',(0.,0.,-1.));
#10425=DIRECTION('',(-1.,0.,0.));
#10426=DIRECTION('',(0.,1.,0.));
#10427=DIRECTION('',(0.,0.,1.));
#10428=DIRECTION('',(0.,-1.,0.));
#10429=DIRECTION('',(0.,0.,-1.));
#10430=DIRECTION('',(0.,-1.,0.));
#10431=DIRECTION('',(0.,-1.,0.));
#10432=DIRECTION('',(0.,0.,-1.));
#10433=DIRECTION('',(0.,0.,-1.));
#10434=DIRECTION('',(0.,-0.707106781186548,-0.707106781186548));
#10435=DIRECTION('',(-1.,0.,0.));
#10436=DIRECTION('',(0.,0.,1.));
#10437=DIRECTION('',(0.,0.,1.));
#10438=DIRECTION('',(6.0910234409298E-16,0.,1.));
#10439=DIRECTION('',(1.,0.,-6.19544098563143E-16));
#10440=DIRECTION('',(0.,0.,-1.));
#10441=DIRECTION('',(-1.,0.,0.));
#10442=DIRECTION('',(0.,0.,-1.));
#10443=DIRECTION('',(0.,-1.,0.));
#10444=DIRECTION('',(0.,-0.707106781186548,-0.707106781186548));
#10445=DIRECTION('',(0.,0.,1.));
#10446=DIRECTION('',(0.,0.,-1.));
#10447=DIRECTION('',(0.,-1.,0.));
#10448=DIRECTION('',(1.,0.,0.));
#10449=DIRECTION('',(0.,0.,-1.));
#10450=DIRECTION('',(0.,-1.,0.));
#10451=DIRECTION('',(0.,1.,0.));
#10452=DIRECTION('',(-0.707106781186548,0.707106781186548,1.91661677085422E-16));
#10453=DIRECTION('',(2.71050543121376E-16,0.,-1.));
#10454=DIRECTION('',(-1.,0.,-2.71050543121376E-16));
#10455=DIRECTION('',(0.,0.,-1.));
#10456=DIRECTION('',(0.,0.,-1.));
#10457=DIRECTION('',(0.,1.,0.));
#10458=DIRECTION('',(-1.,0.,0.));
#10459=DIRECTION('',(0.,0.,1.));
#10460=DIRECTION('',(0.,-1.,0.));
#10461=DIRECTION('',(-0.707106781186548,-0.707106781186548,1.91661677085422E-16));
#10462=DIRECTION('',(0.,-1.,0.));
#10463=DIRECTION('',(2.71050543121376E-16,0.,1.));
#10464=DIRECTION('',(1.,0.,-2.71050543121376E-16));
#10465=DIRECTION('',(0.,0.,-1.));
#10466=DIRECTION('',(0.,1.14374836979086E-16,-1.));
#10467=DIRECTION('',(1.,0.,0.));
#10468=DIRECTION('',(0.,0.,-1.));
#10469=DIRECTION('',(1.,0.,0.));
#10470=DIRECTION('',(0.,-1.,0.));
#10471=DIRECTION('',(0.,0.,-1.));
#10472=DIRECTION('',(0.,1.,1.26807271635732E-16));
#10473=DIRECTION('',(0.,0.,-1.));
#10474=DIRECTION('',(0.,1.,0.));
#10475=DIRECTION('',(1.,0.,0.));
#10476=DIRECTION('',(0.,0.,-1.));
#10477=DIRECTION('',(0.,-1.,0.));
#10478=DIRECTION('',(-1.,0.,0.));
#10479=DIRECTION('',(-1.,0.,0.));
#10480=DIRECTION('',(-1.,0.,0.));
#10481=DIRECTION('',(-1.,0.,0.));
#10482=DIRECTION('',(-1.,0.,0.));
#10483=DIRECTION('',(-1.,0.,0.));
#10484=DIRECTION('',(-1.,0.,0.));
#10485=DIRECTION('',(-1.,0.,0.));
#10486=DIRECTION('',(-1.,0.,0.));
#10487=DIRECTION('',(-1.,0.,0.));
#10488=DIRECTION('',(-1.,0.,0.));
#10489=DIRECTION('',(-1.,0.,0.));
#10490=DIRECTION('',(-1.,0.,0.));
#10491=DIRECTION('',(-1.,0.,0.));
#10492=DIRECTION('',(0.,-1.,0.));
#10493=DIRECTION('',(0.,1.,0.));
#10494=DIRECTION('',(1.,3.66284517731589E-16,0.));
#10495=DIRECTION('',(0.,-1.,0.));
#10496=DIRECTION('',(0.,0.,-1.));
#10497=DIRECTION('',(-1.,0.,0.));
#10498=DIRECTION('',(0.,0.,-1.));
#10499=DIRECTION('',(0.,0.,1.));
#10500=DIRECTION('',(0.,-1.,0.));
#10501=DIRECTION('',(0.,0.,1.));
#10502=DIRECTION('',(0.,1.,0.));
#10503=DIRECTION('',(0.,1.,0.));
#10504=DIRECTION('',(1.,0.,0.));
#10505=DIRECTION('',(0.,0.,-1.));
#10506=DIRECTION('',(0.,-1.,0.));
#10507=DIRECTION('',(0.,0.,1.));
#10508=DIRECTION('',(0.,1.,0.));
#10509=DIRECTION('',(-1.,0.,0.));
#10510=DIRECTION('',(0.,0.,1.));
#10511=DIRECTION('',(-2.16840434497101E-16,0.,-1.));
#10512=DIRECTION('',(-1.,0.,0.));
#10513=DIRECTION('',(-6.0910234409298E-16,0.,1.));
#10514=DIRECTION('',(1.,0.,6.19544098563143E-16));
#10515=DIRECTION('',(0.,0.,-1.));
#10516=DIRECTION('',(-1.,0.,0.));
#10517=DIRECTION('',(0.,-1.,0.));
#10518=DIRECTION('',(1.,0.,0.));
#10519=DIRECTION('',(0.,0.,-1.));
#10520=DIRECTION('',(-1.,3.33600668457078E-16,6.0910234409298E-16));
#10521=DIRECTION('',(0.,0.,1.));
#10522=DIRECTION('',(1.,-3.33600668457078E-16,-2.71050543121376E-16));
#10523=DIRECTION('',(-3.33600668457078E-16,-1.,0.));
#10524=DIRECTION('',(1.,-3.33602232210212E-16,0.));
#10525=DIRECTION('',(0.,0.,1.));
#10526=DIRECTION('',(0.,-1.,0.));
#10527=DIRECTION('',(-1.,0.,0.));
#10528=DIRECTION('',(0.,0.,1.));
#10529=DIRECTION('',(-2.71050543121376E-16,0.,-1.));
#10530=DIRECTION('',(-1.,0.,0.));
#10531=DIRECTION('',(0.,0.,-1.));
#10532=DIRECTION('',(-1.,0.,0.));
#10533=DIRECTION('',(-1.,0.,0.));
#10534=DIRECTION('',(0.,-1.,0.));
#10535=DIRECTION('',(0.,0.,-1.));
#10536=DIRECTION('',(0.,-1.,0.));
#10537=DIRECTION('',(0.,0.,1.));
#10538=DIRECTION('',(0.,0.,1.));
#10539=DIRECTION('',(1.,0.,0.));
#10540=DIRECTION('',(0.,0.,-1.));
#10541=DIRECTION('',(0.,0.,-1.));
#10542=DIRECTION('',(-1.,-3.33600668457078E-16,-2.71050543121376E-16));
#10543=DIRECTION('',(-1.,-3.33600668457078E-16,-6.0910234409298E-16));
#10544=DIRECTION('',(3.33600668457078E-16,-1.,0.));
#10545=DIRECTION('',(1.,3.33602232210212E-16,0.));
#10546=DIRECTION('',(-2.71050543121376E-16,0.,1.));
#10547=DIRECTION('',(1.,0.,0.));
#10548=DIRECTION('',(0.,0.,-1.));
#10549=DIRECTION('',(-1.,0.,0.));
#10550=DIRECTION('',(0.,0.707106781186548,-0.707106781186548));
#10551=DIRECTION('',(0.,0.707106781186548,0.707106781186548));
#10552=DIRECTION('',(0.,0.,-1.));
#10553=DIRECTION('',(0.,-1.,0.));
#10554=DIRECTION('',(1.,0.,0.));
#10555=DIRECTION('',(0.,0.,-1.));
#10556=DIRECTION('',(0.,0.,-1.));
#10557=DIRECTION('',(1.,3.66284517731589E-16,0.));
#10558=DIRECTION('',(-3.66284517731589E-16,1.,0.));
#10559=DIRECTION('',(-1.,-3.66243493865603E-16,0.));
#10560=DIRECTION('',(0.,1.,0.));
#10561=DIRECTION('',(-1.,0.,0.));
#10562=DIRECTION('',(0.,0.,1.));
#10563=DIRECTION('',(0.,1.,0.));
#10564=DIRECTION('',(-1.,0.,0.));
#10565=DIRECTION('',(0.,1.,0.));
#10566=DIRECTION('',(0.,1.,1.26807271635732E-16));
#10567=DIRECTION('',(-1.,0.,0.));
#10568=DIRECTION('',(0.,1.,0.));
#10569=DIRECTION('',(-1.,0.,0.));
#10570=DIRECTION('',(0.,1.,0.));
#10571=DIRECTION('',(0.,1.,0.));
#10572=DIRECTION('',(-1.,0.,0.));
#10573=DIRECTION('',(0.,1.,0.));
#10574=DIRECTION('',(0.,1.,0.));
#10575=DIRECTION('',(-1.,0.,0.));
#10576=DIRECTION('',(0.,1.,0.));
#10577=DIRECTION('',(0.,1.,0.));
#10578=DIRECTION('',(-1.,0.,0.));
#10579=DIRECTION('',(0.,1.,0.));
#10580=DIRECTION('',(0.,1.,0.));
#10581=DIRECTION('',(-1.,0.,0.));
#10582=DIRECTION('',(0.,1.,0.));
#10583=DIRECTION('',(0.,1.,0.));
#10584=DIRECTION('',(-1.,0.,0.));
#10585=DIRECTION('',(0.,1.,0.));
#10586=DIRECTION('',(0.,1.,0.));
#10587=DIRECTION('',(-1.,0.,0.));
#10588=DIRECTION('',(0.,1.,0.));
#10589=DIRECTION('',(0.,1.,0.));
#10590=DIRECTION('',(-1.,0.,0.));
#10591=DIRECTION('',(0.,1.,0.));
#10592=DIRECTION('',(0.,1.,0.));
#10593=DIRECTION('',(-1.,0.,0.));
#10594=DIRECTION('',(0.,1.,0.));
#10595=DIRECTION('',(0.,1.,0.));
#10596=DIRECTION('',(-1.,0.,0.));
#10597=DIRECTION('',(0.,1.,0.));
#10598=DIRECTION('',(0.,1.,0.));
#10599=DIRECTION('',(-1.,0.,0.));
#10600=DIRECTION('',(0.,1.,0.));
#10601=DIRECTION('',(0.,1.,0.));
#10602=DIRECTION('',(-1.,0.,0.));
#10603=DIRECTION('',(0.,1.,0.));
#10604=DIRECTION('',(0.,1.,0.));
#10605=DIRECTION('',(-1.,0.,0.));
#10606=DIRECTION('',(0.,1.,0.));
#10607=DIRECTION('',(0.,0.,1.));
#10608=DIRECTION('',(1.,0.,0.));
#10609=DIRECTION('',(0.,0.994781438611053,0.102028865498569));
#10610=DIRECTION('',(0.,-0.994781438611052,-0.102028865498569));
#10611=DIRECTION('',(1.,0.,0.));
#10612=DIRECTION('',(0.,-0.102028865498569,0.994781438611052));
#10613=DIRECTION('',(0.,-0.994781438611053,-0.102028865498569));
#10614=DIRECTION('',(0.,0.,1.));
#10615=DIRECTION('',(0.,0.,1.));
#10616=DIRECTION('',(1.,0.,0.));
#10617=DIRECTION('',(0.,0.,1.));
#10618=DIRECTION('',(0.,0.,1.));
#10619=DIRECTION('',(1.,0.,0.));
#10620=DIRECTION('',(0.,0.,1.));
#10621=DIRECTION('',(0.,0.,1.));
#10622=DIRECTION('',(1.,0.,0.));
#10623=DIRECTION('',(0.,0.,1.));
#10624=DIRECTION('',(0.,0.,1.));
#10625=DIRECTION('',(1.,0.,0.));
#10626=DIRECTION('',(0.,0.,1.));
#10627=DIRECTION('',(0.,0.,1.));
#10628=DIRECTION('',(1.,0.,0.));
#10629=DIRECTION('',(0.,0.,1.));
#10630=DIRECTION('',(0.,0.,1.));
#10631=DIRECTION('',(1.,0.,0.));
#10632=DIRECTION('',(0.,0.,1.));
#10633=DIRECTION('',(0.,0.,1.));
#10634=DIRECTION('',(1.,0.,0.));
#10635=DIRECTION('',(0.,0.,1.));
#10636=DIRECTION('',(0.,0.,1.));
#10637=DIRECTION('',(1.,0.,0.));
#10638=DIRECTION('',(0.,0.,1.));
#10639=DIRECTION('',(0.,0.,1.));
#10640=DIRECTION('',(1.,0.,0.));
#10641=DIRECTION('',(0.,0.,1.));
#10642=DIRECTION('',(0.,0.,1.));
#10643=DIRECTION('',(1.,0.,0.));
#10644=DIRECTION('',(0.,0.,1.));
#10645=DIRECTION('',(0.,0.,1.));
#10646=DIRECTION('',(1.,0.,0.));
#10647=DIRECTION('',(0.,0.,1.));
#10648=DIRECTION('',(0.,0.,1.));
#10649=DIRECTION('',(1.,0.,0.));
#10650=DIRECTION('',(0.,0.,1.));
#10651=DIRECTION('',(0.,0.,1.));
#10652=DIRECTION('',(1.,0.,0.));
#10653=DIRECTION('',(0.,0.,1.));
#10654=DIRECTION('',(0.,0.,-1.));
#10655=DIRECTION('',(0.,0.,1.));
#10656=DIRECTION('',(1.,0.,0.));
#10657=DIRECTION('',(0.,-1.,0.));
#10658=DIRECTION('',(0.,0.,-1.));
#10659=DIRECTION('',(0.,1.,0.));
#10660=DIRECTION('',(-1.,0.,2.16840434497101E-16));
#10661=DIRECTION('',(0.707106781186548,-0.707106781186548,0.));
#10662=DIRECTION('',(0.,-1.,0.));
#10663=DIRECTION('',(0.,-1.,0.));
#10664=DIRECTION('',(1.,0.,0.));
#10665=DIRECTION('',(0.,-1.,0.));
#10666=DIRECTION('',(0.,-1.,0.));
#10667=DIRECTION('',(1.,0.,0.));
#10668=DIRECTION('',(0.,-1.,0.));
#10669=DIRECTION('',(0.,-1.,0.));
#10670=DIRECTION('',(1.,0.,0.));
#10671=DIRECTION('',(0.,-1.,0.));
#10672=DIRECTION('',(0.,-1.,0.));
#10673=DIRECTION('',(1.,0.,0.));
#10674=DIRECTION('',(0.,-1.,0.));
#10675=DIRECTION('',(0.,-1.,0.));
#10676=DIRECTION('',(1.,0.,0.));
#10677=DIRECTION('',(0.,-1.,0.));
#10678=DIRECTION('',(0.,-1.,0.));
#10679=DIRECTION('',(1.,0.,0.));
#10680=DIRECTION('',(0.,-1.,0.));
#10681=DIRECTION('',(0.,-1.,0.));
#10682=DIRECTION('',(1.,0.,0.));
#10683=DIRECTION('',(0.,-1.,0.));
#10684=DIRECTION('',(0.,-1.,0.));
#10685=DIRECTION('',(1.,0.,0.));
#10686=DIRECTION('',(0.,-1.,0.));
#10687=DIRECTION('',(0.,-1.,0.));
#10688=DIRECTION('',(1.,0.,0.));
#10689=DIRECTION('',(0.,-1.,0.));
#10690=DIRECTION('',(0.,-1.,0.));
#10691=DIRECTION('',(1.,0.,0.));
#10692=DIRECTION('',(0.,-1.,0.));
#10693=DIRECTION('',(0.,-1.,0.));
#10694=DIRECTION('',(1.,0.,0.));
#10695=DIRECTION('',(0.,-1.,0.));
#10696=DIRECTION('',(0.,-1.,0.));
#10697=DIRECTION('',(1.,0.,0.));
#10698=DIRECTION('',(0.,-1.,0.));
#10699=DIRECTION('',(0.,-1.,0.));
#10700=DIRECTION('',(1.,0.,0.));
#10701=DIRECTION('',(0.,-1.,0.));
#10702=DIRECTION('',(0.,-1.,0.));
#10703=DIRECTION('',(1.,0.,0.));
#10704=DIRECTION('',(0.,-1.,0.));
#10705=DIRECTION('',(0.,1.,0.));
#10706=DIRECTION('',(0.,-1.,0.));
#10707=DIRECTION('',(-0.707106781186548,-0.707106781186548,0.));
#10708=DIRECTION('',(1.,0.,2.16840434497101E-16));
#10709=DIRECTION('',(0.,0.,-1.));
#10710=DIRECTION('',(-1.,0.,0.));
#10711=DIRECTION('',(1.,0.,0.));
#10712=DIRECTION('',(0.,0.,-1.));
#10713=DIRECTION('',(0.,0.,1.));
#10714=DIRECTION('',(-1.,0.,0.));
#10715=DIRECTION('',(0.,0.,1.));
#10716=DIRECTION('',(0.,1.,0.));
#10717=DIRECTION('',(1.,0.,0.));
#10718=DIRECTION('',(0.,0.,-1.));
#10719=DIRECTION('',(-6.0910234409298E-16,0.,1.));
#10720=DIRECTION('',(1.,0.,6.09104780502356E-16));
#10721=DIRECTION('',(0.,1.,0.));
#10722=DIRECTION('',(-1.,0.,0.));
#10723=DIRECTION('',(0.,0.,1.));
#10724=DIRECTION('',(6.0910234409298E-16,0.,1.));
#10725=DIRECTION('',(1.,0.,-6.09104780502356E-16));
#10726=DIRECTION('',(0.,1.,0.));
#10727=DIRECTION('',(0.,0.,1.));
#10728=DIRECTION('',(-1.,0.,2.16840434497101E-16));
#10729=DIRECTION('',(-2.16840434497101E-16,0.,-1.));
#10730=DIRECTION('',(-1.,0.,2.16840434497101E-16));
#10731=DIRECTION('',(0.,-1.,0.));
#10732=DIRECTION('',(0.,0.,-1.));
#10733=DIRECTION('',(0.,1.,4.51750905202289E-16));
#10734=DIRECTION('',(0.,-4.51759940220398E-16,1.));
#10735=DIRECTION('',(0.,0.,1.));
#10736=DIRECTION('',(-1.,0.,0.));
#10737=DIRECTION('',(0.,0.,1.));
#10738=DIRECTION('',(-0.707106781186548,-0.707106781186548,0.));
#10739=DIRECTION('',(0.707106781186548,-0.707106781186548,0.));
#10740=DIRECTION('',(0.,0.,1.));
#10741=DIRECTION('',(1.,0.,0.));
#10742=DIRECTION('',(0.,0.,-1.));
#10743=DIRECTION('',(0.707106781186548,-0.707106781186548,0.));
#10744=DIRECTION('',(0.707106781186548,0.707106781186548,0.));
#10745=DIRECTION('',(0.,1.,0.));
#10746=DIRECTION('',(1.,0.,0.));
#10747=DIRECTION('',(0.,1.,0.));
#10748=DIRECTION('',(1.,0.,0.));
#10749=DIRECTION('',(0.,0.,-1.));
#10750=DIRECTION('',(0.,1.,0.));
#10751=DIRECTION('',(1.,0.,0.));
#10752=DIRECTION('',(0.,1.,0.));
#10753=DIRECTION('',(1.,0.,0.));
#10754=DIRECTION('',(0.,0.,-1.));
#10755=DIRECTION('',(-1.,0.,0.));
#10756=DIRECTION('',(-1.,0.,0.));
#10757=DIRECTION('',(0.,0.,1.));
#10758=DIRECTION('',(0.,0.,1.));
#10759=DIRECTION('',(1.,0.,0.));
#10760=DIRECTION('',(0.,-0.546172127413338,0.837672971532918));
#10761=DIRECTION('',(-1.,0.,0.));
#10762=DIRECTION('',(0.,-0.546172127413338,0.837672971532918));
#10763=DIRECTION('',(-1.,0.,0.));
#10764=DIRECTION('',(0.,-0.837672971532918,-0.546172127413338));
#10765=DIRECTION('',(0.,0.546172127413338,-0.837672971532918));
#10766=DIRECTION('',(1.,0.,0.));
#10767=DIRECTION('',(0.,1.,0.));
#10768=DIRECTION('',(-1.,0.,0.));
#10769=DIRECTION('',(1.,0.,0.));
#10770=DIRECTION('',(0.,1.,0.));
#10771=DIRECTION('',(-1.,0.,0.));
#10772=DIRECTION('',(0.,0.,1.));
#10773=DIRECTION('',(0.,-0.842023903969087,-0.539440214615724));
#10774=DIRECTION('',(0.,-0.999608120610232,0.0279929492922725));
#10775=DIRECTION('',(1.,0.,0.));
#10776=DIRECTION('',(0.,0.,-1.));
#10777=DIRECTION('',(0.,-0.842023903969087,-0.539440214615724));
#10778=DIRECTION('',(0.,-0.999608120610232,0.0279929492922725));
#10779=DIRECTION('',(1.,0.,0.));
#10780=DIRECTION('',(0.,0.,-1.));
#10781=DIRECTION('',(0.,-0.0279929492922725,-0.999608120610232));
#10782=DIRECTION('',(0.,0.999608120610232,-0.0279929492922725));
#10783=DIRECTION('',(0.,0.539440214615724,-0.842023903969087));
#10784=DIRECTION('',(0.,0.842023903969087,0.539440214615724));
#10785=DIRECTION('',(0.,0.,-1.));
#10786=DIRECTION('',(0.,0.,-1.));
#10787=DIRECTION('',(-1.,0.,0.));
#10788=DIRECTION('',(0.,1.,0.));
#10789=DIRECTION('',(0.,0.,1.));
#10790=DIRECTION('',(0.,-1.,1.23908819712629E-15));
#10791=DIRECTION('',(0.,1.,4.82310525260096E-16));
#10792=DIRECTION('',(0.,0.,1.));
#10793=DIRECTION('',(0.,-1.,-4.33680868994201E-16));
#10794=DIRECTION('',(0.,0.,1.));
#10795=DIRECTION('',(1.,0.,0.));
#10796=DIRECTION('',(0.,0.,-1.));
#10797=DIRECTION('',(0.,-1.,1.23908819712629E-15));
#10798=DIRECTION('',(0.,0.,1.));
#10799=DIRECTION('',(0.,-1.,-4.33680868994201E-16));
#10800=DIRECTION('',(0.,0.,1.));
#10801=DIRECTION('',(0.,1.,4.82310525260096E-16));
#10802=DIRECTION('',(1.,0.,0.));
#10803=DIRECTION('',(0.,0.,-1.));
#10804=DIRECTION('',(-1.,0.,0.));
#10805=DIRECTION('',(0.,-4.82310525260096E-16,1.));
#10806=DIRECTION('',(0.,-1.,-4.82310724561966E-16));
#10807=DIRECTION('',(-1.,0.,0.));
#10808=DIRECTION('',(0.,-1.,0.));
#10809=DIRECTION('',(0.,0.,-1.));
#10810=DIRECTION('',(-1.,0.,0.));
#10811=DIRECTION('',(0.,4.33680868994201E-16,-1.));
#10812=DIRECTION('',(0.,1.,4.33680868994202E-16));
#10813=DIRECTION('',(-1.,0.,0.));
#10814=DIRECTION('',(0.,-1.,0.));
#10815=DIRECTION('',(0.,0.,-1.));
#10816=DIRECTION('',(0.,-1.23908819712629E-15,-1.));
#10817=DIRECTION('',(0.,1.,-1.23913466293368E-15));
#10818=DIRECTION('',(0.,1.,0.));
#10819=DIRECTION('',(1.,0.,0.));
#10820=DIRECTION('',(0.,1.,0.));
#10821=DIRECTION('',(1.,0.,0.));
#10822=DIRECTION('',(0.,0.,-1.));
#10823=DIRECTION('',(0.,1.,0.));
#10824=DIRECTION('',(1.,0.,0.));
#10825=DIRECTION('',(0.,1.,0.));
#10826=DIRECTION('',(1.,0.,0.));
#10827=DIRECTION('',(0.,0.,-1.));
#10828=DIRECTION('',(-1.,0.,0.));
#10829=DIRECTION('',(-1.,0.,0.));
#10830=DIRECTION('',(0.,0.,1.));
#10831=DIRECTION('',(0.,0.,1.));
#10832=DIRECTION('',(1.,0.,0.));
#10833=DIRECTION('',(0.,-0.546172127413338,0.837672971532918));
#10834=DIRECTION('',(-1.,0.,0.));
#10835=DIRECTION('',(0.,-0.546172127413338,0.837672971532918));
#10836=DIRECTION('',(-1.,0.,0.));
#10837=DIRECTION('',(0.,-0.837672971532918,-0.546172127413338));
#10838=DIRECTION('',(0.,0.546172127413338,-0.837672971532918));
#10839=DIRECTION('',(1.,0.,0.));
#10840=DIRECTION('',(0.,1.,0.));
#10841=DIRECTION('',(-1.,0.,0.));
#10842=DIRECTION('',(1.,0.,0.));
#10843=DIRECTION('',(0.,1.,0.));
#10844=DIRECTION('',(-1.,0.,0.));
#10845=DIRECTION('',(0.,0.,1.));
#10846=DIRECTION('',(0.,-0.842023903969087,-0.539440214615724));
#10847=DIRECTION('',(0.,-0.999608120610232,0.0279929492922725));
#10848=DIRECTION('',(1.,0.,0.));
#10849=DIRECTION('',(0.,0.,-1.));
#10850=DIRECTION('',(0.,-0.842023903969087,-0.539440214615724));
#10851=DIRECTION('',(0.,-0.999608120610232,0.0279929492922725));
#10852=DIRECTION('',(1.,0.,0.));
#10853=DIRECTION('',(0.,0.,-1.));
#10854=DIRECTION('',(0.,-0.0279929492922725,-0.999608120610232));
#10855=DIRECTION('',(0.,0.999608120610232,-0.0279929492922725));
#10856=DIRECTION('',(0.,0.539440214615724,-0.842023903969087));
#10857=DIRECTION('',(0.,0.842023903969087,0.539440214615724));
#10858=DIRECTION('',(0.,0.,-1.));
#10859=DIRECTION('',(0.,0.,-1.));
#10860=DIRECTION('',(-1.,0.,0.));
#10861=DIRECTION('',(0.,1.,0.));
#10862=DIRECTION('',(0.,0.,1.));
#10863=DIRECTION('',(0.,-1.,1.23908819712629E-15));
#10864=DIRECTION('',(0.,1.,4.82310525260096E-16));
#10865=DIRECTION('',(0.,0.,1.));
#10866=DIRECTION('',(0.,-1.,-4.33680868994201E-16));
#10867=DIRECTION('',(0.,0.,1.));
#10868=DIRECTION('',(1.,0.,0.));
#10869=DIRECTION('',(0.,0.,-1.));
#10870=DIRECTION('',(0.,-1.,1.23908819712629E-15));
#10871=DIRECTION('',(0.,0.,1.));
#10872=DIRECTION('',(0.,-1.,-4.33680868994201E-16));
#10873=DIRECTION('',(0.,0.,1.));
#10874=DIRECTION('',(0.,1.,4.82310525260096E-16));
#10875=DIRECTION('',(1.,0.,0.));
#10876=DIRECTION('',(0.,0.,-1.));
#10877=DIRECTION('',(-1.,0.,0.));
#10878=DIRECTION('',(0.,-4.82310525260096E-16,1.));
#10879=DIRECTION('',(0.,-1.,-4.82310724561966E-16));
#10880=DIRECTION('',(-1.,0.,0.));
#10881=DIRECTION('',(0.,-1.,0.));
#10882=DIRECTION('',(0.,0.,-1.));
#10883=DIRECTION('',(-1.,0.,0.));
#10884=DIRECTION('',(0.,4.33680868994201E-16,-1.));
#10885=DIRECTION('',(0.,1.,4.33680868994202E-16));
#10886=DIRECTION('',(-1.,0.,0.));
#10887=DIRECTION('',(0.,-1.,0.));
#10888=DIRECTION('',(0.,0.,-1.));
#10889=DIRECTION('',(0.,-1.23908819712629E-15,-1.));
#10890=DIRECTION('',(0.,1.,-1.23913466293368E-15));
#10891=DIRECTION('',(0.,1.,0.));
#10892=DIRECTION('',(1.,0.,0.));
#10893=DIRECTION('',(0.,1.,0.));
#10894=DIRECTION('',(1.,0.,0.));
#10895=DIRECTION('',(0.,0.,-1.));
#10896=DIRECTION('',(0.,1.,0.));
#10897=DIRECTION('',(1.,0.,0.));
#10898=DIRECTION('',(0.,1.,0.));
#10899=DIRECTION('',(1.,0.,0.));
#10900=DIRECTION('',(0.,0.,-1.));
#10901=DIRECTION('',(-1.,0.,0.));
#10902=DIRECTION('',(-1.,0.,0.));
#10903=DIRECTION('',(0.,0.,1.));
#10904=DIRECTION('',(0.,0.,1.));
#10905=DIRECTION('',(1.,0.,0.));
#10906=DIRECTION('',(0.,-0.546172127413338,0.837672971532918));
#10907=DIRECTION('',(-1.,0.,0.));
#10908=DIRECTION('',(0.,-0.546172127413338,0.837672971532918));
#10909=DIRECTION('',(-1.,0.,0.));
#10910=DIRECTION('',(0.,-0.837672971532918,-0.546172127413338));
#10911=DIRECTION('',(0.,0.546172127413338,-0.837672971532918));
#10912=DIRECTION('',(1.,0.,0.));
#10913=DIRECTION('',(0.,1.,0.));
#10914=DIRECTION('',(-1.,0.,0.));
#10915=DIRECTION('',(1.,0.,0.));
#10916=DIRECTION('',(0.,1.,0.));
#10917=DIRECTION('',(-1.,0.,0.));
#10918=DIRECTION('',(0.,0.,1.));
#10919=DIRECTION('',(0.,-0.842023903969087,-0.539440214615724));
#10920=DIRECTION('',(0.,-0.999608120610232,0.0279929492922725));
#10921=DIRECTION('',(1.,0.,0.));
#10922=DIRECTION('',(0.,0.,-1.));
#10923=DIRECTION('',(0.,-0.842023903969087,-0.539440214615724));
#10924=DIRECTION('',(0.,-0.999608120610232,0.0279929492922725));
#10925=DIRECTION('',(1.,0.,0.));
#10926=DIRECTION('',(0.,0.,-1.));
#10927=DIRECTION('',(0.,-0.0279929492922725,-0.999608120610232));
#10928=DIRECTION('',(0.,0.999608120610232,-0.0279929492922725));
#10929=DIRECTION('',(0.,0.539440214615724,-0.842023903969087));
#10930=DIRECTION('',(0.,0.842023903969087,0.539440214615724));
#10931=DIRECTION('',(0.,0.,-1.));
#10932=DIRECTION('',(0.,0.,-1.));
#10933=DIRECTION('',(-1.,0.,0.));
#10934=DIRECTION('',(0.,1.,0.));
#10935=DIRECTION('',(0.,0.,1.));
#10936=DIRECTION('',(0.,-1.,1.23908819712629E-15));
#10937=DIRECTION('',(0.,1.,4.82310525260096E-16));
#10938=DIRECTION('',(0.,0.,1.));
#10939=DIRECTION('',(0.,-1.,-4.33680868994201E-16));
#10940=DIRECTION('',(0.,0.,1.));
#10941=DIRECTION('',(1.,0.,0.));
#10942=DIRECTION('',(0.,0.,-1.));
#10943=DIRECTION('',(0.,-1.,1.23908819712629E-15));
#10944=DIRECTION('',(0.,0.,1.));
#10945=DIRECTION('',(0.,-1.,-4.33680868994201E-16));
#10946=DIRECTION('',(0.,0.,1.));
#10947=DIRECTION('',(0.,1.,4.82310525260096E-16));
#10948=DIRECTION('',(1.,0.,0.));
#10949=DIRECTION('',(0.,0.,-1.));
#10950=DIRECTION('',(-1.,0.,0.));
#10951=DIRECTION('',(0.,-4.82310525260096E-16,1.));
#10952=DIRECTION('',(0.,-1.,-4.82310724561966E-16));
#10953=DIRECTION('',(-1.,0.,0.));
#10954=DIRECTION('',(0.,-1.,0.));
#10955=DIRECTION('',(0.,0.,-1.));
#10956=DIRECTION('',(-1.,0.,0.));
#10957=DIRECTION('',(0.,4.33680868994201E-16,-1.));
#10958=DIRECTION('',(0.,1.,4.33680868994202E-16));
#10959=DIRECTION('',(-1.,0.,0.));
#10960=DIRECTION('',(0.,-1.,0.));
#10961=DIRECTION('',(0.,0.,-1.));
#10962=DIRECTION('',(0.,-1.23908819712629E-15,-1.));
#10963=DIRECTION('',(0.,1.,-1.23913466293368E-15));
#10964=DIRECTION('',(0.,1.,0.));
#10965=DIRECTION('',(1.,0.,0.));
#10966=DIRECTION('',(0.,1.,0.));
#10967=DIRECTION('',(1.,0.,0.));
#10968=DIRECTION('',(0.,0.,-1.));
#10969=DIRECTION('',(0.,1.,0.));
#10970=DIRECTION('',(1.,0.,0.));
#10971=DIRECTION('',(0.,1.,0.));
#10972=DIRECTION('',(1.,0.,0.));
#10973=DIRECTION('',(0.,0.,-1.));
#10974=DIRECTION('',(-1.,0.,0.));
#10975=DIRECTION('',(-1.,0.,0.));
#10976=DIRECTION('',(0.,0.,1.));
#10977=DIRECTION('',(0.,0.,1.));
#10978=DIRECTION('',(1.,0.,0.));
#10979=DIRECTION('',(0.,-0.546172127413338,0.837672971532918));
#10980=DIRECTION('',(-1.,0.,0.));
#10981=DIRECTION('',(0.,-0.546172127413338,0.837672971532918));
#10982=DIRECTION('',(-1.,0.,0.));
#10983=DIRECTION('',(0.,-0.837672971532918,-0.546172127413338));
#10984=DIRECTION('',(0.,0.546172127413338,-0.837672971532918));
#10985=DIRECTION('',(1.,0.,0.));
#10986=DIRECTION('',(0.,1.,0.));
#10987=DIRECTION('',(-1.,0.,0.));
#10988=DIRECTION('',(1.,0.,0.));
#10989=DIRECTION('',(0.,1.,0.));
#10990=DIRECTION('',(-1.,0.,0.));
#10991=DIRECTION('',(0.,0.,1.));
#10992=DIRECTION('',(0.,-0.842023903969087,-0.539440214615724));
#10993=DIRECTION('',(0.,-0.999608120610232,0.0279929492922725));
#10994=DIRECTION('',(1.,0.,0.));
#10995=DIRECTION('',(0.,0.,-1.));
#10996=DIRECTION('',(0.,-0.842023903969087,-0.539440214615724));
#10997=DIRECTION('',(0.,-0.999608120610232,0.0279929492922725));
#10998=DIRECTION('',(1.,0.,0.));
#10999=DIRECTION('',(0.,0.,-1.));
#11000=DIRECTION('',(0.,-0.0279929492922725,-0.999608120610232));
#11001=DIRECTION('',(0.,0.999608120610232,-0.0279929492922725));
#11002=DIRECTION('',(0.,0.539440214615724,-0.842023903969087));
#11003=DIRECTION('',(0.,0.842023903969087,0.539440214615724));
#11004=DIRECTION('',(0.,0.,-1.));
#11005=DIRECTION('',(0.,0.,-1.));
#11006=DIRECTION('',(-1.,0.,0.));
#11007=DIRECTION('',(0.,1.,0.));
#11008=DIRECTION('',(0.,0.,1.));
#11009=DIRECTION('',(0.,-1.,1.23908819712629E-15));
#11010=DIRECTION('',(0.,1.,4.82310525260096E-16));
#11011=DIRECTION('',(0.,0.,1.));
#11012=DIRECTION('',(0.,-1.,-4.33680868994201E-16));
#11013=DIRECTION('',(0.,0.,1.));
#11014=DIRECTION('',(1.,0.,0.));
#11015=DIRECTION('',(0.,0.,-1.));
#11016=DIRECTION('',(0.,-1.,1.23908819712629E-15));
#11017=DIRECTION('',(0.,0.,1.));
#11018=DIRECTION('',(0.,-1.,-4.33680868994201E-16));
#11019=DIRECTION('',(0.,0.,1.));
#11020=DIRECTION('',(0.,1.,4.82310525260096E-16));
#11021=DIRECTION('',(1.,0.,0.));
#11022=DIRECTION('',(0.,0.,-1.));
#11023=DIRECTION('',(-1.,0.,0.));
#11024=DIRECTION('',(0.,-4.82310525260096E-16,1.));
#11025=DIRECTION('',(0.,-1.,-4.82310724561966E-16));
#11026=DIRECTION('',(-1.,0.,0.));
#11027=DIRECTION('',(0.,-1.,0.));
#11028=DIRECTION('',(0.,0.,-1.));
#11029=DIRECTION('',(-1.,0.,0.));
#11030=DIRECTION('',(0.,4.33680868994201E-16,-1.));
#11031=DIRECTION('',(0.,1.,4.33680868994202E-16));
#11032=DIRECTION('',(-1.,0.,0.));
#11033=DIRECTION('',(0.,-1.,0.));
#11034=DIRECTION('',(0.,0.,-1.));
#11035=DIRECTION('',(0.,-1.23908819712629E-15,-1.));
#11036=DIRECTION('',(0.,1.,-1.23913466293368E-15));
#11037=DIRECTION('',(0.,1.,0.));
#11038=DIRECTION('',(1.,0.,0.));
#11039=DIRECTION('',(0.,1.,0.));
#11040=DIRECTION('',(1.,0.,0.));
#11041=DIRECTION('',(0.,0.,-1.));
#11042=DIRECTION('',(0.,1.,0.));
#11043=DIRECTION('',(1.,0.,0.));
#11044=DIRECTION('',(0.,1.,0.));
#11045=DIRECTION('',(1.,0.,0.));
#11046=DIRECTION('',(0.,0.,-1.));
#11047=DIRECTION('',(-1.,0.,0.));
#11048=DIRECTION('',(-1.,0.,0.));
#11049=DIRECTION('',(0.,0.,1.));
#11050=DIRECTION('',(0.,0.,1.));
#11051=DIRECTION('',(1.,0.,0.));
#11052=DIRECTION('',(0.,-0.546172127413338,0.837672971532918));
#11053=DIRECTION('',(-1.,0.,0.));
#11054=DIRECTION('',(0.,-0.546172127413338,0.837672971532918));
#11055=DIRECTION('',(-1.,0.,0.));
#11056=DIRECTION('',(0.,-0.837672971532918,-0.546172127413338));
#11057=DIRECTION('',(0.,0.546172127413338,-0.837672971532918));
#11058=DIRECTION('',(1.,0.,0.));
#11059=DIRECTION('',(0.,1.,0.));
#11060=DIRECTION('',(-1.,0.,0.));
#11061=DIRECTION('',(1.,0.,0.));
#11062=DIRECTION('',(0.,1.,0.));
#11063=DIRECTION('',(-1.,0.,0.));
#11064=DIRECTION('',(0.,0.,1.));
#11065=DIRECTION('',(0.,-0.842023903969087,-0.539440214615724));
#11066=DIRECTION('',(0.,-0.999608120610232,0.0279929492922725));
#11067=DIRECTION('',(1.,0.,0.));
#11068=DIRECTION('',(0.,0.,-1.));
#11069=DIRECTION('',(0.,-0.842023903969087,-0.539440214615724));
#11070=DIRECTION('',(0.,-0.999608120610232,0.0279929492922725));
#11071=DIRECTION('',(1.,0.,0.));
#11072=DIRECTION('',(0.,0.,-1.));
#11073=DIRECTION('',(0.,-0.0279929492922725,-0.999608120610232));
#11074=DIRECTION('',(0.,0.999608120610232,-0.0279929492922725));
#11075=DIRECTION('',(0.,0.539440214615724,-0.842023903969087));
#11076=DIRECTION('',(0.,0.842023903969087,0.539440214615724));
#11077=DIRECTION('',(0.,0.,-1.));
#11078=DIRECTION('',(0.,0.,-1.));
#11079=DIRECTION('',(-1.,0.,0.));
#11080=DIRECTION('',(0.,1.,0.));
#11081=DIRECTION('',(0.,0.,1.));
#11082=DIRECTION('',(0.,-1.,1.23908819712629E-15));
#11083=DIRECTION('',(0.,1.,4.82310525260096E-16));
#11084=DIRECTION('',(0.,0.,1.));
#11085=DIRECTION('',(0.,-1.,-4.33680868994201E-16));
#11086=DIRECTION('',(0.,0.,1.));
#11087=DIRECTION('',(1.,0.,0.));
#11088=DIRECTION('',(0.,0.,-1.));
#11089=DIRECTION('',(0.,-1.,1.23908819712629E-15));
#11090=DIRECTION('',(0.,0.,1.));
#11091=DIRECTION('',(0.,-1.,-4.33680868994201E-16));
#11092=DIRECTION('',(0.,0.,1.));
#11093=DIRECTION('',(0.,1.,4.82310525260096E-16));
#11094=DIRECTION('',(1.,0.,0.));
#11095=DIRECTION('',(0.,0.,-1.));
#11096=DIRECTION('',(-1.,0.,0.));
#11097=DIRECTION('',(0.,-4.82310525260096E-16,1.));
#11098=DIRECTION('',(0.,-1.,-4.82310724561966E-16));
#11099=DIRECTION('',(-1.,0.,0.));
#11100=DIRECTION('',(0.,-1.,0.));
#11101=DIRECTION('',(0.,0.,-1.));
#11102=DIRECTION('',(-1.,0.,0.));
#11103=DIRECTION('',(0.,4.33680868994201E-16,-1.));
#11104=DIRECTION('',(0.,1.,4.33680868994202E-16));
#11105=DIRECTION('',(-1.,0.,0.));
#11106=DIRECTION('',(0.,-1.,0.));
#11107=DIRECTION('',(0.,0.,-1.));
#11108=DIRECTION('',(0.,-1.23908819712629E-15,-1.));
#11109=DIRECTION('',(0.,1.,-1.23913466293368E-15));
#11110=DIRECTION('',(0.,1.,0.));
#11111=DIRECTION('',(1.,0.,0.));
#11112=DIRECTION('',(0.,1.,0.));
#11113=DIRECTION('',(1.,0.,0.));
#11114=DIRECTION('',(0.,0.,-1.));
#11115=DIRECTION('',(0.,1.,0.));
#11116=DIRECTION('',(1.,0.,0.));
#11117=DIRECTION('',(0.,1.,0.));
#11118=DIRECTION('',(1.,0.,0.));
#11119=DIRECTION('',(0.,0.,-1.));
#11120=DIRECTION('',(-1.,0.,0.));
#11121=DIRECTION('',(-1.,0.,0.));
#11122=DIRECTION('',(0.,0.,1.));
#11123=DIRECTION('',(0.,0.,1.));
#11124=DIRECTION('',(1.,0.,0.));
#11125=DIRECTION('',(0.,-0.546172127413338,0.837672971532918));
#11126=DIRECTION('',(-1.,0.,0.));
#11127=DIRECTION('',(0.,-0.546172127413338,0.837672971532918));
#11128=DIRECTION('',(-1.,0.,0.));
#11129=DIRECTION('',(0.,-0.837672971532918,-0.546172127413338));
#11130=DIRECTION('',(0.,0.546172127413338,-0.837672971532918));
#11131=DIRECTION('',(1.,0.,0.));
#11132=DIRECTION('',(0.,1.,0.));
#11133=DIRECTION('',(-1.,0.,0.));
#11134=DIRECTION('',(1.,0.,0.));
#11135=DIRECTION('',(0.,1.,0.));
#11136=DIRECTION('',(-1.,0.,0.));
#11137=DIRECTION('',(0.,0.,1.));
#11138=DIRECTION('',(0.,-0.842023903969087,-0.539440214615724));
#11139=DIRECTION('',(0.,-0.999608120610232,0.0279929492922725));
#11140=DIRECTION('',(1.,0.,0.));
#11141=DIRECTION('',(0.,0.,-1.));
#11142=DIRECTION('',(0.,-0.842023903969087,-0.539440214615724));
#11143=DIRECTION('',(0.,-0.999608120610232,0.0279929492922725));
#11144=DIRECTION('',(1.,0.,0.));
#11145=DIRECTION('',(0.,0.,-1.));
#11146=DIRECTION('',(0.,-0.0279929492922725,-0.999608120610232));
#11147=DIRECTION('',(0.,0.999608120610232,-0.0279929492922725));
#11148=DIRECTION('',(0.,0.539440214615724,-0.842023903969087));
#11149=DIRECTION('',(0.,0.842023903969087,0.539440214615724));
#11150=DIRECTION('',(0.,0.,-1.));
#11151=DIRECTION('',(0.,0.,-1.));
#11152=DIRECTION('',(-1.,0.,0.));
#11153=DIRECTION('',(0.,1.,0.));
#11154=DIRECTION('',(0.,0.,1.));
#11155=DIRECTION('',(0.,-1.,1.23908819712629E-15));
#11156=DIRECTION('',(0.,1.,4.82310525260096E-16));
#11157=DIRECTION('',(0.,0.,1.));
#11158=DIRECTION('',(0.,-1.,-4.33680868994201E-16));
#11159=DIRECTION('',(0.,0.,1.));
#11160=DIRECTION('',(1.,0.,0.));
#11161=DIRECTION('',(0.,0.,-1.));
#11162=DIRECTION('',(0.,-1.,1.23908819712629E-15));
#11163=DIRECTION('',(0.,0.,1.));
#11164=DIRECTION('',(0.,-1.,-4.33680868994201E-16));
#11165=DIRECTION('',(0.,0.,1.));
#11166=DIRECTION('',(0.,1.,4.82310525260096E-16));
#11167=DIRECTION('',(1.,0.,0.));
#11168=DIRECTION('',(0.,0.,-1.));
#11169=DIRECTION('',(-1.,0.,0.));
#11170=DIRECTION('',(0.,-4.82310525260096E-16,1.));
#11171=DIRECTION('',(0.,-1.,-4.82310724561966E-16));
#11172=DIRECTION('',(-1.,0.,0.));
#11173=DIRECTION('',(0.,-1.,0.));
#11174=DIRECTION('',(0.,0.,-1.));
#11175=DIRECTION('',(-1.,0.,0.));
#11176=DIRECTION('',(0.,4.33680868994201E-16,-1.));
#11177=DIRECTION('',(0.,1.,4.33680868994202E-16));
#11178=DIRECTION('',(-1.,0.,0.));
#11179=DIRECTION('',(0.,-1.,0.));
#11180=DIRECTION('',(0.,0.,-1.));
#11181=DIRECTION('',(0.,-1.23908819712629E-15,-1.));
#11182=DIRECTION('',(0.,1.,-1.23913466293368E-15));
#11183=DIRECTION('',(0.,1.,0.));
#11184=DIRECTION('',(1.,0.,0.));
#11185=DIRECTION('',(0.,1.,0.));
#11186=DIRECTION('',(1.,0.,0.));
#11187=DIRECTION('',(0.,0.,-1.));
#11188=DIRECTION('',(0.,1.,0.));
#11189=DIRECTION('',(1.,0.,0.));
#11190=DIRECTION('',(0.,1.,0.));
#11191=DIRECTION('',(1.,0.,0.));
#11192=DIRECTION('',(0.,0.,-1.));
#11193=DIRECTION('',(-1.,0.,0.));
#11194=DIRECTION('',(-1.,0.,0.));
#11195=DIRECTION('',(0.,0.,1.));
#11196=DIRECTION('',(0.,0.,1.));
#11197=DIRECTION('',(1.,0.,0.));
#11198=DIRECTION('',(0.,-0.546172127413338,0.837672971532918));
#11199=DIRECTION('',(-1.,0.,0.));
#11200=DIRECTION('',(0.,-0.546172127413338,0.837672971532918));
#11201=DIRECTION('',(-1.,0.,0.));
#11202=DIRECTION('',(0.,-0.837672971532918,-0.546172127413338));
#11203=DIRECTION('',(0.,0.546172127413338,-0.837672971532918));
#11204=DIRECTION('',(1.,0.,0.));
#11205=DIRECTION('',(0.,1.,0.));
#11206=DIRECTION('',(-1.,0.,0.));
#11207=DIRECTION('',(1.,0.,0.));
#11208=DIRECTION('',(0.,1.,0.));
#11209=DIRECTION('',(-1.,0.,0.));
#11210=DIRECTION('',(0.,0.,1.));
#11211=DIRECTION('',(0.,-0.842023903969087,-0.539440214615724));
#11212=DIRECTION('',(0.,-0.999608120610232,0.0279929492922725));
#11213=DIRECTION('',(1.,0.,0.));
#11214=DIRECTION('',(0.,0.,-1.));
#11215=DIRECTION('',(0.,-0.842023903969087,-0.539440214615724));
#11216=DIRECTION('',(0.,-0.999608120610232,0.0279929492922725));
#11217=DIRECTION('',(1.,0.,0.));
#11218=DIRECTION('',(0.,0.,-1.));
#11219=DIRECTION('',(0.,-0.0279929492922725,-0.999608120610232));
#11220=DIRECTION('',(0.,0.999608120610232,-0.0279929492922725));
#11221=DIRECTION('',(0.,0.539440214615724,-0.842023903969087));
#11222=DIRECTION('',(0.,0.842023903969087,0.539440214615724));
#11223=DIRECTION('',(0.,0.,-1.));
#11224=DIRECTION('',(0.,0.,-1.));
#11225=DIRECTION('',(-1.,0.,0.));
#11226=DIRECTION('',(0.,1.,0.));
#11227=DIRECTION('',(0.,0.,1.));
#11228=DIRECTION('',(0.,-1.,1.23908819712629E-15));
#11229=DIRECTION('',(0.,1.,4.82310525260096E-16));
#11230=DIRECTION('',(0.,0.,1.));
#11231=DIRECTION('',(0.,-1.,-4.33680868994201E-16));
#11232=DIRECTION('',(0.,0.,1.));
#11233=DIRECTION('',(1.,0.,0.));
#11234=DIRECTION('',(0.,0.,-1.));
#11235=DIRECTION('',(0.,-1.,1.23908819712629E-15));
#11236=DIRECTION('',(0.,0.,1.));
#11237=DIRECTION('',(0.,-1.,-4.33680868994201E-16));
#11238=DIRECTION('',(0.,0.,1.));
#11239=DIRECTION('',(0.,1.,4.82310525260096E-16));
#11240=DIRECTION('',(1.,0.,0.));
#11241=DIRECTION('',(0.,0.,-1.));
#11242=DIRECTION('',(-1.,0.,0.));
#11243=DIRECTION('',(0.,-4.82310525260096E-16,1.));
#11244=DIRECTION('',(0.,-1.,-4.82310724561966E-16));
#11245=DIRECTION('',(-1.,0.,0.));
#11246=DIRECTION('',(0.,-1.,0.));
#11247=DIRECTION('',(0.,0.,-1.));
#11248=DIRECTION('',(-1.,0.,0.));
#11249=DIRECTION('',(0.,4.33680868994201E-16,-1.));
#11250=DIRECTION('',(0.,1.,4.33680868994202E-16));
#11251=DIRECTION('',(-1.,0.,0.));
#11252=DIRECTION('',(0.,-1.,0.));
#11253=DIRECTION('',(0.,0.,-1.));
#11254=DIRECTION('',(0.,-1.23908819712629E-15,-1.));
#11255=DIRECTION('',(0.,1.,-1.23913466293368E-15));
#11256=DIRECTION('',(0.,1.,0.));
#11257=DIRECTION('',(1.,0.,0.));
#11258=DIRECTION('',(0.,1.,0.));
#11259=DIRECTION('',(1.,0.,0.));
#11260=DIRECTION('',(0.,0.,-1.));
#11261=DIRECTION('',(0.,1.,0.));
#11262=DIRECTION('',(1.,0.,0.));
#11263=DIRECTION('',(0.,1.,0.));
#11264=DIRECTION('',(1.,0.,0.));
#11265=DIRECTION('',(0.,0.,-1.));
#11266=DIRECTION('',(-1.,0.,0.));
#11267=DIRECTION('',(-1.,0.,0.));
#11268=DIRECTION('',(0.,0.,1.));
#11269=DIRECTION('',(0.,0.,1.));
#11270=DIRECTION('',(1.,0.,0.));
#11271=DIRECTION('',(0.,-0.546172127413338,0.837672971532918));
#11272=DIRECTION('',(-1.,0.,0.));
#11273=DIRECTION('',(0.,-0.546172127413338,0.837672971532918));
#11274=DIRECTION('',(-1.,0.,0.));
#11275=DIRECTION('',(0.,-0.837672971532918,-0.546172127413338));
#11276=DIRECTION('',(0.,0.546172127413338,-0.837672971532918));
#11277=DIRECTION('',(1.,0.,0.));
#11278=DIRECTION('',(0.,1.,0.));
#11279=DIRECTION('',(-1.,0.,0.));
#11280=DIRECTION('',(1.,0.,0.));
#11281=DIRECTION('',(0.,1.,0.));
#11282=DIRECTION('',(-1.,0.,0.));
#11283=DIRECTION('',(0.,0.,1.));
#11284=DIRECTION('',(0.,-0.842023903969087,-0.539440214615724));
#11285=DIRECTION('',(0.,-0.999608120610232,0.0279929492922725));
#11286=DIRECTION('',(1.,0.,0.));
#11287=DIRECTION('',(0.,0.,-1.));
#11288=DIRECTION('',(0.,-0.842023903969087,-0.539440214615724));
#11289=DIRECTION('',(0.,-0.999608120610232,0.0279929492922725));
#11290=DIRECTION('',(1.,0.,0.));
#11291=DIRECTION('',(0.,0.,-1.));
#11292=DIRECTION('',(0.,-0.0279929492922725,-0.999608120610232));
#11293=DIRECTION('',(0.,0.999608120610232,-0.0279929492922725));
#11294=DIRECTION('',(0.,0.539440214615724,-0.842023903969087));
#11295=DIRECTION('',(0.,0.842023903969087,0.539440214615724));
#11296=DIRECTION('',(0.,0.,-1.));
#11297=DIRECTION('',(0.,0.,-1.));
#11298=DIRECTION('',(-1.,0.,0.));
#11299=DIRECTION('',(0.,1.,0.));
#11300=DIRECTION('',(0.,0.,1.));
#11301=DIRECTION('',(0.,-1.,1.23908819712629E-15));
#11302=DIRECTION('',(0.,1.,4.82310525260096E-16));
#11303=DIRECTION('',(0.,0.,1.));
#11304=DIRECTION('',(0.,-1.,-4.33680868994201E-16));
#11305=DIRECTION('',(0.,0.,1.));
#11306=DIRECTION('',(1.,0.,0.));
#11307=DIRECTION('',(0.,0.,-1.));
#11308=DIRECTION('',(0.,-1.,1.23908819712629E-15));
#11309=DIRECTION('',(0.,0.,1.));
#11310=DIRECTION('',(0.,-1.,-4.33680868994201E-16));
#11311=DIRECTION('',(0.,0.,1.));
#11312=DIRECTION('',(0.,1.,4.82310525260096E-16));
#11313=DIRECTION('',(1.,0.,0.));
#11314=DIRECTION('',(0.,0.,-1.));
#11315=DIRECTION('',(-1.,0.,0.));
#11316=DIRECTION('',(0.,-4.82310525260096E-16,1.));
#11317=DIRECTION('',(0.,-1.,-4.82310724561966E-16));
#11318=DIRECTION('',(-1.,0.,0.));
#11319=DIRECTION('',(0.,-1.,0.));
#11320=DIRECTION('',(0.,0.,-1.));
#11321=DIRECTION('',(-1.,0.,0.));
#11322=DIRECTION('',(0.,4.33680868994201E-16,-1.));
#11323=DIRECTION('',(0.,1.,4.33680868994202E-16));
#11324=DIRECTION('',(-1.,0.,0.));
#11325=DIRECTION('',(0.,-1.,0.));
#11326=DIRECTION('',(0.,0.,-1.));
#11327=DIRECTION('',(0.,-1.23908819712629E-15,-1.));
#11328=DIRECTION('',(0.,1.,-1.23913466293368E-15));
#11329=DIRECTION('',(0.,1.,0.));
#11330=DIRECTION('',(1.,0.,0.));
#11331=DIRECTION('',(0.,1.,0.));
#11332=DIRECTION('',(1.,0.,0.));
#11333=DIRECTION('',(0.,0.,-1.));
#11334=DIRECTION('',(0.,1.,0.));
#11335=DIRECTION('',(1.,0.,0.));
#11336=DIRECTION('',(0.,1.,0.));
#11337=DIRECTION('',(1.,0.,0.));
#11338=DIRECTION('',(0.,0.,-1.));
#11339=DIRECTION('',(-1.,0.,0.));
#11340=DIRECTION('',(-1.,0.,0.));
#11341=DIRECTION('',(0.,0.,1.));
#11342=DIRECTION('',(0.,0.,1.));
#11343=DIRECTION('',(1.,0.,0.));
#11344=DIRECTION('',(0.,-0.546172127413338,0.837672971532918));
#11345=DIRECTION('',(-1.,0.,0.));
#11346=DIRECTION('',(0.,-0.546172127413338,0.837672971532918));
#11347=DIRECTION('',(-1.,0.,0.));
#11348=DIRECTION('',(0.,-0.837672971532918,-0.546172127413338));
#11349=DIRECTION('',(0.,0.546172127413338,-0.837672971532918));
#11350=DIRECTION('',(1.,0.,0.));
#11351=DIRECTION('',(0.,1.,0.));
#11352=DIRECTION('',(-1.,0.,0.));
#11353=DIRECTION('',(1.,0.,0.));
#11354=DIRECTION('',(0.,1.,0.));
#11355=DIRECTION('',(-1.,0.,0.));
#11356=DIRECTION('',(0.,0.,1.));
#11357=DIRECTION('',(0.,-0.842023903969087,-0.539440214615724));
#11358=DIRECTION('',(0.,-0.999608120610232,0.0279929492922725));
#11359=DIRECTION('',(1.,0.,0.));
#11360=DIRECTION('',(0.,0.,-1.));
#11361=DIRECTION('',(0.,-0.842023903969087,-0.539440214615724));
#11362=DIRECTION('',(0.,-0.999608120610232,0.0279929492922725));
#11363=DIRECTION('',(1.,0.,0.));
#11364=DIRECTION('',(0.,0.,-1.));
#11365=DIRECTION('',(0.,-0.0279929492922725,-0.999608120610232));
#11366=DIRECTION('',(0.,0.999608120610232,-0.0279929492922725));
#11367=DIRECTION('',(0.,0.539440214615724,-0.842023903969087));
#11368=DIRECTION('',(0.,0.842023903969087,0.539440214615724));
#11369=DIRECTION('',(0.,0.,-1.));
#11370=DIRECTION('',(0.,0.,-1.));
#11371=DIRECTION('',(-1.,0.,0.));
#11372=DIRECTION('',(0.,1.,0.));
#11373=DIRECTION('',(0.,0.,1.));
#11374=DIRECTION('',(0.,-1.,1.23908819712629E-15));
#11375=DIRECTION('',(0.,1.,4.82310525260096E-16));
#11376=DIRECTION('',(0.,0.,1.));
#11377=DIRECTION('',(0.,-1.,-4.33680868994201E-16));
#11378=DIRECTION('',(0.,0.,1.));
#11379=DIRECTION('',(1.,0.,0.));
#11380=DIRECTION('',(0.,0.,-1.));
#11381=DIRECTION('',(0.,-1.,1.23908819712629E-15));
#11382=DIRECTION('',(0.,0.,1.));
#11383=DIRECTION('',(0.,-1.,-4.33680868994201E-16));
#11384=DIRECTION('',(0.,0.,1.));
#11385=DIRECTION('',(0.,1.,4.82310525260096E-16));
#11386=DIRECTION('',(1.,0.,0.));
#11387=DIRECTION('',(0.,0.,-1.));
#11388=DIRECTION('',(-1.,0.,0.));
#11389=DIRECTION('',(0.,-4.82310525260096E-16,1.));
#11390=DIRECTION('',(0.,-1.,-4.82310724561966E-16));
#11391=DIRECTION('',(-1.,0.,0.));
#11392=DIRECTION('',(0.,-1.,0.));
#11393=DIRECTION('',(0.,0.,-1.));
#11394=DIRECTION('',(-1.,0.,0.));
#11395=DIRECTION('',(0.,4.33680868994201E-16,-1.));
#11396=DIRECTION('',(0.,1.,4.33680868994202E-16));
#11397=DIRECTION('',(-1.,0.,0.));
#11398=DIRECTION('',(0.,-1.,0.));
#11399=DIRECTION('',(0.,0.,-1.));
#11400=DIRECTION('',(0.,-1.23908819712629E-15,-1.));
#11401=DIRECTION('',(0.,1.,-1.23913466293368E-15));
#11402=DIRECTION('',(0.,1.,0.));
#11403=DIRECTION('',(1.,0.,0.));
#11404=DIRECTION('',(0.,1.,0.));
#11405=DIRECTION('',(1.,0.,0.));
#11406=DIRECTION('',(0.,0.,-1.));
#11407=DIRECTION('',(0.,1.,0.));
#11408=DIRECTION('',(1.,0.,0.));
#11409=DIRECTION('',(0.,1.,0.));
#11410=DIRECTION('',(1.,0.,0.));
#11411=DIRECTION('',(0.,0.,-1.));
#11412=DIRECTION('',(-1.,0.,0.));
#11413=DIRECTION('',(-1.,0.,0.));
#11414=DIRECTION('',(0.,0.,1.));
#11415=DIRECTION('',(0.,0.,1.));
#11416=DIRECTION('',(1.,0.,0.));
#11417=DIRECTION('',(0.,-0.546172127413338,0.837672971532918));
#11418=DIRECTION('',(-1.,0.,0.));
#11419=DIRECTION('',(0.,-0.546172127413338,0.837672971532918));
#11420=DIRECTION('',(-1.,0.,0.));
#11421=DIRECTION('',(0.,-0.837672971532918,-0.546172127413338));
#11422=DIRECTION('',(0.,0.546172127413338,-0.837672971532918));
#11423=DIRECTION('',(1.,0.,0.));
#11424=DIRECTION('',(0.,1.,0.));
#11425=DIRECTION('',(-1.,0.,0.));
#11426=DIRECTION('',(1.,0.,0.));
#11427=DIRECTION('',(0.,1.,0.));
#11428=DIRECTION('',(-1.,0.,0.));
#11429=DIRECTION('',(0.,0.,1.));
#11430=DIRECTION('',(0.,-0.842023903969087,-0.539440214615724));
#11431=DIRECTION('',(0.,-0.999608120610232,0.0279929492922725));
#11432=DIRECTION('',(1.,0.,0.));
#11433=DIRECTION('',(0.,0.,-1.));
#11434=DIRECTION('',(0.,-0.842023903969087,-0.539440214615724));
#11435=DIRECTION('',(0.,-0.999608120610232,0.0279929492922725));
#11436=DIRECTION('',(1.,0.,0.));
#11437=DIRECTION('',(0.,0.,-1.));
#11438=DIRECTION('',(0.,-0.0279929492922725,-0.999608120610232));
#11439=DIRECTION('',(0.,0.999608120610232,-0.0279929492922725));
#11440=DIRECTION('',(0.,0.539440214615724,-0.842023903969087));
#11441=DIRECTION('',(0.,0.842023903969087,0.539440214615724));
#11442=DIRECTION('',(0.,0.,-1.));
#11443=DIRECTION('',(0.,0.,-1.));
#11444=DIRECTION('',(-1.,0.,0.));
#11445=DIRECTION('',(0.,1.,0.));
#11446=DIRECTION('',(0.,0.,1.));
#11447=DIRECTION('',(0.,-1.,1.23908819712629E-15));
#11448=DIRECTION('',(0.,1.,4.82310525260096E-16));
#11449=DIRECTION('',(0.,0.,1.));
#11450=DIRECTION('',(0.,-1.,-4.33680868994201E-16));
#11451=DIRECTION('',(0.,0.,1.));
#11452=DIRECTION('',(1.,0.,0.));
#11453=DIRECTION('',(0.,0.,-1.));
#11454=DIRECTION('',(0.,-1.,1.23908819712629E-15));
#11455=DIRECTION('',(0.,0.,1.));
#11456=DIRECTION('',(0.,-1.,-4.33680868994201E-16));
#11457=DIRECTION('',(0.,0.,1.));
#11458=DIRECTION('',(0.,1.,4.82310525260096E-16));
#11459=DIRECTION('',(1.,0.,0.));
#11460=DIRECTION('',(0.,0.,-1.));
#11461=DIRECTION('',(-1.,0.,0.));
#11462=DIRECTION('',(0.,-4.82310525260096E-16,1.));
#11463=DIRECTION('',(0.,-1.,-4.82310724561966E-16));
#11464=DIRECTION('',(-1.,0.,0.));
#11465=DIRECTION('',(0.,-1.,0.));
#11466=DIRECTION('',(0.,0.,-1.));
#11467=DIRECTION('',(-1.,0.,0.));
#11468=DIRECTION('',(0.,4.33680868994201E-16,-1.));
#11469=DIRECTION('',(0.,1.,4.33680868994202E-16));
#11470=DIRECTION('',(-1.,0.,0.));
#11471=DIRECTION('',(0.,-1.,0.));
#11472=DIRECTION('',(0.,0.,-1.));
#11473=DIRECTION('',(0.,-1.23908819712629E-15,-1.));
#11474=DIRECTION('',(0.,1.,-1.23913466293368E-15));
#11475=DIRECTION('',(0.,1.,0.));
#11476=DIRECTION('',(1.,0.,0.));
#11477=DIRECTION('',(0.,1.,0.));
#11478=DIRECTION('',(1.,0.,0.));
#11479=DIRECTION('',(0.,0.,-1.));
#11480=DIRECTION('',(0.,1.,0.));
#11481=DIRECTION('',(1.,0.,0.));
#11482=DIRECTION('',(0.,1.,0.));
#11483=DIRECTION('',(1.,0.,0.));
#11484=DIRECTION('',(0.,0.,-1.));
#11485=DIRECTION('',(-1.,0.,0.));
#11486=DIRECTION('',(-1.,0.,0.));
#11487=DIRECTION('',(0.,0.,1.));
#11488=DIRECTION('',(0.,0.,1.));
#11489=DIRECTION('',(1.,0.,0.));
#11490=DIRECTION('',(0.,-0.546172127413338,0.837672971532918));
#11491=DIRECTION('',(-1.,0.,0.));
#11492=DIRECTION('',(0.,-0.546172127413338,0.837672971532918));
#11493=DIRECTION('',(-1.,0.,0.));
#11494=DIRECTION('',(0.,-0.837672971532918,-0.546172127413338));
#11495=DIRECTION('',(0.,0.546172127413338,-0.837672971532918));
#11496=DIRECTION('',(1.,0.,0.));
#11497=DIRECTION('',(0.,1.,0.));
#11498=DIRECTION('',(-1.,0.,0.));
#11499=DIRECTION('',(1.,0.,0.));
#11500=DIRECTION('',(0.,1.,0.));
#11501=DIRECTION('',(-1.,0.,0.));
#11502=DIRECTION('',(0.,0.,1.));
#11503=DIRECTION('',(0.,-0.842023903969087,-0.539440214615724));
#11504=DIRECTION('',(0.,-0.999608120610232,0.0279929492922725));
#11505=DIRECTION('',(1.,0.,0.));
#11506=DIRECTION('',(0.,0.,-1.));
#11507=DIRECTION('',(0.,-0.842023903969087,-0.539440214615724));
#11508=DIRECTION('',(0.,-0.999608120610232,0.0279929492922725));
#11509=DIRECTION('',(1.,0.,0.));
#11510=DIRECTION('',(0.,0.,-1.));
#11511=DIRECTION('',(0.,-0.0279929492922725,-0.999608120610232));
#11512=DIRECTION('',(0.,0.999608120610232,-0.0279929492922725));
#11513=DIRECTION('',(0.,0.539440214615724,-0.842023903969087));
#11514=DIRECTION('',(0.,0.842023903969087,0.539440214615724));
#11515=DIRECTION('',(0.,0.,-1.));
#11516=DIRECTION('',(0.,0.,-1.));
#11517=DIRECTION('',(-1.,0.,0.));
#11518=DIRECTION('',(0.,1.,0.));
#11519=DIRECTION('',(0.,0.,1.));
#11520=DIRECTION('',(0.,-1.,1.23908819712629E-15));
#11521=DIRECTION('',(0.,1.,4.82310525260096E-16));
#11522=DIRECTION('',(0.,0.,1.));
#11523=DIRECTION('',(0.,-1.,-4.33680868994201E-16));
#11524=DIRECTION('',(0.,0.,1.));
#11525=DIRECTION('',(1.,0.,0.));
#11526=DIRECTION('',(0.,0.,-1.));
#11527=DIRECTION('',(0.,-1.,1.23908819712629E-15));
#11528=DIRECTION('',(0.,0.,1.));
#11529=DIRECTION('',(0.,-1.,-4.33680868994201E-16));
#11530=DIRECTION('',(0.,0.,1.));
#11531=DIRECTION('',(0.,1.,4.82310525260096E-16));
#11532=DIRECTION('',(1.,0.,0.));
#11533=DIRECTION('',(0.,0.,-1.));
#11534=DIRECTION('',(-1.,0.,0.));
#11535=DIRECTION('',(0.,-4.82310525260096E-16,1.));
#11536=DIRECTION('',(0.,-1.,-4.82310724561966E-16));
#11537=DIRECTION('',(-1.,0.,0.));
#11538=DIRECTION('',(0.,-1.,0.));
#11539=DIRECTION('',(0.,0.,-1.));
#11540=DIRECTION('',(-1.,0.,0.));
#11541=DIRECTION('',(0.,4.33680868994201E-16,-1.));
#11542=DIRECTION('',(0.,1.,4.33680868994202E-16));
#11543=DIRECTION('',(-1.,0.,0.));
#11544=DIRECTION('',(0.,-1.,0.));
#11545=DIRECTION('',(0.,0.,-1.));
#11546=DIRECTION('',(0.,-1.23908819712629E-15,-1.));
#11547=DIRECTION('',(0.,1.,-1.23913466293368E-15));
#11548=DIRECTION('',(0.,1.,0.));
#11549=DIRECTION('',(1.,0.,0.));
#11550=DIRECTION('',(0.,1.,0.));
#11551=DIRECTION('',(1.,0.,0.));
#11552=DIRECTION('',(0.,0.,-1.));
#11553=DIRECTION('',(0.,1.,0.));
#11554=DIRECTION('',(1.,0.,0.));
#11555=DIRECTION('',(0.,1.,0.));
#11556=DIRECTION('',(1.,0.,0.));
#11557=DIRECTION('',(0.,0.,-1.));
#11558=DIRECTION('',(-1.,0.,0.));
#11559=DIRECTION('',(-1.,0.,0.));
#11560=DIRECTION('',(0.,0.,1.));
#11561=DIRECTION('',(0.,0.,1.));
#11562=DIRECTION('',(1.,0.,0.));
#11563=DIRECTION('',(0.,-0.546172127413338,0.837672971532918));
#11564=DIRECTION('',(-1.,0.,0.));
#11565=DIRECTION('',(0.,-0.546172127413338,0.837672971532918));
#11566=DIRECTION('',(-1.,0.,0.));
#11567=DIRECTION('',(0.,-0.837672971532918,-0.546172127413338));
#11568=DIRECTION('',(0.,0.546172127413338,-0.837672971532918));
#11569=DIRECTION('',(1.,0.,0.));
#11570=DIRECTION('',(0.,1.,0.));
#11571=DIRECTION('',(-1.,0.,0.));
#11572=DIRECTION('',(1.,0.,0.));
#11573=DIRECTION('',(0.,1.,0.));
#11574=DIRECTION('',(-1.,0.,0.));
#11575=DIRECTION('',(0.,0.,1.));
#11576=DIRECTION('',(0.,-0.842023903969087,-0.539440214615724));
#11577=DIRECTION('',(0.,-0.999608120610232,0.0279929492922725));
#11578=DIRECTION('',(1.,0.,0.));
#11579=DIRECTION('',(0.,0.,-1.));
#11580=DIRECTION('',(0.,-0.842023903969087,-0.539440214615724));
#11581=DIRECTION('',(0.,-0.999608120610232,0.0279929492922725));
#11582=DIRECTION('',(1.,0.,0.));
#11583=DIRECTION('',(0.,0.,-1.));
#11584=DIRECTION('',(0.,-0.0279929492922725,-0.999608120610232));
#11585=DIRECTION('',(0.,0.999608120610232,-0.0279929492922725));
#11586=DIRECTION('',(0.,0.539440214615724,-0.842023903969087));
#11587=DIRECTION('',(0.,0.842023903969087,0.539440214615724));
#11588=DIRECTION('',(0.,0.,-1.));
#11589=DIRECTION('',(0.,0.,-1.));
#11590=DIRECTION('',(-1.,0.,0.));
#11591=DIRECTION('',(0.,1.,0.));
#11592=DIRECTION('',(0.,0.,1.));
#11593=DIRECTION('',(0.,-1.,1.23908819712629E-15));
#11594=DIRECTION('',(0.,1.,4.82310525260096E-16));
#11595=DIRECTION('',(0.,0.,1.));
#11596=DIRECTION('',(0.,-1.,-4.33680868994201E-16));
#11597=DIRECTION('',(0.,0.,1.));
#11598=DIRECTION('',(1.,0.,0.));
#11599=DIRECTION('',(0.,0.,-1.));
#11600=DIRECTION('',(0.,-1.,1.23908819712629E-15));
#11601=DIRECTION('',(0.,0.,1.));
#11602=DIRECTION('',(0.,-1.,-4.33680868994201E-16));
#11603=DIRECTION('',(0.,0.,1.));
#11604=DIRECTION('',(0.,1.,4.82310525260096E-16));
#11605=DIRECTION('',(1.,0.,0.));
#11606=DIRECTION('',(0.,0.,-1.));
#11607=DIRECTION('',(-1.,0.,0.));
#11608=DIRECTION('',(0.,-4.82310525260096E-16,1.));
#11609=DIRECTION('',(0.,-1.,-4.82310724561966E-16));
#11610=DIRECTION('',(-1.,0.,0.));
#11611=DIRECTION('',(0.,-1.,0.));
#11612=DIRECTION('',(0.,0.,-1.));
#11613=DIRECTION('',(-1.,0.,0.));
#11614=DIRECTION('',(0.,4.33680868994201E-16,-1.));
#11615=DIRECTION('',(0.,1.,4.33680868994202E-16));
#11616=DIRECTION('',(-1.,0.,0.));
#11617=DIRECTION('',(0.,-1.,0.));
#11618=DIRECTION('',(0.,0.,-1.));
#11619=DIRECTION('',(0.,-1.23908819712629E-15,-1.));
#11620=DIRECTION('',(0.,1.,-1.23913466293368E-15));
#11621=DIRECTION('',(0.,1.,0.));
#11622=DIRECTION('',(1.,0.,0.));
#11623=DIRECTION('',(0.,1.,0.));
#11624=DIRECTION('',(1.,0.,0.));
#11625=DIRECTION('',(0.,0.,-1.));
#11626=DIRECTION('',(0.,1.,0.));
#11627=DIRECTION('',(1.,0.,0.));
#11628=DIRECTION('',(0.,1.,0.));
#11629=DIRECTION('',(1.,0.,0.));
#11630=DIRECTION('',(0.,0.,-1.));
#11631=DIRECTION('',(-1.,0.,0.));
#11632=DIRECTION('',(-1.,0.,0.));
#11633=DIRECTION('',(0.,0.,1.));
#11634=DIRECTION('',(0.,0.,1.));
#11635=DIRECTION('',(1.,0.,0.));
#11636=DIRECTION('',(0.,-0.546172127413338,0.837672971532918));
#11637=DIRECTION('',(-1.,0.,0.));
#11638=DIRECTION('',(0.,-0.546172127413338,0.837672971532918));
#11639=DIRECTION('',(-1.,0.,0.));
#11640=DIRECTION('',(0.,-0.837672971532918,-0.546172127413338));
#11641=DIRECTION('',(0.,0.546172127413338,-0.837672971532918));
#11642=DIRECTION('',(1.,0.,0.));
#11643=DIRECTION('',(0.,1.,0.));
#11644=DIRECTION('',(-1.,0.,0.));
#11645=DIRECTION('',(1.,0.,0.));
#11646=DIRECTION('',(0.,1.,0.));
#11647=DIRECTION('',(-1.,0.,0.));
#11648=DIRECTION('',(0.,0.,1.));
#11649=DIRECTION('',(0.,-0.842023903969087,-0.539440214615724));
#11650=DIRECTION('',(0.,-0.999608120610232,0.0279929492922725));
#11651=DIRECTION('',(1.,0.,0.));
#11652=DIRECTION('',(0.,0.,-1.));
#11653=DIRECTION('',(0.,-0.842023903969087,-0.539440214615724));
#11654=DIRECTION('',(0.,-0.999608120610232,0.0279929492922725));
#11655=DIRECTION('',(1.,0.,0.));
#11656=DIRECTION('',(0.,0.,-1.));
#11657=DIRECTION('',(0.,-0.0279929492922725,-0.999608120610232));
#11658=DIRECTION('',(0.,0.999608120610232,-0.0279929492922725));
#11659=DIRECTION('',(0.,0.539440214615724,-0.842023903969087));
#11660=DIRECTION('',(0.,0.842023903969087,0.539440214615724));
#11661=DIRECTION('',(0.,0.,-1.));
#11662=DIRECTION('',(0.,0.,-1.));
#11663=DIRECTION('',(-1.,0.,0.));
#11664=DIRECTION('',(0.,1.,0.));
#11665=DIRECTION('',(0.,0.,1.));
#11666=DIRECTION('',(0.,-1.,1.23908819712629E-15));
#11667=DIRECTION('',(0.,1.,4.82310525260096E-16));
#11668=DIRECTION('',(0.,0.,1.));
#11669=DIRECTION('',(0.,-1.,-4.33680868994201E-16));
#11670=DIRECTION('',(0.,0.,1.));
#11671=DIRECTION('',(1.,0.,0.));
#11672=DIRECTION('',(0.,0.,-1.));
#11673=DIRECTION('',(0.,-1.,1.23908819712629E-15));
#11674=DIRECTION('',(0.,0.,1.));
#11675=DIRECTION('',(0.,-1.,-4.33680868994201E-16));
#11676=DIRECTION('',(0.,0.,1.));
#11677=DIRECTION('',(0.,1.,4.82310525260096E-16));
#11678=DIRECTION('',(1.,0.,0.));
#11679=DIRECTION('',(0.,0.,-1.));
#11680=DIRECTION('',(-1.,0.,0.));
#11681=DIRECTION('',(0.,-4.82310525260096E-16,1.));
#11682=DIRECTION('',(0.,-1.,-4.82310724561966E-16));
#11683=DIRECTION('',(-1.,0.,0.));
#11684=DIRECTION('',(0.,-1.,0.));
#11685=DIRECTION('',(0.,0.,-1.));
#11686=DIRECTION('',(-1.,0.,0.));
#11687=DIRECTION('',(0.,4.33680868994201E-16,-1.));
#11688=DIRECTION('',(0.,1.,4.33680868994202E-16));
#11689=DIRECTION('',(-1.,0.,0.));
#11690=DIRECTION('',(0.,-1.,0.));
#11691=DIRECTION('',(0.,0.,-1.));
#11692=DIRECTION('',(0.,-1.23908819712629E-15,-1.));
#11693=DIRECTION('',(0.,1.,-1.23913466293368E-15));
#11694=DIRECTION('',(0.,1.,0.));
#11695=DIRECTION('',(1.,0.,0.));
#11696=DIRECTION('',(0.,1.,0.));
#11697=DIRECTION('',(1.,0.,0.));
#11698=DIRECTION('',(0.,0.,-1.));
#11699=DIRECTION('',(0.,1.,0.));
#11700=DIRECTION('',(1.,0.,0.));
#11701=DIRECTION('',(0.,1.,0.));
#11702=DIRECTION('',(1.,0.,0.));
#11703=DIRECTION('',(0.,0.,-1.));
#11704=DIRECTION('',(-1.,0.,0.));
#11705=DIRECTION('',(-1.,0.,0.));
#11706=DIRECTION('',(0.,0.,1.));
#11707=DIRECTION('',(0.,0.,1.));
#11708=DIRECTION('',(1.,0.,0.));
#11709=DIRECTION('',(0.,-0.546172127413338,0.837672971532918));
#11710=DIRECTION('',(-1.,0.,0.));
#11711=DIRECTION('',(0.,-0.546172127413338,0.837672971532918));
#11712=DIRECTION('',(-1.,0.,0.));
#11713=DIRECTION('',(0.,-0.837672971532918,-0.546172127413338));
#11714=DIRECTION('',(0.,0.546172127413338,-0.837672971532918));
#11715=DIRECTION('',(1.,0.,0.));
#11716=DIRECTION('',(0.,1.,0.));
#11717=DIRECTION('',(-1.,0.,0.));
#11718=DIRECTION('',(1.,0.,0.));
#11719=DIRECTION('',(0.,1.,0.));
#11720=DIRECTION('',(-1.,0.,0.));
#11721=DIRECTION('',(0.,0.,1.));
#11722=DIRECTION('',(0.,-0.842023903969087,-0.539440214615724));
#11723=DIRECTION('',(0.,-0.999608120610232,0.0279929492922725));
#11724=DIRECTION('',(1.,0.,0.));
#11725=DIRECTION('',(0.,0.,-1.));
#11726=DIRECTION('',(0.,-0.842023903969087,-0.539440214615724));
#11727=DIRECTION('',(0.,-0.999608120610232,0.0279929492922725));
#11728=DIRECTION('',(1.,0.,0.));
#11729=DIRECTION('',(0.,0.,-1.));
#11730=DIRECTION('',(0.,-0.0279929492922725,-0.999608120610232));
#11731=DIRECTION('',(0.,0.999608120610232,-0.0279929492922725));
#11732=DIRECTION('',(0.,0.539440214615724,-0.842023903969087));
#11733=DIRECTION('',(0.,0.842023903969087,0.539440214615724));
#11734=DIRECTION('',(0.,0.,-1.));
#11735=DIRECTION('',(0.,0.,-1.));
#11736=DIRECTION('',(-1.,0.,0.));
#11737=DIRECTION('',(0.,1.,0.));
#11738=DIRECTION('',(0.,0.,1.));
#11739=DIRECTION('',(0.,-1.,1.23908819712629E-15));
#11740=DIRECTION('',(0.,1.,4.82310525260096E-16));
#11741=DIRECTION('',(0.,0.,1.));
#11742=DIRECTION('',(0.,-1.,-4.33680868994201E-16));
#11743=DIRECTION('',(0.,0.,1.));
#11744=DIRECTION('',(1.,0.,0.));
#11745=DIRECTION('',(0.,0.,-1.));
#11746=DIRECTION('',(0.,-1.,1.23908819712629E-15));
#11747=DIRECTION('',(0.,0.,1.));
#11748=DIRECTION('',(0.,-1.,-4.33680868994201E-16));
#11749=DIRECTION('',(0.,0.,1.));
#11750=DIRECTION('',(0.,1.,4.82310525260096E-16));
#11751=DIRECTION('',(1.,0.,0.));
#11752=DIRECTION('',(0.,0.,-1.));
#11753=DIRECTION('',(-1.,0.,0.));
#11754=DIRECTION('',(0.,-4.82310525260096E-16,1.));
#11755=DIRECTION('',(0.,-1.,-4.82310724561966E-16));
#11756=DIRECTION('',(-1.,0.,0.));
#11757=DIRECTION('',(0.,-1.,0.));
#11758=DIRECTION('',(0.,0.,-1.));
#11759=DIRECTION('',(-1.,0.,0.));
#11760=DIRECTION('',(0.,4.33680868994201E-16,-1.));
#11761=DIRECTION('',(0.,1.,4.33680868994202E-16));
#11762=DIRECTION('',(-1.,0.,0.));
#11763=DIRECTION('',(0.,-1.,0.));
#11764=DIRECTION('',(0.,0.,-1.));
#11765=DIRECTION('',(0.,-1.23908819712629E-15,-1.));
#11766=DIRECTION('',(0.,1.,-1.23913466293368E-15));
#11767=DIRECTION('',(0.,-1.,0.));
#11768=DIRECTION('',(0.,0.,-1.));
#11769=DIRECTION('',(0.,-1.,0.));
#11770=DIRECTION('',(0.,0.,-1.));
#11771=DIRECTION('',(1.,0.,0.));
#11772=DIRECTION('',(0.,0.,-1.));
#11773=DIRECTION('',(1.,-5.10212787052001E-16,0.));
#11774=DIRECTION('',(0.,0.,-1.));
#11775=DIRECTION('',(1.,-5.10212787052001E-16,0.));
#11776=DIRECTION('',(5.10212787052001E-16,1.,0.));
#11777=DIRECTION('',(-1.,5.10008701937181E-16,0.));
#11778=DIRECTION('',(0.,-1.,0.));
#11779=DIRECTION('',(0.,0.,-1.));
#11780=DIRECTION('',(0.,-1.,0.));
#11781=DIRECTION('',(1.,0.,0.));
#11782=DIRECTION('',(0.,0.,-1.));
#11783=DIRECTION('',(1.,-2.30681313294788E-16,0.));
#11784=DIRECTION('',(0.,0.,-1.));
#11785=DIRECTION('',(1.,-2.30681313294788E-16,0.));
#11786=DIRECTION('',(2.30681313294788E-16,1.,0.));
#11787=DIRECTION('',(-1.,2.30718222304915E-16,0.));
#11788=DIRECTION('',(0.,1.,0.));
#11789=DIRECTION('',(0.,0.,-1.));
#11790=DIRECTION('',(0.,1.,0.));
#11791=DIRECTION('',(-1.,0.,0.));
#11792=DIRECTION('',(0.,0.,1.));
#11793=DIRECTION('',(1.,2.30116379466311E-14,0.));
#11794=DIRECTION('',(0.,0.,-1.));
#11795=DIRECTION('',(1.,2.30116379466311E-14,0.));
#11796=DIRECTION('',(-2.30116379466311E-14,1.,0.));
#11797=DIRECTION('',(-1.,-2.30115405897013E-14,0.));
#11798=DIRECTION('',(0.,1.,0.));
#11799=DIRECTION('',(0.,0.,-1.));
#11800=DIRECTION('',(0.,1.,0.));
#11801=DIRECTION('',(-1.,0.,0.));
#11802=DIRECTION('',(0.,0.,1.));
#11803=DIRECTION('',(-1.,0.,0.));
#11804=DIRECTION('',(0.,0.,-1.));
#11805=DIRECTION('',(-1.,0.,0.));
#11806=DIRECTION('',(0.,-1.,0.));
#11807=DIRECTION('',(0.,0.,-1.));
#11808=DIRECTION('',(0.,1.,0.));
#11809=DIRECTION('',(0.,0.,-1.));
#11810=DIRECTION('',(0.,1.,0.));
#11811=DIRECTION('',(-1.,0.,0.));
#11812=DIRECTION('',(0.,0.,1.));
#11813=DIRECTION('',(-1.,3.36186720150544E-16,0.));
#11814=DIRECTION('',(0.,0.,-1.));
#11815=DIRECTION('',(-1.,3.36186720150544E-16,0.));
#11816=DIRECTION('',(-3.36186720150544E-16,-1.,0.));
#11817=DIRECTION('',(1.,-3.36102673470506E-16,0.));
#11818=DIRECTION('',(0.,-1.,0.));
#11819=DIRECTION('',(0.,0.,-1.));
#11820=DIRECTION('',(0.,-1.,0.));
#11821=DIRECTION('',(1.,0.,0.));
#11822=DIRECTION('',(0.,0.,-1.));
#11823=DIRECTION('',(-1.,0.,0.));
#11824=DIRECTION('',(0.,0.,-1.));
#11825=DIRECTION('',(-1.,0.,0.));
#11826=DIRECTION('',(0.,-1.,0.));
#11827=DIRECTION('',(0.,0.,-1.));
#11828=DIRECTION('',(0.,-1.,0.));
#11829=DIRECTION('',(0.,0.,-1.));
#11830=DIRECTION('',(0.,-1.,0.));
#11831=DIRECTION('',(1.,0.,0.));
#11832=DIRECTION('',(0.,0.,-1.));
#11833=DIRECTION('',(1.,0.,0.));
#11834=DIRECTION('',(0.,0.,-1.));
#11835=DIRECTION('',(1.,0.,0.));
#11836=DIRECTION('',(0.,1.,0.));
#11837=DIRECTION('',(0.,0.,1.));
#11838=DIRECTION('',(8.67361737988404E-15,-1.,0.));
#11839=DIRECTION('',(0.,0.,-1.));
#11840=DIRECTION('',(8.67361737988404E-15,-1.,0.));
#11841=DIRECTION('',(1.,8.67361737988404E-15,0.));
#11842=DIRECTION('',(-8.67361737988404E-15,1.,0.));
#11843=DIRECTION('',(-1.,-7.80625564189557E-15,0.));
#11844=DIRECTION('',(-1.,-7.80625564189557E-15,0.));
#11845=DIRECTION('',(7.80625564189557E-15,-1.,0.));
#11846=DIRECTION('',(1.,7.80625564189563E-15,0.));
#11847=DIRECTION('',(0.,0.,1.));
#11848=DIRECTION('',(1.,0.,0.));
#11849=DIRECTION('',(0.,0.,1.));
#11850=DIRECTION('',(1.,0.,0.));
#11851=DIRECTION('',(0.,-1.,0.));
#11852=DIRECTION('',(0.,0.,1.));
#11853=DIRECTION('',(0.,-1.,0.));
#11854=DIRECTION('',(0.,0.,-1.));
#11855=DIRECTION('',(1.,0.,0.));
#11856=DIRECTION('',(0.,0.,-1.));
#11857=DIRECTION('',(1.,2.30681313294788E-16,0.));
#11858=DIRECTION('',(0.,0.,1.));
#11859=DIRECTION('',(1.,2.30681313294788E-16,0.));
#11860=DIRECTION('',(-2.30681313294788E-16,1.,0.));
#11861=DIRECTION('',(-1.,-2.30718222304915E-16,0.));
#11862=DIRECTION('',(0.,1.,0.));
#11863=DIRECTION('',(0.,0.,-1.));
#11864=DIRECTION('',(0.,1.,0.));
#11865=DIRECTION('',(-1.,0.,0.));
#11866=DIRECTION('',(0.,0.,1.));
#11867=DIRECTION('',(-1.,-5.10212787052001E-16,0.));
#11868=DIRECTION('',(0.,0.,1.));
#11869=DIRECTION('',(-1.,-5.10212787052001E-16,0.));
#11870=DIRECTION('',(-5.10212787052001E-16,1.,0.));
#11871=DIRECTION('',(-1.,-5.10008701937181E-16,0.));
#11872=DIRECTION('',(0.,-1.,0.));
#11873=DIRECTION('',(0.,0.,1.));
#11874=DIRECTION('',(0.,-1.,0.));
#11875=DIRECTION('',(-1.,0.,0.));
#11876=DIRECTION('',(0.,0.,1.));
#11877=DIRECTION('',(1.,0.,0.));
#11878=DIRECTION('',(0.,0.,1.));
#11879=DIRECTION('',(1.,0.,0.));
#11880=DIRECTION('',(0.,-1.,0.));
#11881=DIRECTION('',(0.,0.,-1.));
#11882=DIRECTION('',(-8.67361737988404E-15,-1.,0.));
#11883=DIRECTION('',(0.,0.,1.));
#11884=DIRECTION('',(-8.67361737988404E-15,-1.,0.));
#11885=DIRECTION('',(-1.,8.67361737988404E-15,0.));
#11886=DIRECTION('',(-8.67361737988404E-15,-1.,0.));
#11887=DIRECTION('',(-1.,0.,0.));
#11888=DIRECTION('',(0.,0.,1.));
#11889=DIRECTION('',(-1.,0.,0.));
#11890=DIRECTION('',(0.,1.,0.));
#11891=DIRECTION('',(0.,0.,1.));
#11892=DIRECTION('',(0.,-1.,0.));
#11893=DIRECTION('',(0.,0.,1.));
#11894=DIRECTION('',(0.,-1.,0.));
#11895=DIRECTION('',(-1.,0.,0.));
#11896=DIRECTION('',(0.,0.,1.));
#11897=DIRECTION('',(1.,0.,0.));
#11898=DIRECTION('',(0.,0.,1.));
#11899=DIRECTION('',(1.,0.,0.));
#11900=DIRECTION('',(0.,-1.,0.));
#11901=DIRECTION('',(0.,0.,-1.));
#11902=DIRECTION('',(0.,-1.,0.));
#11903=DIRECTION('',(0.,0.,1.));
#11904=DIRECTION('',(0.,-1.,0.));
#11905=DIRECTION('',(-1.,0.,0.));
#11906=DIRECTION('',(0.,0.,1.));
#11907=DIRECTION('',(1.,3.36186720150544E-16,0.));
#11908=DIRECTION('',(0.,0.,-1.));
#11909=DIRECTION('',(1.,3.36186720150544E-16,0.));
#11910=DIRECTION('',(3.36186720150544E-16,-1.,0.));
#11911=DIRECTION('',(1.,3.36102673470506E-16,0.));
#11912=DIRECTION('',(0.,-1.,0.));
#11913=DIRECTION('',(0.,0.,-1.));
#11914=DIRECTION('',(0.,-1.,0.));
#11915=DIRECTION('',(1.,0.,0.));
#11916=DIRECTION('',(0.,0.,-1.));
#11917=DIRECTION('',(-1.,0.,0.));
#11918=DIRECTION('',(0.,0.,-1.));
#11919=DIRECTION('',(-1.,0.,0.));
#11920=DIRECTION('',(0.,-1.,0.));
#11921=DIRECTION('',(0.,0.,-1.));
#11922=DIRECTION('',(0.,-1.,0.));
#11923=DIRECTION('',(0.,0.,-1.));
#11924=DIRECTION('',(0.,-1.,0.));
#11925=DIRECTION('',(1.,0.,0.));
#11926=DIRECTION('',(0.,0.,-1.));
#11927=DIRECTION('',(1.,1.7701259958947E-15,0.));
#11928=DIRECTION('',(1.,1.7701259958947E-15,0.));
#11929=DIRECTION('',(-1.7701259958947E-15,1.,0.));
#11930=DIRECTION('',(-1.,-1.77028530723433E-15,0.));
#11931=DIRECTION('',(0.,0.,1.));
#11932=DIRECTION('',(1.,0.,0.));
#11933=DIRECTION('',(0.,0.,1.));
#11934=DIRECTION('',(1.,0.,0.));
#11935=CARTESIAN_POINT('',(0.,0.,0.));
#11936=CARTESIAN_POINT('',(5.15,2.22044604925031E-15,0.760000000000002));
#11937=CARTESIAN_POINT('',(5.15,2.36266242556768E-15,0.760000000000002));
#11938=CARTESIAN_POINT('',(5.15,0.05,0.760000000000001));
#11939=CARTESIAN_POINT('',(5.15,0.05,18.81));
#11940=CARTESIAN_POINT('',(5.15,0.05,1.35));
#11941=CARTESIAN_POINT('',(5.15,1.5698008369393E-15,1.35));
#11942=CARTESIAN_POINT('',(5.15,2.36266242556768E-15,1.35));
#11943=CARTESIAN_POINT('',(5.15,2.36266242556768E-15,6.601));
#11944=CARTESIAN_POINT('',(5.15,2.22044604925031E-15,6.601));
#11945=CARTESIAN_POINT('',(4.65,0.15,1.42));
#11946=CARTESIAN_POINT('',(4.65,0.15,1.82));
#11947=CARTESIAN_POINT('',(4.65,0.150000000000003,1.69));
#11948=CARTESIAN_POINT('',(4.85,0.15,1.82));
#11949=CARTESIAN_POINT('',(4.85,0.15,1.82));
#11950=CARTESIAN_POINT('',(4.85,0.15,1.35));
#11951=CARTESIAN_POINT('',(4.85,0.150000000000003,1.69));
#11952=CARTESIAN_POINT('',(9.74499999999993,0.150000000000003,1.69));
#11953=CARTESIAN_POINT('',(4.85,0.15,1.35));
#11954=CARTESIAN_POINT('',(-4.65000000000001,0.15,1.42));
#11955=CARTESIAN_POINT('',(-4.65,0.15,1.69000000000001));
#11956=CARTESIAN_POINT('',(-4.65000000000001,0.15,1.82));
#11957=CARTESIAN_POINT('',(-9.74499999999999,0.150000000000003,1.69));
#11958=CARTESIAN_POINT('',(-4.85,0.15,1.69));
#11959=CARTESIAN_POINT('',(-4.85,0.15,1.35));
#11960=CARTESIAN_POINT('',(-4.85,0.15,1.82));
#11961=CARTESIAN_POINT('',(4.85,0.15,1.82));
#11962=CARTESIAN_POINT('',(4.85,0.15,1.35));
#11963=CARTESIAN_POINT('',(4.315,0.,0.239999999999996));
#11964=CARTESIAN_POINT('',(4.315,0.,0.239999999999996));
#11965=CARTESIAN_POINT('',(4.315,0.,0.119999999999999));
#11966=CARTESIAN_POINT('',(5.65,0.,0.239999999999995));
#11967=CARTESIAN_POINT('',(4.65,0.,0.239999999999996));
#11968=CARTESIAN_POINT('',(4.65,0.,18.81));
#11969=CARTESIAN_POINT('',(4.65,0.,0.83));
#11970=CARTESIAN_POINT('',(5.15,0.,0.83));
#11971=CARTESIAN_POINT('',(4.2,0.,0.829999999999999));
#11972=CARTESIAN_POINT('',(4.2,0.,14.0580000000001));
#11973=CARTESIAN_POINT('',(4.2,0.,0.969999999999995));
#11974=CARTESIAN_POINT('',(4.35,0.,0.969999999999995));
#11975=CARTESIAN_POINT('',(3.735,0.,0.969999999999995));
#11976=CARTESIAN_POINT('',(3.735,-1.47284765356189E-16,1.42));
#11977=CARTESIAN_POINT('',(3.735,-8.7809850127065E-17,0.900000000000001));
#11978=CARTESIAN_POINT('',(3.825,0.,0.900000000000001));
#11979=CARTESIAN_POINT('',(3.65,0.,0.900000000000001));
#11980=CARTESIAN_POINT('',(3.65,0.,0.900000000000001));
#11981=CARTESIAN_POINT('',(3.65,0.,1.02));
#11982=CARTESIAN_POINT('',(4.3,0.,1.02));
#11983=CARTESIAN_POINT('',(4.3,4.44089209850063E-16,1.02));
#11984=CARTESIAN_POINT('',(4.3,4.44089209850063E-16,5.35500000000001));
#11985=CARTESIAN_POINT('',(4.3,-8.7193597196515E-15,0.900000000000002));
#11986=CARTESIAN_POINT('',(4.9,-8.51447112012668E-15,0.900000000000002));
#11987=CARTESIAN_POINT('',(4.9,-8.51447112012668E-15,0.900000000000002));
#11988=CARTESIAN_POINT('',(4.9,-8.51447112012668E-15,0.900000000000002));
#11989=CARTESIAN_POINT('',(4.9,-8.68794346772436E-15,0.760000000000002));
#11990=CARTESIAN_POINT('',(5.57,8.41332351014232E-16,0.760000000000002));
#11991=CARTESIAN_POINT('',(-3.65,0.,1.35));
#11992=CARTESIAN_POINT('',(4.85,0.,1.35));
#11993=CARTESIAN_POINT('',(4.85,0.,1.82));
#11994=CARTESIAN_POINT('',(4.85,0.,1.82));
#11995=CARTESIAN_POINT('',(6.55,0.,1.82));
#11996=CARTESIAN_POINT('',(6.55,0.,1.82));
#11997=CARTESIAN_POINT('',(6.55,0.,0.119999999999999));
#11998=CARTESIAN_POINT('',(6.55,0.,0.119999999999999));
#11999=CARTESIAN_POINT('',(-6.55,0.,0.119999999999999));
#12000=CARTESIAN_POINT('',(0.,0.,0.));
#12001=CARTESIAN_POINT('',(-5.15,0.6,0.835000000000002));
#12002=CARTESIAN_POINT('',(-5.15,1.75,0.835000000000004));
#12003=CARTESIAN_POINT('',(-5.15,0.6,0.835000000000002));
#12004=CARTESIAN_POINT('',(-5.15,1.75,0.835000000000004));
#12005=CARTESIAN_POINT('',(-5.15,1.75,1.275));
#12006=CARTESIAN_POINT('',(-5.15,0.6,1.275));
#12007=CARTESIAN_POINT('',(-5.15,0.6,1.275));
#12008=CARTESIAN_POINT('',(-5.15,0.6,0.835000000000002));
#12009=CARTESIAN_POINT('',(-5.15,-6.21724893790088E-15,0.760000000000002));
#12010=CARTESIAN_POINT('',(-5.15,0.55,0.760000000000001));
#12011=CARTESIAN_POINT('',(-5.15,2.35000000000003,0.760000000000002));
#12012=CARTESIAN_POINT('',(-5.15,0.55,6.601));
#12013=CARTESIAN_POINT('',(-5.15,0.55,1.35));
#12014=CARTESIAN_POINT('',(-5.15,-6.86789415021189E-15,1.35));
#12015=CARTESIAN_POINT('',(-5.15000000000001,2.85,1.35));
#12016=CARTESIAN_POINT('',(-5.15000000000001,2.85,1.35));
#12017=CARTESIAN_POINT('',(-5.15000000000001,2.14999999999999,1.3));
#12018=CARTESIAN_POINT('',(-5.15,2.14999999999999,6.601));
#12019=CARTESIAN_POINT('',(-5.15000000000001,2.14999999999999,1.2));
#12020=CARTESIAN_POINT('',(-5.15000000000001,2.14999999999999,1.2));
#12021=CARTESIAN_POINT('',(-5.15000000000001,2.35,0.999999999999998));
#12022=CARTESIAN_POINT('',(-5.15,2.35000000000004,6.60099999999999));
#12023=CARTESIAN_POINT('',(-5.15,-6.21724893790088E-15,6.601));
#12024=CARTESIAN_POINT('',(-4.315,0.,-1.0547118733939E-15));
#12025=CARTESIAN_POINT('',(-4.315,0.,0.119999999999999));
#12026=CARTESIAN_POINT('',(-4.315,0.,0.239999999999996));
#12027=CARTESIAN_POINT('',(-6.55,0.,0.119999999999999));
#12028=CARTESIAN_POINT('',(-6.55,0.,0.119999999999999));
#12029=CARTESIAN_POINT('',(-6.55,0.,1.82));
#12030=CARTESIAN_POINT('',(-6.55,0.,1.82));
#12031=CARTESIAN_POINT('',(6.55,0.,1.82));
#12032=CARTESIAN_POINT('',(-4.85,0.,1.82));
#12033=CARTESIAN_POINT('',(-4.85,0.,1.82));
#12034=CARTESIAN_POINT('',(-4.85,0.,1.35));
#12035=CARTESIAN_POINT('',(-3.65,0.,1.35));
#12036=CARTESIAN_POINT('',(-5.15,-6.43047330403917E-15,1.35));
#12037=CARTESIAN_POINT('',(-5.15,-6.43047330403917E-15,6.601));
#12038=CARTESIAN_POINT('',(-5.15,-6.43047330403917E-15,0.760000000000002));
#12039=CARTESIAN_POINT('',(-4.3,6.08037135776661E-16,0.760000000000002));
#12040=CARTESIAN_POINT('',(-4.9,-8.68794346772436E-15,0.760000000000002));
#12041=CARTESIAN_POINT('',(-4.9,-8.51447112012668E-15,0.900000000000002));
#12042=CARTESIAN_POINT('',(-4.9,-8.51447112012668E-15,0.900000000000002));
#12043=CARTESIAN_POINT('',(-4.9,-8.51447112012668E-15,0.900000000000002));
#12044=CARTESIAN_POINT('',(-4.3,-8.7193597196515E-15,0.900000000000002));
#12045=CARTESIAN_POINT('',(-4.3,4.33680868994202E-16,5.35500000000001));
#12046=CARTESIAN_POINT('',(-4.3,4.33680868994202E-16,1.02));
#12047=CARTESIAN_POINT('',(4.3,0.,1.02));
#12048=CARTESIAN_POINT('',(-3.65,0.,1.02));
#12049=CARTESIAN_POINT('',(-3.65,0.,0.900000000000001));
#12050=CARTESIAN_POINT('',(-3.65,0.,0.900000000000001));
#12051=CARTESIAN_POINT('',(3.825,0.,0.900000000000001));
#12052=CARTESIAN_POINT('',(-3.735,0.,0.900000000000001));
#12053=CARTESIAN_POINT('',(-3.735,-1.47284765356189E-16,1.42));
#12054=CARTESIAN_POINT('',(-3.735,0.,0.969999999999995));
#12055=CARTESIAN_POINT('',(-4.35,0.,0.969999999999995));
#12056=CARTESIAN_POINT('',(-4.2,0.,0.969999999999995));
#12057=CARTESIAN_POINT('',(-4.2,0.,14.0580000000001));
#12058=CARTESIAN_POINT('',(-4.2,0.,0.830000000000001));
#12059=CARTESIAN_POINT('',(-5.15,0.,0.83));
#12060=CARTESIAN_POINT('',(-4.65,0.,0.83));
#12061=CARTESIAN_POINT('',(-4.65,2.22044604925031E-16,18.81));
#12062=CARTESIAN_POINT('',(-4.65,0.,0.239999999999996));
#12063=CARTESIAN_POINT('',(-4.315,0.,0.239999999999996));
#12064=CARTESIAN_POINT('',(0.,0.,0.));
#12065=CARTESIAN_POINT('',(-5.19999999999999,2.50000000000003,0.760000000000001));
#12066=CARTESIAN_POINT('',(-5.20000000000001,2.35,0.760000000000004));
#12067=CARTESIAN_POINT('',(-5.19999999999999,2.36733500838582,0.689999999999998));
#12068=CARTESIAN_POINT('',(-4.89999999999999,2.36733500838582,0.689999999999998));
#12069=CARTESIAN_POINT('',(-5.,2.36733500838582,0.689999999999996));
#12070=CARTESIAN_POINT('',(-5.,2.50000000000003,0.760000000000001));
#12071=CARTESIAN_POINT('',(-5.,2.63266499161425,0.689999999999996));
#12072=CARTESIAN_POINT('',(-4.89999999999999,2.63266499161425,0.689999999999998));
#12073=CARTESIAN_POINT('',(-5.19999999999999,2.63266499161425,0.689999999999998));
#12074=CARTESIAN_POINT('',(-5.19999999999999,2.50000000000003,0.760000000000001));
#12075=CARTESIAN_POINT('',(-5.20000000000001,2.65,0.760000000000004));
#12076=CARTESIAN_POINT('',(-4.90000000000001,2.65,0.760000000000004));
#12077=CARTESIAN_POINT('',(-4.9,2.65,0.760000000000003));
#12078=CARTESIAN_POINT('',(-4.89999999999999,2.50000000000003,0.760000000000001));
#12079=CARTESIAN_POINT('',(-4.9,2.35000000000003,0.760000000000002));
#12080=CARTESIAN_POINT('',(-4.90000000000001,2.35,0.760000000000004));
#12081=CARTESIAN_POINT('',(-4.90000000000001,2.35,0.760000000000004));
#12082=CARTESIAN_POINT('',(-4.89999999999999,2.50000000000003,0.760000000000001));
#12083=CARTESIAN_POINT('',(-5.19999999999999,2.50000000000003,0.689999999999998));
#12084=CARTESIAN_POINT('',(-5.20000000000001,2.35,0.760000000000004));
#12085=CARTESIAN_POINT('',(-5.19999999999999,2.35,1.));
#12086=CARTESIAN_POINT('',(-5.19999999999999,2.14999999999999,1.2));
#12087=CARTESIAN_POINT('',(-5.19999999999999,2.45,0.9));
#12088=CARTESIAN_POINT('',(-5.19999999999999,2.45,0.9));
#12089=CARTESIAN_POINT('',(-5.19999999999999,2.65000000000003,0.9));
#12090=CARTESIAN_POINT('',(-5.20000000000001,2.65,1.01000000000001));
#12091=CARTESIAN_POINT('',(-5.19999999999999,2.50000000000003,0.760000000000001));
#12092=CARTESIAN_POINT('',(9.74499999999994,1.75,1.35));
#12093=CARTESIAN_POINT('',(4.85,1.75,1.35));
#12094=CARTESIAN_POINT('',(4.30000000000001,1.75,1.35));
#12095=CARTESIAN_POINT('',(4.85,0.,1.35));
#12096=CARTESIAN_POINT('',(5.15,1.5698008369393E-15,1.35));
#12097=CARTESIAN_POINT('',(5.15,0.550000000000002,1.35));
#12098=CARTESIAN_POINT('',(5.15,1.5698008369393E-15,1.35));
#12099=CARTESIAN_POINT('',(5.14999999999999,2.85,1.35));
#12100=CARTESIAN_POINT('',(6.14999999999999,2.85,1.35));
#12101=CARTESIAN_POINT('',(5.4,2.85,1.35));
#12102=CARTESIAN_POINT('',(5.4,2.85,1.35));
#12103=CARTESIAN_POINT('',(5.4,3.1,1.35));
#12104=CARTESIAN_POINT('',(4.3,3.1,1.35));
#12105=CARTESIAN_POINT('',(4.9,3.09999999999999,1.35));
#12106=CARTESIAN_POINT('',(4.9,3.09999999999999,1.35));
#12107=CARTESIAN_POINT('',(4.9,2.90999999999999,1.35));
#12108=CARTESIAN_POINT('',(4.9,2.90999999999999,1.35));
#12109=CARTESIAN_POINT('',(4.45,2.90999999999999,1.35));
#12110=CARTESIAN_POINT('',(4.45,3.1,1.35));
#12111=CARTESIAN_POINT('',(4.44999999999999,1.95000000000001,1.35));
#12112=CARTESIAN_POINT('',(4.44999999999999,1.95000000000001,1.35));
#12113=CARTESIAN_POINT('',(4.3,1.80000000000001,1.35));
#12114=CARTESIAN_POINT('',(4.3,-5.21656130990172E-17,1.35));
#12115=CARTESIAN_POINT('',(-3.65,0.,1.35));
#12116=CARTESIAN_POINT('',(4.9,2.65,0.9));
#12117=CARTESIAN_POINT('',(4.9,3.09999999999998,0.9));
#12118=CARTESIAN_POINT('',(4.9,2.90999999999999,0.9));
#12119=CARTESIAN_POINT('',(4.9,2.90999999999999,1.35));
#12120=CARTESIAN_POINT('',(4.9,3.09999999999999,0.760000000000001));
#12121=CARTESIAN_POINT('',(4.9,-3.40445540694306E-15,4.47229555778285E-30));
#12122=CARTESIAN_POINT('',(4.9,2.65,0.760000000000002));
#12123=CARTESIAN_POINT('',(4.9,2.65000000000003,0.760000000000002));
#12124=CARTESIAN_POINT('',(4.9,2.65,0.900000000000001));
#12125=CARTESIAN_POINT('',(4.90000000000001,2.50000000000003,0.760000000000001));
#12126=CARTESIAN_POINT('',(4.9,2.35000000000003,0.760000000000002));
#12127=CARTESIAN_POINT('',(4.9,-8.67689559747643E-15,0.760000000000002));
#12128=CARTESIAN_POINT('',(4.9,2.90999999999999,0.900000000000002));
#12129=CARTESIAN_POINT('',(4.9,-3.40445540694306E-15,4.47229555778285E-30));
#12130=CARTESIAN_POINT('',(1.66800334228545E-17,0.0500000000000017,0.760000000000002));
#12131=CARTESIAN_POINT('',(5.,0.05,0.760000000000007));
#12132=CARTESIAN_POINT('',(4.9,2.35,0.760000000000004));
#12133=CARTESIAN_POINT('',(5.15,2.35000000000003,0.760000000000002));
#12134=CARTESIAN_POINT('',(5.15,2.22044604925031E-15,0.760000000000002));
#12135=CARTESIAN_POINT('',(5.15,0.55,0.760000000000002));
#12136=CARTESIAN_POINT('',(0.,0.55,0.760000000000002));
#12137=CARTESIAN_POINT('',(5.,0.55,0.76));
#12138=CARTESIAN_POINT('',(5.,0.,0.760000000000002));
#12139=CARTESIAN_POINT('',(0.,0.,0.760000000000002));
#12140=CARTESIAN_POINT('',(5.15,0.55,6.601));
#12141=CARTESIAN_POINT('',(5.15,2.35000000000004,6.60099999999999));
#12142=CARTESIAN_POINT('',(5.14999999999999,2.35,0.999999999999998));
#12143=CARTESIAN_POINT('',(5.14999999999999,2.14999999999999,1.2));
#12144=CARTESIAN_POINT('',(5.14999999999999,2.14999999999999,1.2));
#12145=CARTESIAN_POINT('',(5.15,2.15,6.601));
#12146=CARTESIAN_POINT('',(5.14999999999999,2.14999999999999,1.3));
#12147=CARTESIAN_POINT('',(5.14999999999999,2.85,1.35));
#12148=CARTESIAN_POINT('',(5.15,1.75000000000003,0.835000000000013));
#12149=CARTESIAN_POINT('',(5.15,0.6,0.835000000000011));
#12150=CARTESIAN_POINT('',(5.15,1.75000000000003,0.835000000000013));
#12151=CARTESIAN_POINT('',(5.15,0.6,0.835000000000011));
#12152=CARTESIAN_POINT('',(5.15,0.6,1.27500000000001));
#12153=CARTESIAN_POINT('',(5.15,1.75000000000003,1.27500000000001));
#12154=CARTESIAN_POINT('',(5.15,1.75000000000003,1.27500000000001));
#12155=CARTESIAN_POINT('',(5.15,1.75000000000003,0.835000000000013));
#12156=CARTESIAN_POINT('',(5.15,2.22044604925031E-15,6.601));
#12157=CARTESIAN_POINT('',(6.14999999999999,2.65,0.9));
#12158=CARTESIAN_POINT('',(5.20000000000001,2.65000000000003,0.9));
#12159=CARTESIAN_POINT('',(4.3,2.90999999999999,0.900000000000002));
#12160=CARTESIAN_POINT('',(4.3,1.80000000000001,0.900000000000001));
#12161=CARTESIAN_POINT('',(4.44999999999999,1.95000000000001,0.900000000000001));
#12162=CARTESIAN_POINT('',(4.44999999999999,1.95000000000001,0.900000000000001));
#12163=CARTESIAN_POINT('',(4.45,3.1,0.900000000000001));
#12164=CARTESIAN_POINT('',(4.44999999999999,2.90999999999999,0.900000000000002));
#12165=CARTESIAN_POINT('',(4.9,2.90999999999999,0.900000000000002));
#12166=CARTESIAN_POINT('',(6.14999999999999,3.09999999999998,0.9));
#12167=CARTESIAN_POINT('',(5.4,3.1,0.900000000000001));
#12168=CARTESIAN_POINT('',(5.4,2.85,0.900000000000001));
#12169=CARTESIAN_POINT('',(5.4,2.85,0.900000000000001));
#12170=CARTESIAN_POINT('',(5.57,2.15,0.900000000000001));
#12171=CARTESIAN_POINT('',(5.49714285714286,2.45,0.9));
#12172=CARTESIAN_POINT('',(6.14999999999999,2.45,0.9));
#12173=CARTESIAN_POINT('',(5.20000000000001,2.45,0.9));
#12174=CARTESIAN_POINT('',(5.20000000000001,2.45,0.9));
#12175=CARTESIAN_POINT('',(6.14999999999999,2.45,0.9));
#12176=CARTESIAN_POINT('',(6.14999999999999,2.35,0.999999999999998));
#12177=CARTESIAN_POINT('',(5.20000000000001,2.35,0.999999999999998));
#12178=CARTESIAN_POINT('',(5.20000000000001,2.14999999999999,1.2));
#12179=CARTESIAN_POINT('',(6.20704926157201,-0.473144018237685,3.82314401823768));
#12180=CARTESIAN_POINT('',(5.57,2.14999999999999,1.2));
#12181=CARTESIAN_POINT('',(6.14999999999999,2.14999999999999,1.2));
#12182=CARTESIAN_POINT('',(6.14999999999999,2.14999999999999,1.2));
#12183=CARTESIAN_POINT('',(5.4,3.1,6.601));
#12184=CARTESIAN_POINT('',(4.3,3.1,5.35500000000001));
#12185=CARTESIAN_POINT('',(4.3,4.44089209850063E-16,1.42));
#12186=CARTESIAN_POINT('',(4.3,0.840000000000104,1.42));
#12187=CARTESIAN_POINT('',(4.29999999999997,0.15,1.42));
#12188=CARTESIAN_POINT('',(4.30000000000001,1.75,1.35));
#12189=CARTESIAN_POINT('',(4.3,1.80000000000001,6.601));
#12190=CARTESIAN_POINT('',(4.3,0.,1.02));
#12191=CARTESIAN_POINT('',(4.3,0.65,1.02));
#12192=CARTESIAN_POINT('',(4.3,0.65,1.02));
#12193=CARTESIAN_POINT('',(4.3,0.65,1.35));
#12194=CARTESIAN_POINT('',(4.3,0.150000000000003,1.35));
#12195=CARTESIAN_POINT('',(4.3,0.15,1.35));
#12196=CARTESIAN_POINT('',(4.3,0.150000000000003,1.69));
#12197=CARTESIAN_POINT('',(4.3,4.44089209850063E-16,5.35500000000001));
#12198=CARTESIAN_POINT('',(4.45,2.90999999999999,6.601));
#12199=CARTESIAN_POINT('',(4.44999999999999,1.95000000000001,6.601));
#12200=CARTESIAN_POINT('',(4.45,3.1,6.601));
#12201=CARTESIAN_POINT('',(4.44999999999999,1.95000000000001,6.601));
#12202=CARTESIAN_POINT('',(5.57,2.15,6.601));
#12203=CARTESIAN_POINT('',(5.57,2.15,1.3));
#12204=CARTESIAN_POINT('',(6.14999999999999,2.14999999999999,1.3));
#12205=CARTESIAN_POINT('',(5.15,2.15,6.601));
#12206=CARTESIAN_POINT('',(-4.85,0.,1.35));
#12207=CARTESIAN_POINT('',(-4.85,1.75,1.35));
#12208=CARTESIAN_POINT('',(-9.74499999999999,1.75,1.35));
#12209=CARTESIAN_POINT('',(-4.3,1.75,1.35));
#12210=CARTESIAN_POINT('',(-4.3,3.1,1.35));
#12211=CARTESIAN_POINT('',(-4.3,1.8,1.35));
#12212=CARTESIAN_POINT('',(-4.45,1.95,1.35));
#12213=CARTESIAN_POINT('',(-4.45,1.95,1.35));
#12214=CARTESIAN_POINT('',(-4.45,3.1,1.35));
#12215=CARTESIAN_POINT('',(-4.45,2.90999999999999,1.35));
#12216=CARTESIAN_POINT('',(-4.9,2.90999999999999,1.35));
#12217=CARTESIAN_POINT('',(-4.9,2.90999999999999,1.35));
#12218=CARTESIAN_POINT('',(-4.9,3.09999999999999,1.35));
#12219=CARTESIAN_POINT('',(-4.9,3.09999999999999,1.35));
#12220=CARTESIAN_POINT('',(-5.57,3.1,1.35));
#12221=CARTESIAN_POINT('',(-5.40000000000001,3.09999999999999,1.35));
#12222=CARTESIAN_POINT('',(-5.4,2.84999999999999,1.35));
#12223=CARTESIAN_POINT('',(-5.4,2.84999999999999,1.35));
#12224=CARTESIAN_POINT('',(-6.15000000000001,2.85,1.35));
#12225=CARTESIAN_POINT('',(-5.15,-6.86789415021189E-15,1.35));
#12226=CARTESIAN_POINT('',(-5.15,0.05,1.35));
#12227=CARTESIAN_POINT('',(-5.15,-6.86789415021189E-15,1.35));
#12228=CARTESIAN_POINT('',(-3.65,0.,1.35));
#12229=CARTESIAN_POINT('',(3.65,0.,1.35));
#12230=CARTESIAN_POINT('',(3.65,0.65,1.35));
#12231=CARTESIAN_POINT('',(3.65,1.65428571428571,1.35));
#12232=CARTESIAN_POINT('',(-3.65,1.65428571428571,1.35));
#12233=CARTESIAN_POINT('',(-3.65,1.65428571428571,1.35));
#12234=CARTESIAN_POINT('',(-3.65,0.,1.35));
#12235=CARTESIAN_POINT('',(-3.65,0.65,1.35));
#12236=CARTESIAN_POINT('',(4.3,0.65,1.35));
#12237=CARTESIAN_POINT('',(-4.3,0.65,1.35));
#12238=CARTESIAN_POINT('',(-4.3,0.150000000000003,1.35));
#12239=CARTESIAN_POINT('',(-4.3,0.15,1.35));
#12240=CARTESIAN_POINT('',(4.85,0.15,1.35));
#12241=CARTESIAN_POINT('',(4.3,0.65,1.35));
#12242=CARTESIAN_POINT('',(-3.65,0.,1.35));
#12243=CARTESIAN_POINT('',(-4.3,0.150000000000003,1.69));
#12244=CARTESIAN_POINT('',(-4.30000000000001,0.15,1.42));
#12245=CARTESIAN_POINT('',(-46.035,0.15,1.42));
#12246=CARTESIAN_POINT('',(4.85,0.15,1.35));
#12247=CARTESIAN_POINT('',(-4.9,3.09999999999999,0.760000000000001));
#12248=CARTESIAN_POINT('',(-4.9,3.09999999999999,0.900000000000001));
#12249=CARTESIAN_POINT('',(-6.15000000000002,3.09999999999998,0.9));
#12250=CARTESIAN_POINT('',(-5.40000000000001,3.09999999999998,0.9));
#12251=CARTESIAN_POINT('',(-5.40000000000001,3.09999999999999,6.601));
#12252=CARTESIAN_POINT('',(-5.57,3.1,5.35500000000001));
#12253=CARTESIAN_POINT('',(-4.9,2.65,0.760000000000003));
#12254=CARTESIAN_POINT('',(-4.9,2.65,0.900000000000001));
#12255=CARTESIAN_POINT('',(-4.9,2.90999999999999,0.900000000000002));
#12256=CARTESIAN_POINT('',(-4.9,-8.67689559747643E-15,0.760000000000002));
#12257=CARTESIAN_POINT('',(-4.9,3.8142326059927E-15,-4.47229555778285E-30));
#12258=CARTESIAN_POINT('',(-4.9,2.90999999999999,1.35));
#12259=CARTESIAN_POINT('',(-4.9,2.90999999999999,0.9));
#12260=CARTESIAN_POINT('',(-4.9,2.65,0.9));
#12261=CARTESIAN_POINT('',(-4.9,3.8142326059927E-15,-4.47229555778285E-30));
#12262=CARTESIAN_POINT('',(-1.66800334228545E-17,0.0500000000000017,0.760000000000002));
#12263=CARTESIAN_POINT('',(-5.,0.0499999999999997,0.760000000000007));
#12264=CARTESIAN_POINT('',(-5.15,0.05,0.760000000000001));
#12265=CARTESIAN_POINT('',(-5.,0.,0.760000000000002));
#12266=CARTESIAN_POINT('',(-5.,0.55,0.76));
#12267=CARTESIAN_POINT('',(0.,0.55,0.760000000000002));
#12268=CARTESIAN_POINT('',(-5.15,-6.21724893790088E-15,0.760000000000002));
#12269=CARTESIAN_POINT('',(0.,0.,0.760000000000002));
#12270=CARTESIAN_POINT('',(-5.15,0.05,6.601));
#12271=CARTESIAN_POINT('',(-5.15,-6.21724893790088E-15,6.601));
#12272=CARTESIAN_POINT('',(-5.57,2.14999999999999,6.601));
#12273=CARTESIAN_POINT('',(-5.57,2.14999999999999,1.3));
#12274=CARTESIAN_POINT('',(-5.57,2.14999999999999,1.2));
#12275=CARTESIAN_POINT('',(-6.15000000000001,2.14999999999999,1.2));
#12276=CARTESIAN_POINT('',(-6.15000000000001,2.14999999999999,1.3));
#12277=CARTESIAN_POINT('',(-5.15,2.14999999999999,6.601));
#12278=CARTESIAN_POINT('',(-5.48358170310702,2.50584004602991,1.325417146145));
#12279=CARTESIAN_POINT('',(-5.4,2.84999999999999,6.601));
#12280=CARTESIAN_POINT('',(-5.4,2.84999999999999,0.900000000000001));
#12281=CARTESIAN_POINT('',(-5.57,2.14999999999999,0.900000000000001));
#12282=CARTESIAN_POINT('',(-5.49714285714286,2.45,0.9));
#12283=CARTESIAN_POINT('',(-6.20704926157201,-0.47314401823769,3.82314401823769));
#12284=CARTESIAN_POINT('',(-5.57,2.14999999999999,6.601));
#12285=CARTESIAN_POINT('',(-5.4,2.84999999999999,0.900000000000001));
#12286=CARTESIAN_POINT('',(-5.4,2.84999999999999,6.601));
#12287=CARTESIAN_POINT('',(-3.65,1.45185896180215,1.54074828599412));
#12288=CARTESIAN_POINT('',(-3.65,1.75,1.25980769230769));
#12289=CARTESIAN_POINT('',(-3.65,1.75,1.35));
#12290=CARTESIAN_POINT('',(-3.65,1.75,0.900000000000001));
#12291=CARTESIAN_POINT('',(-3.65,1.75,0.900000000000001));
#12292=CARTESIAN_POINT('',(-3.65,0.,1.02));
#12293=CARTESIAN_POINT('',(-3.65,0.65,1.02));
#12294=CARTESIAN_POINT('',(-3.65,0.65,0.));
#12295=CARTESIAN_POINT('',(-3.65,0.,0.));
#12296=CARTESIAN_POINT('',(3.65,1.75,1.35));
#12297=CARTESIAN_POINT('',(3.65,1.75,1.25980769230769));
#12298=CARTESIAN_POINT('',(3.65,1.75,0.900000000000001));
#12299=CARTESIAN_POINT('',(3.65,1.45185896180215,1.54074828599412));
#12300=CARTESIAN_POINT('',(3.65,0.65,0.));
#12301=CARTESIAN_POINT('',(3.65,0.65,1.02));
#12302=CARTESIAN_POINT('',(3.65,0.,1.02));
#12303=CARTESIAN_POINT('',(3.65,1.75,0.900000000000001));
#12304=CARTESIAN_POINT('',(3.65,0.,0.));
#12305=CARTESIAN_POINT('',(3.825,0.,0.119999999999999));
#12306=CARTESIAN_POINT('',(3.825,0.,0.119999999999999));
#12307=CARTESIAN_POINT('',(3.825,-0.8,0.119999999999999));
#12308=CARTESIAN_POINT('',(-6.55,0.,0.119999999999999));
#12309=CARTESIAN_POINT('',(6.55,-0.8,0.119999999999999));
#12310=CARTESIAN_POINT('',(6.55,-0.8,0.119999999999999));
#12311=CARTESIAN_POINT('',(-6.55,-0.8,0.119999999999999));
#12312=CARTESIAN_POINT('',(-6.55,-0.8,0.119999999999999));
#12313=CARTESIAN_POINT('',(-6.55,-0.8,0.119999999999999));
#12314=CARTESIAN_POINT('',(-3.825,-0.8,0.119999999999999));
#12315=CARTESIAN_POINT('',(-6.55,-0.8,0.119999999999999));
#12316=CARTESIAN_POINT('',(-3.825,-0.8,0.119999999999999));
#12317=CARTESIAN_POINT('',(-3.825,-0.8,0.900000000000001));
#12318=CARTESIAN_POINT('',(3.825,-0.8,0.900000000000001));
#12319=CARTESIAN_POINT('',(3.825,-0.8,0.900000000000001));
#12320=CARTESIAN_POINT('',(3.825,-0.8,0.119999999999999));
#12321=CARTESIAN_POINT('',(6.55,-0.8,0.119999999999999));
#12322=CARTESIAN_POINT('',(6.55,-0.8,1.82));
#12323=CARTESIAN_POINT('',(6.55,-0.8,1.82));
#12324=CARTESIAN_POINT('',(-6.55,-0.8,1.82));
#12325=CARTESIAN_POINT('',(-6.55,-0.8,1.82));
#12326=CARTESIAN_POINT('',(0.,-0.8,0.));
#12327=CARTESIAN_POINT('',(-6.55,-0.8,0.119999999999999));
#12328=CARTESIAN_POINT('',(-6.55,-0.8,1.82));
#12329=CARTESIAN_POINT('',(-6.55,-0.8,1.82));
#12330=CARTESIAN_POINT('',(-6.55,0.,0.119999999999999));
#12331=CARTESIAN_POINT('',(-3.825,0.,0.119999999999999));
#12332=CARTESIAN_POINT('',(-3.825,0.,0.119999999999999));
#12333=CARTESIAN_POINT('',(-6.55,-0.8,0.119999999999999));
#12334=CARTESIAN_POINT('',(6.55,-0.8,1.82));
#12335=CARTESIAN_POINT('',(6.55,-0.8,0.119999999999999));
#12336=CARTESIAN_POINT('',(-4.75,-0.6,1.82));
#12337=CARTESIAN_POINT('',(-4.55,-0.299999999999999,1.82));
#12338=CARTESIAN_POINT('',(-4.75,-0.6,1.82));
#12339=CARTESIAN_POINT('',(-4.95,-0.299999999999999,1.82));
#12340=CARTESIAN_POINT('',(-4.95,-0.299999999999999,1.82));
#12341=CARTESIAN_POINT('',(-4.55,-0.299999999999999,1.82));
#12342=CARTESIAN_POINT('',(4.85,0.15,1.82));
#12343=CARTESIAN_POINT('',(4.85,0.15,1.82));
#12344=CARTESIAN_POINT('',(-4.85,0.15,1.82));
#12345=CARTESIAN_POINT('',(6.55,-0.8,1.82));
#12346=CARTESIAN_POINT('',(-3.65,1.75,1.25980769230769));
#12347=CARTESIAN_POINT('',(-3.65,1.75,0.900000000000001));
#12348=CARTESIAN_POINT('',(-3.65,1.75,1.35));
#12349=CARTESIAN_POINT('',(3.825,0.,0.900000000000001));
#12350=CARTESIAN_POINT('',(3.825,0.,0.900000000000001));
#12351=CARTESIAN_POINT('',(3.825,-0.8,0.900000000000001));
#12352=CARTESIAN_POINT('',(-3.825,-0.8,0.900000000000001));
#12353=CARTESIAN_POINT('',(-3.825,0.,0.900000000000001));
#12354=CARTESIAN_POINT('',(-3.65,0.,0.900000000000001));
#12355=CARTESIAN_POINT('',(-3.65,1.75,0.900000000000001));
#12356=CARTESIAN_POINT('',(3.825,0.,0.900000000000001));
#12357=CARTESIAN_POINT('',(3.825,0.,0.));
#12358=CARTESIAN_POINT('',(-3.825,0.,0.900000000000001));
#12359=CARTESIAN_POINT('',(-3.825,0.,0.));
#12360=CARTESIAN_POINT('',(4.3,0.65,1.02));
#12361=CARTESIAN_POINT('',(4.3,0.65,1.02));
#12362=CARTESIAN_POINT('',(4.3,0.,1.02));
#12363=CARTESIAN_POINT('',(-4.3,0.,1.02));
#12364=CARTESIAN_POINT('',(-4.3,0.65,1.02));
#12365=CARTESIAN_POINT('',(4.3,0.65,1.02));
#12366=CARTESIAN_POINT('',(4.3,0.,1.02));
#12367=CARTESIAN_POINT('',(-4.3,0.65,1.02));
#12368=CARTESIAN_POINT('',(4.3,0.65,1.02));
#12369=CARTESIAN_POINT('',(-4.3,3.1,1.42));
#12370=CARTESIAN_POINT('',(-4.29999999999999,0.840000000000104,1.42));
#12371=CARTESIAN_POINT('',(-4.3,2.90999999999999,0.900000000000002));
#12372=CARTESIAN_POINT('',(-4.3,1.8,0.900000000000002));
#12373=CARTESIAN_POINT('',(-4.3,1.8,6.601));
#12374=CARTESIAN_POINT('',(-4.29999999999999,1.75,1.35));
#12375=CARTESIAN_POINT('',(-4.3,3.1,5.35500000000001));
#12376=CARTESIAN_POINT('',(-4.45,1.95,0.900000000000001));
#12377=CARTESIAN_POINT('',(-4.45,1.95,0.900000000000002));
#12378=CARTESIAN_POINT('',(-4.45,1.95,6.601));
#12379=CARTESIAN_POINT('',(-4.45,1.95,6.601));
#12380=CARTESIAN_POINT('',(-4.45,2.90999999999999,6.601));
#12381=CARTESIAN_POINT('',(-4.45,2.90999999999999,0.900000000000001));
#12382=CARTESIAN_POINT('',(-4.45,3.1,0.900000000000001));
#12383=CARTESIAN_POINT('',(-4.45,3.1,6.601));
#12384=CARTESIAN_POINT('',(5.4,2.85,6.601));
#12385=CARTESIAN_POINT('',(5.48358170310702,2.50584004602992,1.325417146145));
#12386=CARTESIAN_POINT('',(5.57,2.15,6.601));
#12387=CARTESIAN_POINT('',(5.4,2.85,6.601));
#12388=CARTESIAN_POINT('',(-6.15000000000001,2.65,0.9));
#12389=CARTESIAN_POINT('',(-6.15000000000001,2.45,0.9));
#12390=CARTESIAN_POINT('',(-4.9,2.90999999999999,0.900000000000002));
#12391=CARTESIAN_POINT('',(-6.15000000000001,2.45,0.9));
#12392=CARTESIAN_POINT('',(-6.15000000000001,2.35,0.999999999999998));
#12393=CARTESIAN_POINT('',(-6.15000000000001,2.14999999999999,1.2));
#12394=CARTESIAN_POINT('',(-6.15000000000001,2.85,1.35));
#12395=CARTESIAN_POINT('',(5.15,0.6,1.27500000000001));
#12396=CARTESIAN_POINT('',(5.32,0.89444863728671,1.27500000000001));
#12397=CARTESIAN_POINT('',(5.15,0.6,0.835000000000011));
#12398=CARTESIAN_POINT('',(5.32,0.89444863728671,0.835000000000012));
#12399=CARTESIAN_POINT('',(5.32,0.89444863728671,0.835000000000012));
#12400=CARTESIAN_POINT('',(5.15,0.6,0.835000000000011));
#12401=CARTESIAN_POINT('',(5.32,0.89444863728671,1.27500000000001));
#12402=CARTESIAN_POINT('',(5.32,1.58,1.27500000000001));
#12403=CARTESIAN_POINT('',(5.32,0.89444863728671,0.835000000000012));
#12404=CARTESIAN_POINT('',(5.32,1.58,0.835000000000013));
#12405=CARTESIAN_POINT('',(5.32,1.58,0.835000000000013));
#12406=CARTESIAN_POINT('',(5.32,0.89444863728671,0.835000000000012));
#12407=CARTESIAN_POINT('',(5.32,1.58,1.27500000000001));
#12408=CARTESIAN_POINT('',(5.32,1.58,0.835000000000013));
#12409=CARTESIAN_POINT('',(5.32,1.58,0.835000000000013));
#12410=CARTESIAN_POINT('',(-1.78186270086769E-15,-1.78186270086745E-15,
0.835000000000004));
#12411=CARTESIAN_POINT('',(-1.78186270086769E-15,-1.78186270086745E-15,
1.275));
#12412=CARTESIAN_POINT('',(-5.32,1.58,1.275));
#12413=CARTESIAN_POINT('',(-5.32,0.89444863728671,1.275));
#12414=CARTESIAN_POINT('',(-5.32,1.58,1.275));
#12415=CARTESIAN_POINT('',(-5.32,1.58,0.835000000000003));
#12416=CARTESIAN_POINT('',(-5.32,1.58,0.835000000000003));
#12417=CARTESIAN_POINT('',(-5.32,1.58,0.835000000000003));
#12418=CARTESIAN_POINT('',(-5.32,0.89444863728671,0.835000000000002));
#12419=CARTESIAN_POINT('',(-5.32,0.89444863728671,0.835000000000002));
#12420=CARTESIAN_POINT('',(-5.32,1.58,0.835000000000003));
#12421=CARTESIAN_POINT('',(-5.32,0.89444863728671,1.275));
#12422=CARTESIAN_POINT('',(-5.32,0.89444863728671,0.835000000000002));
#12423=CARTESIAN_POINT('',(-5.32,0.89444863728671,0.835000000000002));
#12424=CARTESIAN_POINT('',(-5.15,1.75,1.275));
#12425=CARTESIAN_POINT('',(-5.15,1.75,0.835000000000004));
#12426=CARTESIAN_POINT('',(-5.15,1.75,0.835000000000004));
#12427=CARTESIAN_POINT('',(-1.73591207113505E-15,-1.708024241466E-15,0.835000000000008));
#12428=CARTESIAN_POINT('',(-1.73591207113505E-15,-1.708024241466E-15,1.27500000000001));
#12429=CARTESIAN_POINT('',(-4.9,2.90999999999999,1.35));
#12430=CARTESIAN_POINT('',(-4.90000000000001,2.35,0.760000000000004));
#12431=CARTESIAN_POINT('',(-4.90000000000001,2.65,1.01000000000001));
#12432=CARTESIAN_POINT('',(4.85,1.75,1.35));
#12433=CARTESIAN_POINT('',(4.85,0.450000000000003,1.45));
#12434=CARTESIAN_POINT('',(4.85,0.450000000000003,1.45));
#12435=CARTESIAN_POINT('',(4.85,0.,0.));
#12436=CARTESIAN_POINT('',(-4.85,0.450000000000003,1.45));
#12437=CARTESIAN_POINT('',(-4.85,0.450000000000003,1.45));
#12438=CARTESIAN_POINT('',(-4.85,1.75,1.35));
#12439=CARTESIAN_POINT('',(-4.85,0.,0.));
#12440=CARTESIAN_POINT('',(-4.65,1.75,1.35));
#12441=CARTESIAN_POINT('',(-4.65,0.840000000000104,1.42));
#12442=CARTESIAN_POINT('',(-4.65,0.450000000000003,1.45));
#12443=CARTESIAN_POINT('',(-9.74499999999999,0.840000000000104,1.42));
#12444=CARTESIAN_POINT('',(-9.74499999999999,0.450000000000003,1.45));
#12445=CARTESIAN_POINT('',(-9.74499999999999,1.75,1.35));
#12446=CARTESIAN_POINT('',(-4.65,0.450000000000003,1.45));
#12447=CARTESIAN_POINT('',(-9.74499999999999,0.450000000000003,1.45));
#12448=CARTESIAN_POINT('',(6.14999999999999,2.85,1.35));
#12449=CARTESIAN_POINT('',(4.9,2.90999999999999,1.35));
#12450=CARTESIAN_POINT('',(5.20000000000001,2.50000000000003,0.760000000000001));
#12451=CARTESIAN_POINT('',(5.2,2.35,0.760000000000004));
#12452=CARTESIAN_POINT('',(5.20000000000001,2.36733500838582,0.689999999999998));
#12453=CARTESIAN_POINT('',(5.20000000000001,2.50000000000003,0.689999999999998));
#12454=CARTESIAN_POINT('',(5.2,2.63266499161425,0.689999999999998));
#12455=CARTESIAN_POINT('',(5.20000000000001,2.50000000000003,0.760000000000001));
#12456=CARTESIAN_POINT('',(5.19999999999999,2.65,0.760000000000004));
#12457=CARTESIAN_POINT('',(5.19999999999999,2.65,1.01000000000001));
#12458=CARTESIAN_POINT('',(5.2,2.35,0.760000000000004));
#12459=CARTESIAN_POINT('',(5.20000000000001,2.50000000000003,0.760000000000001));
#12460=CARTESIAN_POINT('',(4.9,2.35,0.760000000000004));
#12461=CARTESIAN_POINT('',(4.9,2.35,0.760000000000004));
#12462=CARTESIAN_POINT('',(4.9,2.65,0.760000000000004));
#12463=CARTESIAN_POINT('',(4.9,2.65,1.01000000000001));
#12464=CARTESIAN_POINT('',(5.,2.50000000000003,0.760000000000001));
#12465=CARTESIAN_POINT('',(5.,2.63266499161425,0.689999999999998));
#12466=CARTESIAN_POINT('',(5.,2.36733500838582,0.689999999999996));
#12467=CARTESIAN_POINT('',(4.90000000000001,2.36733500838582,0.689999999999998));
#12468=CARTESIAN_POINT('',(4.90000000000001,2.63266499161425,0.689999999999998));
#12469=CARTESIAN_POINT('',(4.90000000000001,2.50000000000003,0.760000000000001));
#12470=CARTESIAN_POINT('',(9.74499999999994,0.840000000000104,1.42));
#12471=CARTESIAN_POINT('',(4.65,0.840000000000104,1.42));
#12472=CARTESIAN_POINT('',(4.65,1.75,1.35));
#12473=CARTESIAN_POINT('',(4.65,0.450000000000003,1.45));
#12474=CARTESIAN_POINT('',(9.74499999999993,0.450000000000003,1.45));
#12475=CARTESIAN_POINT('',(9.74499999999994,1.75,1.35));
#12476=CARTESIAN_POINT('',(4.65,0.450000000000003,1.45));
#12477=CARTESIAN_POINT('',(9.74499999999993,0.450000000000003,1.45));
#12478=CARTESIAN_POINT('',(-4.75,-0.6,1.77));
#12479=CARTESIAN_POINT('',(-4.75,-0.6,1.77));
#12480=CARTESIAN_POINT('',(-4.95,-0.299999999999999,1.77));
#12481=CARTESIAN_POINT('',(-4.95,-0.299999999999999,1.77));
#12482=CARTESIAN_POINT('',(-4.95,-0.299999999999999,1.77));
#12483=CARTESIAN_POINT('',(-4.95,-0.299999999999999,1.77));
#12484=CARTESIAN_POINT('',(-4.55,-0.299999999999999,1.77));
#12485=CARTESIAN_POINT('',(-4.55,-0.299999999999999,1.77));
#12486=CARTESIAN_POINT('',(-4.75,-0.6,1.77));
#12487=CARTESIAN_POINT('',(-4.75,-0.6,1.77));
#12488=CARTESIAN_POINT('',(-4.55,-0.299999999999999,1.77));
#12489=CARTESIAN_POINT('',(-4.55,-0.299999999999999,1.77));
#12490=CARTESIAN_POINT('',(0.,0.,1.77));
#12491=CARTESIAN_POINT('',(-3.15,2.1,0.929999999999995));
#12492=CARTESIAN_POINT('',(-3.15,1.64367346938768,1.36000000000006));
#12493=CARTESIAN_POINT('',(-3.15,1.58,1.42));
#12494=CARTESIAN_POINT('',(3.735,1.64367346938768,1.36000000000006));
#12495=CARTESIAN_POINT('',(-3.35,1.64367346938768,1.36000000000006));
#12496=CARTESIAN_POINT('',(-3.35,2.1,0.929999999999995));
#12497=CARTESIAN_POINT('',(-3.35,1.58,1.42));
#12498=CARTESIAN_POINT('',(3.735,1.58,1.42));
#12499=CARTESIAN_POINT('',(-3.735,1.58,1.42));
#12500=CARTESIAN_POINT('',(-3.735,2.1,0.929999999999995));
#12501=CARTESIAN_POINT('',(-3.735,2.1,0.929999999999995));
#12502=CARTESIAN_POINT('',(3.735,2.1,0.929999999999995));
#12503=CARTESIAN_POINT('',(3.735,2.1,0.929999999999995));
#12504=CARTESIAN_POINT('',(3.735,2.1,0.929999999999995));
#12505=CARTESIAN_POINT('',(3.735,1.58,1.42));
#12506=CARTESIAN_POINT('',(3.735,1.58,1.42));
#12507=CARTESIAN_POINT('',(3.35,1.58,1.42));
#12508=CARTESIAN_POINT('',(3.35,2.1,0.929999999999995));
#12509=CARTESIAN_POINT('',(3.35,1.64367346938768,1.36000000000006));
#12510=CARTESIAN_POINT('',(3.735,1.64367346938768,1.36000000000006));
#12511=CARTESIAN_POINT('',(3.15,1.64367346938768,1.36000000000006));
#12512=CARTESIAN_POINT('',(3.15,2.1,0.929999999999995));
#12513=CARTESIAN_POINT('',(3.15,1.58,1.42));
#12514=CARTESIAN_POINT('',(3.735,1.58,1.42));
#12515=CARTESIAN_POINT('',(2.85,1.58,1.42));
#12516=CARTESIAN_POINT('',(2.85,2.1,0.929999999999995));
#12517=CARTESIAN_POINT('',(2.85,1.64367346938768,1.36000000000006));
#12518=CARTESIAN_POINT('',(3.735,1.64367346938768,1.36000000000006));
#12519=CARTESIAN_POINT('',(2.65,1.64367346938768,1.36000000000006));
#12520=CARTESIAN_POINT('',(2.65,2.1,0.929999999999995));
#12521=CARTESIAN_POINT('',(2.65,1.58,1.42));
#12522=CARTESIAN_POINT('',(3.735,1.58,1.42));
#12523=CARTESIAN_POINT('',(2.35,1.58,1.42));
#12524=CARTESIAN_POINT('',(2.35,2.1,0.929999999999995));
#12525=CARTESIAN_POINT('',(2.35,1.64367346938768,1.36000000000006));
#12526=CARTESIAN_POINT('',(3.735,1.64367346938768,1.36000000000006));
#12527=CARTESIAN_POINT('',(2.15,1.64367346938768,1.36000000000006));
#12528=CARTESIAN_POINT('',(2.15,2.1,0.929999999999995));
#12529=CARTESIAN_POINT('',(2.15,1.58,1.42));
#12530=CARTESIAN_POINT('',(3.735,1.58,1.42));
#12531=CARTESIAN_POINT('',(1.85,1.58,1.42));
#12532=CARTESIAN_POINT('',(1.85,2.1,0.929999999999995));
#12533=CARTESIAN_POINT('',(1.85,1.64367346938768,1.36000000000006));
#12534=CARTESIAN_POINT('',(3.735,1.64367346938768,1.36000000000006));
#12535=CARTESIAN_POINT('',(1.65,1.64367346938768,1.36000000000006));
#12536=CARTESIAN_POINT('',(1.65,2.1,0.929999999999995));
#12537=CARTESIAN_POINT('',(1.65,1.58,1.42));
#12538=CARTESIAN_POINT('',(3.735,1.58,1.42));
#12539=CARTESIAN_POINT('',(1.35,1.58,1.42));
#12540=CARTESIAN_POINT('',(1.35,2.1,0.929999999999995));
#12541=CARTESIAN_POINT('',(1.35,1.64367346938768,1.36000000000006));
#12542=CARTESIAN_POINT('',(3.735,1.64367346938768,1.36000000000006));
#12543=CARTESIAN_POINT('',(1.15,1.64367346938768,1.36000000000006));
#12544=CARTESIAN_POINT('',(1.15,2.1,0.929999999999995));
#12545=CARTESIAN_POINT('',(1.15,1.58,1.42));
#12546=CARTESIAN_POINT('',(3.735,1.58,1.42));
#12547=CARTESIAN_POINT('',(0.850000000000001,1.58,1.42));
#12548=CARTESIAN_POINT('',(0.850000000000001,2.1,0.929999999999995));
#12549=CARTESIAN_POINT('',(0.850000000000001,1.64367346938768,1.36000000000006));
#12550=CARTESIAN_POINT('',(3.735,1.64367346938768,1.36000000000006));
#12551=CARTESIAN_POINT('',(0.650000000000001,1.64367346938768,1.36000000000006));
#12552=CARTESIAN_POINT('',(0.650000000000001,2.1,0.929999999999995));
#12553=CARTESIAN_POINT('',(0.650000000000001,1.58,1.42));
#12554=CARTESIAN_POINT('',(3.735,1.58,1.42));
#12555=CARTESIAN_POINT('',(0.350000000000001,1.58,1.42));
#12556=CARTESIAN_POINT('',(0.350000000000001,2.1,0.929999999999995));
#12557=CARTESIAN_POINT('',(0.350000000000001,1.64367346938768,1.36000000000006));
#12558=CARTESIAN_POINT('',(3.735,1.64367346938768,1.36000000000006));
#12559=CARTESIAN_POINT('',(0.150000000000001,1.64367346938768,1.36000000000006));
#12560=CARTESIAN_POINT('',(0.150000000000001,2.1,0.929999999999995));
#12561=CARTESIAN_POINT('',(0.150000000000001,1.58,1.42));
#12562=CARTESIAN_POINT('',(3.735,1.58,1.42));
#12563=CARTESIAN_POINT('',(-0.149999999999999,1.58,1.42));
#12564=CARTESIAN_POINT('',(-0.149999999999999,2.1,0.929999999999995));
#12565=CARTESIAN_POINT('',(-0.149999999999999,1.64367346938768,1.36000000000006));
#12566=CARTESIAN_POINT('',(3.735,1.64367346938768,1.36000000000006));
#12567=CARTESIAN_POINT('',(-0.349999999999999,1.64367346938768,1.36000000000006));
#12568=CARTESIAN_POINT('',(-0.349999999999999,2.1,0.929999999999995));
#12569=CARTESIAN_POINT('',(-0.349999999999999,1.58,1.42));
#12570=CARTESIAN_POINT('',(3.735,1.58,1.42));
#12571=CARTESIAN_POINT('',(-0.649999999999999,1.58,1.42));
#12572=CARTESIAN_POINT('',(-0.649999999999999,2.1,0.929999999999995));
#12573=CARTESIAN_POINT('',(-0.649999999999999,1.64367346938768,1.36000000000006));
#12574=CARTESIAN_POINT('',(3.735,1.64367346938768,1.36000000000006));
#12575=CARTESIAN_POINT('',(-0.849999999999999,1.64367346938768,1.36000000000006));
#12576=CARTESIAN_POINT('',(-0.849999999999999,2.1,0.929999999999995));
#12577=CARTESIAN_POINT('',(-0.849999999999999,1.58,1.42));
#12578=CARTESIAN_POINT('',(3.735,1.58,1.42));
#12579=CARTESIAN_POINT('',(-1.15,1.58,1.42));
#12580=CARTESIAN_POINT('',(-1.15,2.1,0.929999999999995));
#12581=CARTESIAN_POINT('',(-1.15,1.64367346938768,1.36000000000006));
#12582=CARTESIAN_POINT('',(3.735,1.64367346938768,1.36000000000006));
#12583=CARTESIAN_POINT('',(-1.35,1.64367346938768,1.36000000000006));
#12584=CARTESIAN_POINT('',(-1.35,2.1,0.929999999999995));
#12585=CARTESIAN_POINT('',(-1.35,1.58,1.42));
#12586=CARTESIAN_POINT('',(3.735,1.58,1.42));
#12587=CARTESIAN_POINT('',(-1.65,1.58,1.42));
#12588=CARTESIAN_POINT('',(-1.65,2.1,0.929999999999995));
#12589=CARTESIAN_POINT('',(-1.65,1.64367346938768,1.36000000000006));
#12590=CARTESIAN_POINT('',(3.735,1.64367346938768,1.36000000000006));
#12591=CARTESIAN_POINT('',(-1.85,1.64367346938768,1.36000000000006));
#12592=CARTESIAN_POINT('',(-1.85,2.1,0.929999999999995));
#12593=CARTESIAN_POINT('',(-1.85,1.58,1.42));
#12594=CARTESIAN_POINT('',(3.735,1.58,1.42));
#12595=CARTESIAN_POINT('',(-2.15,1.58,1.42));
#12596=CARTESIAN_POINT('',(-2.15,2.1,0.929999999999995));
#12597=CARTESIAN_POINT('',(-2.15,1.64367346938768,1.36000000000006));
#12598=CARTESIAN_POINT('',(3.735,1.64367346938768,1.36000000000006));
#12599=CARTESIAN_POINT('',(-2.35,1.64367346938768,1.36000000000006));
#12600=CARTESIAN_POINT('',(-2.35,2.1,0.929999999999995));
#12601=CARTESIAN_POINT('',(-2.35,1.58,1.42));
#12602=CARTESIAN_POINT('',(3.735,1.58,1.42));
#12603=CARTESIAN_POINT('',(-2.65,1.58,1.42));
#12604=CARTESIAN_POINT('',(-2.65,2.1,0.929999999999995));
#12605=CARTESIAN_POINT('',(-2.65,1.64367346938768,1.36000000000006));
#12606=CARTESIAN_POINT('',(3.735,1.64367346938768,1.36000000000006));
#12607=CARTESIAN_POINT('',(-2.85,1.64367346938768,1.36000000000006));
#12608=CARTESIAN_POINT('',(-2.85,2.1,0.929999999999995));
#12609=CARTESIAN_POINT('',(-2.85,1.58,1.42));
#12610=CARTESIAN_POINT('',(3.735,1.58,1.42));
#12611=CARTESIAN_POINT('',(3.735,2.1,0.929999999999995));
#12612=CARTESIAN_POINT('',(5.,0.05,18.81));
#12613=CARTESIAN_POINT('',(5.,0.05,0.239999999999994));
#12614=CARTESIAN_POINT('',(5.,0.55,18.81));
#12615=CARTESIAN_POINT('',(5.,0.55,0.689999999999998));
#12616=CARTESIAN_POINT('',(5.,0.0499999999999998,0.689999999999996));
#12617=CARTESIAN_POINT('',(5.,0.0499999999999998,0.689999999999996));
#12618=CARTESIAN_POINT('',(5.,2.725,0.689999999999996));
#12619=CARTESIAN_POINT('',(5.,2.725,18.81));
#12620=CARTESIAN_POINT('',(5.,2.725,0.240000000000001));
#12621=CARTESIAN_POINT('',(5.,0.0499999999999998,0.239999999999994));
#12622=CARTESIAN_POINT('',(5.,0.0499999999999998,18.81));
#12623=CARTESIAN_POINT('',(5.65,0.55,0.689999999999998));
#12624=CARTESIAN_POINT('',(5.65,0.55,0.689999999999998));
#12625=CARTESIAN_POINT('',(5.65,3.5,0.689999999999998));
#12626=CARTESIAN_POINT('',(5.65,3.35,0.689999999999998));
#12627=CARTESIAN_POINT('',(55.935,3.35,0.690000000000009));
#12628=CARTESIAN_POINT('',(4.65,3.35,0.689999999999998));
#12629=CARTESIAN_POINT('',(4.65,3.5,0.689999999999998));
#12630=CARTESIAN_POINT('',(4.65,2.725,0.689999999999996));
#12631=CARTESIAN_POINT('',(4.825,2.725,0.689999999999996));
#12632=CARTESIAN_POINT('',(5.65,3.5,0.689999999999998));
#12633=CARTESIAN_POINT('',(4.65,2.725,1.42));
#12634=CARTESIAN_POINT('',(4.65,2.725,1.42));
#12635=CARTESIAN_POINT('',(4.65,2.725,18.81));
#12636=CARTESIAN_POINT('',(4.65,2.725,1.90000000000001));
#12637=CARTESIAN_POINT('',(4.65,2.725,1.9));
#12638=CARTESIAN_POINT('',(4.64999999999999,0.15,1.9));
#12639=CARTESIAN_POINT('',(4.65,0.15,1.42));
#12640=CARTESIAN_POINT('',(4.65,2.725,18.81));
#12641=CARTESIAN_POINT('',(3.735,1.71,0.589999999999996));
#12642=CARTESIAN_POINT('',(-3.35,1.71,0.589999999999996));
#12643=CARTESIAN_POINT('',(-3.735,1.71,0.589999999999996));
#12644=CARTESIAN_POINT('',(-3.35,1.71,0.589999999999996));
#12645=CARTESIAN_POINT('',(-3.35,2.1,0.629999999999995));
#12646=CARTESIAN_POINT('',(3.735,2.1,0.629999999999995));
#12647=CARTESIAN_POINT('',(-3.735,2.1,0.629999999999995));
#12648=CARTESIAN_POINT('',(-3.735,1.71,0.589999999999996));
#12649=CARTESIAN_POINT('',(3.735,1.71,0.589999999999996));
#12650=CARTESIAN_POINT('',(-3.15,1.71,0.589999999999996));
#12651=CARTESIAN_POINT('',(-3.15,1.71,0.589999999999996));
#12652=CARTESIAN_POINT('',(-3.15,2.1,0.629999999999995));
#12653=CARTESIAN_POINT('',(3.735,1.71,0.589999999999996));
#12654=CARTESIAN_POINT('',(-2.85,1.71,0.589999999999996));
#12655=CARTESIAN_POINT('',(-2.85,1.71,0.589999999999996));
#12656=CARTESIAN_POINT('',(-2.85,2.1,0.629999999999995));
#12657=CARTESIAN_POINT('',(3.735,2.1,0.629999999999995));
#12658=CARTESIAN_POINT('',(3.735,1.71,0.589999999999996));
#12659=CARTESIAN_POINT('',(-2.65,1.71,0.589999999999996));
#12660=CARTESIAN_POINT('',(-2.65,1.71,0.589999999999996));
#12661=CARTESIAN_POINT('',(-2.65,2.1,0.629999999999995));
#12662=CARTESIAN_POINT('',(3.735,1.71,0.589999999999996));
#12663=CARTESIAN_POINT('',(-2.35,1.71,0.589999999999996));
#12664=CARTESIAN_POINT('',(-2.35,1.71,0.589999999999996));
#12665=CARTESIAN_POINT('',(-2.35,2.1,0.629999999999995));
#12666=CARTESIAN_POINT('',(3.735,2.1,0.629999999999995));
#12667=CARTESIAN_POINT('',(3.735,1.71,0.589999999999996));
#12668=CARTESIAN_POINT('',(-2.15,1.71,0.589999999999996));
#12669=CARTESIAN_POINT('',(-2.15,1.71,0.589999999999996));
#12670=CARTESIAN_POINT('',(-2.15,2.1,0.629999999999995));
#12671=CARTESIAN_POINT('',(3.735,1.71,0.589999999999996));
#12672=CARTESIAN_POINT('',(-1.85,1.71,0.589999999999996));
#12673=CARTESIAN_POINT('',(-1.85,1.71,0.589999999999996));
#12674=CARTESIAN_POINT('',(-1.85,2.1,0.629999999999995));
#12675=CARTESIAN_POINT('',(3.735,2.1,0.629999999999995));
#12676=CARTESIAN_POINT('',(3.735,1.71,0.589999999999996));
#12677=CARTESIAN_POINT('',(-1.65,1.71,0.589999999999996));
#12678=CARTESIAN_POINT('',(-1.65,1.71,0.589999999999996));
#12679=CARTESIAN_POINT('',(-1.65,2.1,0.629999999999995));
#12680=CARTESIAN_POINT('',(3.735,1.71,0.589999999999996));
#12681=CARTESIAN_POINT('',(-1.35,1.71,0.589999999999996));
#12682=CARTESIAN_POINT('',(-1.35,1.71,0.589999999999996));
#12683=CARTESIAN_POINT('',(-1.35,2.1,0.629999999999995));
#12684=CARTESIAN_POINT('',(3.735,2.1,0.629999999999995));
#12685=CARTESIAN_POINT('',(3.735,1.71,0.589999999999996));
#12686=CARTESIAN_POINT('',(-1.15,1.71,0.589999999999996));
#12687=CARTESIAN_POINT('',(-1.15,1.71,0.589999999999996));
#12688=CARTESIAN_POINT('',(-1.15,2.1,0.629999999999995));
#12689=CARTESIAN_POINT('',(3.735,1.71,0.589999999999996));
#12690=CARTESIAN_POINT('',(-0.849999999999999,1.71,0.589999999999996));
#12691=CARTESIAN_POINT('',(-0.849999999999999,1.71,0.589999999999996));
#12692=CARTESIAN_POINT('',(-0.849999999999999,2.1,0.629999999999995));
#12693=CARTESIAN_POINT('',(3.735,2.1,0.629999999999995));
#12694=CARTESIAN_POINT('',(3.735,1.71,0.589999999999996));
#12695=CARTESIAN_POINT('',(-0.649999999999999,1.71,0.589999999999996));
#12696=CARTESIAN_POINT('',(-0.649999999999999,1.71,0.589999999999996));
#12697=CARTESIAN_POINT('',(-0.649999999999999,2.1,0.629999999999995));
#12698=CARTESIAN_POINT('',(3.735,1.71,0.589999999999996));
#12699=CARTESIAN_POINT('',(-0.349999999999999,1.71,0.589999999999996));
#12700=CARTESIAN_POINT('',(-0.349999999999999,1.71,0.589999999999996));
#12701=CARTESIAN_POINT('',(-0.349999999999999,2.1,0.629999999999995));
#12702=CARTESIAN_POINT('',(3.735,2.1,0.629999999999995));
#12703=CARTESIAN_POINT('',(3.735,1.71,0.589999999999996));
#12704=CARTESIAN_POINT('',(-0.149999999999999,1.71,0.589999999999996));
#12705=CARTESIAN_POINT('',(-0.149999999999999,1.71,0.589999999999996));
#12706=CARTESIAN_POINT('',(-0.149999999999999,2.1,0.629999999999995));
#12707=CARTESIAN_POINT('',(3.735,1.71,0.589999999999996));
#12708=CARTESIAN_POINT('',(0.150000000000001,1.71,0.589999999999996));
#12709=CARTESIAN_POINT('',(0.150000000000001,1.71,0.589999999999996));
#12710=CARTESIAN_POINT('',(0.150000000000001,2.1,0.629999999999995));
#12711=CARTESIAN_POINT('',(3.735,2.1,0.629999999999995));
#12712=CARTESIAN_POINT('',(3.735,1.71,0.589999999999996));
#12713=CARTESIAN_POINT('',(0.350000000000001,1.71,0.589999999999996));
#12714=CARTESIAN_POINT('',(0.350000000000001,1.71,0.589999999999996));
#12715=CARTESIAN_POINT('',(0.350000000000001,2.1,0.629999999999995));
#12716=CARTESIAN_POINT('',(3.735,1.71,0.589999999999996));
#12717=CARTESIAN_POINT('',(0.650000000000001,1.71,0.589999999999996));
#12718=CARTESIAN_POINT('',(0.650000000000001,1.71,0.589999999999996));
#12719=CARTESIAN_POINT('',(0.650000000000001,2.1,0.629999999999995));
#12720=CARTESIAN_POINT('',(3.735,2.1,0.629999999999995));
#12721=CARTESIAN_POINT('',(3.735,1.71,0.589999999999996));
#12722=CARTESIAN_POINT('',(0.850000000000001,1.71,0.589999999999996));
#12723=CARTESIAN_POINT('',(0.850000000000001,1.71,0.589999999999996));
#12724=CARTESIAN_POINT('',(0.850000000000001,2.1,0.629999999999995));
#12725=CARTESIAN_POINT('',(3.735,1.71,0.589999999999996));
#12726=CARTESIAN_POINT('',(1.15,1.71,0.589999999999996));
#12727=CARTESIAN_POINT('',(1.15,1.71,0.589999999999996));
#12728=CARTESIAN_POINT('',(1.15,2.1,0.629999999999995));
#12729=CARTESIAN_POINT('',(3.735,2.1,0.629999999999995));
#12730=CARTESIAN_POINT('',(3.735,1.71,0.589999999999996));
#12731=CARTESIAN_POINT('',(1.35,1.71,0.589999999999996));
#12732=CARTESIAN_POINT('',(1.35,1.71,0.589999999999996));
#12733=CARTESIAN_POINT('',(1.35,2.1,0.629999999999995));
#12734=CARTESIAN_POINT('',(3.735,1.71,0.589999999999996));
#12735=CARTESIAN_POINT('',(1.65,1.71,0.589999999999996));
#12736=CARTESIAN_POINT('',(1.65,1.71,0.589999999999996));
#12737=CARTESIAN_POINT('',(1.65,2.1,0.629999999999995));
#12738=CARTESIAN_POINT('',(3.735,2.1,0.629999999999995));
#12739=CARTESIAN_POINT('',(3.735,1.71,0.589999999999996));
#12740=CARTESIAN_POINT('',(1.85,1.71,0.589999999999996));
#12741=CARTESIAN_POINT('',(1.85,1.71,0.589999999999996));
#12742=CARTESIAN_POINT('',(1.85,2.1,0.629999999999995));
#12743=CARTESIAN_POINT('',(3.735,1.71,0.589999999999996));
#12744=CARTESIAN_POINT('',(2.15,1.71,0.589999999999996));
#12745=CARTESIAN_POINT('',(2.15,1.71,0.589999999999996));
#12746=CARTESIAN_POINT('',(2.15,2.1,0.629999999999995));
#12747=CARTESIAN_POINT('',(3.735,2.1,0.629999999999995));
#12748=CARTESIAN_POINT('',(3.735,1.71,0.589999999999996));
#12749=CARTESIAN_POINT('',(2.35,1.71,0.589999999999996));
#12750=CARTESIAN_POINT('',(2.35,1.71,0.589999999999996));
#12751=CARTESIAN_POINT('',(2.35,2.1,0.629999999999995));
#12752=CARTESIAN_POINT('',(3.735,1.71,0.589999999999996));
#12753=CARTESIAN_POINT('',(2.65,1.71,0.589999999999996));
#12754=CARTESIAN_POINT('',(2.65,1.71,0.589999999999996));
#12755=CARTESIAN_POINT('',(2.65,2.1,0.629999999999995));
#12756=CARTESIAN_POINT('',(3.735,2.1,0.629999999999995));
#12757=CARTESIAN_POINT('',(3.735,1.71,0.589999999999996));
#12758=CARTESIAN_POINT('',(2.85,1.71,0.589999999999996));
#12759=CARTESIAN_POINT('',(2.85,1.71,0.589999999999996));
#12760=CARTESIAN_POINT('',(2.85,2.1,0.629999999999995));
#12761=CARTESIAN_POINT('',(3.735,1.71,0.589999999999996));
#12762=CARTESIAN_POINT('',(3.15,1.71,0.589999999999996));
#12763=CARTESIAN_POINT('',(3.15,1.71,0.589999999999996));
#12764=CARTESIAN_POINT('',(3.15,2.1,0.629999999999995));
#12765=CARTESIAN_POINT('',(3.735,2.1,0.629999999999995));
#12766=CARTESIAN_POINT('',(3.735,1.71,0.589999999999996));
#12767=CARTESIAN_POINT('',(-4.315,0.,-1.0547118733939E-15));
#12768=CARTESIAN_POINT('',(-4.315,0.,-1.05687018766417E-15));
#12769=CARTESIAN_POINT('',(-5.65,0.,3.45962720759127E-16));
#12770=CARTESIAN_POINT('',(-3.7,-8.88178419700125E-16,0.));
#12771=CARTESIAN_POINT('',(-3.7,-8.88178419700125E-16,0.59));
#12772=CARTESIAN_POINT('',(-3.7,-5.23536506635479E-17,0.589999999999996));
#12773=CARTESIAN_POINT('',(3.735,-5.23536506635479E-17,0.589999999999996));
#12774=CARTESIAN_POINT('',(-3.735,-5.23536506635479E-17,0.589999999999996));
#12775=CARTESIAN_POINT('',(-3.735,-1.47284765356189E-16,1.42));
#12776=CARTESIAN_POINT('',(0.,0.,0.));
#12777=CARTESIAN_POINT('',(-4.35,2.05,14.0580000000001));
#12778=CARTESIAN_POINT('',(-4.35,2.05,1.41999999999999));
#12779=CARTESIAN_POINT('',(-4.35,2.05,0.830000000000001));
#12780=CARTESIAN_POINT('',(-4.35,34.65,1.42));
#12781=CARTESIAN_POINT('',(-4.35,3.35,1.42));
#12782=CARTESIAN_POINT('',(-4.35,3.35,1.60000000000001));
#12783=CARTESIAN_POINT('',(-4.35,3.35,0.83));
#12784=CARTESIAN_POINT('',(-4.35,34.65,0.83));
#12785=CARTESIAN_POINT('',(-4.35,34.65,0.83));
#12786=CARTESIAN_POINT('',(4.35,34.65,1.42));
#12787=CARTESIAN_POINT('',(4.35,2.05,1.41999999999999));
#12788=CARTESIAN_POINT('',(4.35,3.35,1.42));
#12789=CARTESIAN_POINT('',(4.35,2.05,14.0580000000001));
#12790=CARTESIAN_POINT('',(4.35,2.05,0.829999999999999));
#12791=CARTESIAN_POINT('',(4.35,34.65,0.83));
#12792=CARTESIAN_POINT('',(4.35,3.35,0.83));
#12793=CARTESIAN_POINT('',(4.35,3.35,1.60000000000001));
#12794=CARTESIAN_POINT('',(4.35,34.65,0.83));
#12795=CARTESIAN_POINT('',(4.2,0.8,0.969999999999995));
#12796=CARTESIAN_POINT('',(4.2,0.8,0.969999999999995));
#12797=CARTESIAN_POINT('',(4.35,0.8,0.969999999999995));
#12798=CARTESIAN_POINT('',(3.735,0.8,0.969999999999995));
#12799=CARTESIAN_POINT('',(3.735,0.8,0.969999999999995));
#12800=CARTESIAN_POINT('',(4.35,0.8,0.969999999999995));
#12801=CARTESIAN_POINT('',(4.2,0.8,0.));
#12802=CARTESIAN_POINT('',(4.2,0.8,1.42));
#12803=CARTESIAN_POINT('',(3.735,0.8,1.42));
#12804=CARTESIAN_POINT('',(3.735,0.8,1.42));
#12805=CARTESIAN_POINT('',(3.735,0.8,0.969999999999995));
#12806=CARTESIAN_POINT('',(0.,0.8,0.));
#12807=CARTESIAN_POINT('',(-4.2,0.8,0.969999999999995));
#12808=CARTESIAN_POINT('',(-4.2,0.8,0.969999999999995));
#12809=CARTESIAN_POINT('',(-3.735,0.8,0.969999999999995));
#12810=CARTESIAN_POINT('',(-3.735,0.8,0.969999999999995));
#12811=CARTESIAN_POINT('',(-4.35,0.8,0.969999999999995));
#12812=CARTESIAN_POINT('',(-4.35,0.8,0.969999999999995));
#12813=CARTESIAN_POINT('',(-3.735,0.8,1.42));
#12814=CARTESIAN_POINT('',(-3.735,0.8,1.42));
#12815=CARTESIAN_POINT('',(-4.2,0.8,1.42));
#12816=CARTESIAN_POINT('',(-4.2,0.8,0.));
#12817=CARTESIAN_POINT('',(-3.735,0.8,0.969999999999995));
#12818=CARTESIAN_POINT('',(0.,0.8,0.));
#12819=CARTESIAN_POINT('',(-4.65,0.,1.9));
#12820=CARTESIAN_POINT('',(-4.65000000000002,0.15,1.9));
#12821=CARTESIAN_POINT('',(-4.65,2.725,1.9));
#12822=CARTESIAN_POINT('',(-46.035,0.15,1.9));
#12823=CARTESIAN_POINT('',(4.825,2.725,1.9));
#12824=CARTESIAN_POINT('',(5.,2.725,1.9));
#12825=CARTESIAN_POINT('',(5.,0.0499999999999998,1.9));
#12826=CARTESIAN_POINT('',(5.,0.05,1.90000000000001));
#12827=CARTESIAN_POINT('',(5.65000000000001,0.0499999999999998,1.9));
#12828=CARTESIAN_POINT('',(5.65,0.0499999999999998,1.90000000000001));
#12829=CARTESIAN_POINT('',(5.65,3.5,1.9));
#12830=CARTESIAN_POINT('',(5.65,3.5,1.9));
#12831=CARTESIAN_POINT('',(5.65,3.5,1.9));
#12832=CARTESIAN_POINT('',(-5.65,3.5,1.9));
#12833=CARTESIAN_POINT('',(-5.65,3.5,1.9));
#12834=CARTESIAN_POINT('',(-5.65,0.0499999999999998,1.9));
#12835=CARTESIAN_POINT('',(-4.99999999999999,0.05,1.9));
#12836=CARTESIAN_POINT('',(-5.,0.0499999999999997,1.9));
#12837=CARTESIAN_POINT('',(-5.,2.725,1.9));
#12838=CARTESIAN_POINT('',(-5.,2.725,1.9));
#12839=CARTESIAN_POINT('',(-4.825,2.725,1.9));
#12840=CARTESIAN_POINT('',(5.65,3.5,1.9));
#12841=CARTESIAN_POINT('',(-4.65,0.,1.42));
#12842=CARTESIAN_POINT('',(-4.65,2.725,1.42000000000001));
#12843=CARTESIAN_POINT('',(-4.65000000000001,0.15,1.42));
#12844=CARTESIAN_POINT('',(-4.65,2.725,18.81));
#12845=CARTESIAN_POINT('',(-4.65,0.,18.81));
#12846=CARTESIAN_POINT('',(-3.15,3.35,1.60000000000001));
#12847=CARTESIAN_POINT('',(-3.15,3.35,0.770000000000063));
#12848=CARTESIAN_POINT('',(-3.15,3.35,3.25260651745651E-16));
#12849=CARTESIAN_POINT('',(-3.15,3.35,0.770000000000063));
#12850=CARTESIAN_POINT('',(-3.35,3.35,0.770000000000063));
#12851=CARTESIAN_POINT('',(-3.35,3.35,1.60000000000001));
#12852=CARTESIAN_POINT('',(-3.35,3.35,-1.73472347597681E-15));
#12853=CARTESIAN_POINT('',(55.935,3.35,-1.73472347597681E-15));
#12854=CARTESIAN_POINT('',(-4.315,3.35,-1.05687018766417E-15));
#12855=CARTESIAN_POINT('',(-4.315,3.35,-1.0547118733939E-15));
#12856=CARTESIAN_POINT('',(-4.315,3.35,0.239999999999996));
#12857=CARTESIAN_POINT('',(-4.315,3.35,0.239999999999996));
#12858=CARTESIAN_POINT('',(-5.65,3.35,0.239999999999995));
#12859=CARTESIAN_POINT('',(-5.65,3.35,1.60000000000001));
#12860=CARTESIAN_POINT('',(-5.65,3.35,0.689999999999998));
#12861=CARTESIAN_POINT('',(55.935,3.35,0.689999999999984));
#12862=CARTESIAN_POINT('',(-4.65,3.35,0.689999999999998));
#12863=CARTESIAN_POINT('',(-4.65,3.35,1.60000000000001));
#12864=CARTESIAN_POINT('',(-4.65,3.35,0.83));
#12865=CARTESIAN_POINT('',(55.935,3.35,0.830000000000016));
#12866=CARTESIAN_POINT('',(55.935,3.35,1.42000000000002));
#12867=CARTESIAN_POINT('',(-5.65,3.35,1.42));
#12868=CARTESIAN_POINT('',(-5.65,3.35,1.60000000000001));
#12869=CARTESIAN_POINT('',(-5.65,3.35,1.60000000000001));
#12870=CARTESIAN_POINT('',(55.935,3.35,1.60000000000001));
#12871=CARTESIAN_POINT('',(5.65,3.35,1.60000000000001));
#12872=CARTESIAN_POINT('',(5.65,3.35,1.60000000000001));
#12873=CARTESIAN_POINT('',(5.65,3.35,1.42));
#12874=CARTESIAN_POINT('',(55.935,3.35,1.41999999999999));
#12875=CARTESIAN_POINT('',(55.935,3.35,0.829999999999986));
#12876=CARTESIAN_POINT('',(4.65,3.35,0.83));
#12877=CARTESIAN_POINT('',(4.65,3.35,1.60000000000001));
#12878=CARTESIAN_POINT('',(5.65,3.35,1.60000000000001));
#12879=CARTESIAN_POINT('',(5.65,3.35,0.239999999999995));
#12880=CARTESIAN_POINT('',(5.65,3.35,0.239999999999995));
#12881=CARTESIAN_POINT('',(4.315,3.35,0.239999999999996));
#12882=CARTESIAN_POINT('',(4.315,3.35,0.239999999999996));
#12883=CARTESIAN_POINT('',(4.315,3.35,-1.05709711817337E-15));
#12884=CARTESIAN_POINT('',(55.935,3.35,-1.73472347597681E-15));
#12885=CARTESIAN_POINT('',(3.35,3.35,3.25260651745651E-16));
#12886=CARTESIAN_POINT('',(3.35,3.35,1.60000000000001));
#12887=CARTESIAN_POINT('',(3.35,3.35,0.770000000000063));
#12888=CARTESIAN_POINT('',(3.35,3.35,0.770000000000063));
#12889=CARTESIAN_POINT('',(3.15,3.35,0.770000000000063));
#12890=CARTESIAN_POINT('',(3.15,3.35,1.60000000000001));
#12891=CARTESIAN_POINT('',(3.15,3.35,-1.73472347597681E-15));
#12892=CARTESIAN_POINT('',(55.935,3.35,-1.73472347597681E-15));
#12893=CARTESIAN_POINT('',(2.85,3.35,3.25260651745651E-16));
#12894=CARTESIAN_POINT('',(2.85,3.35,1.60000000000001));
#12895=CARTESIAN_POINT('',(2.85,3.35,0.770000000000063));
#12896=CARTESIAN_POINT('',(2.85,3.35,0.770000000000063));
#12897=CARTESIAN_POINT('',(2.65,3.35,0.770000000000063));
#12898=CARTESIAN_POINT('',(2.65,3.35,1.60000000000001));
#12899=CARTESIAN_POINT('',(2.65,3.35,-1.73472347597681E-15));
#12900=CARTESIAN_POINT('',(55.935,3.35,-1.73472347597681E-15));
#12901=CARTESIAN_POINT('',(2.35,3.35,3.25260651745651E-16));
#12902=CARTESIAN_POINT('',(2.35,3.35,1.60000000000001));
#12903=CARTESIAN_POINT('',(2.35,3.35,0.770000000000063));
#12904=CARTESIAN_POINT('',(2.35,3.35,0.770000000000063));
#12905=CARTESIAN_POINT('',(2.15,3.35,0.770000000000063));
#12906=CARTESIAN_POINT('',(2.15,3.35,1.60000000000001));
#12907=CARTESIAN_POINT('',(2.15,3.35,-1.73472347597681E-15));
#12908=CARTESIAN_POINT('',(55.935,3.35,-1.73472347597681E-15));
#12909=CARTESIAN_POINT('',(1.85,3.35,3.25260651745651E-16));
#12910=CARTESIAN_POINT('',(1.85,3.35,1.60000000000001));
#12911=CARTESIAN_POINT('',(1.85,3.35,0.770000000000063));
#12912=CARTESIAN_POINT('',(1.85,3.35,0.770000000000063));
#12913=CARTESIAN_POINT('',(1.65,3.35,0.770000000000063));
#12914=CARTESIAN_POINT('',(1.65,3.35,1.60000000000001));
#12915=CARTESIAN_POINT('',(1.65,3.35,-1.73472347597681E-15));
#12916=CARTESIAN_POINT('',(55.935,3.35,-1.73472347597681E-15));
#12917=CARTESIAN_POINT('',(1.35,3.35,3.25260651745651E-16));
#12918=CARTESIAN_POINT('',(1.35,3.35,1.60000000000001));
#12919=CARTESIAN_POINT('',(1.35,3.35,0.770000000000063));
#12920=CARTESIAN_POINT('',(1.35,3.35,0.770000000000063));
#12921=CARTESIAN_POINT('',(1.15,3.35,0.770000000000063));
#12922=CARTESIAN_POINT('',(1.15,3.35,1.60000000000001));
#12923=CARTESIAN_POINT('',(1.15,3.35,-1.73472347597681E-15));
#12924=CARTESIAN_POINT('',(55.935,3.35,-1.73472347597681E-15));
#12925=CARTESIAN_POINT('',(0.850000000000001,3.35,3.25260651745651E-16));
#12926=CARTESIAN_POINT('',(0.850000000000004,3.35,1.60000000000001));
#12927=CARTESIAN_POINT('',(0.850000000000001,3.35,0.770000000000063));
#12928=CARTESIAN_POINT('',(0.850000000000001,3.35,0.770000000000063));
#12929=CARTESIAN_POINT('',(0.650000000000001,3.35,0.770000000000063));
#12930=CARTESIAN_POINT('',(0.649999999999998,3.35,1.60000000000001));
#12931=CARTESIAN_POINT('',(0.650000000000005,3.35,-1.73472347597681E-15));
#12932=CARTESIAN_POINT('',(55.935,3.35,-1.73472347597681E-15));
#12933=CARTESIAN_POINT('',(0.350000000000001,3.35,3.25260651745651E-16));
#12934=CARTESIAN_POINT('',(0.350000000000003,3.35,1.60000000000001));
#12935=CARTESIAN_POINT('',(0.350000000000001,3.35,0.770000000000063));
#12936=CARTESIAN_POINT('',(0.350000000000001,3.35,0.770000000000063));
#12937=CARTESIAN_POINT('',(0.150000000000001,3.35,0.770000000000063));
#12938=CARTESIAN_POINT('',(0.150000000000004,3.35,1.60000000000001));
#12939=CARTESIAN_POINT('',(0.150000000000004,3.35,-1.73472347597681E-15));
#12940=CARTESIAN_POINT('',(55.935,3.35,-1.73472347597681E-15));
#12941=CARTESIAN_POINT('',(-0.149999999999999,3.35,3.25260651745651E-16));
#12942=CARTESIAN_POINT('',(-0.149999999999997,3.35,1.60000000000001));
#12943=CARTESIAN_POINT('',(-0.149999999999999,3.35,0.770000000000063));
#12944=CARTESIAN_POINT('',(-0.149999999999999,3.35,0.770000000000063));
#12945=CARTESIAN_POINT('',(-0.349999999999999,3.35,0.770000000000063));
#12946=CARTESIAN_POINT('',(-0.349999999999996,3.35,1.60000000000001));
#12947=CARTESIAN_POINT('',(-0.349999999999996,3.35,-1.73472347597681E-15));
#12948=CARTESIAN_POINT('',(55.935,3.35,-1.73472347597681E-15));
#12949=CARTESIAN_POINT('',(-0.649999999999999,3.35,3.25260651745651E-16));
#12950=CARTESIAN_POINT('',(-0.649999999999998,3.35,1.60000000000001));
#12951=CARTESIAN_POINT('',(-0.649999999999999,3.35,0.770000000000063));
#12952=CARTESIAN_POINT('',(-0.649999999999999,3.35,0.770000000000063));
#12953=CARTESIAN_POINT('',(-0.849999999999999,3.35,0.770000000000063));
#12954=CARTESIAN_POINT('',(-0.849999999999997,3.35,1.60000000000001));
#12955=CARTESIAN_POINT('',(-0.849999999999997,3.35,-1.73472347597681E-15));
#12956=CARTESIAN_POINT('',(55.935,3.35,-1.73472347597681E-15));
#12957=CARTESIAN_POINT('',(-1.15,3.35,3.25260651745651E-16));
#12958=CARTESIAN_POINT('',(-1.15,3.35,1.60000000000001));
#12959=CARTESIAN_POINT('',(-1.15,3.35,0.770000000000063));
#12960=CARTESIAN_POINT('',(-1.15,3.35,0.770000000000063));
#12961=CARTESIAN_POINT('',(-1.35,3.35,0.770000000000063));
#12962=CARTESIAN_POINT('',(-1.35,3.35,1.60000000000001));
#12963=CARTESIAN_POINT('',(-1.35,3.35,-1.73472347597681E-15));
#12964=CARTESIAN_POINT('',(55.935,3.35,-1.73472347597681E-15));
#12965=CARTESIAN_POINT('',(-1.65,3.35,3.25260651745651E-16));
#12966=CARTESIAN_POINT('',(-1.65,3.35,1.60000000000001));
#12967=CARTESIAN_POINT('',(-1.65,3.35,0.770000000000063));
#12968=CARTESIAN_POINT('',(-1.65,3.35,0.770000000000063));
#12969=CARTESIAN_POINT('',(-1.85,3.35,0.770000000000063));
#12970=CARTESIAN_POINT('',(-1.85,3.35,1.60000000000001));
#12971=CARTESIAN_POINT('',(-1.85,3.35,-1.73472347597681E-15));
#12972=CARTESIAN_POINT('',(55.935,3.35,-1.73472347597681E-15));
#12973=CARTESIAN_POINT('',(-2.15,3.35,3.25260651745651E-16));
#12974=CARTESIAN_POINT('',(-2.15,3.35,1.60000000000001));
#12975=CARTESIAN_POINT('',(-2.15,3.35,0.770000000000063));
#12976=CARTESIAN_POINT('',(-2.15,3.35,0.770000000000063));
#12977=CARTESIAN_POINT('',(-2.35,3.35,0.770000000000063));
#12978=CARTESIAN_POINT('',(-2.35,3.35,1.60000000000001));
#12979=CARTESIAN_POINT('',(-2.35,3.35,-1.73472347597681E-15));
#12980=CARTESIAN_POINT('',(55.935,3.35,-1.73472347597681E-15));
#12981=CARTESIAN_POINT('',(-2.65,3.35,3.25260651745651E-16));
#12982=CARTESIAN_POINT('',(-2.65,3.35,1.60000000000001));
#12983=CARTESIAN_POINT('',(-2.65,3.35,0.770000000000063));
#12984=CARTESIAN_POINT('',(-2.65,3.35,0.770000000000063));
#12985=CARTESIAN_POINT('',(-2.85,3.35,0.770000000000063));
#12986=CARTESIAN_POINT('',(-2.85,3.35,1.60000000000001));
#12987=CARTESIAN_POINT('',(-2.85,3.35,-1.73472347597681E-15));
#12988=CARTESIAN_POINT('',(55.935,3.35,-1.73472347597681E-15));
#12989=CARTESIAN_POINT('',(55.935,3.35,1.60000000000001));
#12990=CARTESIAN_POINT('',(-5.65,3.5,1.42));
#12991=CARTESIAN_POINT('',(-5.65,0.55,1.42));
#12992=CARTESIAN_POINT('',(-5.65,0.55,1.42));
#12993=CARTESIAN_POINT('',(-5.65,0.55,0.689999999999998));
#12994=CARTESIAN_POINT('',(-5.65,3.5,0.689999999999998));
#12995=CARTESIAN_POINT('',(-5.65,33.165,0.239999999999995));
#12996=CARTESIAN_POINT('',(-5.65,0.0500000000000014,0.239999999999995));
#12997=CARTESIAN_POINT('',(-5.65,0.0499999999999998,18.81));
#12998=CARTESIAN_POINT('',(-5.65,3.5,1.9));
#12999=CARTESIAN_POINT('',(-5.65,3.5,1.75000000000001));
#13000=CARTESIAN_POINT('',(-5.65,3.5,1.75000000000001));
#13001=CARTESIAN_POINT('',(-5.65,3.5,1.9));
#13002=CARTESIAN_POINT('',(4.65,2.725,18.81));
#13003=CARTESIAN_POINT('',(4.65,2.725,0.239999999999994));
#13004=CARTESIAN_POINT('',(4.825,2.725,0.239999999999994));
#13005=CARTESIAN_POINT('',(4.825,2.725,18.81));
#13006=CARTESIAN_POINT('',(5.65,0.55,1.42));
#13007=CARTESIAN_POINT('',(5.65,0.55,1.42));
#13008=CARTESIAN_POINT('',(5.65,3.5,1.42));
#13009=CARTESIAN_POINT('',(5.65,3.5,1.75000000000001));
#13010=CARTESIAN_POINT('',(5.65,3.5,1.75000000000001));
#13011=CARTESIAN_POINT('',(5.65,3.5,4.44089209850063E-16));
#13012=CARTESIAN_POINT('',(5.65,0.0499999999999998,18.81));
#13013=CARTESIAN_POINT('',(5.65,0.0500000000000014,0.239999999999995));
#13014=CARTESIAN_POINT('',(5.65,33.165,0.239999999999995));
#13015=CARTESIAN_POINT('',(5.65,3.5,4.44089209850063E-16));
#13016=CARTESIAN_POINT('',(-4.65,0.,0.830000000000001));
#13017=CARTESIAN_POINT('',(-4.2,0.,0.830000000000001));
#13018=CARTESIAN_POINT('',(-4.2,1.9,0.830000000000001));
#13019=CARTESIAN_POINT('',(-4.2,1.9,0.830000000000001));
#13020=CARTESIAN_POINT('',(-5.15,34.65,0.83));
#13021=CARTESIAN_POINT('',(5.15,0.550000000000002,1.42));
#13022=CARTESIAN_POINT('',(5.15,0.55,1.42));
#13023=CARTESIAN_POINT('',(5.15,0.05,18.81));
#13024=CARTESIAN_POINT('',(5.15,0.0500000000000014,1.42));
#13025=CARTESIAN_POINT('',(5.15,34.65,1.42));
#13026=CARTESIAN_POINT('',(5.15,34.65,1.42));
#13027=CARTESIAN_POINT('',(4.65,2.725,0.830000000000001));
#13028=CARTESIAN_POINT('',(4.35,2.05,0.829999999999999));
#13029=CARTESIAN_POINT('',(4.2,1.9,0.829999999999999));
#13030=CARTESIAN_POINT('',(4.2,1.9,0.829999999999999));
#13031=CARTESIAN_POINT('',(5.15,34.65,0.83));
#13032=CARTESIAN_POINT('',(4.315,0.,0.239999999999996));
#13033=CARTESIAN_POINT('',(4.315,0.,-1.05709711817337E-15));
#13034=CARTESIAN_POINT('',(3.735,-1.47284765356189E-16,1.42));
#13035=CARTESIAN_POINT('',(3.735,-5.23536506635479E-17,0.589999999999996));
#13036=CARTESIAN_POINT('',(3.735,-5.23536506635479E-17,0.589999999999996));
#13037=CARTESIAN_POINT('',(3.7,-5.23536506635479E-17,0.589999999999996));
#13038=CARTESIAN_POINT('',(3.7,-8.67361737988404E-16,0.59));
#13039=CARTESIAN_POINT('',(3.7,0.,3.45962720759127E-16));
#13040=CARTESIAN_POINT('',(-5.65,0.,3.45962720759127E-16));
#13041=CARTESIAN_POINT('',(0.,0.,0.));
#13042=CARTESIAN_POINT('',(-3.735,0.,0.589999999999996));
#13043=CARTESIAN_POINT('',(-3.735,2.1,0.629999999999995));
#13044=CARTESIAN_POINT('',(-3.735,1.58,1.42));
#13045=CARTESIAN_POINT('',(-3.735,0.,0.));
#13046=CARTESIAN_POINT('',(-4.315,33.165,-1.05687018766417E-15));
#13047=CARTESIAN_POINT('',(55.935,3.35,-1.73472347597681E-15));
#13048=CARTESIAN_POINT('',(55.935,3.35,-1.73472347597681E-15));
#13049=CARTESIAN_POINT('',(55.935,3.35,-1.73472347597681E-15));
#13050=CARTESIAN_POINT('',(55.935,3.35,-1.73472347597681E-15));
#13051=CARTESIAN_POINT('',(55.935,3.35,-1.73472347597681E-15));
#13052=CARTESIAN_POINT('',(55.935,3.35,-1.73472347597681E-15));
#13053=CARTESIAN_POINT('',(55.935,3.35,-1.73472347597681E-15));
#13054=CARTESIAN_POINT('',(55.935,3.35,-1.73472347597681E-15));
#13055=CARTESIAN_POINT('',(55.935,3.35,-1.73472347597681E-15));
#13056=CARTESIAN_POINT('',(55.935,3.35,-1.73472347597681E-15));
#13057=CARTESIAN_POINT('',(55.935,3.35,-1.73472347597681E-15));
#13058=CARTESIAN_POINT('',(55.935,3.35,-1.73472347597681E-15));
#13059=CARTESIAN_POINT('',(55.935,3.35,-1.73472347597681E-15));
#13060=CARTESIAN_POINT('',(55.935,3.35,-1.73472347597681E-15));
#13061=CARTESIAN_POINT('',(4.315,33.165,-1.05709711817337E-15));
#13062=CARTESIAN_POINT('',(3.7,-0.799999999999997,0.));
#13063=CARTESIAN_POINT('',(3.7,-0.799999999999997,0.));
#13064=CARTESIAN_POINT('',(-3.7,-0.8,0.));
#13065=CARTESIAN_POINT('',(-3.7,-0.8,0.));
#13066=CARTESIAN_POINT('',(-3.7,-8.88178419700125E-16,0.));
#13067=CARTESIAN_POINT('',(-5.65,3.5,3.45962720759127E-16));
#13068=CARTESIAN_POINT('',(-5.,0.55,18.81));
#13069=CARTESIAN_POINT('',(-5.,0.55,0.689999999999998));
#13070=CARTESIAN_POINT('',(-5.,0.0499999999999997,18.81));
#13071=CARTESIAN_POINT('',(-5.,0.0499999999999997,0.240000000000004));
#13072=CARTESIAN_POINT('',(-5.,2.725,0.239999999999997));
#13073=CARTESIAN_POINT('',(-5.,2.725,0.239999999999997));
#13074=CARTESIAN_POINT('',(-5.,2.725,18.81));
#13075=CARTESIAN_POINT('',(-5.,2.725,0.689999999999996));
#13076=CARTESIAN_POINT('',(-5.,2.725,0.689999999999996));
#13077=CARTESIAN_POINT('',(-5.,2.725,0.689999999999996));
#13078=CARTESIAN_POINT('',(-5.,2.725,18.81));
#13079=CARTESIAN_POINT('',(-4.65,3.5,0.689999999999998));
#13080=CARTESIAN_POINT('',(-4.65,2.725,0.689999999999998));
#13081=CARTESIAN_POINT('',(-4.65,2.725,18.81));
#13082=CARTESIAN_POINT('',(-4.65,2.725,0.239999999999997));
#13083=CARTESIAN_POINT('',(-4.65,0.,0.239999999999997));
#13084=CARTESIAN_POINT('',(-4.65,0.,18.81));
#13085=CARTESIAN_POINT('',(-4.825,2.725,0.689999999999996));
#13086=CARTESIAN_POINT('',(-4.825,2.725,0.239999999999997));
#13087=CARTESIAN_POINT('',(-4.825,2.725,18.81));
#13088=CARTESIAN_POINT('',(4.65,2.725,0.239999999999994));
#13089=CARTESIAN_POINT('',(4.65,2.725,18.81));
#13090=CARTESIAN_POINT('',(5.64999999999999,0.0499999999999998,0.239999999999994));
#13091=CARTESIAN_POINT('',(5.,0.05,18.81));
#13092=CARTESIAN_POINT('',(5.,0.05,1.42));
#13093=CARTESIAN_POINT('',(5.65,0.0499999999999998,1.42));
#13094=CARTESIAN_POINT('',(5.65,0.0499999999999998,18.81));
#13095=CARTESIAN_POINT('',(5.,2.725,18.81));
#13096=CARTESIAN_POINT('',(5.,2.725,1.42));
#13097=CARTESIAN_POINT('',(5.,0.0499999999999998,1.42));
#13098=CARTESIAN_POINT('',(5.,0.0499999999999998,18.81));
#13099=CARTESIAN_POINT('',(4.825,2.725,1.42));
#13100=CARTESIAN_POINT('',(4.825,2.725,18.81));
#13101=CARTESIAN_POINT('',(55.935,3.5,1.75000000000001));
#13102=CARTESIAN_POINT('',(0.,3.5,0.));
#13103=CARTESIAN_POINT('',(-5.,2.725,1.42));
#13104=CARTESIAN_POINT('',(-5.,2.725,1.42));
#13105=CARTESIAN_POINT('',(-5.,0.0499999999999997,1.42));
#13106=CARTESIAN_POINT('',(-5.,2.725,18.81));
#13107=CARTESIAN_POINT('',(-5.,0.0499999999999997,18.81));
#13108=CARTESIAN_POINT('',(-5.,2.725,18.81));
#13109=CARTESIAN_POINT('',(-5.15,0.05,18.81));
#13110=CARTESIAN_POINT('',(-5.15,0.0500000000000014,1.42));
#13111=CARTESIAN_POINT('',(-5.,0.05,1.42));
#13112=CARTESIAN_POINT('',(-4.99999999999999,0.05,0.239999999999997));
#13113=CARTESIAN_POINT('',(-5.,0.05,18.81));
#13114=CARTESIAN_POINT('',(-4.825,2.725,1.42));
#13115=CARTESIAN_POINT('',(-4.825,2.725,18.81));
#13116=CARTESIAN_POINT('',(55.935,3.5,1.75000000000001));
#13117=CARTESIAN_POINT('',(-3.7,-0.8,0.59));
#13118=CARTESIAN_POINT('',(-3.7,-0.8,0.59));
#13119=CARTESIAN_POINT('',(-3.7,-8.88178419700125E-16,0.59));
#13120=CARTESIAN_POINT('',(-3.7,-8.88178419700125E-16,0.59));
#13121=CARTESIAN_POINT('',(3.7,-0.799999999999997,0.59));
#13122=CARTESIAN_POINT('',(3.7,-0.799999999999997,0.59));
#13123=CARTESIAN_POINT('',(-3.7,-0.8,0.59));
#13124=CARTESIAN_POINT('',(-3.7,-0.8,0.59));
#13125=CARTESIAN_POINT('',(3.7,-0.799999999999997,0.59));
#13126=CARTESIAN_POINT('',(3.7,-0.799999999999997,0.59));
#13127=CARTESIAN_POINT('',(-3.15,0.,0.59));
#13128=CARTESIAN_POINT('',(-3.15,0.102196117772227,0.59));
#13129=CARTESIAN_POINT('',(0.,0.102196117772227,0.59));
#13130=CARTESIAN_POINT('',(-3.35,0.102196117772227,0.59));
#13131=CARTESIAN_POINT('',(-3.35,0.,0.59));
#13132=CARTESIAN_POINT('',(3.735,0.,0.589999999999996));
#13133=CARTESIAN_POINT('',(3.735,1.71,0.589999999999996));
#13134=CARTESIAN_POINT('',(3.735,1.71,0.589999999999996));
#13135=CARTESIAN_POINT('',(3.35,1.71,0.589999999999996));
#13136=CARTESIAN_POINT('',(3.35,0.,0.59));
#13137=CARTESIAN_POINT('',(3.35,0.102196117772227,0.59));
#13138=CARTESIAN_POINT('',(0.,0.102196117772227,0.59));
#13139=CARTESIAN_POINT('',(3.15,0.102196117772227,0.59));
#13140=CARTESIAN_POINT('',(3.15,0.,0.59));
#13141=CARTESIAN_POINT('',(2.85,0.,0.59));
#13142=CARTESIAN_POINT('',(2.85,0.102196117772227,0.59));
#13143=CARTESIAN_POINT('',(0.,0.102196117772227,0.59));
#13144=CARTESIAN_POINT('',(2.65,0.102196117772227,0.59));
#13145=CARTESIAN_POINT('',(2.65,0.,0.59));
#13146=CARTESIAN_POINT('',(2.35,0.,0.59));
#13147=CARTESIAN_POINT('',(2.35,0.102196117772227,0.59));
#13148=CARTESIAN_POINT('',(0.,0.102196117772227,0.59));
#13149=CARTESIAN_POINT('',(2.15,0.102196117772227,0.59));
#13150=CARTESIAN_POINT('',(2.15,0.,0.59));
#13151=CARTESIAN_POINT('',(1.85,0.,0.59));
#13152=CARTESIAN_POINT('',(1.85,0.102196117772227,0.59));
#13153=CARTESIAN_POINT('',(0.,0.102196117772227,0.59));
#13154=CARTESIAN_POINT('',(1.65,0.102196117772227,0.59));
#13155=CARTESIAN_POINT('',(1.65,0.,0.59));
#13156=CARTESIAN_POINT('',(1.35,0.,0.59));
#13157=CARTESIAN_POINT('',(1.35,0.102196117772227,0.59));
#13158=CARTESIAN_POINT('',(0.,0.102196117772227,0.59));
#13159=CARTESIAN_POINT('',(1.15,0.102196117772227,0.59));
#13160=CARTESIAN_POINT('',(1.15,0.,0.59));
#13161=CARTESIAN_POINT('',(0.850000000000001,0.,0.59));
#13162=CARTESIAN_POINT('',(0.850000000000001,0.102196117772227,0.59));
#13163=CARTESIAN_POINT('',(0.,0.102196117772227,0.59));
#13164=CARTESIAN_POINT('',(0.650000000000001,0.102196117772227,0.59));
#13165=CARTESIAN_POINT('',(0.650000000000001,0.,0.59));
#13166=CARTESIAN_POINT('',(0.350000000000001,0.,0.59));
#13167=CARTESIAN_POINT('',(0.350000000000001,0.102196117772227,0.59));
#13168=CARTESIAN_POINT('',(0.,0.102196117772227,0.59));
#13169=CARTESIAN_POINT('',(0.150000000000001,0.102196117772227,0.59));
#13170=CARTESIAN_POINT('',(0.150000000000001,0.,0.59));
#13171=CARTESIAN_POINT('',(-0.149999999999999,0.,0.59));
#13172=CARTESIAN_POINT('',(-0.149999999999999,0.102196117772227,0.59));
#13173=CARTESIAN_POINT('',(0.,0.102196117772227,0.59));
#13174=CARTESIAN_POINT('',(-0.349999999999999,0.102196117772227,0.59));
#13175=CARTESIAN_POINT('',(-0.349999999999999,0.,0.59));
#13176=CARTESIAN_POINT('',(-0.649999999999999,0.,0.59));
#13177=CARTESIAN_POINT('',(-0.649999999999999,0.102196117772227,0.59));
#13178=CARTESIAN_POINT('',(0.,0.102196117772227,0.59));
#13179=CARTESIAN_POINT('',(-0.849999999999999,0.102196117772227,0.59));
#13180=CARTESIAN_POINT('',(-0.849999999999999,0.,0.59));
#13181=CARTESIAN_POINT('',(-1.15,0.,0.59));
#13182=CARTESIAN_POINT('',(-1.15,0.102196117772227,0.59));
#13183=CARTESIAN_POINT('',(0.,0.102196117772227,0.59));
#13184=CARTESIAN_POINT('',(-1.35,0.102196117772227,0.59));
#13185=CARTESIAN_POINT('',(-1.35,0.,0.59));
#13186=CARTESIAN_POINT('',(-1.65,0.,0.59));
#13187=CARTESIAN_POINT('',(-1.65,0.102196117772227,0.59));
#13188=CARTESIAN_POINT('',(0.,0.102196117772227,0.59));
#13189=CARTESIAN_POINT('',(-1.85,0.102196117772227,0.59));
#13190=CARTESIAN_POINT('',(-1.85,0.,0.59));
#13191=CARTESIAN_POINT('',(-2.15,0.,0.59));
#13192=CARTESIAN_POINT('',(-2.15,0.102196117772227,0.59));
#13193=CARTESIAN_POINT('',(0.,0.102196117772227,0.59));
#13194=CARTESIAN_POINT('',(-2.35,0.102196117772227,0.59));
#13195=CARTESIAN_POINT('',(-2.35,0.,0.59));
#13196=CARTESIAN_POINT('',(-2.65,0.,0.59));
#13197=CARTESIAN_POINT('',(-2.65,0.102196117772227,0.59));
#13198=CARTESIAN_POINT('',(0.,0.102196117772227,0.59));
#13199=CARTESIAN_POINT('',(-2.85,0.102196117772227,0.59));
#13200=CARTESIAN_POINT('',(-2.85,0.,0.59));
#13201=CARTESIAN_POINT('',(0.,0.,0.59));
#13202=CARTESIAN_POINT('',(3.35,1.71,0.589999999999996));
#13203=CARTESIAN_POINT('',(3.35,2.1,0.629999999999995));
#13204=CARTESIAN_POINT('',(3.735,1.71,0.589999999999996));
#13205=CARTESIAN_POINT('',(3.735,2.1,0.629999999999995));
#13206=CARTESIAN_POINT('',(3.735,2.1,0.629999999999995));
#13207=CARTESIAN_POINT('',(3.735,1.71,0.589999999999996));
#13208=CARTESIAN_POINT('',(-3.15,2.1,0.629999999999995));
#13209=CARTESIAN_POINT('',(-3.15,2.1,0.638202550244322));
#13210=CARTESIAN_POINT('',(-2.85,2.1,0.629999999999995));
#13211=CARTESIAN_POINT('',(-2.85,2.1,0.638202550244322));
#13212=CARTESIAN_POINT('',(3.735,2.1,0.638202550244322));
#13213=CARTESIAN_POINT('',(-2.65,2.1,0.638202550244322));
#13214=CARTESIAN_POINT('',(-2.65,2.1,0.629999999999995));
#13215=CARTESIAN_POINT('',(-2.35,2.1,0.629999999999995));
#13216=CARTESIAN_POINT('',(-2.35,2.1,0.638202550244322));
#13217=CARTESIAN_POINT('',(3.735,2.1,0.638202550244322));
#13218=CARTESIAN_POINT('',(-2.15,2.1,0.638202550244322));
#13219=CARTESIAN_POINT('',(-2.15,2.1,0.629999999999995));
#13220=CARTESIAN_POINT('',(-1.85,2.1,0.629999999999995));
#13221=CARTESIAN_POINT('',(-1.85,2.1,0.638202550244322));
#13222=CARTESIAN_POINT('',(3.735,2.1,0.638202550244322));
#13223=CARTESIAN_POINT('',(-1.65,2.1,0.638202550244322));
#13224=CARTESIAN_POINT('',(-1.65,2.1,0.629999999999995));
#13225=CARTESIAN_POINT('',(-1.35,2.1,0.629999999999995));
#13226=CARTESIAN_POINT('',(-1.35,2.1,0.638202550244322));
#13227=CARTESIAN_POINT('',(3.735,2.1,0.638202550244322));
#13228=CARTESIAN_POINT('',(-1.15,2.1,0.638202550244322));
#13229=CARTESIAN_POINT('',(-1.15,2.1,0.629999999999995));
#13230=CARTESIAN_POINT('',(-0.849999999999999,2.1,0.629999999999995));
#13231=CARTESIAN_POINT('',(-0.849999999999999,2.1,0.638202550244322));
#13232=CARTESIAN_POINT('',(3.735,2.1,0.638202550244322));
#13233=CARTESIAN_POINT('',(-0.649999999999999,2.1,0.638202550244322));
#13234=CARTESIAN_POINT('',(-0.649999999999999,2.1,0.629999999999995));
#13235=CARTESIAN_POINT('',(-0.349999999999999,2.1,0.629999999999995));
#13236=CARTESIAN_POINT('',(-0.349999999999999,2.1,0.638202550244322));
#13237=CARTESIAN_POINT('',(3.735,2.1,0.638202550244322));
#13238=CARTESIAN_POINT('',(-0.149999999999999,2.1,0.638202550244322));
#13239=CARTESIAN_POINT('',(-0.149999999999999,2.1,0.629999999999995));
#13240=CARTESIAN_POINT('',(0.150000000000001,2.1,0.629999999999995));
#13241=CARTESIAN_POINT('',(0.150000000000001,2.1,0.638202550244322));
#13242=CARTESIAN_POINT('',(3.735,2.1,0.638202550244322));
#13243=CARTESIAN_POINT('',(0.350000000000001,2.1,0.638202550244322));
#13244=CARTESIAN_POINT('',(0.350000000000001,2.1,0.629999999999995));
#13245=CARTESIAN_POINT('',(0.650000000000001,2.1,0.629999999999995));
#13246=CARTESIAN_POINT('',(0.650000000000001,2.1,0.638202550244322));
#13247=CARTESIAN_POINT('',(3.735,2.1,0.638202550244322));
#13248=CARTESIAN_POINT('',(0.850000000000001,2.1,0.638202550244322));
#13249=CARTESIAN_POINT('',(0.850000000000001,2.1,0.629999999999995));
#13250=CARTESIAN_POINT('',(1.15,2.1,0.629999999999995));
#13251=CARTESIAN_POINT('',(1.15,2.1,0.638202550244322));
#13252=CARTESIAN_POINT('',(3.735,2.1,0.638202550244322));
#13253=CARTESIAN_POINT('',(1.35,2.1,0.638202550244322));
#13254=CARTESIAN_POINT('',(1.35,2.1,0.629999999999995));
#13255=CARTESIAN_POINT('',(1.65,2.1,0.629999999999995));
#13256=CARTESIAN_POINT('',(1.65,2.1,0.638202550244322));
#13257=CARTESIAN_POINT('',(3.735,2.1,0.638202550244322));
#13258=CARTESIAN_POINT('',(1.85,2.1,0.638202550244322));
#13259=CARTESIAN_POINT('',(1.85,2.1,0.629999999999995));
#13260=CARTESIAN_POINT('',(2.15,2.1,0.629999999999995));
#13261=CARTESIAN_POINT('',(2.15,2.1,0.638202550244322));
#13262=CARTESIAN_POINT('',(3.735,2.1,0.638202550244322));
#13263=CARTESIAN_POINT('',(2.35,2.1,0.638202550244322));
#13264=CARTESIAN_POINT('',(2.35,2.1,0.629999999999995));
#13265=CARTESIAN_POINT('',(2.65,2.1,0.629999999999995));
#13266=CARTESIAN_POINT('',(2.65,2.1,0.638202550244322));
#13267=CARTESIAN_POINT('',(3.735,2.1,0.638202550244322));
#13268=CARTESIAN_POINT('',(2.85,2.1,0.638202550244322));
#13269=CARTESIAN_POINT('',(2.85,2.1,0.629999999999995));
#13270=CARTESIAN_POINT('',(3.15,2.1,0.629999999999995));
#13271=CARTESIAN_POINT('',(3.15,2.1,0.638202550244322));
#13272=CARTESIAN_POINT('',(3.735,2.1,0.638202550244322));
#13273=CARTESIAN_POINT('',(3.35,2.1,0.638202550244322));
#13274=CARTESIAN_POINT('',(3.35,2.1,0.629999999999995));
#13275=CARTESIAN_POINT('',(3.735,2.1,0.629999999999995));
#13276=CARTESIAN_POINT('',(-3.35,2.1,0.629999999999995));
#13277=CARTESIAN_POINT('',(-3.35,2.1,0.638202550244322));
#13278=CARTESIAN_POINT('',(3.735,2.1,0.638202550244322));
#13279=CARTESIAN_POINT('',(3.735,2.1,0.629999999999995));
#13280=CARTESIAN_POINT('',(-5.15,34.65,1.42));
#13281=CARTESIAN_POINT('',(-5.15,0.55,1.42));
#13282=CARTESIAN_POINT('',(-4.65,0.55,1.42));
#13283=CARTESIAN_POINT('',(-4.2,1.9,1.41999999999999));
#13284=CARTESIAN_POINT('',(-4.2,1.9,1.41999999999999));
#13285=CARTESIAN_POINT('',(-4.2,0.,1.42));
#13286=CARTESIAN_POINT('',(-3.35,1.58,1.42));
#13287=CARTESIAN_POINT('',(-3.35,0.216076951545906,1.42));
#13288=CARTESIAN_POINT('',(-3.15,0.216076951545906,1.42));
#13289=CARTESIAN_POINT('',(-3.15,0.216076951545906,1.42));
#13290=CARTESIAN_POINT('',(-3.15,1.58,1.42));
#13291=CARTESIAN_POINT('',(-2.85,1.58,1.42));
#13292=CARTESIAN_POINT('',(-2.85,0.216076951545906,1.42));
#13293=CARTESIAN_POINT('',(-2.65,0.216076951545906,1.42));
#13294=CARTESIAN_POINT('',(-2.65,0.216076951545906,1.42));
#13295=CARTESIAN_POINT('',(-2.65,1.58,1.42));
#13296=CARTESIAN_POINT('',(-2.35,1.58,1.42));
#13297=CARTESIAN_POINT('',(-2.35,0.216076951545906,1.42));
#13298=CARTESIAN_POINT('',(-2.15,0.216076951545906,1.42));
#13299=CARTESIAN_POINT('',(-2.15,0.216076951545906,1.42));
#13300=CARTESIAN_POINT('',(-2.15,1.58,1.42));
#13301=CARTESIAN_POINT('',(-1.85,1.58,1.42));
#13302=CARTESIAN_POINT('',(-1.85,0.216076951545906,1.42));
#13303=CARTESIAN_POINT('',(-1.65,0.216076951545906,1.42));
#13304=CARTESIAN_POINT('',(-1.65,0.216076951545906,1.42));
#13305=CARTESIAN_POINT('',(-1.65,1.58,1.42));
#13306=CARTESIAN_POINT('',(-1.35,1.58,1.42));
#13307=CARTESIAN_POINT('',(-1.35,0.216076951545906,1.42));
#13308=CARTESIAN_POINT('',(-1.15,0.216076951545906,1.42));
#13309=CARTESIAN_POINT('',(-1.15,0.216076951545906,1.42));
#13310=CARTESIAN_POINT('',(-1.15,1.58,1.42));
#13311=CARTESIAN_POINT('',(-0.849999999999999,1.58,1.42));
#13312=CARTESIAN_POINT('',(-0.849999999999999,0.216076951545906,1.42));
#13313=CARTESIAN_POINT('',(-0.649999999999999,0.216076951545906,1.42));
#13314=CARTESIAN_POINT('',(-0.649999999999999,0.216076951545906,1.42));
#13315=CARTESIAN_POINT('',(-0.649999999999999,1.58,1.42));
#13316=CARTESIAN_POINT('',(-0.349999999999999,1.58,1.42));
#13317=CARTESIAN_POINT('',(-0.349999999999999,0.216076951545906,1.42));
#13318=CARTESIAN_POINT('',(-0.149999999999999,0.216076951545906,1.42));
#13319=CARTESIAN_POINT('',(-0.149999999999999,0.216076951545906,1.42));
#13320=CARTESIAN_POINT('',(-0.149999999999999,1.58,1.42));
#13321=CARTESIAN_POINT('',(0.150000000000001,1.58,1.42));
#13322=CARTESIAN_POINT('',(0.150000000000001,0.216076951545906,1.42));
#13323=CARTESIAN_POINT('',(0.350000000000001,0.216076951545906,1.42));
#13324=CARTESIAN_POINT('',(0.350000000000001,0.216076951545906,1.42));
#13325=CARTESIAN_POINT('',(0.350000000000001,1.58,1.42));
#13326=CARTESIAN_POINT('',(0.650000000000001,1.58,1.42));
#13327=CARTESIAN_POINT('',(0.650000000000001,0.216076951545906,1.42));
#13328=CARTESIAN_POINT('',(0.850000000000001,0.216076951545906,1.42));
#13329=CARTESIAN_POINT('',(0.850000000000001,0.216076951545906,1.42));
#13330=CARTESIAN_POINT('',(0.850000000000001,1.58,1.42));
#13331=CARTESIAN_POINT('',(1.15,1.58,1.42));
#13332=CARTESIAN_POINT('',(1.15,0.216076951545906,1.42));
#13333=CARTESIAN_POINT('',(1.35,0.216076951545906,1.42));
#13334=CARTESIAN_POINT('',(1.35,0.216076951545906,1.42));
#13335=CARTESIAN_POINT('',(1.35,1.58,1.42));
#13336=CARTESIAN_POINT('',(1.65,1.58,1.42));
#13337=CARTESIAN_POINT('',(1.65,0.216076951545906,1.42));
#13338=CARTESIAN_POINT('',(1.85,0.216076951545906,1.42));
#13339=CARTESIAN_POINT('',(1.85,0.216076951545906,1.42));
#13340=CARTESIAN_POINT('',(1.85,1.58,1.42));
#13341=CARTESIAN_POINT('',(2.15,1.58,1.42));
#13342=CARTESIAN_POINT('',(2.15,0.216076951545906,1.42));
#13343=CARTESIAN_POINT('',(2.35,0.216076951545906,1.42));
#13344=CARTESIAN_POINT('',(2.35,0.216076951545906,1.42));
#13345=CARTESIAN_POINT('',(2.35,1.58,1.42));
#13346=CARTESIAN_POINT('',(2.65,1.58,1.42));
#13347=CARTESIAN_POINT('',(2.65,0.216076951545906,1.42));
#13348=CARTESIAN_POINT('',(2.85,0.216076951545906,1.42));
#13349=CARTESIAN_POINT('',(2.85,0.216076951545906,1.42));
#13350=CARTESIAN_POINT('',(2.85,1.58,1.42));
#13351=CARTESIAN_POINT('',(3.15,1.58,1.42));
#13352=CARTESIAN_POINT('',(3.15,0.216076951545906,1.42));
#13353=CARTESIAN_POINT('',(3.35,0.216076951545906,1.42));
#13354=CARTESIAN_POINT('',(3.35,0.216076951545906,1.42));
#13355=CARTESIAN_POINT('',(3.35,1.58,1.42));
#13356=CARTESIAN_POINT('',(3.735,1.58,1.42));
#13357=CARTESIAN_POINT('',(4.2,1.9,1.42));
#13358=CARTESIAN_POINT('',(4.2,1.9,1.41999999999999));
#13359=CARTESIAN_POINT('',(4.35,2.05,1.41999999999999));
#13360=CARTESIAN_POINT('',(4.65,0.55,1.42));
#13361=CARTESIAN_POINT('',(3.735,1.58,1.42));
#13362=CARTESIAN_POINT('',(3.735,0.,0.));
#13363=CARTESIAN_POINT('',(-5.15,0.550000000000002,1.42));
#13364=CARTESIAN_POINT('',(-5.15,34.65,1.42));
#13365=CARTESIAN_POINT('',(-4.315,33.165,0.239999999999996));
#13366=CARTESIAN_POINT('',(-4.315,33.165,-1.0547118733939E-15));
#13367=CARTESIAN_POINT('',(-4.315,33.165,0.239999999999996));
#13368=CARTESIAN_POINT('',(4.315,33.165,0.239999999999996));
#13369=CARTESIAN_POINT('',(4.315,33.165,0.239999999999996));
#13370=CARTESIAN_POINT('',(5.65,33.165,0.239999999999995));
#13371=CARTESIAN_POINT('',(0.,0.55,0.));
#13372=CARTESIAN_POINT('',(-5.65,0.55,0.689999999999998));
#13373=CARTESIAN_POINT('',(-5.65,3.5,0.689999999999998));
#13374=CARTESIAN_POINT('',(0.,0.55,0.));
#13375=CARTESIAN_POINT('',(-46.035,0.15,1.42));
#13376=CARTESIAN_POINT('',(-4.2,1.9,14.0580000000001));
#13377=CARTESIAN_POINT('',(-4.2,0.,14.0580000000001));
#13378=CARTESIAN_POINT('',(-4.2,1.9,14.0580000000001));
#13379=CARTESIAN_POINT('',(4.2,1.9,14.0580000000001));
#13380=CARTESIAN_POINT('',(4.2,1.9,14.0580000000001));
#13381=CARTESIAN_POINT('',(4.35,2.05,14.0580000000001));
#13382=CARTESIAN_POINT('',(3.35,0.32,1.36000000000006));
#13383=CARTESIAN_POINT('',(3.35,0.32,1.36000000000006));
#13384=CARTESIAN_POINT('',(3.35,0.32,1.48000000000006));
#13385=CARTESIAN_POINT('',(3.35,1.0842021724855E-16,0.488899906163389));
#13386=CARTESIAN_POINT('',(3.15,0.32,1.36000000000006));
#13387=CARTESIAN_POINT('',(3.15,0.32,1.36000000000006));
#13388=CARTESIAN_POINT('',(3.15,0.32,1.48000000000006));
#13389=CARTESIAN_POINT('',(3.15,1.0842021724855E-16,0.488899906163389));
#13390=CARTESIAN_POINT('',(3.35,0.32,1.36000000000006));
#13391=CARTESIAN_POINT('',(3.35,0.32,1.48000000000006));
#13392=CARTESIAN_POINT('',(3.35,0.32,1.36000000000006));
#13393=CARTESIAN_POINT('',(3.15,0.47,0.683848945472233));
#13394=CARTESIAN_POINT('',(3.15,0.47,0.683848945472233));
#13395=CARTESIAN_POINT('',(3.15,0.431883648576646,0.742308606370729));
#13396=CARTESIAN_POINT('',(3.35,0.431883648576646,0.742308606370729));
#13397=CARTESIAN_POINT('',(3.35,0.431883648576646,0.742308606370729));
#13398=CARTESIAN_POINT('',(3.35,0.47,0.683848945472233));
#13399=CARTESIAN_POINT('',(3.35,0.47,0.683848945472233));
#13400=CARTESIAN_POINT('',(3.35,0.47,0.683848945472233));
#13401=CARTESIAN_POINT('',(3.35,0.47,0.683848945472233));
#13402=CARTESIAN_POINT('',(3.15,0.39,0.715000000000062));
#13403=CARTESIAN_POINT('',(3.15,0.363027989269214,0.757101195198517));
#13404=CARTESIAN_POINT('',(3.35,0.363027989269214,0.757101195198517));
#13405=CARTESIAN_POINT('',(3.35,0.363027989269214,0.757101195198517));
#13406=CARTESIAN_POINT('',(3.35,0.39,0.715000000000062));
#13407=CARTESIAN_POINT('',(3.35,0.39,0.715000000000062));
#13408=CARTESIAN_POINT('',(3.35,0.363027989269214,0.757101195198517));
#13409=CARTESIAN_POINT('',(3.35,2.75,0.620000000000063));
#13410=CARTESIAN_POINT('',(3.35,1.0842021724855E-16,0.488899906163389));
#13411=CARTESIAN_POINT('',(3.15,0.363027989269214,0.757101195198517));
#13412=CARTESIAN_POINT('',(3.15,2.75,0.620000000000063));
#13413=CARTESIAN_POINT('',(3.15,1.0842021724855E-16,0.488899906163389));
#13414=CARTESIAN_POINT('',(3.35,2.75,0.620000000000063));
#13415=CARTESIAN_POINT('',(3.35,0.363027989269214,0.757101195198517));
#13416=CARTESIAN_POINT('',(3.35,3.35,0.300000000000062));
#13417=CARTESIAN_POINT('',(3.35,3.35,-0.019999999999938));
#13418=CARTESIAN_POINT('',(3.15,3.35,0.300000000000062));
#13419=CARTESIAN_POINT('',(3.15,3.35,-0.019999999999938));
#13420=CARTESIAN_POINT('',(3.35,3.35,-0.019999999999938));
#13421=CARTESIAN_POINT('',(3.35,3.35,0.300000000000062));
#13422=CARTESIAN_POINT('',(3.35,3.7,0.770000000000062));
#13423=CARTESIAN_POINT('',(3.35,3.7,0.770000000000062));
#13424=CARTESIAN_POINT('',(3.35,3.35,-0.019999999999938));
#13425=CARTESIAN_POINT('',(3.35,4.2,-0.0199999999999376));
#13426=CARTESIAN_POINT('',(3.35,4.2,-0.0199999999999376));
#13427=CARTESIAN_POINT('',(3.35,4.2,0.160000000000063));
#13428=CARTESIAN_POINT('',(3.35,4.2,0.160000000000063));
#13429=CARTESIAN_POINT('',(3.35,3.7,0.160000000000062));
#13430=CARTESIAN_POINT('',(3.35,3.7,0.160000000000062));
#13431=CARTESIAN_POINT('',(3.35,1.0842021724855E-16,0.488899906163389));
#13432=CARTESIAN_POINT('',(3.15,3.7,0.770000000000062));
#13433=CARTESIAN_POINT('',(3.15,3.7,0.770000000000062));
#13434=CARTESIAN_POINT('',(3.15,3.7,0.160000000000062));
#13435=CARTESIAN_POINT('',(3.15,3.7,0.160000000000062));
#13436=CARTESIAN_POINT('',(3.15,4.2,0.160000000000063));
#13437=CARTESIAN_POINT('',(3.15,4.2,0.160000000000063));
#13438=CARTESIAN_POINT('',(3.15,4.2,-0.0199999999999376));
#13439=CARTESIAN_POINT('',(3.15,4.2,-0.0199999999999376));
#13440=CARTESIAN_POINT('',(3.15,3.35,-0.019999999999938));
#13441=CARTESIAN_POINT('',(3.15,1.0842021724855E-16,0.488899906163389));
#13442=CARTESIAN_POINT('',(3.35,4.2,-0.0199999999999376));
#13443=CARTESIAN_POINT('',(3.35,3.35,-0.019999999999938));
#13444=CARTESIAN_POINT('',(3.35,4.2,0.160000000000063));
#13445=CARTESIAN_POINT('',(3.35,4.2,-0.0199999999999376));
#13446=CARTESIAN_POINT('',(3.35,3.7,0.160000000000062));
#13447=CARTESIAN_POINT('',(3.35,4.2,0.160000000000063));
#13448=CARTESIAN_POINT('',(3.35,3.7,0.770000000000062));
#13449=CARTESIAN_POINT('',(3.35,3.7,0.160000000000062));
#13450=CARTESIAN_POINT('',(3.35,3.7,0.770000000000062));
#13451=CARTESIAN_POINT('',(2.85,0.32,1.36000000000006));
#13452=CARTESIAN_POINT('',(2.85,0.32,1.36000000000006));
#13453=CARTESIAN_POINT('',(2.85,0.32,1.48000000000006));
#13454=CARTESIAN_POINT('',(2.85,1.0842021724855E-16,0.488899906163389));
#13455=CARTESIAN_POINT('',(2.65,0.32,1.36000000000006));
#13456=CARTESIAN_POINT('',(2.65,0.32,1.36000000000006));
#13457=CARTESIAN_POINT('',(2.65,0.32,1.48000000000006));
#13458=CARTESIAN_POINT('',(2.65,1.0842021724855E-16,0.488899906163389));
#13459=CARTESIAN_POINT('',(2.85,0.32,1.36000000000006));
#13460=CARTESIAN_POINT('',(2.85,0.32,1.48000000000006));
#13461=CARTESIAN_POINT('',(2.85,0.32,1.36000000000006));
#13462=CARTESIAN_POINT('',(2.65,0.47,0.683848945472233));
#13463=CARTESIAN_POINT('',(2.65,0.47,0.683848945472233));
#13464=CARTESIAN_POINT('',(2.65,0.431883648576646,0.742308606370729));
#13465=CARTESIAN_POINT('',(2.85,0.431883648576646,0.742308606370729));
#13466=CARTESIAN_POINT('',(2.85,0.431883648576646,0.742308606370729));
#13467=CARTESIAN_POINT('',(2.85,0.47,0.683848945472233));
#13468=CARTESIAN_POINT('',(2.85,0.47,0.683848945472233));
#13469=CARTESIAN_POINT('',(2.85,0.47,0.683848945472233));
#13470=CARTESIAN_POINT('',(2.85,0.47,0.683848945472233));
#13471=CARTESIAN_POINT('',(2.65,0.39,0.715000000000062));
#13472=CARTESIAN_POINT('',(2.65,0.363027989269214,0.757101195198517));
#13473=CARTESIAN_POINT('',(2.85,0.363027989269214,0.757101195198517));
#13474=CARTESIAN_POINT('',(2.85,0.363027989269214,0.757101195198517));
#13475=CARTESIAN_POINT('',(2.85,0.39,0.715000000000062));
#13476=CARTESIAN_POINT('',(2.85,0.39,0.715000000000062));
#13477=CARTESIAN_POINT('',(2.85,0.363027989269214,0.757101195198517));
#13478=CARTESIAN_POINT('',(2.85,2.75,0.620000000000063));
#13479=CARTESIAN_POINT('',(2.85,1.0842021724855E-16,0.488899906163389));
#13480=CARTESIAN_POINT('',(2.65,0.363027989269214,0.757101195198517));
#13481=CARTESIAN_POINT('',(2.65,2.75,0.620000000000063));
#13482=CARTESIAN_POINT('',(2.65,1.0842021724855E-16,0.488899906163389));
#13483=CARTESIAN_POINT('',(2.85,2.75,0.620000000000063));
#13484=CARTESIAN_POINT('',(2.85,0.363027989269214,0.757101195198517));
#13485=CARTESIAN_POINT('',(2.85,3.35,0.300000000000062));
#13486=CARTESIAN_POINT('',(2.85,3.35,-0.019999999999938));
#13487=CARTESIAN_POINT('',(2.65,3.35,0.300000000000062));
#13488=CARTESIAN_POINT('',(2.65,3.35,-0.019999999999938));
#13489=CARTESIAN_POINT('',(2.85,3.35,-0.019999999999938));
#13490=CARTESIAN_POINT('',(2.85,3.35,0.300000000000062));
#13491=CARTESIAN_POINT('',(2.85,3.7,0.770000000000062));
#13492=CARTESIAN_POINT('',(2.85,3.7,0.770000000000062));
#13493=CARTESIAN_POINT('',(2.85,3.35,-0.019999999999938));
#13494=CARTESIAN_POINT('',(2.85,4.2,-0.0199999999999376));
#13495=CARTESIAN_POINT('',(2.85,4.2,-0.0199999999999376));
#13496=CARTESIAN_POINT('',(2.85,4.2,0.160000000000063));
#13497=CARTESIAN_POINT('',(2.85,4.2,0.160000000000063));
#13498=CARTESIAN_POINT('',(2.85,3.7,0.160000000000062));
#13499=CARTESIAN_POINT('',(2.85,3.7,0.160000000000062));
#13500=CARTESIAN_POINT('',(2.85,1.0842021724855E-16,0.488899906163389));
#13501=CARTESIAN_POINT('',(2.65,3.7,0.770000000000062));
#13502=CARTESIAN_POINT('',(2.65,3.7,0.770000000000062));
#13503=CARTESIAN_POINT('',(2.65,3.7,0.160000000000062));
#13504=CARTESIAN_POINT('',(2.65,3.7,0.160000000000062));
#13505=CARTESIAN_POINT('',(2.65,4.2,0.160000000000063));
#13506=CARTESIAN_POINT('',(2.65,4.2,0.160000000000063));
#13507=CARTESIAN_POINT('',(2.65,4.2,-0.0199999999999376));
#13508=CARTESIAN_POINT('',(2.65,4.2,-0.0199999999999376));
#13509=CARTESIAN_POINT('',(2.65,3.35,-0.019999999999938));
#13510=CARTESIAN_POINT('',(2.65,1.0842021724855E-16,0.488899906163389));
#13511=CARTESIAN_POINT('',(2.85,4.2,-0.0199999999999376));
#13512=CARTESIAN_POINT('',(2.85,3.35,-0.019999999999938));
#13513=CARTESIAN_POINT('',(2.85,4.2,0.160000000000063));
#13514=CARTESIAN_POINT('',(2.85,4.2,-0.0199999999999376));
#13515=CARTESIAN_POINT('',(2.85,3.7,0.160000000000062));
#13516=CARTESIAN_POINT('',(2.85,4.2,0.160000000000063));
#13517=CARTESIAN_POINT('',(2.85,3.7,0.770000000000062));
#13518=CARTESIAN_POINT('',(2.85,3.7,0.160000000000062));
#13519=CARTESIAN_POINT('',(2.85,3.7,0.770000000000062));
#13520=CARTESIAN_POINT('',(2.35,0.32,1.36000000000006));
#13521=CARTESIAN_POINT('',(2.35,0.32,1.36000000000006));
#13522=CARTESIAN_POINT('',(2.35,0.32,1.48000000000006));
#13523=CARTESIAN_POINT('',(2.35,1.0842021724855E-16,0.488899906163389));
#13524=CARTESIAN_POINT('',(2.15,0.32,1.36000000000006));
#13525=CARTESIAN_POINT('',(2.15,0.32,1.36000000000006));
#13526=CARTESIAN_POINT('',(2.15,0.32,1.48000000000006));
#13527=CARTESIAN_POINT('',(2.15,1.0842021724855E-16,0.488899906163389));
#13528=CARTESIAN_POINT('',(2.35,0.32,1.36000000000006));
#13529=CARTESIAN_POINT('',(2.35,0.32,1.48000000000006));
#13530=CARTESIAN_POINT('',(2.35,0.32,1.36000000000006));
#13531=CARTESIAN_POINT('',(2.15,0.47,0.683848945472233));
#13532=CARTESIAN_POINT('',(2.15,0.47,0.683848945472233));
#13533=CARTESIAN_POINT('',(2.15,0.431883648576646,0.742308606370729));
#13534=CARTESIAN_POINT('',(2.35,0.431883648576646,0.742308606370729));
#13535=CARTESIAN_POINT('',(2.35,0.431883648576646,0.742308606370729));
#13536=CARTESIAN_POINT('',(2.35,0.47,0.683848945472233));
#13537=CARTESIAN_POINT('',(2.35,0.47,0.683848945472233));
#13538=CARTESIAN_POINT('',(2.35,0.47,0.683848945472233));
#13539=CARTESIAN_POINT('',(2.35,0.47,0.683848945472233));
#13540=CARTESIAN_POINT('',(2.15,0.39,0.715000000000062));
#13541=CARTESIAN_POINT('',(2.15,0.363027989269214,0.757101195198517));
#13542=CARTESIAN_POINT('',(2.35,0.363027989269214,0.757101195198517));
#13543=CARTESIAN_POINT('',(2.35,0.363027989269214,0.757101195198517));
#13544=CARTESIAN_POINT('',(2.35,0.39,0.715000000000062));
#13545=CARTESIAN_POINT('',(2.35,0.39,0.715000000000062));
#13546=CARTESIAN_POINT('',(2.35,0.363027989269214,0.757101195198517));
#13547=CARTESIAN_POINT('',(2.35,2.75,0.620000000000063));
#13548=CARTESIAN_POINT('',(2.35,1.0842021724855E-16,0.488899906163389));
#13549=CARTESIAN_POINT('',(2.15,0.363027989269214,0.757101195198517));
#13550=CARTESIAN_POINT('',(2.15,2.75,0.620000000000063));
#13551=CARTESIAN_POINT('',(2.15,1.0842021724855E-16,0.488899906163389));
#13552=CARTESIAN_POINT('',(2.35,2.75,0.620000000000063));
#13553=CARTESIAN_POINT('',(2.35,0.363027989269214,0.757101195198517));
#13554=CARTESIAN_POINT('',(2.35,3.35,0.300000000000062));
#13555=CARTESIAN_POINT('',(2.35,3.35,-0.019999999999938));
#13556=CARTESIAN_POINT('',(2.15,3.35,0.300000000000062));
#13557=CARTESIAN_POINT('',(2.15,3.35,-0.019999999999938));
#13558=CARTESIAN_POINT('',(2.35,3.35,-0.019999999999938));
#13559=CARTESIAN_POINT('',(2.35,3.35,0.300000000000062));
#13560=CARTESIAN_POINT('',(2.35,3.7,0.770000000000062));
#13561=CARTESIAN_POINT('',(2.35,3.7,0.770000000000062));
#13562=CARTESIAN_POINT('',(2.35,3.35,-0.019999999999938));
#13563=CARTESIAN_POINT('',(2.35,4.2,-0.0199999999999376));
#13564=CARTESIAN_POINT('',(2.35,4.2,-0.0199999999999376));
#13565=CARTESIAN_POINT('',(2.35,4.2,0.160000000000063));
#13566=CARTESIAN_POINT('',(2.35,4.2,0.160000000000063));
#13567=CARTESIAN_POINT('',(2.35,3.7,0.160000000000062));
#13568=CARTESIAN_POINT('',(2.35,3.7,0.160000000000062));
#13569=CARTESIAN_POINT('',(2.35,1.0842021724855E-16,0.488899906163389));
#13570=CARTESIAN_POINT('',(2.15,3.7,0.770000000000062));
#13571=CARTESIAN_POINT('',(2.15,3.7,0.770000000000062));
#13572=CARTESIAN_POINT('',(2.15,3.7,0.160000000000062));
#13573=CARTESIAN_POINT('',(2.15,3.7,0.160000000000062));
#13574=CARTESIAN_POINT('',(2.15,4.2,0.160000000000063));
#13575=CARTESIAN_POINT('',(2.15,4.2,0.160000000000063));
#13576=CARTESIAN_POINT('',(2.15,4.2,-0.0199999999999376));
#13577=CARTESIAN_POINT('',(2.15,4.2,-0.0199999999999376));
#13578=CARTESIAN_POINT('',(2.15,3.35,-0.019999999999938));
#13579=CARTESIAN_POINT('',(2.15,1.0842021724855E-16,0.488899906163389));
#13580=CARTESIAN_POINT('',(2.35,4.2,-0.0199999999999376));
#13581=CARTESIAN_POINT('',(2.35,3.35,-0.019999999999938));
#13582=CARTESIAN_POINT('',(2.35,4.2,0.160000000000063));
#13583=CARTESIAN_POINT('',(2.35,4.2,-0.0199999999999376));
#13584=CARTESIAN_POINT('',(2.35,3.7,0.160000000000062));
#13585=CARTESIAN_POINT('',(2.35,4.2,0.160000000000063));
#13586=CARTESIAN_POINT('',(2.35,3.7,0.770000000000062));
#13587=CARTESIAN_POINT('',(2.35,3.7,0.160000000000062));
#13588=CARTESIAN_POINT('',(2.35,3.7,0.770000000000062));
#13589=CARTESIAN_POINT('',(1.85,0.32,1.36000000000006));
#13590=CARTESIAN_POINT('',(1.85,0.32,1.36000000000006));
#13591=CARTESIAN_POINT('',(1.85,0.32,1.48000000000006));
#13592=CARTESIAN_POINT('',(1.85,1.0842021724855E-16,0.488899906163389));
#13593=CARTESIAN_POINT('',(1.65,0.32,1.36000000000006));
#13594=CARTESIAN_POINT('',(1.65,0.32,1.36000000000006));
#13595=CARTESIAN_POINT('',(1.65,0.32,1.48000000000006));
#13596=CARTESIAN_POINT('',(1.65,1.0842021724855E-16,0.488899906163389));
#13597=CARTESIAN_POINT('',(1.85,0.32,1.36000000000006));
#13598=CARTESIAN_POINT('',(1.85,0.32,1.48000000000006));
#13599=CARTESIAN_POINT('',(1.85,0.32,1.36000000000006));
#13600=CARTESIAN_POINT('',(1.65,0.47,0.683848945472233));
#13601=CARTESIAN_POINT('',(1.65,0.47,0.683848945472233));
#13602=CARTESIAN_POINT('',(1.65,0.431883648576646,0.742308606370729));
#13603=CARTESIAN_POINT('',(1.85,0.431883648576646,0.742308606370729));
#13604=CARTESIAN_POINT('',(1.85,0.431883648576646,0.742308606370729));
#13605=CARTESIAN_POINT('',(1.85,0.47,0.683848945472233));
#13606=CARTESIAN_POINT('',(1.85,0.47,0.683848945472233));
#13607=CARTESIAN_POINT('',(1.85,0.47,0.683848945472233));
#13608=CARTESIAN_POINT('',(1.85,0.47,0.683848945472233));
#13609=CARTESIAN_POINT('',(1.65,0.39,0.715000000000062));
#13610=CARTESIAN_POINT('',(1.65,0.363027989269214,0.757101195198517));
#13611=CARTESIAN_POINT('',(1.85,0.363027989269214,0.757101195198517));
#13612=CARTESIAN_POINT('',(1.85,0.363027989269214,0.757101195198517));
#13613=CARTESIAN_POINT('',(1.85,0.39,0.715000000000062));
#13614=CARTESIAN_POINT('',(1.85,0.39,0.715000000000062));
#13615=CARTESIAN_POINT('',(1.85,0.363027989269214,0.757101195198517));
#13616=CARTESIAN_POINT('',(1.85,2.75,0.620000000000063));
#13617=CARTESIAN_POINT('',(1.85,1.0842021724855E-16,0.488899906163389));
#13618=CARTESIAN_POINT('',(1.65,0.363027989269214,0.757101195198517));
#13619=CARTESIAN_POINT('',(1.65,2.75,0.620000000000063));
#13620=CARTESIAN_POINT('',(1.65,1.0842021724855E-16,0.488899906163389));
#13621=CARTESIAN_POINT('',(1.85,2.75,0.620000000000063));
#13622=CARTESIAN_POINT('',(1.85,0.363027989269214,0.757101195198517));
#13623=CARTESIAN_POINT('',(1.85,3.35,0.300000000000062));
#13624=CARTESIAN_POINT('',(1.85,3.35,-0.019999999999938));
#13625=CARTESIAN_POINT('',(1.65,3.35,0.300000000000062));
#13626=CARTESIAN_POINT('',(1.65,3.35,-0.019999999999938));
#13627=CARTESIAN_POINT('',(1.85,3.35,-0.019999999999938));
#13628=CARTESIAN_POINT('',(1.85,3.35,0.300000000000062));
#13629=CARTESIAN_POINT('',(1.85,3.7,0.770000000000062));
#13630=CARTESIAN_POINT('',(1.85,3.7,0.770000000000062));
#13631=CARTESIAN_POINT('',(1.85,3.35,-0.019999999999938));
#13632=CARTESIAN_POINT('',(1.85,4.2,-0.0199999999999376));
#13633=CARTESIAN_POINT('',(1.85,4.2,-0.0199999999999376));
#13634=CARTESIAN_POINT('',(1.85,4.2,0.160000000000063));
#13635=CARTESIAN_POINT('',(1.85,4.2,0.160000000000063));
#13636=CARTESIAN_POINT('',(1.85,3.7,0.160000000000062));
#13637=CARTESIAN_POINT('',(1.85,3.7,0.160000000000062));
#13638=CARTESIAN_POINT('',(1.85,1.0842021724855E-16,0.488899906163389));
#13639=CARTESIAN_POINT('',(1.65,3.7,0.770000000000062));
#13640=CARTESIAN_POINT('',(1.65,3.7,0.770000000000062));
#13641=CARTESIAN_POINT('',(1.65,3.7,0.160000000000062));
#13642=CARTESIAN_POINT('',(1.65,3.7,0.160000000000062));
#13643=CARTESIAN_POINT('',(1.65,4.2,0.160000000000063));
#13644=CARTESIAN_POINT('',(1.65,4.2,0.160000000000063));
#13645=CARTESIAN_POINT('',(1.65,4.2,-0.0199999999999376));
#13646=CARTESIAN_POINT('',(1.65,4.2,-0.0199999999999376));
#13647=CARTESIAN_POINT('',(1.65,3.35,-0.019999999999938));
#13648=CARTESIAN_POINT('',(1.65,1.0842021724855E-16,0.488899906163389));
#13649=CARTESIAN_POINT('',(1.85,4.2,-0.0199999999999376));
#13650=CARTESIAN_POINT('',(1.85,3.35,-0.019999999999938));
#13651=CARTESIAN_POINT('',(1.85,4.2,0.160000000000063));
#13652=CARTESIAN_POINT('',(1.85,4.2,-0.0199999999999376));
#13653=CARTESIAN_POINT('',(1.85,3.7,0.160000000000062));
#13654=CARTESIAN_POINT('',(1.85,4.2,0.160000000000063));
#13655=CARTESIAN_POINT('',(1.85,3.7,0.770000000000062));
#13656=CARTESIAN_POINT('',(1.85,3.7,0.160000000000062));
#13657=CARTESIAN_POINT('',(1.85,3.7,0.770000000000062));
#13658=CARTESIAN_POINT('',(1.35,0.32,1.36000000000006));
#13659=CARTESIAN_POINT('',(1.35,0.32,1.36000000000006));
#13660=CARTESIAN_POINT('',(1.35,0.32,1.48000000000006));
#13661=CARTESIAN_POINT('',(1.35,1.0842021724855E-16,0.488899906163389));
#13662=CARTESIAN_POINT('',(1.15,0.32,1.36000000000006));
#13663=CARTESIAN_POINT('',(1.15,0.32,1.36000000000006));
#13664=CARTESIAN_POINT('',(1.15,0.32,1.48000000000006));
#13665=CARTESIAN_POINT('',(1.15,1.0842021724855E-16,0.488899906163389));
#13666=CARTESIAN_POINT('',(1.35,0.32,1.36000000000006));
#13667=CARTESIAN_POINT('',(1.35,0.32,1.48000000000006));
#13668=CARTESIAN_POINT('',(1.35,0.32,1.36000000000006));
#13669=CARTESIAN_POINT('',(1.15,0.47,0.683848945472233));
#13670=CARTESIAN_POINT('',(1.15,0.47,0.683848945472233));
#13671=CARTESIAN_POINT('',(1.15,0.431883648576646,0.742308606370729));
#13672=CARTESIAN_POINT('',(1.35,0.431883648576646,0.742308606370729));
#13673=CARTESIAN_POINT('',(1.35,0.431883648576646,0.742308606370729));
#13674=CARTESIAN_POINT('',(1.35,0.47,0.683848945472233));
#13675=CARTESIAN_POINT('',(1.35,0.47,0.683848945472233));
#13676=CARTESIAN_POINT('',(1.35,0.47,0.683848945472233));
#13677=CARTESIAN_POINT('',(1.35,0.47,0.683848945472233));
#13678=CARTESIAN_POINT('',(1.15,0.39,0.715000000000062));
#13679=CARTESIAN_POINT('',(1.15,0.363027989269214,0.757101195198517));
#13680=CARTESIAN_POINT('',(1.35,0.363027989269214,0.757101195198517));
#13681=CARTESIAN_POINT('',(1.35,0.363027989269214,0.757101195198517));
#13682=CARTESIAN_POINT('',(1.35,0.39,0.715000000000062));
#13683=CARTESIAN_POINT('',(1.35,0.39,0.715000000000062));
#13684=CARTESIAN_POINT('',(1.35,0.363027989269214,0.757101195198517));
#13685=CARTESIAN_POINT('',(1.35,2.75,0.620000000000063));
#13686=CARTESIAN_POINT('',(1.35,1.0842021724855E-16,0.488899906163389));
#13687=CARTESIAN_POINT('',(1.15,0.363027989269214,0.757101195198517));
#13688=CARTESIAN_POINT('',(1.15,2.75,0.620000000000063));
#13689=CARTESIAN_POINT('',(1.15,1.0842021724855E-16,0.488899906163389));
#13690=CARTESIAN_POINT('',(1.35,2.75,0.620000000000063));
#13691=CARTESIAN_POINT('',(1.35,0.363027989269214,0.757101195198517));
#13692=CARTESIAN_POINT('',(1.35,3.35,0.300000000000062));
#13693=CARTESIAN_POINT('',(1.35,3.35,-0.019999999999938));
#13694=CARTESIAN_POINT('',(1.15,3.35,0.300000000000062));
#13695=CARTESIAN_POINT('',(1.15,3.35,-0.019999999999938));
#13696=CARTESIAN_POINT('',(1.35,3.35,-0.019999999999938));
#13697=CARTESIAN_POINT('',(1.35,3.35,0.300000000000062));
#13698=CARTESIAN_POINT('',(1.35,3.7,0.770000000000062));
#13699=CARTESIAN_POINT('',(1.35,3.7,0.770000000000062));
#13700=CARTESIAN_POINT('',(1.35,3.35,-0.019999999999938));
#13701=CARTESIAN_POINT('',(1.35,4.2,-0.0199999999999376));
#13702=CARTESIAN_POINT('',(1.35,4.2,-0.0199999999999376));
#13703=CARTESIAN_POINT('',(1.35,4.2,0.160000000000063));
#13704=CARTESIAN_POINT('',(1.35,4.2,0.160000000000063));
#13705=CARTESIAN_POINT('',(1.35,3.7,0.160000000000062));
#13706=CARTESIAN_POINT('',(1.35,3.7,0.160000000000062));
#13707=CARTESIAN_POINT('',(1.35,1.0842021724855E-16,0.488899906163389));
#13708=CARTESIAN_POINT('',(1.15,3.7,0.770000000000062));
#13709=CARTESIAN_POINT('',(1.15,3.7,0.770000000000062));
#13710=CARTESIAN_POINT('',(1.15,3.7,0.160000000000062));
#13711=CARTESIAN_POINT('',(1.15,3.7,0.160000000000062));
#13712=CARTESIAN_POINT('',(1.15,4.2,0.160000000000063));
#13713=CARTESIAN_POINT('',(1.15,4.2,0.160000000000063));
#13714=CARTESIAN_POINT('',(1.15,4.2,-0.0199999999999376));
#13715=CARTESIAN_POINT('',(1.15,4.2,-0.0199999999999376));
#13716=CARTESIAN_POINT('',(1.15,3.35,-0.019999999999938));
#13717=CARTESIAN_POINT('',(1.15,1.0842021724855E-16,0.488899906163389));
#13718=CARTESIAN_POINT('',(1.35,4.2,-0.0199999999999376));
#13719=CARTESIAN_POINT('',(1.35,3.35,-0.019999999999938));
#13720=CARTESIAN_POINT('',(1.35,4.2,0.160000000000063));
#13721=CARTESIAN_POINT('',(1.35,4.2,-0.0199999999999376));
#13722=CARTESIAN_POINT('',(1.35,3.7,0.160000000000062));
#13723=CARTESIAN_POINT('',(1.35,4.2,0.160000000000063));
#13724=CARTESIAN_POINT('',(1.35,3.7,0.770000000000062));
#13725=CARTESIAN_POINT('',(1.35,3.7,0.160000000000062));
#13726=CARTESIAN_POINT('',(1.35,3.7,0.770000000000062));
#13727=CARTESIAN_POINT('',(0.850000000000001,0.32,1.36000000000006));
#13728=CARTESIAN_POINT('',(0.850000000000001,0.32,1.36000000000006));
#13729=CARTESIAN_POINT('',(0.850000000000001,0.32,1.48000000000006));
#13730=CARTESIAN_POINT('',(0.850000000000001,1.0842021724855E-16,0.488899906163389));
#13731=CARTESIAN_POINT('',(0.650000000000001,0.32,1.36000000000006));
#13732=CARTESIAN_POINT('',(0.650000000000001,0.32,1.36000000000006));
#13733=CARTESIAN_POINT('',(0.650000000000001,0.32,1.48000000000006));
#13734=CARTESIAN_POINT('',(0.650000000000001,1.0842021724855E-16,0.488899906163389));
#13735=CARTESIAN_POINT('',(0.850000000000001,0.32,1.36000000000006));
#13736=CARTESIAN_POINT('',(0.850000000000001,0.32,1.48000000000006));
#13737=CARTESIAN_POINT('',(0.850000000000001,0.32,1.36000000000006));
#13738=CARTESIAN_POINT('',(0.650000000000001,0.47,0.683848945472233));
#13739=CARTESIAN_POINT('',(0.650000000000001,0.47,0.683848945472233));
#13740=CARTESIAN_POINT('',(0.650000000000001,0.431883648576646,0.742308606370729));
#13741=CARTESIAN_POINT('',(0.850000000000001,0.431883648576646,0.742308606370729));
#13742=CARTESIAN_POINT('',(0.850000000000001,0.431883648576646,0.742308606370729));
#13743=CARTESIAN_POINT('',(0.850000000000001,0.47,0.683848945472233));
#13744=CARTESIAN_POINT('',(0.850000000000001,0.47,0.683848945472233));
#13745=CARTESIAN_POINT('',(0.850000000000001,0.47,0.683848945472233));
#13746=CARTESIAN_POINT('',(0.850000000000001,0.47,0.683848945472233));
#13747=CARTESIAN_POINT('',(0.650000000000001,0.39,0.715000000000062));
#13748=CARTESIAN_POINT('',(0.650000000000001,0.363027989269214,0.757101195198517));
#13749=CARTESIAN_POINT('',(0.850000000000001,0.363027989269214,0.757101195198517));
#13750=CARTESIAN_POINT('',(0.850000000000001,0.363027989269214,0.757101195198517));
#13751=CARTESIAN_POINT('',(0.850000000000001,0.39,0.715000000000062));
#13752=CARTESIAN_POINT('',(0.850000000000001,0.39,0.715000000000062));
#13753=CARTESIAN_POINT('',(0.850000000000001,0.363027989269214,0.757101195198517));
#13754=CARTESIAN_POINT('',(0.850000000000001,2.75,0.620000000000063));
#13755=CARTESIAN_POINT('',(0.850000000000001,1.0842021724855E-16,0.488899906163389));
#13756=CARTESIAN_POINT('',(0.650000000000001,0.363027989269214,0.757101195198517));
#13757=CARTESIAN_POINT('',(0.650000000000001,2.75,0.620000000000063));
#13758=CARTESIAN_POINT('',(0.650000000000001,1.0842021724855E-16,0.488899906163389));
#13759=CARTESIAN_POINT('',(0.850000000000001,2.75,0.620000000000063));
#13760=CARTESIAN_POINT('',(0.850000000000001,0.363027989269214,0.757101195198517));
#13761=CARTESIAN_POINT('',(0.850000000000001,3.35,0.300000000000062));
#13762=CARTESIAN_POINT('',(0.850000000000001,3.35,-0.019999999999938));
#13763=CARTESIAN_POINT('',(0.650000000000001,3.35,0.300000000000062));
#13764=CARTESIAN_POINT('',(0.650000000000001,3.35,-0.019999999999938));
#13765=CARTESIAN_POINT('',(0.850000000000001,3.35,-0.019999999999938));
#13766=CARTESIAN_POINT('',(0.850000000000001,3.35,0.300000000000062));
#13767=CARTESIAN_POINT('',(0.850000000000001,3.7,0.770000000000062));
#13768=CARTESIAN_POINT('',(0.850000000000001,3.7,0.770000000000062));
#13769=CARTESIAN_POINT('',(0.850000000000001,3.35,-0.019999999999938));
#13770=CARTESIAN_POINT('',(0.850000000000001,4.2,-0.0199999999999376));
#13771=CARTESIAN_POINT('',(0.850000000000001,4.2,-0.0199999999999376));
#13772=CARTESIAN_POINT('',(0.850000000000001,4.2,0.160000000000063));
#13773=CARTESIAN_POINT('',(0.850000000000001,4.2,0.160000000000063));
#13774=CARTESIAN_POINT('',(0.850000000000001,3.7,0.160000000000062));
#13775=CARTESIAN_POINT('',(0.850000000000001,3.7,0.160000000000062));
#13776=CARTESIAN_POINT('',(0.850000000000001,1.0842021724855E-16,0.488899906163389));
#13777=CARTESIAN_POINT('',(0.650000000000001,3.7,0.770000000000062));
#13778=CARTESIAN_POINT('',(0.650000000000001,3.7,0.770000000000062));
#13779=CARTESIAN_POINT('',(0.650000000000001,3.7,0.160000000000062));
#13780=CARTESIAN_POINT('',(0.650000000000001,3.7,0.160000000000062));
#13781=CARTESIAN_POINT('',(0.650000000000001,4.2,0.160000000000063));
#13782=CARTESIAN_POINT('',(0.650000000000001,4.2,0.160000000000063));
#13783=CARTESIAN_POINT('',(0.650000000000001,4.2,-0.0199999999999376));
#13784=CARTESIAN_POINT('',(0.650000000000001,4.2,-0.0199999999999376));
#13785=CARTESIAN_POINT('',(0.650000000000001,3.35,-0.019999999999938));
#13786=CARTESIAN_POINT('',(0.650000000000001,1.0842021724855E-16,0.488899906163389));
#13787=CARTESIAN_POINT('',(0.850000000000001,4.2,-0.0199999999999376));
#13788=CARTESIAN_POINT('',(0.850000000000001,3.35,-0.019999999999938));
#13789=CARTESIAN_POINT('',(0.850000000000001,4.2,0.160000000000063));
#13790=CARTESIAN_POINT('',(0.850000000000001,4.2,-0.0199999999999376));
#13791=CARTESIAN_POINT('',(0.850000000000001,3.7,0.160000000000062));
#13792=CARTESIAN_POINT('',(0.850000000000001,4.2,0.160000000000063));
#13793=CARTESIAN_POINT('',(0.850000000000001,3.7,0.770000000000062));
#13794=CARTESIAN_POINT('',(0.850000000000001,3.7,0.160000000000062));
#13795=CARTESIAN_POINT('',(0.850000000000001,3.7,0.770000000000062));
#13796=CARTESIAN_POINT('',(0.350000000000001,0.32,1.36000000000006));
#13797=CARTESIAN_POINT('',(0.350000000000001,0.32,1.36000000000006));
#13798=CARTESIAN_POINT('',(0.350000000000001,0.32,1.48000000000006));
#13799=CARTESIAN_POINT('',(0.350000000000001,1.0842021724855E-16,0.488899906163389));
#13800=CARTESIAN_POINT('',(0.150000000000001,0.32,1.36000000000006));
#13801=CARTESIAN_POINT('',(0.150000000000001,0.32,1.36000000000006));
#13802=CARTESIAN_POINT('',(0.150000000000001,0.32,1.48000000000006));
#13803=CARTESIAN_POINT('',(0.150000000000001,1.0842021724855E-16,0.488899906163389));
#13804=CARTESIAN_POINT('',(0.350000000000001,0.32,1.36000000000006));
#13805=CARTESIAN_POINT('',(0.350000000000001,0.32,1.48000000000006));
#13806=CARTESIAN_POINT('',(0.350000000000001,0.32,1.36000000000006));
#13807=CARTESIAN_POINT('',(0.150000000000001,0.47,0.683848945472233));
#13808=CARTESIAN_POINT('',(0.150000000000001,0.47,0.683848945472233));
#13809=CARTESIAN_POINT('',(0.150000000000001,0.431883648576646,0.742308606370729));
#13810=CARTESIAN_POINT('',(0.350000000000001,0.431883648576646,0.742308606370729));
#13811=CARTESIAN_POINT('',(0.350000000000001,0.431883648576646,0.742308606370729));
#13812=CARTESIAN_POINT('',(0.350000000000001,0.47,0.683848945472233));
#13813=CARTESIAN_POINT('',(0.350000000000001,0.47,0.683848945472233));
#13814=CARTESIAN_POINT('',(0.350000000000001,0.47,0.683848945472233));
#13815=CARTESIAN_POINT('',(0.350000000000001,0.47,0.683848945472233));
#13816=CARTESIAN_POINT('',(0.150000000000001,0.39,0.715000000000062));
#13817=CARTESIAN_POINT('',(0.150000000000001,0.363027989269214,0.757101195198517));
#13818=CARTESIAN_POINT('',(0.350000000000001,0.363027989269214,0.757101195198517));
#13819=CARTESIAN_POINT('',(0.350000000000001,0.363027989269214,0.757101195198517));
#13820=CARTESIAN_POINT('',(0.350000000000001,0.39,0.715000000000062));
#13821=CARTESIAN_POINT('',(0.350000000000001,0.39,0.715000000000062));
#13822=CARTESIAN_POINT('',(0.350000000000001,0.363027989269214,0.757101195198517));
#13823=CARTESIAN_POINT('',(0.350000000000001,2.75,0.620000000000063));
#13824=CARTESIAN_POINT('',(0.350000000000001,1.0842021724855E-16,0.488899906163389));
#13825=CARTESIAN_POINT('',(0.150000000000001,0.363027989269214,0.757101195198517));
#13826=CARTESIAN_POINT('',(0.150000000000001,2.75,0.620000000000063));
#13827=CARTESIAN_POINT('',(0.150000000000001,1.0842021724855E-16,0.488899906163389));
#13828=CARTESIAN_POINT('',(0.350000000000001,2.75,0.620000000000063));
#13829=CARTESIAN_POINT('',(0.350000000000001,0.363027989269214,0.757101195198517));
#13830=CARTESIAN_POINT('',(0.350000000000001,3.35,0.300000000000062));
#13831=CARTESIAN_POINT('',(0.350000000000001,3.35,-0.019999999999938));
#13832=CARTESIAN_POINT('',(0.150000000000001,3.35,0.300000000000062));
#13833=CARTESIAN_POINT('',(0.150000000000001,3.35,-0.019999999999938));
#13834=CARTESIAN_POINT('',(0.350000000000001,3.35,-0.019999999999938));
#13835=CARTESIAN_POINT('',(0.350000000000001,3.35,0.300000000000062));
#13836=CARTESIAN_POINT('',(0.350000000000001,3.7,0.770000000000062));
#13837=CARTESIAN_POINT('',(0.350000000000001,3.7,0.770000000000062));
#13838=CARTESIAN_POINT('',(0.350000000000001,3.35,-0.019999999999938));
#13839=CARTESIAN_POINT('',(0.350000000000001,4.2,-0.0199999999999376));
#13840=CARTESIAN_POINT('',(0.350000000000001,4.2,-0.0199999999999376));
#13841=CARTESIAN_POINT('',(0.350000000000001,4.2,0.160000000000063));
#13842=CARTESIAN_POINT('',(0.350000000000001,4.2,0.160000000000063));
#13843=CARTESIAN_POINT('',(0.350000000000001,3.7,0.160000000000062));
#13844=CARTESIAN_POINT('',(0.350000000000001,3.7,0.160000000000062));
#13845=CARTESIAN_POINT('',(0.350000000000001,1.0842021724855E-16,0.488899906163389));
#13846=CARTESIAN_POINT('',(0.150000000000001,3.7,0.770000000000062));
#13847=CARTESIAN_POINT('',(0.150000000000001,3.7,0.770000000000062));
#13848=CARTESIAN_POINT('',(0.150000000000001,3.7,0.160000000000062));
#13849=CARTESIAN_POINT('',(0.150000000000001,3.7,0.160000000000062));
#13850=CARTESIAN_POINT('',(0.150000000000001,4.2,0.160000000000063));
#13851=CARTESIAN_POINT('',(0.150000000000001,4.2,0.160000000000063));
#13852=CARTESIAN_POINT('',(0.150000000000001,4.2,-0.0199999999999376));
#13853=CARTESIAN_POINT('',(0.150000000000001,4.2,-0.0199999999999376));
#13854=CARTESIAN_POINT('',(0.150000000000001,3.35,-0.019999999999938));
#13855=CARTESIAN_POINT('',(0.150000000000001,1.0842021724855E-16,0.488899906163389));
#13856=CARTESIAN_POINT('',(0.350000000000001,4.2,-0.0199999999999376));
#13857=CARTESIAN_POINT('',(0.350000000000001,3.35,-0.019999999999938));
#13858=CARTESIAN_POINT('',(0.350000000000001,4.2,0.160000000000063));
#13859=CARTESIAN_POINT('',(0.350000000000001,4.2,-0.0199999999999376));
#13860=CARTESIAN_POINT('',(0.350000000000001,3.7,0.160000000000062));
#13861=CARTESIAN_POINT('',(0.350000000000001,4.2,0.160000000000063));
#13862=CARTESIAN_POINT('',(0.350000000000001,3.7,0.770000000000062));
#13863=CARTESIAN_POINT('',(0.350000000000001,3.7,0.160000000000062));
#13864=CARTESIAN_POINT('',(0.350000000000001,3.7,0.770000000000062));
#13865=CARTESIAN_POINT('',(-0.149999999999999,0.32,1.36000000000006));
#13866=CARTESIAN_POINT('',(-0.149999999999999,0.32,1.36000000000006));
#13867=CARTESIAN_POINT('',(-0.149999999999999,0.32,1.48000000000006));
#13868=CARTESIAN_POINT('',(-0.149999999999999,1.0842021724855E-16,0.488899906163389));
#13869=CARTESIAN_POINT('',(-0.349999999999999,0.32,1.36000000000006));
#13870=CARTESIAN_POINT('',(-0.349999999999999,0.32,1.36000000000006));
#13871=CARTESIAN_POINT('',(-0.349999999999999,0.32,1.48000000000006));
#13872=CARTESIAN_POINT('',(-0.349999999999999,1.0842021724855E-16,0.488899906163389));
#13873=CARTESIAN_POINT('',(-0.149999999999999,0.32,1.36000000000006));
#13874=CARTESIAN_POINT('',(-0.149999999999999,0.32,1.48000000000006));
#13875=CARTESIAN_POINT('',(-0.149999999999999,0.32,1.36000000000006));
#13876=CARTESIAN_POINT('',(-0.349999999999999,0.47,0.683848945472233));
#13877=CARTESIAN_POINT('',(-0.349999999999999,0.47,0.683848945472233));
#13878=CARTESIAN_POINT('',(-0.349999999999999,0.431883648576646,0.742308606370729));
#13879=CARTESIAN_POINT('',(-0.149999999999999,0.431883648576646,0.742308606370729));
#13880=CARTESIAN_POINT('',(-0.149999999999999,0.431883648576646,0.742308606370729));
#13881=CARTESIAN_POINT('',(-0.149999999999999,0.47,0.683848945472233));
#13882=CARTESIAN_POINT('',(-0.149999999999999,0.47,0.683848945472233));
#13883=CARTESIAN_POINT('',(-0.149999999999999,0.47,0.683848945472233));
#13884=CARTESIAN_POINT('',(-0.149999999999999,0.47,0.683848945472233));
#13885=CARTESIAN_POINT('',(-0.349999999999999,0.39,0.715000000000062));
#13886=CARTESIAN_POINT('',(-0.349999999999999,0.363027989269214,0.757101195198517));
#13887=CARTESIAN_POINT('',(-0.149999999999999,0.363027989269214,0.757101195198517));
#13888=CARTESIAN_POINT('',(-0.149999999999999,0.363027989269214,0.757101195198517));
#13889=CARTESIAN_POINT('',(-0.149999999999999,0.39,0.715000000000062));
#13890=CARTESIAN_POINT('',(-0.149999999999999,0.39,0.715000000000062));
#13891=CARTESIAN_POINT('',(-0.149999999999999,0.363027989269214,0.757101195198517));
#13892=CARTESIAN_POINT('',(-0.149999999999999,2.75,0.620000000000063));
#13893=CARTESIAN_POINT('',(-0.149999999999999,1.0842021724855E-16,0.488899906163389));
#13894=CARTESIAN_POINT('',(-0.349999999999999,0.363027989269214,0.757101195198517));
#13895=CARTESIAN_POINT('',(-0.349999999999999,2.75,0.620000000000063));
#13896=CARTESIAN_POINT('',(-0.349999999999999,1.0842021724855E-16,0.488899906163389));
#13897=CARTESIAN_POINT('',(-0.149999999999999,2.75,0.620000000000063));
#13898=CARTESIAN_POINT('',(-0.149999999999999,0.363027989269214,0.757101195198517));
#13899=CARTESIAN_POINT('',(-0.149999999999999,3.35,0.300000000000062));
#13900=CARTESIAN_POINT('',(-0.149999999999999,3.35,-0.019999999999938));
#13901=CARTESIAN_POINT('',(-0.349999999999999,3.35,0.300000000000062));
#13902=CARTESIAN_POINT('',(-0.349999999999999,3.35,-0.019999999999938));
#13903=CARTESIAN_POINT('',(-0.149999999999999,3.35,-0.019999999999938));
#13904=CARTESIAN_POINT('',(-0.149999999999999,3.35,0.300000000000062));
#13905=CARTESIAN_POINT('',(-0.149999999999999,3.7,0.770000000000062));
#13906=CARTESIAN_POINT('',(-0.149999999999999,3.7,0.770000000000062));
#13907=CARTESIAN_POINT('',(-0.149999999999999,3.35,-0.019999999999938));
#13908=CARTESIAN_POINT('',(-0.149999999999999,4.2,-0.0199999999999376));
#13909=CARTESIAN_POINT('',(-0.149999999999999,4.2,-0.0199999999999376));
#13910=CARTESIAN_POINT('',(-0.149999999999999,4.2,0.160000000000063));
#13911=CARTESIAN_POINT('',(-0.149999999999999,4.2,0.160000000000063));
#13912=CARTESIAN_POINT('',(-0.149999999999999,3.7,0.160000000000062));
#13913=CARTESIAN_POINT('',(-0.149999999999999,3.7,0.160000000000062));
#13914=CARTESIAN_POINT('',(-0.149999999999999,1.0842021724855E-16,0.488899906163389));
#13915=CARTESIAN_POINT('',(-0.349999999999999,3.7,0.770000000000062));
#13916=CARTESIAN_POINT('',(-0.349999999999999,3.7,0.770000000000062));
#13917=CARTESIAN_POINT('',(-0.349999999999999,3.7,0.160000000000062));
#13918=CARTESIAN_POINT('',(-0.349999999999999,3.7,0.160000000000062));
#13919=CARTESIAN_POINT('',(-0.349999999999999,4.2,0.160000000000063));
#13920=CARTESIAN_POINT('',(-0.349999999999999,4.2,0.160000000000063));
#13921=CARTESIAN_POINT('',(-0.349999999999999,4.2,-0.0199999999999376));
#13922=CARTESIAN_POINT('',(-0.349999999999999,4.2,-0.0199999999999376));
#13923=CARTESIAN_POINT('',(-0.349999999999999,3.35,-0.019999999999938));
#13924=CARTESIAN_POINT('',(-0.349999999999999,1.0842021724855E-16,0.488899906163389));
#13925=CARTESIAN_POINT('',(-0.149999999999999,4.2,-0.0199999999999376));
#13926=CARTESIAN_POINT('',(-0.149999999999999,3.35,-0.019999999999938));
#13927=CARTESIAN_POINT('',(-0.149999999999999,4.2,0.160000000000063));
#13928=CARTESIAN_POINT('',(-0.149999999999999,4.2,-0.0199999999999376));
#13929=CARTESIAN_POINT('',(-0.149999999999999,3.7,0.160000000000062));
#13930=CARTESIAN_POINT('',(-0.149999999999999,4.2,0.160000000000063));
#13931=CARTESIAN_POINT('',(-0.149999999999999,3.7,0.770000000000062));
#13932=CARTESIAN_POINT('',(-0.149999999999999,3.7,0.160000000000062));
#13933=CARTESIAN_POINT('',(-0.149999999999999,3.7,0.770000000000062));
#13934=CARTESIAN_POINT('',(-0.649999999999999,0.32,1.36000000000006));
#13935=CARTESIAN_POINT('',(-0.649999999999999,0.32,1.36000000000006));
#13936=CARTESIAN_POINT('',(-0.649999999999999,0.32,1.48000000000006));
#13937=CARTESIAN_POINT('',(-0.649999999999999,1.0842021724855E-16,0.488899906163389));
#13938=CARTESIAN_POINT('',(-0.849999999999999,0.32,1.36000000000006));
#13939=CARTESIAN_POINT('',(-0.849999999999999,0.32,1.36000000000006));
#13940=CARTESIAN_POINT('',(-0.849999999999999,0.32,1.48000000000006));
#13941=CARTESIAN_POINT('',(-0.849999999999999,1.0842021724855E-16,0.488899906163389));
#13942=CARTESIAN_POINT('',(-0.649999999999999,0.32,1.36000000000006));
#13943=CARTESIAN_POINT('',(-0.649999999999999,0.32,1.48000000000006));
#13944=CARTESIAN_POINT('',(-0.649999999999999,0.32,1.36000000000006));
#13945=CARTESIAN_POINT('',(-0.849999999999999,0.47,0.683848945472233));
#13946=CARTESIAN_POINT('',(-0.849999999999999,0.47,0.683848945472233));
#13947=CARTESIAN_POINT('',(-0.849999999999999,0.431883648576646,0.742308606370729));
#13948=CARTESIAN_POINT('',(-0.649999999999999,0.431883648576646,0.742308606370729));
#13949=CARTESIAN_POINT('',(-0.649999999999999,0.431883648576646,0.742308606370729));
#13950=CARTESIAN_POINT('',(-0.649999999999999,0.47,0.683848945472233));
#13951=CARTESIAN_POINT('',(-0.649999999999999,0.47,0.683848945472233));
#13952=CARTESIAN_POINT('',(-0.649999999999999,0.47,0.683848945472233));
#13953=CARTESIAN_POINT('',(-0.649999999999999,0.47,0.683848945472233));
#13954=CARTESIAN_POINT('',(-0.849999999999999,0.39,0.715000000000062));
#13955=CARTESIAN_POINT('',(-0.849999999999999,0.363027989269214,0.757101195198517));
#13956=CARTESIAN_POINT('',(-0.649999999999999,0.363027989269214,0.757101195198517));
#13957=CARTESIAN_POINT('',(-0.649999999999999,0.363027989269214,0.757101195198517));
#13958=CARTESIAN_POINT('',(-0.649999999999999,0.39,0.715000000000062));
#13959=CARTESIAN_POINT('',(-0.649999999999999,0.39,0.715000000000062));
#13960=CARTESIAN_POINT('',(-0.649999999999999,0.363027989269214,0.757101195198517));
#13961=CARTESIAN_POINT('',(-0.649999999999999,2.75,0.620000000000063));
#13962=CARTESIAN_POINT('',(-0.649999999999999,1.0842021724855E-16,0.488899906163389));
#13963=CARTESIAN_POINT('',(-0.849999999999999,0.363027989269214,0.757101195198517));
#13964=CARTESIAN_POINT('',(-0.849999999999999,2.75,0.620000000000063));
#13965=CARTESIAN_POINT('',(-0.849999999999999,1.0842021724855E-16,0.488899906163389));
#13966=CARTESIAN_POINT('',(-0.649999999999999,2.75,0.620000000000063));
#13967=CARTESIAN_POINT('',(-0.649999999999999,0.363027989269214,0.757101195198517));
#13968=CARTESIAN_POINT('',(-0.649999999999999,3.35,0.300000000000062));
#13969=CARTESIAN_POINT('',(-0.649999999999999,3.35,-0.019999999999938));
#13970=CARTESIAN_POINT('',(-0.849999999999999,3.35,0.300000000000062));
#13971=CARTESIAN_POINT('',(-0.849999999999999,3.35,-0.019999999999938));
#13972=CARTESIAN_POINT('',(-0.649999999999999,3.35,-0.019999999999938));
#13973=CARTESIAN_POINT('',(-0.649999999999999,3.35,0.300000000000062));
#13974=CARTESIAN_POINT('',(-0.649999999999999,3.7,0.770000000000062));
#13975=CARTESIAN_POINT('',(-0.649999999999999,3.7,0.770000000000062));
#13976=CARTESIAN_POINT('',(-0.649999999999999,3.35,-0.019999999999938));
#13977=CARTESIAN_POINT('',(-0.649999999999999,4.2,-0.0199999999999376));
#13978=CARTESIAN_POINT('',(-0.649999999999999,4.2,-0.0199999999999376));
#13979=CARTESIAN_POINT('',(-0.649999999999999,4.2,0.160000000000063));
#13980=CARTESIAN_POINT('',(-0.649999999999999,4.2,0.160000000000063));
#13981=CARTESIAN_POINT('',(-0.649999999999999,3.7,0.160000000000062));
#13982=CARTESIAN_POINT('',(-0.649999999999999,3.7,0.160000000000062));
#13983=CARTESIAN_POINT('',(-0.649999999999999,1.0842021724855E-16,0.488899906163389));
#13984=CARTESIAN_POINT('',(-0.849999999999999,3.7,0.770000000000062));
#13985=CARTESIAN_POINT('',(-0.849999999999999,3.7,0.770000000000062));
#13986=CARTESIAN_POINT('',(-0.849999999999999,3.7,0.160000000000062));
#13987=CARTESIAN_POINT('',(-0.849999999999999,3.7,0.160000000000062));
#13988=CARTESIAN_POINT('',(-0.849999999999999,4.2,0.160000000000063));
#13989=CARTESIAN_POINT('',(-0.849999999999999,4.2,0.160000000000063));
#13990=CARTESIAN_POINT('',(-0.849999999999999,4.2,-0.0199999999999376));
#13991=CARTESIAN_POINT('',(-0.849999999999999,4.2,-0.0199999999999376));
#13992=CARTESIAN_POINT('',(-0.849999999999999,3.35,-0.019999999999938));
#13993=CARTESIAN_POINT('',(-0.849999999999999,1.0842021724855E-16,0.488899906163389));
#13994=CARTESIAN_POINT('',(-0.649999999999999,4.2,-0.0199999999999376));
#13995=CARTESIAN_POINT('',(-0.649999999999999,3.35,-0.019999999999938));
#13996=CARTESIAN_POINT('',(-0.649999999999999,4.2,0.160000000000063));
#13997=CARTESIAN_POINT('',(-0.649999999999999,4.2,-0.0199999999999376));
#13998=CARTESIAN_POINT('',(-0.649999999999999,3.7,0.160000000000062));
#13999=CARTESIAN_POINT('',(-0.649999999999999,4.2,0.160000000000063));
#14000=CARTESIAN_POINT('',(-0.649999999999999,3.7,0.770000000000062));
#14001=CARTESIAN_POINT('',(-0.649999999999999,3.7,0.160000000000062));
#14002=CARTESIAN_POINT('',(-0.649999999999999,3.7,0.770000000000062));
#14003=CARTESIAN_POINT('',(-1.15,0.32,1.36000000000006));
#14004=CARTESIAN_POINT('',(-1.15,0.32,1.36000000000006));
#14005=CARTESIAN_POINT('',(-1.15,0.32,1.48000000000006));
#14006=CARTESIAN_POINT('',(-1.15,1.0842021724855E-16,0.488899906163389));
#14007=CARTESIAN_POINT('',(-1.35,0.32,1.36000000000006));
#14008=CARTESIAN_POINT('',(-1.35,0.32,1.36000000000006));
#14009=CARTESIAN_POINT('',(-1.35,0.32,1.48000000000006));
#14010=CARTESIAN_POINT('',(-1.35,1.0842021724855E-16,0.488899906163389));
#14011=CARTESIAN_POINT('',(-1.15,0.32,1.36000000000006));
#14012=CARTESIAN_POINT('',(-1.15,0.32,1.48000000000006));
#14013=CARTESIAN_POINT('',(-1.15,0.32,1.36000000000006));
#14014=CARTESIAN_POINT('',(-1.35,0.47,0.683848945472233));
#14015=CARTESIAN_POINT('',(-1.35,0.47,0.683848945472233));
#14016=CARTESIAN_POINT('',(-1.35,0.431883648576646,0.742308606370729));
#14017=CARTESIAN_POINT('',(-1.15,0.431883648576646,0.742308606370729));
#14018=CARTESIAN_POINT('',(-1.15,0.431883648576646,0.742308606370729));
#14019=CARTESIAN_POINT('',(-1.15,0.47,0.683848945472233));
#14020=CARTESIAN_POINT('',(-1.15,0.47,0.683848945472233));
#14021=CARTESIAN_POINT('',(-1.15,0.47,0.683848945472233));
#14022=CARTESIAN_POINT('',(-1.15,0.47,0.683848945472233));
#14023=CARTESIAN_POINT('',(-1.35,0.39,0.715000000000062));
#14024=CARTESIAN_POINT('',(-1.35,0.363027989269214,0.757101195198517));
#14025=CARTESIAN_POINT('',(-1.15,0.363027989269214,0.757101195198517));
#14026=CARTESIAN_POINT('',(-1.15,0.363027989269214,0.757101195198517));
#14027=CARTESIAN_POINT('',(-1.15,0.39,0.715000000000062));
#14028=CARTESIAN_POINT('',(-1.15,0.39,0.715000000000062));
#14029=CARTESIAN_POINT('',(-1.15,0.363027989269214,0.757101195198517));
#14030=CARTESIAN_POINT('',(-1.15,2.75,0.620000000000063));
#14031=CARTESIAN_POINT('',(-1.15,1.0842021724855E-16,0.488899906163389));
#14032=CARTESIAN_POINT('',(-1.35,0.363027989269214,0.757101195198517));
#14033=CARTESIAN_POINT('',(-1.35,2.75,0.620000000000063));
#14034=CARTESIAN_POINT('',(-1.35,1.0842021724855E-16,0.488899906163389));
#14035=CARTESIAN_POINT('',(-1.15,2.75,0.620000000000063));
#14036=CARTESIAN_POINT('',(-1.15,0.363027989269214,0.757101195198517));
#14037=CARTESIAN_POINT('',(-1.15,3.35,0.300000000000062));
#14038=CARTESIAN_POINT('',(-1.15,3.35,-0.019999999999938));
#14039=CARTESIAN_POINT('',(-1.35,3.35,0.300000000000062));
#14040=CARTESIAN_POINT('',(-1.35,3.35,-0.019999999999938));
#14041=CARTESIAN_POINT('',(-1.15,3.35,-0.019999999999938));
#14042=CARTESIAN_POINT('',(-1.15,3.35,0.300000000000062));
#14043=CARTESIAN_POINT('',(-1.15,3.7,0.770000000000062));
#14044=CARTESIAN_POINT('',(-1.15,3.7,0.770000000000062));
#14045=CARTESIAN_POINT('',(-1.15,3.35,-0.019999999999938));
#14046=CARTESIAN_POINT('',(-1.15,4.2,-0.0199999999999376));
#14047=CARTESIAN_POINT('',(-1.15,4.2,-0.0199999999999376));
#14048=CARTESIAN_POINT('',(-1.15,4.2,0.160000000000063));
#14049=CARTESIAN_POINT('',(-1.15,4.2,0.160000000000063));
#14050=CARTESIAN_POINT('',(-1.15,3.7,0.160000000000062));
#14051=CARTESIAN_POINT('',(-1.15,3.7,0.160000000000062));
#14052=CARTESIAN_POINT('',(-1.15,1.0842021724855E-16,0.488899906163389));
#14053=CARTESIAN_POINT('',(-1.35,3.7,0.770000000000062));
#14054=CARTESIAN_POINT('',(-1.35,3.7,0.770000000000062));
#14055=CARTESIAN_POINT('',(-1.35,3.7,0.160000000000062));
#14056=CARTESIAN_POINT('',(-1.35,3.7,0.160000000000062));
#14057=CARTESIAN_POINT('',(-1.35,4.2,0.160000000000063));
#14058=CARTESIAN_POINT('',(-1.35,4.2,0.160000000000063));
#14059=CARTESIAN_POINT('',(-1.35,4.2,-0.0199999999999376));
#14060=CARTESIAN_POINT('',(-1.35,4.2,-0.0199999999999376));
#14061=CARTESIAN_POINT('',(-1.35,3.35,-0.019999999999938));
#14062=CARTESIAN_POINT('',(-1.35,1.0842021724855E-16,0.488899906163389));
#14063=CARTESIAN_POINT('',(-1.15,4.2,-0.0199999999999376));
#14064=CARTESIAN_POINT('',(-1.15,3.35,-0.019999999999938));
#14065=CARTESIAN_POINT('',(-1.15,4.2,0.160000000000063));
#14066=CARTESIAN_POINT('',(-1.15,4.2,-0.0199999999999376));
#14067=CARTESIAN_POINT('',(-1.15,3.7,0.160000000000062));
#14068=CARTESIAN_POINT('',(-1.15,4.2,0.160000000000063));
#14069=CARTESIAN_POINT('',(-1.15,3.7,0.770000000000062));
#14070=CARTESIAN_POINT('',(-1.15,3.7,0.160000000000062));
#14071=CARTESIAN_POINT('',(-1.15,3.7,0.770000000000062));
#14072=CARTESIAN_POINT('',(-1.65,0.32,1.36000000000006));
#14073=CARTESIAN_POINT('',(-1.65,0.32,1.36000000000006));
#14074=CARTESIAN_POINT('',(-1.65,0.32,1.48000000000006));
#14075=CARTESIAN_POINT('',(-1.65,1.0842021724855E-16,0.488899906163389));
#14076=CARTESIAN_POINT('',(-1.85,0.32,1.36000000000006));
#14077=CARTESIAN_POINT('',(-1.85,0.32,1.36000000000006));
#14078=CARTESIAN_POINT('',(-1.85,0.32,1.48000000000006));
#14079=CARTESIAN_POINT('',(-1.85,1.0842021724855E-16,0.488899906163389));
#14080=CARTESIAN_POINT('',(-1.65,0.32,1.36000000000006));
#14081=CARTESIAN_POINT('',(-1.65,0.32,1.48000000000006));
#14082=CARTESIAN_POINT('',(-1.65,0.32,1.36000000000006));
#14083=CARTESIAN_POINT('',(-1.85,0.47,0.683848945472233));
#14084=CARTESIAN_POINT('',(-1.85,0.47,0.683848945472233));
#14085=CARTESIAN_POINT('',(-1.85,0.431883648576646,0.742308606370729));
#14086=CARTESIAN_POINT('',(-1.65,0.431883648576646,0.742308606370729));
#14087=CARTESIAN_POINT('',(-1.65,0.431883648576646,0.742308606370729));
#14088=CARTESIAN_POINT('',(-1.65,0.47,0.683848945472233));
#14089=CARTESIAN_POINT('',(-1.65,0.47,0.683848945472233));
#14090=CARTESIAN_POINT('',(-1.65,0.47,0.683848945472233));
#14091=CARTESIAN_POINT('',(-1.65,0.47,0.683848945472233));
#14092=CARTESIAN_POINT('',(-1.85,0.39,0.715000000000062));
#14093=CARTESIAN_POINT('',(-1.85,0.363027989269214,0.757101195198517));
#14094=CARTESIAN_POINT('',(-1.65,0.363027989269214,0.757101195198517));
#14095=CARTESIAN_POINT('',(-1.65,0.363027989269214,0.757101195198517));
#14096=CARTESIAN_POINT('',(-1.65,0.39,0.715000000000062));
#14097=CARTESIAN_POINT('',(-1.65,0.39,0.715000000000062));
#14098=CARTESIAN_POINT('',(-1.65,0.363027989269214,0.757101195198517));
#14099=CARTESIAN_POINT('',(-1.65,2.75,0.620000000000063));
#14100=CARTESIAN_POINT('',(-1.65,1.0842021724855E-16,0.488899906163389));
#14101=CARTESIAN_POINT('',(-1.85,0.363027989269214,0.757101195198517));
#14102=CARTESIAN_POINT('',(-1.85,2.75,0.620000000000063));
#14103=CARTESIAN_POINT('',(-1.85,1.0842021724855E-16,0.488899906163389));
#14104=CARTESIAN_POINT('',(-1.65,2.75,0.620000000000063));
#14105=CARTESIAN_POINT('',(-1.65,0.363027989269214,0.757101195198517));
#14106=CARTESIAN_POINT('',(-1.65,3.35,0.300000000000062));
#14107=CARTESIAN_POINT('',(-1.65,3.35,-0.019999999999938));
#14108=CARTESIAN_POINT('',(-1.85,3.35,0.300000000000062));
#14109=CARTESIAN_POINT('',(-1.85,3.35,-0.019999999999938));
#14110=CARTESIAN_POINT('',(-1.65,3.35,-0.019999999999938));
#14111=CARTESIAN_POINT('',(-1.65,3.35,0.300000000000062));
#14112=CARTESIAN_POINT('',(-1.65,3.7,0.770000000000062));
#14113=CARTESIAN_POINT('',(-1.65,3.7,0.770000000000062));
#14114=CARTESIAN_POINT('',(-1.65,3.35,-0.019999999999938));
#14115=CARTESIAN_POINT('',(-1.65,4.2,-0.0199999999999376));
#14116=CARTESIAN_POINT('',(-1.65,4.2,-0.0199999999999376));
#14117=CARTESIAN_POINT('',(-1.65,4.2,0.160000000000063));
#14118=CARTESIAN_POINT('',(-1.65,4.2,0.160000000000063));
#14119=CARTESIAN_POINT('',(-1.65,3.7,0.160000000000062));
#14120=CARTESIAN_POINT('',(-1.65,3.7,0.160000000000062));
#14121=CARTESIAN_POINT('',(-1.65,1.0842021724855E-16,0.488899906163389));
#14122=CARTESIAN_POINT('',(-1.85,3.7,0.770000000000062));
#14123=CARTESIAN_POINT('',(-1.85,3.7,0.770000000000062));
#14124=CARTESIAN_POINT('',(-1.85,3.7,0.160000000000062));
#14125=CARTESIAN_POINT('',(-1.85,3.7,0.160000000000062));
#14126=CARTESIAN_POINT('',(-1.85,4.2,0.160000000000063));
#14127=CARTESIAN_POINT('',(-1.85,4.2,0.160000000000063));
#14128=CARTESIAN_POINT('',(-1.85,4.2,-0.0199999999999376));
#14129=CARTESIAN_POINT('',(-1.85,4.2,-0.0199999999999376));
#14130=CARTESIAN_POINT('',(-1.85,3.35,-0.019999999999938));
#14131=CARTESIAN_POINT('',(-1.85,1.0842021724855E-16,0.488899906163389));
#14132=CARTESIAN_POINT('',(-1.65,4.2,-0.0199999999999376));
#14133=CARTESIAN_POINT('',(-1.65,3.35,-0.019999999999938));
#14134=CARTESIAN_POINT('',(-1.65,4.2,0.160000000000063));
#14135=CARTESIAN_POINT('',(-1.65,4.2,-0.0199999999999376));
#14136=CARTESIAN_POINT('',(-1.65,3.7,0.160000000000062));
#14137=CARTESIAN_POINT('',(-1.65,4.2,0.160000000000063));
#14138=CARTESIAN_POINT('',(-1.65,3.7,0.770000000000062));
#14139=CARTESIAN_POINT('',(-1.65,3.7,0.160000000000062));
#14140=CARTESIAN_POINT('',(-1.65,3.7,0.770000000000062));
#14141=CARTESIAN_POINT('',(-2.15,0.32,1.36000000000006));
#14142=CARTESIAN_POINT('',(-2.15,0.32,1.36000000000006));
#14143=CARTESIAN_POINT('',(-2.15,0.32,1.48000000000006));
#14144=CARTESIAN_POINT('',(-2.15,1.0842021724855E-16,0.488899906163389));
#14145=CARTESIAN_POINT('',(-2.35,0.32,1.36000000000006));
#14146=CARTESIAN_POINT('',(-2.35,0.32,1.36000000000006));
#14147=CARTESIAN_POINT('',(-2.35,0.32,1.48000000000006));
#14148=CARTESIAN_POINT('',(-2.35,1.0842021724855E-16,0.488899906163389));
#14149=CARTESIAN_POINT('',(-2.15,0.32,1.36000000000006));
#14150=CARTESIAN_POINT('',(-2.15,0.32,1.48000000000006));
#14151=CARTESIAN_POINT('',(-2.15,0.32,1.36000000000006));
#14152=CARTESIAN_POINT('',(-2.35,0.47,0.683848945472233));
#14153=CARTESIAN_POINT('',(-2.35,0.47,0.683848945472233));
#14154=CARTESIAN_POINT('',(-2.35,0.431883648576646,0.742308606370729));
#14155=CARTESIAN_POINT('',(-2.15,0.431883648576646,0.742308606370729));
#14156=CARTESIAN_POINT('',(-2.15,0.431883648576646,0.742308606370729));
#14157=CARTESIAN_POINT('',(-2.15,0.47,0.683848945472233));
#14158=CARTESIAN_POINT('',(-2.15,0.47,0.683848945472233));
#14159=CARTESIAN_POINT('',(-2.15,0.47,0.683848945472233));
#14160=CARTESIAN_POINT('',(-2.15,0.47,0.683848945472233));
#14161=CARTESIAN_POINT('',(-2.35,0.39,0.715000000000062));
#14162=CARTESIAN_POINT('',(-2.35,0.363027989269214,0.757101195198517));
#14163=CARTESIAN_POINT('',(-2.15,0.363027989269214,0.757101195198517));
#14164=CARTESIAN_POINT('',(-2.15,0.363027989269214,0.757101195198517));
#14165=CARTESIAN_POINT('',(-2.15,0.39,0.715000000000062));
#14166=CARTESIAN_POINT('',(-2.15,0.39,0.715000000000062));
#14167=CARTESIAN_POINT('',(-2.15,0.363027989269214,0.757101195198517));
#14168=CARTESIAN_POINT('',(-2.15,2.75,0.620000000000063));
#14169=CARTESIAN_POINT('',(-2.15,1.0842021724855E-16,0.488899906163389));
#14170=CARTESIAN_POINT('',(-2.35,0.363027989269214,0.757101195198517));
#14171=CARTESIAN_POINT('',(-2.35,2.75,0.620000000000063));
#14172=CARTESIAN_POINT('',(-2.35,1.0842021724855E-16,0.488899906163389));
#14173=CARTESIAN_POINT('',(-2.15,2.75,0.620000000000063));
#14174=CARTESIAN_POINT('',(-2.15,0.363027989269214,0.757101195198517));
#14175=CARTESIAN_POINT('',(-2.15,3.35,0.300000000000062));
#14176=CARTESIAN_POINT('',(-2.15,3.35,-0.019999999999938));
#14177=CARTESIAN_POINT('',(-2.35,3.35,0.300000000000062));
#14178=CARTESIAN_POINT('',(-2.35,3.35,-0.019999999999938));
#14179=CARTESIAN_POINT('',(-2.15,3.35,-0.019999999999938));
#14180=CARTESIAN_POINT('',(-2.15,3.35,0.300000000000062));
#14181=CARTESIAN_POINT('',(-2.15,3.7,0.770000000000062));
#14182=CARTESIAN_POINT('',(-2.15,3.7,0.770000000000062));
#14183=CARTESIAN_POINT('',(-2.15,3.35,-0.019999999999938));
#14184=CARTESIAN_POINT('',(-2.15,4.2,-0.0199999999999376));
#14185=CARTESIAN_POINT('',(-2.15,4.2,-0.0199999999999376));
#14186=CARTESIAN_POINT('',(-2.15,4.2,0.160000000000063));
#14187=CARTESIAN_POINT('',(-2.15,4.2,0.160000000000063));
#14188=CARTESIAN_POINT('',(-2.15,3.7,0.160000000000062));
#14189=CARTESIAN_POINT('',(-2.15,3.7,0.160000000000062));
#14190=CARTESIAN_POINT('',(-2.15,1.0842021724855E-16,0.488899906163389));
#14191=CARTESIAN_POINT('',(-2.35,3.7,0.770000000000062));
#14192=CARTESIAN_POINT('',(-2.35,3.7,0.770000000000062));
#14193=CARTESIAN_POINT('',(-2.35,3.7,0.160000000000062));
#14194=CARTESIAN_POINT('',(-2.35,3.7,0.160000000000062));
#14195=CARTESIAN_POINT('',(-2.35,4.2,0.160000000000063));
#14196=CARTESIAN_POINT('',(-2.35,4.2,0.160000000000063));
#14197=CARTESIAN_POINT('',(-2.35,4.2,-0.0199999999999376));
#14198=CARTESIAN_POINT('',(-2.35,4.2,-0.0199999999999376));
#14199=CARTESIAN_POINT('',(-2.35,3.35,-0.019999999999938));
#14200=CARTESIAN_POINT('',(-2.35,1.0842021724855E-16,0.488899906163389));
#14201=CARTESIAN_POINT('',(-2.15,4.2,-0.0199999999999376));
#14202=CARTESIAN_POINT('',(-2.15,3.35,-0.019999999999938));
#14203=CARTESIAN_POINT('',(-2.15,4.2,0.160000000000063));
#14204=CARTESIAN_POINT('',(-2.15,4.2,-0.0199999999999376));
#14205=CARTESIAN_POINT('',(-2.15,3.7,0.160000000000062));
#14206=CARTESIAN_POINT('',(-2.15,4.2,0.160000000000063));
#14207=CARTESIAN_POINT('',(-2.15,3.7,0.770000000000062));
#14208=CARTESIAN_POINT('',(-2.15,3.7,0.160000000000062));
#14209=CARTESIAN_POINT('',(-2.15,3.7,0.770000000000062));
#14210=CARTESIAN_POINT('',(-2.65,0.32,1.36000000000006));
#14211=CARTESIAN_POINT('',(-2.65,0.32,1.36000000000006));
#14212=CARTESIAN_POINT('',(-2.65,0.32,1.48000000000006));
#14213=CARTESIAN_POINT('',(-2.65,1.0842021724855E-16,0.488899906163389));
#14214=CARTESIAN_POINT('',(-2.85,0.32,1.36000000000006));
#14215=CARTESIAN_POINT('',(-2.85,0.32,1.36000000000006));
#14216=CARTESIAN_POINT('',(-2.85,0.32,1.48000000000006));
#14217=CARTESIAN_POINT('',(-2.85,1.0842021724855E-16,0.488899906163389));
#14218=CARTESIAN_POINT('',(-2.65,0.32,1.36000000000006));
#14219=CARTESIAN_POINT('',(-2.65,0.32,1.48000000000006));
#14220=CARTESIAN_POINT('',(-2.65,0.32,1.36000000000006));
#14221=CARTESIAN_POINT('',(-2.85,0.47,0.683848945472233));
#14222=CARTESIAN_POINT('',(-2.85,0.47,0.683848945472233));
#14223=CARTESIAN_POINT('',(-2.85,0.431883648576646,0.742308606370729));
#14224=CARTESIAN_POINT('',(-2.65,0.431883648576646,0.742308606370729));
#14225=CARTESIAN_POINT('',(-2.65,0.431883648576646,0.742308606370729));
#14226=CARTESIAN_POINT('',(-2.65,0.47,0.683848945472233));
#14227=CARTESIAN_POINT('',(-2.65,0.47,0.683848945472233));
#14228=CARTESIAN_POINT('',(-2.65,0.47,0.683848945472233));
#14229=CARTESIAN_POINT('',(-2.65,0.47,0.683848945472233));
#14230=CARTESIAN_POINT('',(-2.85,0.39,0.715000000000062));
#14231=CARTESIAN_POINT('',(-2.85,0.363027989269214,0.757101195198517));
#14232=CARTESIAN_POINT('',(-2.65,0.363027989269214,0.757101195198517));
#14233=CARTESIAN_POINT('',(-2.65,0.363027989269214,0.757101195198517));
#14234=CARTESIAN_POINT('',(-2.65,0.39,0.715000000000062));
#14235=CARTESIAN_POINT('',(-2.65,0.39,0.715000000000062));
#14236=CARTESIAN_POINT('',(-2.65,0.363027989269214,0.757101195198517));
#14237=CARTESIAN_POINT('',(-2.65,2.75,0.620000000000063));
#14238=CARTESIAN_POINT('',(-2.65,1.0842021724855E-16,0.488899906163389));
#14239=CARTESIAN_POINT('',(-2.85,0.363027989269214,0.757101195198517));
#14240=CARTESIAN_POINT('',(-2.85,2.75,0.620000000000063));
#14241=CARTESIAN_POINT('',(-2.85,1.0842021724855E-16,0.488899906163389));
#14242=CARTESIAN_POINT('',(-2.65,2.75,0.620000000000063));
#14243=CARTESIAN_POINT('',(-2.65,0.363027989269214,0.757101195198517));
#14244=CARTESIAN_POINT('',(-2.65,3.35,0.300000000000062));
#14245=CARTESIAN_POINT('',(-2.65,3.35,-0.019999999999938));
#14246=CARTESIAN_POINT('',(-2.85,3.35,0.300000000000062));
#14247=CARTESIAN_POINT('',(-2.85,3.35,-0.019999999999938));
#14248=CARTESIAN_POINT('',(-2.65,3.35,-0.019999999999938));
#14249=CARTESIAN_POINT('',(-2.65,3.35,0.300000000000062));
#14250=CARTESIAN_POINT('',(-2.65,3.7,0.770000000000062));
#14251=CARTESIAN_POINT('',(-2.65,3.7,0.770000000000062));
#14252=CARTESIAN_POINT('',(-2.65,3.35,-0.019999999999938));
#14253=CARTESIAN_POINT('',(-2.65,4.2,-0.0199999999999376));
#14254=CARTESIAN_POINT('',(-2.65,4.2,-0.0199999999999376));
#14255=CARTESIAN_POINT('',(-2.65,4.2,0.160000000000063));
#14256=CARTESIAN_POINT('',(-2.65,4.2,0.160000000000063));
#14257=CARTESIAN_POINT('',(-2.65,3.7,0.160000000000062));
#14258=CARTESIAN_POINT('',(-2.65,3.7,0.160000000000062));
#14259=CARTESIAN_POINT('',(-2.65,1.0842021724855E-16,0.488899906163389));
#14260=CARTESIAN_POINT('',(-2.85,3.7,0.770000000000062));
#14261=CARTESIAN_POINT('',(-2.85,3.7,0.770000000000062));
#14262=CARTESIAN_POINT('',(-2.85,3.7,0.160000000000062));
#14263=CARTESIAN_POINT('',(-2.85,3.7,0.160000000000062));
#14264=CARTESIAN_POINT('',(-2.85,4.2,0.160000000000063));
#14265=CARTESIAN_POINT('',(-2.85,4.2,0.160000000000063));
#14266=CARTESIAN_POINT('',(-2.85,4.2,-0.0199999999999376));
#14267=CARTESIAN_POINT('',(-2.85,4.2,-0.0199999999999376));
#14268=CARTESIAN_POINT('',(-2.85,3.35,-0.019999999999938));
#14269=CARTESIAN_POINT('',(-2.85,1.0842021724855E-16,0.488899906163389));
#14270=CARTESIAN_POINT('',(-2.65,4.2,-0.0199999999999376));
#14271=CARTESIAN_POINT('',(-2.65,3.35,-0.019999999999938));
#14272=CARTESIAN_POINT('',(-2.65,4.2,0.160000000000063));
#14273=CARTESIAN_POINT('',(-2.65,4.2,-0.0199999999999376));
#14274=CARTESIAN_POINT('',(-2.65,3.7,0.160000000000062));
#14275=CARTESIAN_POINT('',(-2.65,4.2,0.160000000000063));
#14276=CARTESIAN_POINT('',(-2.65,3.7,0.770000000000062));
#14277=CARTESIAN_POINT('',(-2.65,3.7,0.160000000000062));
#14278=CARTESIAN_POINT('',(-2.65,3.7,0.770000000000062));
#14279=CARTESIAN_POINT('',(-3.15,0.32,1.36000000000006));
#14280=CARTESIAN_POINT('',(-3.15,0.32,1.36000000000006));
#14281=CARTESIAN_POINT('',(-3.15,0.32,1.48000000000006));
#14282=CARTESIAN_POINT('',(-3.15,1.0842021724855E-16,0.488899906163389));
#14283=CARTESIAN_POINT('',(-3.35,0.32,1.36000000000006));
#14284=CARTESIAN_POINT('',(-3.35,0.32,1.36000000000006));
#14285=CARTESIAN_POINT('',(-3.35,0.32,1.48000000000006));
#14286=CARTESIAN_POINT('',(-3.35,1.0842021724855E-16,0.488899906163389));
#14287=CARTESIAN_POINT('',(-3.15,0.32,1.36000000000006));
#14288=CARTESIAN_POINT('',(-3.15,0.32,1.48000000000006));
#14289=CARTESIAN_POINT('',(-3.15,0.32,1.36000000000006));
#14290=CARTESIAN_POINT('',(-3.35,0.47,0.683848945472233));
#14291=CARTESIAN_POINT('',(-3.35,0.47,0.683848945472233));
#14292=CARTESIAN_POINT('',(-3.35,0.431883648576646,0.742308606370729));
#14293=CARTESIAN_POINT('',(-3.15,0.431883648576646,0.742308606370729));
#14294=CARTESIAN_POINT('',(-3.15,0.431883648576646,0.742308606370729));
#14295=CARTESIAN_POINT('',(-3.15,0.47,0.683848945472233));
#14296=CARTESIAN_POINT('',(-3.15,0.47,0.683848945472233));
#14297=CARTESIAN_POINT('',(-3.15,0.47,0.683848945472233));
#14298=CARTESIAN_POINT('',(-3.15,0.47,0.683848945472233));
#14299=CARTESIAN_POINT('',(-3.35,0.39,0.715000000000062));
#14300=CARTESIAN_POINT('',(-3.35,0.363027989269214,0.757101195198517));
#14301=CARTESIAN_POINT('',(-3.15,0.363027989269214,0.757101195198517));
#14302=CARTESIAN_POINT('',(-3.15,0.363027989269214,0.757101195198517));
#14303=CARTESIAN_POINT('',(-3.15,0.39,0.715000000000062));
#14304=CARTESIAN_POINT('',(-3.15,0.39,0.715000000000062));
#14305=CARTESIAN_POINT('',(-3.15,0.363027989269214,0.757101195198517));
#14306=CARTESIAN_POINT('',(-3.15,2.75,0.620000000000063));
#14307=CARTESIAN_POINT('',(-3.15,1.0842021724855E-16,0.488899906163389));
#14308=CARTESIAN_POINT('',(-3.35,0.363027989269214,0.757101195198517));
#14309=CARTESIAN_POINT('',(-3.35,2.75,0.620000000000063));
#14310=CARTESIAN_POINT('',(-3.35,1.0842021724855E-16,0.488899906163389));
#14311=CARTESIAN_POINT('',(-3.15,2.75,0.620000000000063));
#14312=CARTESIAN_POINT('',(-3.15,0.363027989269214,0.757101195198517));
#14313=CARTESIAN_POINT('',(-3.15,3.35,0.300000000000062));
#14314=CARTESIAN_POINT('',(-3.15,3.35,-0.019999999999938));
#14315=CARTESIAN_POINT('',(-3.35,3.35,0.300000000000062));
#14316=CARTESIAN_POINT('',(-3.35,3.35,-0.019999999999938));
#14317=CARTESIAN_POINT('',(-3.15,3.35,-0.019999999999938));
#14318=CARTESIAN_POINT('',(-3.15,3.35,0.300000000000062));
#14319=CARTESIAN_POINT('',(-3.15,3.7,0.770000000000062));
#14320=CARTESIAN_POINT('',(-3.15,3.7,0.770000000000062));
#14321=CARTESIAN_POINT('',(-3.15,3.35,-0.019999999999938));
#14322=CARTESIAN_POINT('',(-3.15,4.2,-0.0199999999999376));
#14323=CARTESIAN_POINT('',(-3.15,4.2,-0.0199999999999376));
#14324=CARTESIAN_POINT('',(-3.15,4.2,0.160000000000063));
#14325=CARTESIAN_POINT('',(-3.15,4.2,0.160000000000063));
#14326=CARTESIAN_POINT('',(-3.15,3.7,0.160000000000062));
#14327=CARTESIAN_POINT('',(-3.15,3.7,0.160000000000062));
#14328=CARTESIAN_POINT('',(-3.15,1.0842021724855E-16,0.488899906163389));
#14329=CARTESIAN_POINT('',(-3.35,3.7,0.770000000000062));
#14330=CARTESIAN_POINT('',(-3.35,3.7,0.770000000000062));
#14331=CARTESIAN_POINT('',(-3.35,3.7,0.160000000000062));
#14332=CARTESIAN_POINT('',(-3.35,3.7,0.160000000000062));
#14333=CARTESIAN_POINT('',(-3.35,4.2,0.160000000000063));
#14334=CARTESIAN_POINT('',(-3.35,4.2,0.160000000000063));
#14335=CARTESIAN_POINT('',(-3.35,4.2,-0.0199999999999376));
#14336=CARTESIAN_POINT('',(-3.35,4.2,-0.0199999999999376));
#14337=CARTESIAN_POINT('',(-3.35,3.35,-0.019999999999938));
#14338=CARTESIAN_POINT('',(-3.35,1.0842021724855E-16,0.488899906163389));
#14339=CARTESIAN_POINT('',(-3.15,4.2,-0.0199999999999376));
#14340=CARTESIAN_POINT('',(-3.15,3.35,-0.019999999999938));
#14341=CARTESIAN_POINT('',(-3.15,4.2,0.160000000000063));
#14342=CARTESIAN_POINT('',(-3.15,4.2,-0.0199999999999376));
#14343=CARTESIAN_POINT('',(-3.15,3.7,0.160000000000062));
#14344=CARTESIAN_POINT('',(-3.15,4.2,0.160000000000063));
#14345=CARTESIAN_POINT('',(-3.15,3.7,0.770000000000062));
#14346=CARTESIAN_POINT('',(-3.15,3.7,0.160000000000062));
#14347=CARTESIAN_POINT('',(-3.15,3.7,0.770000000000062));
#14348=CARTESIAN_POINT('',(-6.35,2.5,0.));
#14349=CARTESIAN_POINT('',(-6.35,2.5,0.));
#14350=CARTESIAN_POINT('',(-6.35,2.3,0.));
#14351=CARTESIAN_POINT('',(-6.35,2.3,0.2));
#14352=CARTESIAN_POINT('',(-6.35,2.3,0.2));
#14353=CARTESIAN_POINT('',(-6.35,2.5,0.2));
#14354=CARTESIAN_POINT('',(-6.35,2.5,0.2));
#14355=CARTESIAN_POINT('',(-6.35,2.5,0.2));
#14356=CARTESIAN_POINT('',(-6.35,2.5,0.2));
#14357=CARTESIAN_POINT('',(-6.35,2.3,0.));
#14358=CARTESIAN_POINT('',(-5.5,2.3,0.));
#14359=CARTESIAN_POINT('',(-5.5,2.3,0.2));
#14360=CARTESIAN_POINT('',(-5.5,2.3,0.2));
#14361=CARTESIAN_POINT('',(-6.35,2.3,0.2));
#14362=CARTESIAN_POINT('',(-6.35,2.3,0.2));
#14363=CARTESIAN_POINT('',(-5.5,2.3,0.));
#14364=CARTESIAN_POINT('',(-5.5,1.15,0.));
#14365=CARTESIAN_POINT('',(-5.5,1.15,0.2));
#14366=CARTESIAN_POINT('',(-5.5,1.15,0.2));
#14367=CARTESIAN_POINT('',(-5.5,2.3,0.2));
#14368=CARTESIAN_POINT('',(-5.5,2.3,0.2));
#14369=CARTESIAN_POINT('',(-5.5,1.15,0.));
#14370=CARTESIAN_POINT('',(-4.56,1.15,0.));
#14371=CARTESIAN_POINT('',(-4.56,1.15,0.2));
#14372=CARTESIAN_POINT('',(-4.56,1.15,0.2));
#14373=CARTESIAN_POINT('',(-5.5,1.15,0.2));
#14374=CARTESIAN_POINT('',(-5.5,1.15,0.2));
#14375=CARTESIAN_POINT('',(-4.56,1.15,0.));
#14376=CARTESIAN_POINT('',(-4.56,2.05999999999999,0.));
#14377=CARTESIAN_POINT('',(-4.56,2.05999999999999,0.2));
#14378=CARTESIAN_POINT('',(-4.56,2.05999999999999,0.2));
#14379=CARTESIAN_POINT('',(-4.56,1.15,0.2));
#14380=CARTESIAN_POINT('',(-4.56,1.15,0.2));
#14381=CARTESIAN_POINT('',(-4.56,2.05999999999999,0.));
#14382=CARTESIAN_POINT('',(-4.315,2.06,0.));
#14383=CARTESIAN_POINT('',(-4.315,2.06,0.2));
#14384=CARTESIAN_POINT('',(-4.315,2.06,0.2));
#14385=CARTESIAN_POINT('',(-4.56,2.05999999999999,0.2));
#14386=CARTESIAN_POINT('',(-4.56,2.05999999999999,0.2));
#14387=CARTESIAN_POINT('',(-4.315,2.06,0.));
#14388=CARTESIAN_POINT('',(-4.315,2.8,0.));
#14389=CARTESIAN_POINT('',(-4.315,2.8,0.2));
#14390=CARTESIAN_POINT('',(-4.315,2.8,0.2));
#14391=CARTESIAN_POINT('',(-4.315,2.06,0.2));
#14392=CARTESIAN_POINT('',(-4.315,2.06,0.2));
#14393=CARTESIAN_POINT('',(-4.315,2.8,0.));
#14394=CARTESIAN_POINT('',(-4.56,2.8,0.));
#14395=CARTESIAN_POINT('',(-4.56,2.8,0.2));
#14396=CARTESIAN_POINT('',(-4.56,2.8,0.2));
#14397=CARTESIAN_POINT('',(-4.315,2.8,0.2));
#14398=CARTESIAN_POINT('',(-4.315,2.8,0.2));
#14399=CARTESIAN_POINT('',(-4.56,2.8,0.));
#14400=CARTESIAN_POINT('',(-4.56,3.45,0.));
#14401=CARTESIAN_POINT('',(-4.56,3.45,0.2));
#14402=CARTESIAN_POINT('',(-4.56,3.45,0.2));
#14403=CARTESIAN_POINT('',(-4.56,2.8,0.2));
#14404=CARTESIAN_POINT('',(-4.56,2.8,0.2));
#14405=CARTESIAN_POINT('',(-4.56,3.45,0.));
#14406=CARTESIAN_POINT('',(-5.85,3.45,0.));
#14407=CARTESIAN_POINT('',(-5.85,3.45,0.2));
#14408=CARTESIAN_POINT('',(-5.85,3.45,0.2));
#14409=CARTESIAN_POINT('',(-4.56,3.45,0.2));
#14410=CARTESIAN_POINT('',(-4.56,3.45,0.2));
#14411=CARTESIAN_POINT('',(-5.85,3.45,0.));
#14412=CARTESIAN_POINT('',(-5.85,3.,0.));
#14413=CARTESIAN_POINT('',(-5.85,3.,0.2));
#14414=CARTESIAN_POINT('',(-5.85,3.,0.2));
#14415=CARTESIAN_POINT('',(-5.85,3.45,0.2));
#14416=CARTESIAN_POINT('',(-5.85,3.45,0.2));
#14417=CARTESIAN_POINT('',(-5.85,3.,0.));
#14418=CARTESIAN_POINT('',(-6.35,3.,0.));
#14419=CARTESIAN_POINT('',(-6.35,3.,0.2));
#14420=CARTESIAN_POINT('',(-6.35,3.,0.2));
#14421=CARTESIAN_POINT('',(-5.85,3.,0.2));
#14422=CARTESIAN_POINT('',(-5.85,3.,0.2));
#14423=CARTESIAN_POINT('',(-6.35,3.,0.));
#14424=CARTESIAN_POINT('',(-6.35,2.8,0.));
#14425=CARTESIAN_POINT('',(-6.35,2.8,0.2));
#14426=CARTESIAN_POINT('',(-6.35,2.8,0.2));
#14427=CARTESIAN_POINT('',(-6.35,3.,0.2));
#14428=CARTESIAN_POINT('',(-6.35,3.,0.2));
#14429=CARTESIAN_POINT('',(-6.35,2.8,0.));
#14430=CARTESIAN_POINT('',(-5.85,2.8,0.));
#14431=CARTESIAN_POINT('',(-5.85,2.8,0.2));
#14432=CARTESIAN_POINT('',(-5.85,2.8,0.2));
#14433=CARTESIAN_POINT('',(-6.35,2.8,0.2));
#14434=CARTESIAN_POINT('',(-6.35,2.8,0.2));
#14435=CARTESIAN_POINT('',(-5.85,2.8,0.));
#14436=CARTESIAN_POINT('',(-5.85,2.5,0.));
#14437=CARTESIAN_POINT('',(-5.85,2.5,0.2));
#14438=CARTESIAN_POINT('',(-5.85,2.5,0.2));
#14439=CARTESIAN_POINT('',(-5.85,2.8,0.2));
#14440=CARTESIAN_POINT('',(-5.85,2.8,0.2));
#14441=CARTESIAN_POINT('',(-5.85,2.5,0.));
#14442=CARTESIAN_POINT('',(-5.85,2.5,0.2));
#14443=CARTESIAN_POINT('',(-5.85,2.5,0.2));
#14444=CARTESIAN_POINT('',(0.,0.,0.2));
#14445=CARTESIAN_POINT('',(0.,0.,0.));
#14446=CARTESIAN_POINT('',(4.56,2.06,0.));
#14447=CARTESIAN_POINT('',(4.56,2.06,0.));
#14448=CARTESIAN_POINT('',(4.56,1.15,0.));
#14449=CARTESIAN_POINT('',(4.56,1.15,0.2));
#14450=CARTESIAN_POINT('',(4.56,1.15,0.2));
#14451=CARTESIAN_POINT('',(4.56,2.06,0.2));
#14452=CARTESIAN_POINT('',(4.56,2.06,0.2));
#14453=CARTESIAN_POINT('',(4.56,2.06,0.2));
#14454=CARTESIAN_POINT('',(4.56,2.06,0.2));
#14455=CARTESIAN_POINT('',(4.56,1.15,0.));
#14456=CARTESIAN_POINT('',(5.5,1.15,0.));
#14457=CARTESIAN_POINT('',(5.5,1.15,0.2));
#14458=CARTESIAN_POINT('',(5.5,1.15,0.2));
#14459=CARTESIAN_POINT('',(4.56,1.15,0.2));
#14460=CARTESIAN_POINT('',(4.56,1.15,0.2));
#14461=CARTESIAN_POINT('',(5.5,1.15,0.));
#14462=CARTESIAN_POINT('',(5.5,2.3,0.));
#14463=CARTESIAN_POINT('',(5.5,2.3,0.2));
#14464=CARTESIAN_POINT('',(5.5,2.3,0.2));
#14465=CARTESIAN_POINT('',(5.5,1.15,0.2));
#14466=CARTESIAN_POINT('',(5.5,1.15,0.2));
#14467=CARTESIAN_POINT('',(5.5,2.3,0.));
#14468=CARTESIAN_POINT('',(6.35,2.3,0.));
#14469=CARTESIAN_POINT('',(6.35,2.3,0.2));
#14470=CARTESIAN_POINT('',(6.35,2.3,0.2));
#14471=CARTESIAN_POINT('',(5.5,2.3,0.2));
#14472=CARTESIAN_POINT('',(5.5,2.3,0.2));
#14473=CARTESIAN_POINT('',(6.35,2.3,0.));
#14474=CARTESIAN_POINT('',(6.35,2.5,0.));
#14475=CARTESIAN_POINT('',(6.35,2.5,0.2));
#14476=CARTESIAN_POINT('',(6.35,2.5,0.2));
#14477=CARTESIAN_POINT('',(6.35,2.3,0.2));
#14478=CARTESIAN_POINT('',(6.35,2.3,0.2));
#14479=CARTESIAN_POINT('',(6.35,2.5,0.));
#14480=CARTESIAN_POINT('',(5.85,2.5,0.));
#14481=CARTESIAN_POINT('',(5.85,2.5,0.2));
#14482=CARTESIAN_POINT('',(5.85,2.5,0.2));
#14483=CARTESIAN_POINT('',(6.35,2.5,0.2));
#14484=CARTESIAN_POINT('',(6.35,2.5,0.2));
#14485=CARTESIAN_POINT('',(5.85,2.5,0.));
#14486=CARTESIAN_POINT('',(5.85,2.8,0.));
#14487=CARTESIAN_POINT('',(5.85,2.8,0.2));
#14488=CARTESIAN_POINT('',(5.85,2.8,0.2));
#14489=CARTESIAN_POINT('',(5.85,2.5,0.2));
#14490=CARTESIAN_POINT('',(5.85,2.5,0.2));
#14491=CARTESIAN_POINT('',(5.85,2.8,0.));
#14492=CARTESIAN_POINT('',(6.35,2.8,0.));
#14493=CARTESIAN_POINT('',(6.35,2.8,0.2));
#14494=CARTESIAN_POINT('',(6.35,2.8,0.2));
#14495=CARTESIAN_POINT('',(5.85,2.8,0.2));
#14496=CARTESIAN_POINT('',(5.85,2.8,0.2));
#14497=CARTESIAN_POINT('',(6.35,2.8,0.));
#14498=CARTESIAN_POINT('',(6.35,3.,0.));
#14499=CARTESIAN_POINT('',(6.35,3.,0.2));
#14500=CARTESIAN_POINT('',(6.35,3.,0.2));
#14501=CARTESIAN_POINT('',(6.35,2.8,0.2));
#14502=CARTESIAN_POINT('',(6.35,2.8,0.2));
#14503=CARTESIAN_POINT('',(6.35,3.,0.));
#14504=CARTESIAN_POINT('',(5.85,3.,0.));
#14505=CARTESIAN_POINT('',(5.85,3.,0.2));
#14506=CARTESIAN_POINT('',(5.85,3.,0.2));
#14507=CARTESIAN_POINT('',(6.35,3.,0.2));
#14508=CARTESIAN_POINT('',(6.35,3.,0.2));
#14509=CARTESIAN_POINT('',(5.85,3.,0.));
#14510=CARTESIAN_POINT('',(5.85,3.45,0.));
#14511=CARTESIAN_POINT('',(5.85,3.45,0.2));
#14512=CARTESIAN_POINT('',(5.85,3.45,0.2));
#14513=CARTESIAN_POINT('',(5.85,3.,0.2));
#14514=CARTESIAN_POINT('',(5.85,3.,0.2));
#14515=CARTESIAN_POINT('',(5.85,3.45,0.));
#14516=CARTESIAN_POINT('',(4.56,3.45,0.));
#14517=CARTESIAN_POINT('',(4.56,3.45,0.2));
#14518=CARTESIAN_POINT('',(4.56,3.45,0.2));
#14519=CARTESIAN_POINT('',(5.85,3.45,0.2));
#14520=CARTESIAN_POINT('',(5.85,3.45,0.2));
#14521=CARTESIAN_POINT('',(4.56,3.45,0.));
#14522=CARTESIAN_POINT('',(4.56,2.8,0.));
#14523=CARTESIAN_POINT('',(4.56,2.8,0.2));
#14524=CARTESIAN_POINT('',(4.56,2.8,0.2));
#14525=CARTESIAN_POINT('',(4.56,3.45,0.2));
#14526=CARTESIAN_POINT('',(4.56,3.45,0.2));
#14527=CARTESIAN_POINT('',(4.56,2.8,0.));
#14528=CARTESIAN_POINT('',(4.315,2.8,0.));
#14529=CARTESIAN_POINT('',(4.315,2.8,0.2));
#14530=CARTESIAN_POINT('',(4.315,2.8,0.2));
#14531=CARTESIAN_POINT('',(4.56,2.8,0.2));
#14532=CARTESIAN_POINT('',(4.56,2.8,0.2));
#14533=CARTESIAN_POINT('',(4.315,2.8,0.));
#14534=CARTESIAN_POINT('',(4.315,2.06,0.));
#14535=CARTESIAN_POINT('',(4.315,2.06,0.2));
#14536=CARTESIAN_POINT('',(4.315,2.06,0.2));
#14537=CARTESIAN_POINT('',(4.315,2.8,0.2));
#14538=CARTESIAN_POINT('',(4.315,2.8,0.2));
#14539=CARTESIAN_POINT('',(4.315,2.06,0.));
#14540=CARTESIAN_POINT('',(4.315,2.06,0.2));
#14541=CARTESIAN_POINT('',(4.315,2.06,0.2));
#14542=CARTESIAN_POINT('',(0.,0.,0.2));
#14543=CARTESIAN_POINT('',(0.,0.,0.));
#14544=MECHANICAL_DESIGN_GEOMETRIC_PRESENTATION_REPRESENTATION('',(#24,
#25,#26),#14545);
#14545=(
GEOMETRIC_REPRESENTATION_CONTEXT(3)
GLOBAL_UNCERTAINTY_ASSIGNED_CONTEXT((#14546))
GLOBAL_UNIT_ASSIGNED_CONTEXT((#14552,#14548,#14547))
REPRESENTATION_CONTEXT('527461471wbm000_01_214',
'TOP_LEVEL_ASSEMBLY_PART')
);
#14546=UNCERTAINTY_MEASURE_WITH_UNIT(LENGTH_MEASURE(2.E-5),#14552,
'DISTANCE_ACCURACY_VALUE','Maximum Tolerance applied to model');
#14547=(
NAMED_UNIT(*)
SI_UNIT($,.STERADIAN.)
SOLID_ANGLE_UNIT()
);
#14548=(
CONVERSION_BASED_UNIT('DEGREE',#14550)
NAMED_UNIT(#14549)
PLANE_ANGLE_UNIT()
);
#14549=DIMENSIONAL_EXPONENTS(0.,0.,0.,0.,0.,0.,0.);
#14550=PLANE_ANGLE_MEASURE_WITH_UNIT(PLANE_ANGLE_MEASURE(0.0174532925),
#14551);
#14551=(
NAMED_UNIT(*)
PLANE_ANGLE_UNIT()
SI_UNIT($,.RADIAN.)
);
#14552=(
LENGTH_UNIT()
NAMED_UNIT(*)
SI_UNIT(.MILLI.,.METRE.)
);
ENDSEC;
END-ISO-10303-21;
