ISO-10303-21;
HEADER;
FILE_DESCRIPTION (( 'STEP AP203' ),
    '1' );
FILE_NAME ('EM4015LW-38C10nF.STEP',
    '2017-06-01T19:18:23',
    ( 'Gem' ),
    ( '' ),
    'SwSTEP 2.0',
    'SolidWorks 2013',
    '' );
FILE_SCHEMA (( 'CONFIG_CONTROL_DESIGN' ));
ENDSEC;

DATA;
#1 = DIRECTION ( 'NONE',  ( 0.0000000000000000000, 0.0000000000000000000, -1.000000000000000000 ) ) ;
#2 = DIRECTION ( 'NONE',  ( -0.0000000000000000000, -0.0000000000000000000, -1.000000000000000000 ) ) ;
#3 = CARTESIAN_POINT ( 'NONE',  ( 0.4886375451865204700, 0.1809999999999999900, 13.57603608602761000 ) ) ;
#4 = DIRECTION ( 'NONE',  ( 0.0000000000000000000, -0.0000000000000000000, -1.000000000000000000 ) ) ;
#5 = PLANE ( 'NONE',  #1551 ) ;
#6 = PRODUCT_DEFINITION ( 'UNKNOWN', '', #1013, #2074 ) ;
#7 = ORIENTED_EDGE ( 'NONE', *, *, #542, .T. ) ;
#8 = CARTESIAN_POINT ( 'NONE',  ( 0.2067654361016322300, -0.2000000000000001500, 12.83882605519560000 ) ) ;
#9 = AXIS2_PLACEMENT_3D ( 'NONE', #1939, #895, #2113 ) ;
#10 = CARTESIAN_POINT ( 'NONE',  ( -0.4405000000000002200, -0.2000000000000000700, 2.000000000000000000 ) ) ;
#11 = CARTESIAN_POINT ( 'NONE',  ( 2.357445088358654800E-016, 1.500000000000000000, 1.850000000000000100 ) ) ;
#12 = VERTEX_POINT ( 'NONE', #1446 ) ;
#13 = ORIENTED_EDGE ( 'NONE', *, *, #1805, .F. ) ;
#14 = CARTESIAN_POINT ( 'NONE',  ( -0.5740925629790678600, -0.2000000000000000900, 8.312191130030752700 ) ) ;
#15 = CARTESIAN_POINT ( 'NONE',  ( 0.05949999999999974100, -0.2000000000000000100, 2.000000000000000000 ) ) ;
#16 = EDGE_LOOP ( 'NONE', ( #1244, #1562, #1936, #1473 ) ) ;
#17 = EDGE_CURVE ( 'NONE', #1110, #504, #1413, .T. ) ;
#18 = LOCAL_TIME ( 12, 18, 23.00000000000000000, #489 ) ;
#19 = CARTESIAN_POINT ( 'NONE',  ( 0.2499999999999997800, -0.2000000000000000100, 2.000000000000000000 ) ) ;
#20 = CIRCLE ( 'NONE', #669, 0.05000000000000002400 ) ;
#21 = ORIENTED_EDGE ( 'NONE', *, *, #1723, .F. ) ;
#22 = FACE_OUTER_BOUND ( 'NONE', #775, .T. ) ;
#23 = CARTESIAN_POINT ( 'NONE',  ( -1.085146691477314900, -0.2000000000000002600, 5.464473061234900600 ) ) ;
#24 = DIRECTION ( 'NONE',  ( 0.0000000000000000000, 0.0000000000000000000, -1.000000000000000000 ) ) ;
#25 = CARTESIAN_POINT ( 'NONE',  ( -0.7067737199496688700, -0.2000000000000000900, 7.199768569789000600 ) ) ;
#26 = CARTESIAN_POINT ( 'NONE',  ( 9.325037873319891900E-017, 1.350000000000000100, -0.7614471274339953400 ) ) ;
#27 = ORIENTED_EDGE ( 'NONE', *, *, #2114, .T. ) ;
#28 = AXIS2_PLACEMENT_3D ( 'NONE', #893, #2110, #1067 ) ;
#29 = ORIENTED_EDGE ( 'NONE', *, *, #1999, .F. ) ;
#30 = CARTESIAN_POINT ( 'NONE',  ( 0.03001616074608837200, -0.2000000000000000700, 13.37625726501755400 ) ) ;
#31 = CARTESIAN_POINT ( 'NONE',  ( -0.8969119678249269900, -0.5810000000000004100, 4.658314794642917500 ) ) ;
#32 = CARTESIAN_POINT ( 'NONE',  ( -0.6943745921014344800, -0.2000000000000001200, 6.489121481194819000 ) ) ;
#33 = EDGE_LOOP ( 'NONE', ( #82, #1795, #1919, #69 ) ) ;
#34 = EDGE_CURVE ( 'NONE', #541, #445, #1977, .T. ) ;
#35 = DIRECTION ( 'NONE',  ( 0.0000000000000000000, -0.0000000000000000000, -1.000000000000000000 ) ) ;
#36 = DIRECTION ( 'NONE',  ( 0.0000000000000000000, 0.0000000000000000000, -1.000000000000000000 ) ) ;
#37 = PRODUCT_RELATED_PRODUCT_CATEGORY ( 'detail', '', ( #1985 ) ) ;
#38 = DIRECTION ( 'NONE',  ( 1.000000000000000000, 0.0000000000000000000, 0.0000000000000000000 ) ) ;
#39 = ORIENTED_EDGE ( 'NONE', *, *, #1549, .F. ) ;
#40 = DIRECTION ( 'NONE',  ( 0.0000000000000000000, 1.000000000000000000, 0.0000000000000000000 ) ) ;
#41 = DIRECTION ( 'NONE',  ( 0.0000000000000000000, -1.000000000000000000, 0.0000000000000000000 ) ) ;
#42 = ORIENTED_EDGE ( 'NONE', *, *, #1159, .F. ) ;
#43 = DIRECTION ( 'NONE',  ( 0.0000000000000000000, 0.0000000000000000000, -1.000000000000000000 ) ) ;
#44 = ORIENTED_EDGE ( 'NONE', *, *, #1981, .T. ) ;
#45 = VERTEX_POINT ( 'NONE', #1796 ) ;
#46 = ADVANCED_FACE ( 'NONE', ( #920 ), #271, .T. ) ;
#47 = CARTESIAN_POINT ( 'NONE',  ( 2.296212748401287000E-016, 0.0000000000000000000, -1.875000000000000000 ) ) ;
#48 = CIRCLE ( 'NONE', #2164, 0.1499999999999999700 ) ;
#49 = CARTESIAN_POINT ( 'NONE',  ( 1.203290263031654900, -0.5809999999999999600, 12.05812379605489500 ) ) ;
#50 = CIRCLE ( 'NONE', #1055, 0.2999999999999999900 ) ;
#51 = TOROIDAL_SURFACE ( 'NONE', #1842, 1.850000000000000100, 0.1499999999999999700 ) ;
#52 = DIRECTION ( 'NONE',  ( 1.000000000000000000, 0.0000000000000000000, 0.0000000000000000000 ) ) ;
#53 = ADVANCED_FACE ( 'NONE', ( #1135 ), #1639, .T. ) ;
#54 = CARTESIAN_POINT ( 'NONE',  ( 1.177339948175596400, -0.5809999999999998500, 11.63643532448106700 ) ) ;
#55 = CARTESIAN_POINT ( 'NONE',  ( 0.5000000000000000000, -0.2999999999999998200, -0.2786339836845596100 ) ) ;
#56 = EDGE_LOOP ( 'NONE', ( #1062, #201 ) ) ;
#57 = ADVANCED_FACE ( 'NONE', ( #1073 ), #2019, .T. ) ;
#58 = ORIENTED_EDGE ( 'NONE', *, *, #1644, .T. ) ;
#59 = AXIS2_PLACEMENT_3D ( 'NONE', #2104, #1060, #1 ) ;
#60 = DIRECTION ( 'NONE',  ( -1.000000000000000000, 1.571307496355803200E-016, 0.0000000000000000000 ) ) ;
#61 = CARTESIAN_POINT ( 'NONE',  ( 0.0000000000000000000, -0.3999999999999999700, 0.0000000000000000000 ) ) ;
#62 = CARTESIAN_POINT ( 'NONE',  ( 0.4821352417481252800, -0.2000000000000003200, 10.66516377277516300 ) ) ;
#63 = CARTESIAN_POINT ( 'NONE',  ( -0.8969119678249276600, -0.2000000000000002900, 4.659174948237671600 ) ) ;
#64 = APPROVAL ( #301, 'UNSPECIFIED' ) ;
#65 = ADVANCED_FACE ( 'NONE', ( #1748 ), #598, .F. ) ;
#66 = DIRECTION ( 'NONE',  ( 0.0000000000000000000, 0.0000000000000000000, 1.000000000000000000 ) ) ;
#67 = CARTESIAN_POINT ( 'NONE',  ( -0.4405000000000050000, -0.2000000000000000700, 18.49999999999999600 ) ) ;
#68 = ORIENTED_EDGE ( 'NONE', *, *, #906, .F. ) ;
#69 = ORIENTED_EDGE ( 'NONE', *, *, #1564, .F. ) ;
#70 = CARTESIAN_POINT ( 'NONE',  ( 1.089956225432670000, -0.5809999999999997400, 11.21397806188689300 ) ) ;
#71 = CARTESIAN_POINT ( 'NONE',  ( 0.1364375789365858400, -0.2000000000000000400, 13.08705125352223300 ) ) ;
#72 = EDGE_LOOP ( 'NONE', ( #2133, #685 ) ) ;
#73 = APPROVAL_DATE_TIME ( #553, #1137 ) ;
#74 = CYLINDRICAL_SURFACE ( 'NONE', #1011, 2.000000000000000000 ) ;
#75 = CARTESIAN_POINT ( 'NONE',  ( 0.1827127882639770200, -0.5810000000000000700, 4.205362962016385700 ) ) ;
#76 = CYLINDRICAL_SURFACE ( 'NONE', #619, 0.1250000000000000300 ) ;
#77 = ORIENTED_EDGE ( 'NONE', *, *, #1938, .T. ) ;
#78 = CARTESIAN_POINT ( 'NONE',  ( 0.0005344321782341444000, -0.2000000000000000400, 3.314957221675585600 ) ) ;
#79 = CARTESIAN_POINT ( 'NONE',  ( -0.2020554258773764300, -0.2000000000000000400, 8.230285501889360600 ) ) ;
#80 = CARTESIAN_POINT ( 'NONE',  ( 0.3801391083815403600, -0.5809999999999999600, 3.354375017357447100 ) ) ;
#81 = ORIENTED_EDGE ( 'NONE', *, *, #1120, .T. ) ;
#82 = ORIENTED_EDGE ( 'NONE', *, *, #1982, .F. ) ;
#83 = CARTESIAN_POINT ( 'NONE',  ( 0.7472954131391810200, -0.2000000000000000700, 12.66975842737583400 ) ) ;
#84 = AXIS2_PLACEMENT_3D ( 'NONE', #1117, #1363, #1143 ) ;
#85 = EDGE_LOOP ( 'NONE', ( #748, #1739, #1076, #1493 ) ) ;
#86 = CARTESIAN_POINT ( 'NONE',  ( -0.1180297580269978300, -0.2000000000000001200, 3.295460629754242400 ) ) ;
#87 = CARTESIAN_POINT ( 'NONE',  ( -0.3238368095392740700, -0.2000000000000000400, 7.183178955531594100 ) ) ;
#88 = CARTESIAN_POINT ( 'NONE',  ( 0.4404999999999997300, -0.5809999999999998500, 2.546652594907720300 ) ) ;
#89 = CARTESIAN_POINT ( 'NONE',  ( 0.6300161450374910400, -0.2000000000000002300, 12.64982349974175300 ) ) ;
#90 = CARTESIAN_POINT ( 'NONE',  ( 0.4404999999999998400, -0.5809999999999999600, 2.000000000000000000 ) ) ;
#91 = AXIS2_PLACEMENT_3D ( 'NONE', #1061, #2, #538 ) ;
#92 = DIRECTION ( 'NONE',  ( -1.000000000000000000, 0.0000000000000000000, 0.0000000000000000000 ) ) ;
#93 = FACE_OUTER_BOUND ( 'NONE', #1835, .T. ) ;
#94 = EDGE_CURVE ( 'NONE', #435, #95, #497, .T. ) ;
#95 = VERTEX_POINT ( 'NONE', #876 ) ;
#96 = CIRCLE ( 'NONE', #1809, 0.05000000000000002400 ) ;
#97 = CARTESIAN_POINT ( 'NONE',  ( -0.3113471810700510500, -0.2000000000000000400, 6.504718168972236600 ) ) ;
#98 = EDGE_CURVE ( 'NONE', #45, #731, #2156, .T. ) ;
#99 = VECTOR ( 'NONE', #1213, 1000.000000000000000 ) ;
#100 = CARTESIAN_POINT ( 'NONE',  ( 0.05949999999999817900, -0.5809999999999999600, 16.50000000000001400 ) ) ;
#101 =( BOUNDED_SURFACE ( )  B_SPLINE_SURFACE ( 3, 3, ( 
 ( #804, #2020, #297, #1518, #459, #1685, #643, #1864, #808, #2027, #982, #2195, #1161, #106, #1338, #302, #1524, #467, #1693, #649, #1870, #815, #2032 ),
 ( #987, #2206, #1168, #113, #1347, #312, #1528, #475, #1701, #655, #1874, #826, #2038, #993, #2211, #1178, #119, #1353, #319, #1537, #480, #1709, #661 ),
 ( #1880, #831, #2046, #1003, #2217, #1186, #133, #1362, #325, #1545, #491, #1716, #672, #1888, #839, #2054, #1015, #2226, #1195, #145, #1373, #334, #1553 ),
 ( #499, #1727, #678, #1896, #849, #2062, #1020, #2234, #1205, #154, #1380, #343, #1560, #511, #1740, #687, #1901, #861, #2071, #1032, #2241, #1217, #163 ),
 ( #1389, #352, #1572, #517, #1749, #696, #1912, #871, #2081, #1040, #2250, #1225, #170, #1396, #356, #1580, #528, #1756, #704, #1921, #878, #2088, #1052 ),
 ( #2257, #1231, #178, #1406, #365, #1588, #533, #1766, #713, #1929, #886, #2099, #1057, #2266, #1242, #188, #1414, #378, #1596, #543, #1776, #723, #1934 ),
 ( #1559, #510, #1736, #684, #1900, #859, #2068, #1029, #2239, #1214, #161, #1386, #349, #1567, #515, #1747, #692, #1908, #867, #2079, #1036, #2246, #1223 ) ),
 .UNSPECIFIED., .T., .F., .T. ) 
 B_SPLINE_SURFACE_WITH_KNOTS ( ( 4, 3, 4 ),
 ( 4, 1, 1, 1, 1, 1, 1, 1, 1, 1, 1, 1, 1, 1, 1, 1, 1, 1, 1, 1, 4 ),
 ( 0.0000000000000000000, 0.5000000000000000000, 1.000000000000000000 ),
 ( 0.0000000000000000000, 0.06249999999974571700, 0.1250000000000000000, 0.1875000000001292000, 0.2500000000000000600, 0.2765376830112973300, 0.3333333333333332600, 0.3350251083088975300, 0.4166666666666666900, 0.5000000000000000000, 0.5416666666663466600, 0.5571132369018793100, 0.5833333333333330400, 0.6249999999999998900, 0.6263868276784018100, 0.6666666666666663000, 0.7083333333333196000, 0.7499999999999927800, 0.8333333333333332600, 0.9166666666666667400, 1.000000000000000000 ),
 .UNSPECIFIED. ) 
 GEOMETRIC_REPRESENTATION_ITEM ( )  RATIONAL_B_SPLINE_SURFACE ( (
 ( 1.000000000000000000, 1.000000000000000000, 1.000000000000000200, 0.9999999999999997800, 1.000000000000000200, 1.000000000000000000, 1.000000000000000000, 1.000000000000000000, 1.000000000000000000, 1.000000000000000000, 1.000000000000000000, 1.000000000000000000, 1.000000000000000000, 1.000000000000000000, 0.9999999999999998900, 0.9999999999999998900, 1.000000000000000200, 0.9999999999999997800, 1.000000000000000200, 1.000000000000000000, 0.9999999999999997800, 1.000000000000000000, 1.000000000000000000),
 ( 0.3333333333333333700, 0.3333333333333333700, 0.3333333333333334300, 0.3333333333333332600, 0.3333333333333334800, 0.3333333333333333700, 0.3333333333333334300, 0.3333333333333334300, 0.3333333333333333700, 0.3333333333333333700, 0.3333333333333333700, 0.3333333333333333700, 0.3333333333333333700, 0.3333333333333333700, 0.3333333333333333700, 0.3333333333333334300, 0.3333333333333334300, 0.3333333333333332600, 0.3333333333333333700, 0.3333333333333333100, 0.3333333333333333700, 0.3333333333333333700, 0.3333333333333333700),
 ( 0.3333333333333333700, 0.3333333333333333700, 0.3333333333333334300, 0.3333333333333332600, 0.3333333333333334800, 0.3333333333333333700, 0.3333333333333334300, 0.3333333333333334300, 0.3333333333333333700, 0.3333333333333333700, 0.3333333333333333700, 0.3333333333333333700, 0.3333333333333333700, 0.3333333333333333700, 0.3333333333333333700, 0.3333333333333334300, 0.3333333333333334300, 0.3333333333333332600, 0.3333333333333333700, 0.3333333333333333100, 0.3333333333333333700, 0.3333333333333333700, 0.3333333333333333700),
 ( 1.000000000000000000, 1.000000000000000000, 1.000000000000000200, 0.9999999999999997800, 1.000000000000000200, 1.000000000000000000, 1.000000000000000000, 1.000000000000000000, 1.000000000000000000, 1.000000000000000000, 1.000000000000000000, 1.000000000000000000, 1.000000000000000000, 1.000000000000000000, 0.9999999999999998900, 0.9999999999999998900, 1.000000000000000200, 0.9999999999999997800, 1.000000000000000200, 1.000000000000000000, 0.9999999999999997800, 1.000000000000000000, 1.000000000000000000),
 ( 0.3333333333333333700, 0.3333333333333333700, 0.3333333333333334300, 0.3333333333333332600, 0.3333333333333334800, 0.3333333333333333700, 0.3333333333333334300, 0.3333333333333334300, 0.3333333333333333700, 0.3333333333333333700, 0.3333333333333333700, 0.3333333333333333700, 0.3333333333333333700, 0.3333333333333333700, 0.3333333333333333700, 0.3333333333333334300, 0.3333333333333334300, 0.3333333333333332600, 0.3333333333333333700, 0.3333333333333333100, 0.3333333333333333700, 0.3333333333333333700, 0.3333333333333333700),
 ( 0.3333333333333333700, 0.3333333333333333700, 0.3333333333333334300, 0.3333333333333332600, 0.3333333333333334800, 0.3333333333333333700, 0.3333333333333334300, 0.3333333333333334300, 0.3333333333333333700, 0.3333333333333333700, 0.3333333333333333700, 0.3333333333333333700, 0.3333333333333333700, 0.3333333333333333700, 0.3333333333333333700, 0.3333333333333334300, 0.3333333333333334300, 0.3333333333333332600, 0.3333333333333333700, 0.3333333333333333100, 0.3333333333333333700, 0.3333333333333333700, 0.3333333333333333700),
 ( 1.000000000000000000, 1.000000000000000000, 1.000000000000000200, 0.9999999999999997800, 1.000000000000000200, 1.000000000000000000, 1.000000000000000000, 1.000000000000000000, 1.000000000000000000, 1.000000000000000000, 1.000000000000000000, 1.000000000000000000, 1.000000000000000000, 1.000000000000000000, 0.9999999999999998900, 0.9999999999999998900, 1.000000000000000200, 0.9999999999999997800, 1.000000000000000200, 1.000000000000000000, 0.9999999999999997800, 1.000000000000000000, 1.000000000000000000) ) ) 
 REPRESENTATION_ITEM ( '' )  SURFACE ( )  );
#102 = APPLICATION_CONTEXT ( 'configuration controlled 3d designs of mechanical parts and assemblies' ) ;
#103 = ORIENTED_EDGE ( 'NONE', *, *, #134, .F. ) ;
#104 = ORIENTED_EDGE ( 'NONE', *, *, #935, .T. ) ;
#105 = EDGE_LOOP ( 'NONE', ( #232, #234 ) ) ;
#106 = CARTESIAN_POINT ( 'NONE',  ( 0.3166061976059563700, -0.2000000000000017900, 12.02072004026625900 ) ) ;
#107 = CARTESIAN_POINT ( 'NONE',  ( -0.2159699188562695900, -0.1999999999999999800, 5.612037205615491700 ) ) ;
#108 = CARTESIAN_POINT ( 'NONE',  ( 0.05949999999999810300, -0.5809999999999999600, 15.86002886807054700 ) ) ;
#109 = CARTESIAN_POINT ( 'NONE',  ( -0.2500000000000050000, -0.2000000000000000900, 18.49999999999999600 ) ) ;
#110 = CARTESIAN_POINT ( 'NONE',  ( -0.5000000000000000000, -0.2674502063747817300, 0.3567694485051510200 ) ) ;
#111 = APPROVAL_STATUS ( 'not_yet_approved' ) ;
#112 = EDGE_CURVE ( 'NONE', #1732, #2009, #586, .T. ) ;
#113 = CARTESIAN_POINT ( 'NONE',  ( -0.6600340101624204700, -0.5810000000000005200, 3.946439183296845100 ) ) ;
#114 = CARTESIAN_POINT ( 'NONE',  ( 0.2067654361016322600, -0.5810000000000001800, 12.83881019726441200 ) ) ;
#115 = CARTESIAN_POINT ( 'NONE',  ( 0.1073588657426045000, -0.5809999999999999600, 14.89467066445557800 ) ) ;
#116 = CARTESIAN_POINT ( 'NONE',  ( -0.2020554258773764300, -0.2000000000000000400, 8.230285501889360600 ) ) ;
#117 = CARTESIAN_POINT ( 'NONE',  ( -0.5000000000000000000, -0.07925864859372712400, 0.4999642838919423600 ) ) ;
#118 = ORIENTED_EDGE ( 'NONE', *, *, #1617, .T. ) ;
#119 = CARTESIAN_POINT ( 'NONE',  ( 0.2067654361016322600, -0.5810000000000001800, 12.83881019726441200 ) ) ;
#120 = APPROVAL_PERSON_ORGANIZATION ( #610, #1137, #1868 ) ;
#121 = CARTESIAN_POINT ( 'NONE',  ( -0.8140078254681916100, -0.5810000000000001800, 6.484372781291844100 ) ) ;
#122 = AXIS2_PLACEMENT_3D ( 'NONE', #937, #594, #1105 ) ;
#123 = CARTESIAN_POINT ( 'NONE',  ( 0.2933146805289771300, -0.5810000000000002900, 14.03143505516129600 ) ) ;
#124 = FACE_OUTER_BOUND ( 'NONE', #1717, .T. ) ;
#125 = CARTESIAN_POINT ( 'NONE',  ( -0.5918568091725219200, -0.2000000000000000400, 5.548221599184309100 ) ) ;
#126 = CARTESIAN_POINT ( 'NONE',  ( 0.4404999999999982300, -0.2000000000000000100, 15.86002886807055000 ) ) ;
#127 = AXIS2_PLACEMENT_3D ( 'NONE', #727, #1940, #896 ) ;
#128 = ORIENTED_EDGE ( 'NONE', *, *, #529, .F. ) ;
#129 = AXIS2_PLACEMENT_3D ( 'NONE', #759, #754, #721 ) ;
#130 = FACE_OUTER_BOUND ( 'NONE', #16, .T. ) ;
#131 = EDGE_LOOP ( 'NONE', ( #160, #2197, #577, #1140 ) ) ;
#132 = EDGE_LOOP ( 'NONE', ( #1991, #1475 ) ) ;
#133 = CARTESIAN_POINT ( 'NONE',  ( -0.8140078254681916100, -0.5810000000000001800, 6.484372781291844100 ) ) ;
#134 = EDGE_CURVE ( 'NONE', #2080, #1951, #1124, .T. ) ;
#135 = VERTEX_POINT ( 'NONE', #562 ) ;
#136 = CARTESIAN_POINT ( 'NONE',  ( 0.1791521153656149300, -0.5810000000000002900, 13.99605651845029200 ) ) ;
#137 = CARTESIAN_POINT ( 'NONE',  ( 0.4886375451865204700, -0.5809999999999999600, 13.57570468892459200 ) ) ;
#138 = CARTESIAN_POINT ( 'NONE',  ( -0.4181037379083542000, -0.2000000000000000400, 4.806369962493376700 ) ) ;
#139 = EDGE_LOOP ( 'NONE', ( #840, #670 ) ) ;
#140 = CARTESIAN_POINT ( 'NONE',  ( 0.2499999999999956700, -0.2000000000000000400, 19.49999999999999600 ) ) ;
#141 = DIRECTION ( 'NONE',  ( 0.0000000000000000000, -0.0000000000000000000, 1.000000000000000000 ) ) ;
#142 = EDGE_LOOP ( 'NONE', ( #68, #1621 ) ) ;
#143 = ADVANCED_FACE ( 'NONE', ( #772 ), #1243, .T. ) ;
#144 = DIRECTION ( 'NONE',  ( 0.0000000000000000000, 0.0000000000000000000, -1.000000000000000000 ) ) ;
#145 = CARTESIAN_POINT ( 'NONE',  ( 0.1791521153656149300, -0.5810000000000002900, 13.99605651845029200 ) ) ;
#146 = CARTESIAN_POINT ( 'NONE',  ( -0.2596069603916787400, -0.2000000000000002100, 9.577030260735726900 ) ) ;
#147 = CARTESIAN_POINT ( 'NONE',  ( 0.6121588859982057800, -0.5810000000000001800, 13.24337269799121400 ) ) ;
#148 = AXIS2_PLACEMENT_3D ( 'NONE', #360, #1925, #882 ) ;
#149 = VERTEX_POINT ( 'NONE', #238 ) ;
#150 = CARTESIAN_POINT ( 'NONE',  ( -0.2499999999999956700, -0.2000000000000000900, 18.49999999999999600 ) ) ;
#151 = AXIS2_PLACEMENT_3D ( 'NONE', #2265, #1240, #187 ) ;
#152 = EDGE_CURVE ( 'NONE', #1922, #1732, #963, .T. ) ;
#153 = DIRECTION ( 'NONE',  ( -0.0000000000000000000, -0.0000000000000000000, 1.000000000000000000 ) ) ;
#154 = CARTESIAN_POINT ( 'NONE',  ( -0.2596069603916787400, -0.2000000000000002100, 9.577030260735726900 ) ) ;
#155 = CARTESIAN_POINT ( 'NONE',  ( -0.05325186671192554100, -0.1999999999999999300, 4.918348201856133500 ) ) ;
#156 = EDGE_LOOP ( 'NONE', ( #1265, #494, #588, #2045 ) ) ;
#157 = CARTESIAN_POINT ( 'NONE',  ( -0.05950000000000169000, -0.2000000000000000900, 16.50000000000001400 ) ) ;
#158 = CARTESIAN_POINT ( 'NONE',  ( 0.6956932119121442800, -0.5810000000000001800, 12.94725141488770600 ) ) ;
#159 = CARTESIAN_POINT ( 'NONE',  ( -0.4405000000000002200, -0.2000000000000000700, 2.000000000000000000 ) ) ;
#160 = ORIENTED_EDGE ( 'NONE', *, *, #1763, .F. ) ;
#161 = CARTESIAN_POINT ( 'NONE',  ( 0.03852196180945584300, -0.2000000000000008400, 10.89631168244382800 ) ) ;
#162 = CIRCLE ( 'NONE', #2127, 0.5000000000000000000 ) ;
#163 = CARTESIAN_POINT ( 'NONE',  ( -0.05950000000000169000, -0.2000000000000000900, 16.50000000000001400 ) ) ;
#164 = ORIENTED_EDGE ( 'NONE', *, *, #1897, .F. ) ;
#165 = CARTESIAN_POINT ( 'NONE',  ( 0.6820652981325569000, 0.1809999999999996300, 11.70314598314526000 ) ) ;
#166 = FACE_OUTER_BOUND ( 'NONE', #85, .T. ) ;
#167 = DIRECTION ( 'NONE',  ( -0.0000000000000000000, -1.000000000000000000, -0.0000000000000000000 ) ) ;
#168 = ORIENTED_EDGE ( 'NONE', *, *, #623, .F. ) ;
#169 = DIRECTION ( 'NONE',  ( -1.000000000000000000, 0.0000000000000000000, 0.0000000000000000000 ) ) ;
#170 = CARTESIAN_POINT ( 'NONE',  ( 0.6820652981325569000, 0.1809999999999996300, 11.70314598314526000 ) ) ;
#171 = VERTEX_POINT ( 'NONE', #67 ) ;
#172 = EDGE_LOOP ( 'NONE', ( #854, #233, #666, #21 ) ) ;
#173 = ORIENTED_EDGE ( 'NONE', *, *, #962, .T. ) ;
#174 = CARTESIAN_POINT ( 'NONE',  ( -0.4976344342303036800, 0.1809999999999998800, 3.256042759820950900 ) ) ;
#175 = CARTESIAN_POINT ( 'NONE',  ( 0.0000000000000000000, 0.5000000000000000000, 0.0000000000000000000 ) ) ;
#176 = DIRECTION ( 'NONE',  ( -0.0000000000000000000, -1.000000000000000000, -0.0000000000000000000 ) ) ;
#177 = CARTESIAN_POINT ( 'NONE',  ( 0.0000000000000000000, 0.0000000000000000000, 0.0000000000000000000 ) ) ;
#178 = CARTESIAN_POINT ( 'NONE',  ( -0.4976344342303036800, 0.1809999999999998800, 3.256042759820950900 ) ) ;
#179 = CARTESIAN_POINT ( 'NONE',  ( 0.2545253790984671200, 0.1809999999999999700, 12.58600354542054600 ) ) ;
#180 = ORIENTED_EDGE ( 'NONE', *, *, #1644, .F. ) ;
#181 = AXIS2_PLACEMENT_3D ( 'NONE', #1392, #354, #1575 ) ;
#182 = CARTESIAN_POINT ( 'NONE',  ( 0.1549999999999999700, -6.184466335694138500E-017, -0.1499999999999999700 ) ) ;
#183 = CARTESIAN_POINT ( 'NONE',  ( -0.1817441132121381300, -0.2000000000000000900, 4.089752741539139300 ) ) ;
#184 = DIRECTION ( 'NONE',  ( 0.0000000000000000000, 0.0000000000000000000, 1.000000000000000000 ) ) ;
#185 = CARTESIAN_POINT ( 'NONE',  ( 0.8450000000000000800, 1.071565949253933900E-016, 0.5000000000000000000 ) ) ;
#186 = EDGE_CURVE ( 'NONE', #1539, #1973, #286, .T. ) ;
#187 = DIRECTION ( 'NONE',  ( 0.0000000000000000000, 0.0000000000000000000, 1.000000000000000000 ) ) ;
#188 = CARTESIAN_POINT ( 'NONE',  ( 0.2545253790984671200, 0.1809999999999999700, 12.58600354542054600 ) ) ;
#189 = EDGE_LOOP ( 'NONE', ( #1700, #1489, #1274, #838 ) ) ;
#190 = CARTESIAN_POINT ( 'NONE',  ( -1.085146691477314900, -0.2000000000000002600, 5.464473061234900600 ) ) ;
#191 = EDGE_LOOP ( 'NONE', ( #887, #347, #208, #596 ) ) ;
#192 = COORDINATED_UNIVERSAL_TIME_OFFSET ( 8, 0, .BEHIND. ) ;
#193 = CARTESIAN_POINT ( 'NONE',  ( 0.6588267589091542100, -0.5810000000000002900, 14.14844601361973500 ) ) ;
#194 = CARTESIAN_POINT ( 'NONE',  ( 0.0005344321782341444000, -0.2000000000000000400, 3.314957221675585600 ) ) ;
#195 = AXIS2_PLACEMENT_3D ( 'NONE', #218, #2128, #401 ) ;
#196 = CIRCLE ( 'NONE', #1533, 0.1905000000000000300 ) ;
#197 = DIRECTION ( 'NONE',  ( -0.0000000000000000000, -0.0000000000000000000, -1.000000000000000000 ) ) ;
#198 = ORIENTED_EDGE ( 'NONE', *, *, #1847, .T. ) ;
#199 = DIRECTION ( 'NONE',  ( 0.0000000000000000000, -0.0000000000000000000, -1.000000000000000000 ) ) ;
#200 = CIRCLE ( 'NONE', #2111, 0.1905000000000000300 ) ;
#201 = ORIENTED_EDGE ( 'NONE', *, *, #229, .T. ) ;
#202 = CARTESIAN_POINT ( 'NONE',  ( 0.05949999999999970600, -0.1999999999999999800, 2.507530154692294600 ) ) ;
#203 = DIRECTION ( 'NONE',  ( -2.449293598294706900E-016, 1.000000000000000000, -0.0000000000000000000 ) ) ;
#204 = ORIENTED_EDGE ( 'NONE', *, *, #1981, .F. ) ;
#205 = EDGE_LOOP ( 'NONE', ( #874, #204 ) ) ;
#206 = DIRECTION ( 'NONE',  ( 1.000000000000000000, 0.0000000000000000000, 0.0000000000000000000 ) ) ;
#207 = ORIENTED_EDGE ( 'NONE', *, *, #788, .T. ) ;
#208 = ORIENTED_EDGE ( 'NONE', *, *, #1422, .T. ) ;
#209 = CARTESIAN_POINT ( 'NONE',  ( -1.209315597128664200, -0.2000000000000004000, 7.221549537272678300 ) ) ;
#210 = DIRECTION ( 'NONE',  ( 1.084202172485504400E-016, -0.0000000000000000000, -1.000000000000000000 ) ) ;
#211 = CARTESIAN_POINT ( 'NONE',  ( 0.05949999999999974100, -0.1999999999999999800, 2.000000000000000000 ) ) ;
#212 = DIRECTION ( 'NONE',  ( 1.224646799147353000E-016, 0.0000000000000000000, -1.000000000000000000 ) ) ;
#213 = DIRECTION ( 'NONE',  ( 0.0000000000000000000, 0.0000000000000000000, 1.000000000000000000 ) ) ;
#214 = AXIS2_PLACEMENT_3D ( 'NONE', #1026, #1744, #1035 ) ;
#215 = CARTESIAN_POINT ( 'NONE',  ( -0.3932546291147301400, -0.2000000000000002600, 14.85185761199775800 ) ) ;
#216 = CARTESIAN_POINT ( 'NONE',  ( 1.068256177079754700, -0.1999999999999999600, 13.02988211090543500 ) ) ;
#217 = CARTESIAN_POINT ( 'NONE',  ( 0.05949999999999827000, 0.1810000000000000800, 16.50000000000001400 ) ) ;
#218 = CARTESIAN_POINT ( 'NONE',  ( 0.0000000000000000000, 1.350000000000000100, 0.0000000000000000000 ) ) ;
#219 = DIRECTION ( 'NONE',  ( -0.0000000000000000000, -0.0000000000000000000, -1.000000000000000000 ) ) ;
#220 = ORIENTED_EDGE ( 'NONE', *, *, #536, .T. ) ;
#221 = CIRCLE ( 'NONE', #1194, 0.1905000000000000300 ) ;
#222 = ORIENTED_EDGE ( 'NONE', *, *, #2060, .T. ) ;
#223 = AXIS2_PLACEMENT_3D ( 'NONE', #581, #239, #756 ) ;
#224 = CIRCLE ( 'NONE', #1474, 0.1905000000000000300 ) ;
#225 = CARTESIAN_POINT ( 'NONE',  ( 0.4404999999999982800, -0.2000000000000000100, 16.50000000000001400 ) ) ;
#226 = CYLINDRICAL_SURFACE ( 'NONE', #970, 0.1250000000000000000 ) ;
#227 = CARTESIAN_POINT ( 'NONE',  ( 0.8201685610613913500, -0.5809999999999999600, 10.48902491432438000 ) ) ;
#228 = CARTESIAN_POINT ( 'NONE',  ( 0.5000000000000000000, -0.1567871873522434500, 0.4674394622891344700 ) ) ;
#229 = EDGE_CURVE ( 'NONE', #12, #1049, #1735, .T. ) ;
#230 = ORIENTED_EDGE ( 'NONE', *, *, #2190, .T. ) ;
#231 = CARTESIAN_POINT ( 'NONE',  ( 0.03001616074608837200, -0.2000000000000000700, 13.37625726501755400 ) ) ;
#232 = ORIENTED_EDGE ( 'NONE', *, *, #2216, .T. ) ;
#233 = ORIENTED_EDGE ( 'NONE', *, *, #1385, .T. ) ;
#234 = ORIENTED_EDGE ( 'NONE', *, *, #152, .T. ) ;
#235 = EDGE_CURVE ( 'NONE', #1449, #863, #2258, .T. ) ;
#236 = CARTESIAN_POINT ( 'NONE',  ( -0.4950000000000000000, -0.2999999999999997700, -0.1499999999999999700 ) ) ;
#237 = ORIENTED_EDGE ( 'NONE', *, *, #2167, .T. ) ;
#238 = CARTESIAN_POINT ( 'NONE',  ( 0.05949999999999561900, -0.2000000000000000100, 16.50000000000000700 ) ) ;
#239 = DIRECTION ( 'NONE',  ( -0.0000000000000000000, -1.000000000000000000, -0.0000000000000000000 ) ) ;
#240 = DIRECTION ( 'NONE',  ( 0.0000000000000000000, 0.0000000000000000000, 1.000000000000000000 ) ) ;
#241 = VERTEX_POINT ( 'NONE', #2169 ) ;
#242 = ADVANCED_FACE ( 'NONE', ( #1655 ), #693, .T. ) ;
#243 = DIRECTION ( 'NONE',  ( 0.0000000000000000000, -1.000000000000000000, 0.0000000000000000000 ) ) ;
#244 = DIRECTION ( 'NONE',  ( 0.0000000000000000000, 0.0000000000000000000, -1.000000000000000000 ) ) ;
#245 = CARTESIAN_POINT ( 'NONE',  ( 0.1885674715845384900, -0.5809999999999999600, 9.342214047237046500 ) ) ;
#246 = CARTESIAN_POINT ( 'NONE',  ( -0.4405000000000002800, -0.2000000000000000700, 2.497752443078549600 ) ) ;
#247 = AXIS2_PLACEMENT_3D ( 'NONE', #2121, #394, #1620 ) ;
#248 = DIRECTION ( 'NONE',  ( 0.0000000000000000000, 0.0000000000000000000, 1.000000000000000000 ) ) ;
#249 = LOCAL_TIME ( 12, 18, 23.00000000000000000, #715 ) ;
#250 = ADVANCED_FACE ( 'NONE', ( #315 ), #2001, .T. ) ;
#251 = CARTESIAN_POINT ( 'NONE',  ( 0.0000000000000000000, 0.0000000000000000000, 0.0000000000000000000 ) ) ;
#252 = CARTESIAN_POINT ( 'NONE',  ( -0.2020554258773763500, -0.5809999999999998500, 8.230231532129023400 ) ) ;
#253 = CARTESIAN_POINT ( 'NONE',  ( -1.197035236499575300, -0.2000000000000003700, 6.468697564501578500 ) ) ;
#254 = CIRCLE ( 'NONE', #1845, 0.1905000000000000300 ) ;
#255 = ADVANCED_FACE ( 'NONE', ( #724 ), #1767, .T. ) ;
#256 = ORIENTED_EDGE ( 'NONE', *, *, #1554, .T. ) ;
#257 = CIRCLE ( 'NONE', #506, 0.1905000000000000300 ) ;
#258 = CIRCLE ( 'NONE', #1288, 0.05000000000000002400 ) ;
#259 = CARTESIAN_POINT ( 'NONE',  ( 0.1827127882639768800, -0.2000000000000000400, 4.202121962777177100 ) ) ;
#260 = CARTESIAN_POINT ( 'NONE',  ( -0.1249999999999956400, -0.2000000000000000700, 18.49999999999999600 ) ) ;
#261 = ORIENTED_EDGE ( 'NONE', *, *, #2130, .F. ) ;
#262 = VERTEX_POINT ( 'NONE', #976 ) ;
#263 = AXIS2_PLACEMENT_3D ( 'NONE', #944, #1833, #1987 ) ;
#264 = CARTESIAN_POINT ( 'NONE',  ( 0.6121588859982061100, -0.2000000000000000100, 13.24334148812104800 ) ) ;
#265 = CARTESIAN_POINT ( 'NONE',  ( -0.1863599630145619500, -0.2000000000000000400, 13.87904554889006400 ) ) ;
#266 = ORIENTED_EDGE ( 'NONE', *, *, #1479, .T. ) ;
#267 = AXIS2_PLACEMENT_3D ( 'NONE', #2083, #1046, #2252 ) ;
#268 = AXIS2_PLACEMENT_3D ( 'NONE', #1788, #563, #1780 ) ;
#269 = VERTEX_POINT ( 'NONE', #1136 ) ;
#270 = CARTESIAN_POINT ( 'NONE',  ( 0.7472954131391804600, -0.5809999999999998500, 12.66975702827048900 ) ) ;
#271 = CYLINDRICAL_SURFACE ( 'NONE', #1292, 0.2999999999999999900 ) ;
#272 = CARTESIAN_POINT ( 'NONE',  ( -0.4181037379083542600, -0.2000000000000000400, 4.806369962493376700 ) ) ;
#273 = VERTEX_POINT ( 'NONE', #1162 ) ;
#274 = VERTEX_POINT ( 'NONE', #1155 ) ;
#275 = ORIENTED_EDGE ( 'NONE', *, *, #1116, .T. ) ;
#276 = ADVANCED_FACE ( 'NONE', ( #819 ), #1630, .T. ) ;
#277 = AXIS2_PLACEMENT_3D ( 'NONE', #1590, #537, #1769 ) ;
#278 = CARTESIAN_POINT ( 'NONE',  ( 0.6121588859982061100, -0.2000000000000000100, 13.24334148812104700 ) ) ;
#279 = AXIS2_PLACEMENT_3D ( 'NONE', #712, #1928, #885 ) ;
#280 = CARTESIAN_POINT ( 'NONE',  ( -0.5320600966284988500, -0.2000000000000002100, 4.771153189359311300 ) ) ;
#281 = CARTESIAN_POINT ( 'NONE',  ( 1.068256177079754500, -0.5810000000000001800, 13.02986625304007400 ) ) ;
#282 = LINE ( 'NONE', #1628, #636 ) ;
#283 = CARTESIAN_POINT ( 'NONE',  ( 0.7911260079914543800, -0.5810000000000002900, 12.34737135989446200 ) ) ;
#284 = FACE_OUTER_BOUND ( 'NONE', #931, .T. ) ;
#285 = DIRECTION ( 'NONE',  ( 0.0000000000000000000, -1.000000000000000000, 0.0000000000000000000 ) ) ;
#286 = CIRCLE ( 'NONE', #1790, 0.1250000000000000000 ) ;
#287 = ORIENTED_EDGE ( 'NONE', *, *, #2017, .T. ) ;
#288 = CARTESIAN_POINT ( 'NONE',  ( 0.4989372149175405600, -0.2000000000000001800, 13.20615779096012300 ) ) ;
#289 = CARTESIAN_POINT ( 'NONE',  ( 0.3801391083815402500, -0.1999999999999999300, 3.366478857201722400 ) ) ;
#290 = EDGE_LOOP ( 'NONE', ( #1688, #118, #531, #800, #1869, #256 ) ) ;
#291 = CARTESIAN_POINT ( 'NONE',  ( 0.8198321144196336600, -0.5810000000000008500, 12.04194817155947900 ) ) ;
#292 = ORIENTED_EDGE ( 'NONE', *, *, #1897, .T. ) ;
#293 =( BOUNDED_SURFACE ( )  B_SPLINE_SURFACE ( 3, 3, ( 
 ( #862, #303, #289, #259, #155, #107, #97, #87, #79, #2263, #1593, #1544, #1357, #1248, #728, #709, #718, #383, #374, #2221, #2126, #2120, #2108 ),
 ( #2094, #2049, #1956, #1950, #1941, #1932, #1926, #1885, #1800, #1786, #1771, #1760, #1713, #1624, #1616, #1604, #1585, #1444, #1439, #1429, #1421, #1409, #1402 ),
 ( #1271, #1254, #1190, #1085, #1080, #1063, #1054, #1009, #905, #883, #835, #737, #665, #568, #559, #484, #539, #550, #3, #400, #361, #323, #217 ),
 ( #211, #202, #194, #183, #138, #125, #32, #25, #14, #2157, #62, #1811, #1666, #1986, #1132, #957, #943, #264, #779, #432, #1818, #2170, #2142 ),
 ( #2002, #1995, #1978, #1832, #1806, #1656, #1647, #1640, #1633, #1483, #1464, #1460, #1308, #1302, #1293, #1285, #1281, #1125, #1111, #1104, #1094, #928, #784 ),
 ( #760, #755, #617, #608, #601, #593, #426, #412, #252, #245, #227, #70, #54, #49, #2118, #2262, #1283, #1270, #735, #193, #2105, #1949, #1783 ),
 ( #1770, #1623, #1609, #371, #1428, #1591, #1437, #1419, #1253, #1235, #1261, #1247, #1602, #904, #741, #574, #216, #921, #547, #410, #399, #391, #225 ) ),
 .UNSPECIFIED., .T., .F., .T. ) 
 B_SPLINE_SURFACE_WITH_KNOTS ( ( 4, 3, 4 ),
 ( 4, 1, 1, 1, 1, 1, 1, 1, 1, 1, 1, 1, 1, 1, 1, 1, 1, 1, 1, 1, 4 ),
 ( 0.0000000000000000000, 0.5000000000000000000, 1.000000000000000000 ),
 ( 0.0000000000000000000, 0.06249999999974571700, 0.1250000000000000000, 0.1875000000001292000, 0.2500000000000000600, 0.2765376830112973300, 0.3333333333333332600, 0.3350251083088975300, 0.4166666666666666900, 0.5000000000000000000, 0.5416666666663466600, 0.5571132369018793100, 0.5833333333333330400, 0.6249999999999998900, 0.6263868276784018100, 0.6666666666666663000, 0.7083333333333196000, 0.7499999999999927800, 0.8333333333333332600, 0.9166666666666667400, 1.000000000000000000 ),
 .UNSPECIFIED. ) 
 GEOMETRIC_REPRESENTATION_ITEM ( )  RATIONAL_B_SPLINE_SURFACE ( (
 ( 1.000000000000000000, 1.000000000000000000, 1.000000000000000200, 0.9999999999999997800, 1.000000000000000200, 1.000000000000000000, 1.000000000000000000, 1.000000000000000000, 1.000000000000000000, 1.000000000000000000, 1.000000000000000000, 1.000000000000000000, 1.000000000000000000, 1.000000000000000000, 0.9999999999999998900, 0.9999999999999998900, 1.000000000000000200, 0.9999999999999997800, 1.000000000000000200, 1.000000000000000000, 0.9999999999999997800, 1.000000000000000000, 1.000000000000000000),
 ( 0.3333333333333333700, 0.3333333333333333700, 0.3333333333333334300, 0.3333333333333332600, 0.3333333333333334800, 0.3333333333333333700, 0.3333333333333334300, 0.3333333333333334300, 0.3333333333333333700, 0.3333333333333333700, 0.3333333333333333700, 0.3333333333333333700, 0.3333333333333333700, 0.3333333333333333700, 0.3333333333333333700, 0.3333333333333334300, 0.3333333333333334300, 0.3333333333333332600, 0.3333333333333333700, 0.3333333333333333100, 0.3333333333333333700, 0.3333333333333333700, 0.3333333333333333700),
 ( 0.3333333333333333700, 0.3333333333333333700, 0.3333333333333334300, 0.3333333333333332600, 0.3333333333333334800, 0.3333333333333333700, 0.3333333333333334300, 0.3333333333333334300, 0.3333333333333333700, 0.3333333333333333700, 0.3333333333333333700, 0.3333333333333333700, 0.3333333333333333700, 0.3333333333333333700, 0.3333333333333333700, 0.3333333333333334300, 0.3333333333333334300, 0.3333333333333332600, 0.3333333333333333700, 0.3333333333333333100, 0.3333333333333333700, 0.3333333333333333700, 0.3333333333333333700),
 ( 1.000000000000000000, 1.000000000000000000, 1.000000000000000200, 0.9999999999999997800, 1.000000000000000200, 1.000000000000000000, 1.000000000000000000, 1.000000000000000000, 1.000000000000000000, 1.000000000000000000, 1.000000000000000000, 1.000000000000000000, 1.000000000000000000, 1.000000000000000000, 0.9999999999999998900, 0.9999999999999998900, 1.000000000000000200, 0.9999999999999997800, 1.000000000000000200, 1.000000000000000000, 0.9999999999999997800, 1.000000000000000000, 1.000000000000000000),
 ( 0.3333333333333333700, 0.3333333333333333700, 0.3333333333333334300, 0.3333333333333332600, 0.3333333333333334800, 0.3333333333333333700, 0.3333333333333334300, 0.3333333333333334300, 0.3333333333333333700, 0.3333333333333333700, 0.3333333333333333700, 0.3333333333333333700, 0.3333333333333333700, 0.3333333333333333700, 0.3333333333333333700, 0.3333333333333334300, 0.3333333333333334300, 0.3333333333333332600, 0.3333333333333333700, 0.3333333333333333100, 0.3333333333333333700, 0.3333333333333333700, 0.3333333333333333700),
 ( 0.3333333333333333700, 0.3333333333333333700, 0.3333333333333334300, 0.3333333333333332600, 0.3333333333333334800, 0.3333333333333333700, 0.3333333333333334300, 0.3333333333333334300, 0.3333333333333333700, 0.3333333333333333700, 0.3333333333333333700, 0.3333333333333333700, 0.3333333333333333700, 0.3333333333333333700, 0.3333333333333333700, 0.3333333333333334300, 0.3333333333333334300, 0.3333333333333332600, 0.3333333333333333700, 0.3333333333333333100, 0.3333333333333333700, 0.3333333333333333700, 0.3333333333333333700),
 ( 1.000000000000000000, 1.000000000000000000, 1.000000000000000200, 0.9999999999999997800, 1.000000000000000200, 1.000000000000000000, 1.000000000000000000, 1.000000000000000000, 1.000000000000000000, 1.000000000000000000, 1.000000000000000000, 1.000000000000000000, 1.000000000000000000, 1.000000000000000000, 0.9999999999999998900, 0.9999999999999998900, 1.000000000000000200, 0.9999999999999997800, 1.000000000000000200, 1.000000000000000000, 0.9999999999999997800, 1.000000000000000000, 1.000000000000000000) ) ) 
 REPRESENTATION_ITEM ( '' )  SURFACE ( )  );
#294 = ORIENTED_EDGE ( 'NONE', *, *, #1683, .F. ) ;
#295 = VERTEX_POINT ( 'NONE', #2242 ) ;
#296 = EDGE_CURVE ( 'NONE', #135, #332, #2042, .T. ) ;
#297 = CARTESIAN_POINT ( 'NONE',  ( -0.4976344342303039000, -0.2000000000000001200, 3.243938969477629700 ) ) ;
#298 = CARTESIAN_POINT ( 'NONE',  ( -1.085146691477314200, -0.5809999999999999600, 5.464469424478283000 ) ) ;
#299 = CARTESIAN_POINT ( 'NONE',  ( 0.7999406648428004600, -0.5810000000000001800, 11.68726879466409800 ) ) ;
#300 = CARTESIAN_POINT ( 'NONE',  ( 0.5450000000000001500, 1.555594421392245300E-016, -0.1499999999999999700 ) ) ;
#301 = APPROVAL_STATUS ( 'not_yet_approved' ) ;
#302 = CARTESIAN_POINT ( 'NONE',  ( 0.2545253790984672900, -0.2000000000000002100, 12.58600074719803500 ) ) ;
#303 = CARTESIAN_POINT ( 'NONE',  ( 0.4404999999999997800, -0.2000000000000000100, 2.520570968097436600 ) ) ;
#304 = ORIENTED_EDGE ( 'NONE', *, *, #1422, .F. ) ;
#305 = CARTESIAN_POINT ( 'NONE',  ( 0.7236940145162860100, -0.5809999999999997400, 11.32823316220031600 ) ) ;
#306 = DIRECTION ( 'NONE',  ( -1.000000000000000000, 0.0000000000000000000, 0.0000000000000000000 ) ) ;
#307 = CARTESIAN_POINT ( 'NONE',  ( -0.5000000000000000000, -0.2999999999999997700, 0.2786339836845596100 ) ) ;
#308 = AXIS2_PLACEMENT_3D ( 'NONE', #1438, #392, #1615 ) ;
#309 = ORGANIZATION ( 'UNSPECIFIED', 'UNSPECIFIED', '' ) ;
#310 = EDGE_CURVE ( 'NONE', #95, #544, #2107, .T. ) ;
#311 = VECTOR ( 'NONE', #926, 1000.000000000000000 ) ;
#312 = CARTESIAN_POINT ( 'NONE',  ( -1.085146691477314200, -0.5809999999999999600, 5.464469424478283000 ) ) ;
#313 = CIRCLE ( 'NONE', #308, 1.850000000000000100 ) ;
#314 = CARTESIAN_POINT ( 'NONE',  ( 0.03001616074608866000, -0.5809999999999999600, 13.37592586653685500 ) ) ;
#315 = FACE_OUTER_BOUND ( 'NONE', #621, .T. ) ;
#316 = CARTESIAN_POINT ( 'NONE',  ( 0.8201685610613916900, -0.1999999999999999800, 10.48902833289080400 ) ) ;
#317 = AXIS2_PLACEMENT_3D ( 'NONE', #915, #1086, #35 ) ;
#318 = CLOSED_SHELL ( 'NONE', ( #1128, #1824, #1822, #276, #2000, #1456, #1659, #757, #434, #938, #1653 ) ) ;
#319 = CARTESIAN_POINT ( 'NONE',  ( 0.03001616074608866000, -0.5809999999999999600, 13.37592586653685500 ) ) ;
#320 = EDGE_LOOP ( 'NONE', ( #207, #918, #1250, #168 ) ) ;
#321 = CARTESIAN_POINT ( 'NONE',  ( -0.6902931386092545600, -0.5810000000000002900, 8.337731037636837400 ) ) ;
#322 = CARTESIAN_POINT ( 'NONE',  ( 0.4821352417481253900, -0.5810000000000002900, 10.66516206349196200 ) ) ;
#323 = CARTESIAN_POINT ( 'NONE',  ( 0.05949999999999818600, 0.1810000000000000800, 15.83905888310917800 ) ) ;
#324 = CARTESIAN_POINT ( 'NONE',  ( 0.5050000000000000000, 1.618446721246477600E-016, -0.1499999999999999700 ) ) ;
#325 = CARTESIAN_POINT ( 'NONE',  ( -0.6902931386092545600, -0.5810000000000002900, 8.337731037636837400 ) ) ;
#326 = DIRECTION ( 'NONE',  ( 0.0000000000000000000, 0.0000000000000000000, 1.000000000000000000 ) ) ;
#327 = CARTESIAN_POINT ( 'NONE',  ( -0.05950000000000180800, -0.5809999999999999600, 15.86265245824775000 ) ) ;
#328 = CARTESIAN_POINT ( 'NONE',  ( -0.1529414455813391800, -0.5809999999999999600, 9.521145236884869700 ) ) ;
#329 = DIRECTION ( 'NONE',  ( -3.252606517456533000E-016, 0.0000000000000000000, 1.000000000000000000 ) ) ;
#330 = DIRECTION ( 'NONE',  ( -1.000000000000000000, 0.0000000000000000000, 0.0000000000000000000 ) ) ;
#331 = ORIENTED_EDGE ( 'NONE', *, *, #1982, .T. ) ;
#332 = VERTEX_POINT ( 'NONE', #816 ) ;
#333 = CARTESIAN_POINT ( 'NONE',  ( 0.0000000000000000000, 0.1499999999999999900, 0.0000000000000000000 ) ) ;
#334 = CARTESIAN_POINT ( 'NONE',  ( -0.05950000000000180800, -0.5809999999999999600, 15.86265245824775000 ) ) ;
#335 = CARTESIAN_POINT ( 'NONE',  ( 0.6092971559885970200, -0.1999999999999997900, 11.36391912336142500 ) ) ;
#336 = CARTESIAN_POINT ( 'NONE',  ( -0.5740925629790678600, -0.5810000000000002900, 8.312164145150585900 ) ) ;
#337 = FACE_OUTER_BOUND ( 'NONE', #1988, .T. ) ;
#338 = DIRECTION ( 'NONE',  ( -0.0000000000000000000, -0.0000000000000000000, -1.000000000000000000 ) ) ;
#339 = DIRECTION ( 'NONE',  ( -1.000000000000000000, 0.0000000000000000000, 0.0000000000000000000 ) ) ;
#340 = AXIS2_PLACEMENT_3D ( 'NONE', #676, #1892, #847 ) ;
#341 = FACE_OUTER_BOUND ( 'NONE', #320, .T. ) ;
#342 = ADVANCED_FACE ( 'NONE', ( #1075 ), #627, .F. ) ;
#343 = CARTESIAN_POINT ( 'NONE',  ( 0.6092971559885970200, -0.1999999999999997900, 11.36391912336142500 ) ) ;
#344 = CARTESIAN_POINT ( 'NONE',  ( -0.05950000000000015700, 0.1809999999999999700, 2.497752443078550000 ) ) ;
#345 = CARTESIAN_POINT ( 'NONE',  ( -0.7067737199496685300, -0.5810000000000001800, 7.199786026052056100 ) ) ;
#346 = ORIENTED_EDGE ( 'NONE', *, *, #1511, .T. ) ;
#347 = ORIENTED_EDGE ( 'NONE', *, *, #1278, .T. ) ;
#348 = CARTESIAN_POINT ( 'NONE',  ( -0.2500000000000000000, -0.2000000000000000700, 0.0000000000000000000 ) ) ;
#349 = CARTESIAN_POINT ( 'NONE',  ( 0.3046660147997609600, -0.2000000000000006200, 11.75397933267926800 ) ) ;
#350 = AXIS2_PLACEMENT_3D ( 'NONE', #1326, #285, #1506 ) ;
#351 = DIRECTION ( 'NONE',  ( -0.0000000000000000000, -0.0000000000000000000, -1.000000000000000000 ) ) ;
#352 = CARTESIAN_POINT ( 'NONE',  ( -0.05950000000000015700, 0.1809999999999999700, 2.497752443078550000 ) ) ;
#353 = CARTESIAN_POINT ( 'NONE',  ( 0.6726397037424125500, 0.1809999999999995800, 12.33481524191571300 ) ) ;
#354 = DIRECTION ( 'NONE',  ( 1.571307496355803400E-016, 1.000000000000000000, -0.0000000000000000000 ) ) ;
#355 = CARTESIAN_POINT ( 'NONE',  ( -0.4950000000000000000, -9.980871413050932400E-017, -0.1499999999999999700 ) ) ;
#356 = CARTESIAN_POINT ( 'NONE',  ( 0.6726397037424125500, 0.1809999999999995800, 12.33481524191571300 ) ) ;
#357 = ORIENTED_EDGE ( 'NONE', *, *, #1163, .F. ) ;
#358 = CARTESIAN_POINT ( 'NONE',  ( -0.8969119678249274400, 0.1809999999999998000, 4.660035101832425800 ) ) ;
#359 = DIRECTION ( 'NONE',  ( 0.0000000000000000000, 0.0000000000000000000, 1.000000000000000000 ) ) ;
#360 = CARTESIAN_POINT ( 'NONE',  ( 0.2499999999999950000, -0.2000000000000000400, 18.49999999999999600 ) ) ;
#361 = CARTESIAN_POINT ( 'NONE',  ( 0.1073588657426045300, 0.1809999999999999400, 14.90442079378919100 ) ) ;
#362 = UNCERTAINTY_MEASURE_WITH_UNIT (LENGTH_MEASURE( 1.000000000000000100E-005 ), #2016, 'distance_accuracy_value', 'NONE');
#363 = CARTESIAN_POINT ( 'NONE',  ( 0.2499999999999956700, -0.2000000000000000400, 16.50000000000000700 ) ) ;
#364 = DIRECTION ( 'NONE',  ( 0.0000000000000000000, 0.0000000000000000000, -1.000000000000000000 ) ) ;
#365 = CARTESIAN_POINT ( 'NONE',  ( -0.8969119678249274400, 0.1809999999999998000, 4.660035101832425800 ) ) ;
#366 = FACE_OUTER_BOUND ( 'NONE', #1144, .T. ) ;
#367 = CARTESIAN_POINT ( 'NONE',  ( 0.1364375789365856700, 0.1810000000000000800, 13.08698883352244600 ) ) ;
#368 = AXIS2_PLACEMENT_3D ( 'NONE', #730, #1945, #898 ) ;
#369 = CIRCLE ( 'NONE', #682, 0.1905000000000000300 ) ;
#370 = DIRECTION ( 'NONE',  ( -0.0000000000000000000, -1.000000000000000000, -0.0000000000000000000 ) ) ;
#371 = CARTESIAN_POINT ( 'NONE',  ( 0.1827127882639768800, -0.2000000000000000400, 4.202121962777177100 ) ) ;
#372 = DIRECTION ( 'NONE',  ( 0.0000000000000000000, 0.0000000000000000000, -1.000000000000000000 ) ) ;
#373 = CIRCLE ( 'NONE', #1680, 0.05000000000000002400 ) ;
#374 = CARTESIAN_POINT ( 'NONE',  ( 0.8381070401301293800, -0.1999999999999999800, 13.72790455780648400 ) ) ;
#375 = EDGE_CURVE ( 'NONE', #1961, #1500, #990, .T. ) ;
#376 = CARTESIAN_POINT ( 'NONE',  ( 0.5050000000000000000, 1.618446721246477600E-016, 0.1500000000000000200 ) ) ;
#377 = DIRECTION ( 'NONE',  ( -0.0000000000000000000, 0.0000000000000000000, -1.000000000000000000 ) ) ;
#378 = CARTESIAN_POINT ( 'NONE',  ( 0.1364375789365856700, 0.1810000000000000800, 13.08698883352244600 ) ) ;
#379 = VERTEX_POINT ( 'NONE', #500 ) ;
#380 = CARTESIAN_POINT ( 'NONE',  ( -1.209315597128664200, -0.2000000000000004000, 7.221549537272678300 ) ) ;
#381 = DIRECTION ( 'NONE',  ( -1.000000000000000000, 0.0000000000000000000, 0.0000000000000000000 ) ) ;
#382 = AXIS2_PLACEMENT_3D ( 'NONE', #1400, #359, #1583 ) ;
#383 = CARTESIAN_POINT ( 'NONE',  ( 0.9746585219791605900, -0.2000000000000000900, 13.36244802542920400 ) ) ;
#384 = DIRECTION ( 'NONE',  ( 0.0000000000000000000, 0.0000000000000000000, 1.000000000000000000 ) ) ;
#385 = AXIS2_PLACEMENT_3D ( 'NONE', #516, #402, #384 ) ;
#386 = DIRECTION ( 'NONE',  ( 0.0000000000000000000, -0.0000000000000000000, 1.000000000000000000 ) ) ;
#387 = ORIENTED_EDGE ( 'NONE', *, *, #584, .T. ) ;
#388 = EDGE_LOOP ( 'NONE', ( #1219, #357, #1890, #501 ) ) ;
#389 = APPROVAL_DATE_TIME ( #841, #1959 ) ;
#390 = CARTESIAN_POINT ( 'NONE',  ( -0.6011158775575561300, -0.2000000000000002100, 9.755974404524334200 ) ) ;
#391 = CARTESIAN_POINT ( 'NONE',  ( 0.4404999999999982300, -0.2000000000000000100, 15.86002886807055000 ) ) ;
#392 = DIRECTION ( 'NONE',  ( -0.0000000000000000000, -1.000000000000000000, -0.0000000000000000000 ) ) ;
#393 = CIRCLE ( 'NONE', #368, 0.1250000000000000000 ) ;
#394 = DIRECTION ( 'NONE',  ( 0.0000000000000000000, 1.000000000000000000, 0.0000000000000000000 ) ) ;
#395 = CIRCLE ( 'NONE', #59, 1.850000000000000100 ) ;
#396 = VERTEX_POINT ( 'NONE', #468 ) ;
#397 = AXIS2_PLACEMENT_3D ( 'NONE', #177, #1405, #364 ) ;
#398 = CARTESIAN_POINT ( 'NONE',  ( -0.4405000000000017800, -0.2000000000000000700, 16.50000000000001400 ) ) ;
#399 = CARTESIAN_POINT ( 'NONE',  ( 0.4888263488238936400, -0.2000000000000000700, 14.93379431026489700 ) ) ;
#400 = CARTESIAN_POINT ( 'NONE',  ( 0.2933146805289771900, 0.1810000000000000200, 14.02876457993570000 ) ) ;
#401 = DIRECTION ( 'NONE',  ( 0.0000000000000000000, 0.0000000000000000000, 1.000000000000000000 ) ) ;
#402 = DIRECTION ( 'NONE',  ( -1.000000000000000000, 0.0000000000000000000, 0.0000000000000000000 ) ) ;
#403 = DIRECTION ( 'NONE',  ( -0.0000000000000000000, -1.000000000000000000, -0.0000000000000000000 ) ) ;
#404 = ORIENTED_EDGE ( 'NONE', *, *, #948, .T. ) ;
#405 = CARTESIAN_POINT ( 'NONE',  ( 0.0000000000000000000, 0.0000000000000000000, 0.0000000000000000000 ) ) ;
#406 = CARTESIAN_POINT ( 'NONE',  ( 0.5000000000000000000, -0.2999999999999998200, 0.2779017020550443900 ) ) ;
#407 = ORIENTED_EDGE ( 'NONE', *, *, #1050, .F. ) ;
#408 = CARTESIAN_POINT ( 'NONE',  ( -0.3932546291147301400, -0.2000000000000002600, 14.85185761199775800 ) ) ;
#409 = AXIS2_PLACEMENT_3D ( 'NONE', #363, #1471, #711 ) ;
#410 = CARTESIAN_POINT ( 'NONE',  ( 0.6588267589091542100, -0.2000000000000000400, 14.14577553839414200 ) ) ;
#411 = DIRECTION ( 'NONE',  ( 0.0000000000000000000, 0.0000000000000000000, 1.000000000000000000 ) ) ;
#412 = CARTESIAN_POINT ( 'NONE',  ( -0.3238368095392738500, -0.5809999999999998500, 7.183213868057706000 ) ) ;
#413 = ADVANCED_FACE ( 'NONE', ( #1352 ), #293, .T. ) ;
#414 = CARTESIAN_POINT ( 'NONE',  ( 2.357445088358654800E-016, 0.0000000000000000000, 1.850000000000000100 ) ) ;
#415 = TOROIDAL_SURFACE ( 'NONE', #195, 0.7614471274339953400, 1.750000000000000000 ) ;
#416 = CYLINDRICAL_SURFACE ( 'NONE', #2202, 1.750000000000000000 ) ;
#417 = CARTESIAN_POINT ( 'NONE',  ( -0.2500000000000002200, -0.2000000000000000700, 2.000000000000000000 ) ) ;
#418 = ORIENTED_EDGE ( 'NONE', *, *, #572, .F. ) ;
#419 = CARTESIAN_POINT ( 'NONE',  ( 0.5000000000000000000, -0.2674502063747817300, -0.3567694485051511300 ) ) ;
#420 = AXIS2_PLACEMENT_3D ( 'NONE', #2119, #1079, #24 ) ;
#421 = CARTESIAN_POINT ( 'NONE',  ( -0.4405000000000044400, -0.2000000000000000700, 16.50000000000000700 ) ) ;
#422 = VERTEX_POINT ( 'NONE', #766 ) ;
#423 = ADVANCED_FACE ( 'NONE', ( #1189 ), #2149, .F. ) ;
#424 = CARTESIAN_POINT ( 'NONE',  ( -0.6943745921014343700, -0.5809999999999999600, 6.489200010850028700 ) ) ;
#425 = VERTEX_POINT ( 'NONE', #1817 ) ;
#426 = CARTESIAN_POINT ( 'NONE',  ( -0.3113471810700509400, -0.5809999999999999600, 6.504875228282657900 ) ) ;
#427 = CARTESIAN_POINT ( 'NONE',  ( -1.062330275710946100, -0.2000000000000003700, 8.419663650437598800 ) ) ;
#428 = DIRECTION ( 'NONE',  ( 0.0000000000000000000, 1.000000000000000000, 0.0000000000000000000 ) ) ;
#429 = DIRECTION ( 'NONE',  ( 0.0000000000000000000, 0.0000000000000000000, 1.000000000000000000 ) ) ;
#430 = AXIS2_PLACEMENT_3D ( 'NONE', #922, #2134, #1092 ) ;
#431 = DIRECTION ( 'NONE',  ( 1.084202172485504400E-016, -0.0000000000000000000, -1.000000000000000000 ) ) ;
#432 = CARTESIAN_POINT ( 'NONE',  ( 0.2933146805289773000, -0.2000000000000000100, 14.03009981754850300 ) ) ;
#433 = CARTESIAN_POINT ( 'NONE',  ( -0.4405000000000018900, -0.2000000000000000700, 15.84168238610923800 ) ) ;
#434 = ADVANCED_FACE ( 'NONE', ( #758 ), #1099, .T. ) ;
#435 = VERTEX_POINT ( 'NONE', #600 ) ;
#436 = EDGE_CURVE ( 'NONE', #863, #1276, #706, .T. ) ;
#437 = ORIENTED_EDGE ( 'NONE', *, *, #1497, .F. ) ;
#438 = ORIENTED_EDGE ( 'NONE', *, *, #1879, .F. ) ;
#439 = CARTESIAN_POINT ( 'NONE',  ( -0.5918568091725217000, -0.5809999999999998500, 5.548219780798554300 ) ) ;
#440 = APPROVAL_PERSON_ORGANIZATION ( #902, #1959, #1344 ) ;
#441 = CARTESIAN_POINT ( 'NONE',  ( -0.6943745921014344800, -0.2000000000000001200, 6.489121481194819000 ) ) ;
#442 = CIRCLE ( 'NONE', #509, 1.875000000000000000 ) ;
#443 = ORIENTED_EDGE ( 'NONE', *, *, #1938, .F. ) ;
#444 = FACE_OUTER_BOUND ( 'NONE', #1679, .T. ) ;
#445 = VERTEX_POINT ( 'NONE', #1335 ) ;
#446 = EDGE_LOOP ( 'NONE', ( #825, #29, #797, #778 ) ) ;
#447 = CARTESIAN_POINT ( 'NONE',  ( 0.2933146805289773000, -0.2000000000000000100, 14.03009981754850300 ) ) ;
#448 = EDGE_LOOP ( 'NONE', ( #173, #1505, #1801, #13, #275, #387 ) ) ;
#449 = ORIENTED_EDGE ( 'NONE', *, *, #2248, .F. ) ;
#450 = ORIENTED_EDGE ( 'NONE', *, *, #1804, .F. ) ;
#451 = CARTESIAN_POINT ( 'NONE',  ( -0.8140078254681919500, -0.2000000000000002600, 6.484294251957815700 ) ) ;
#452 = CARTESIAN_POINT ( 'NONE',  ( 0.0000000000000000000, 1.500000000000000000, 0.0000000000000000000 ) ) ;
#453 = CARTESIAN_POINT ( 'NONE',  ( -0.4181037379083541400, -0.5809999999999998500, 4.805939883937114100 ) ) ;
#454 = CARTESIAN_POINT ( 'NONE',  ( 0.1791521153656151200, -0.2000000000000000900, 13.99472127528659900 ) ) ;
#455 = CARTESIAN_POINT ( 'NONE',  ( -0.1817441132121382400, -0.5810000000000004100, 4.091373241158743600 ) ) ;
#456 = ORIENTED_EDGE ( 'NONE', *, *, #1829, .T. ) ;
#457 =( NAMED_UNIT ( * ) SI_UNIT ( $, .STERADIAN. ) SOLID_ANGLE_UNIT ( ) );
#458 = EDGE_CURVE ( 'NONE', #445, #857, #258, .T. ) ;
#459 = CARTESIAN_POINT ( 'NONE',  ( -0.8969119678249276600, -0.2000000000000002900, 4.659174948237671600 ) ) ;
#460 = CARTESIAN_POINT ( 'NONE',  ( 0.0005344321782341908000, -0.5809999999999999600, 3.308905301753448700 ) ) ;
#461 = CIRCLE ( 'NONE', #940, 0.3500000000000000300 ) ;
#462 = DIRECTION ( 'NONE',  ( 0.0000000000000000000, 0.0000000000000000000, 1.000000000000000000 ) ) ;
#463 = DIRECTION ( 'NONE',  ( -1.000000000000000000, 0.0000000000000000000, 0.0000000000000000000 ) ) ;
#464 = PERSON_AND_ORGANIZATION_ROLE ( 'creator' ) ;
#465 = CIRCLE ( 'NONE', #2175, 0.2999999999999999900 ) ;
#466 = MANIFOLD_SOLID_BREP ( 'Fillet3', #1671 ) ;
#467 = CARTESIAN_POINT ( 'NONE',  ( 0.1364375789365858400, -0.2000000000000000400, 13.08705125352223300 ) ) ;
#468 = CARTESIAN_POINT ( 'NONE',  ( 0.4404999999999950600, -0.2000000000000000400, 18.49999999999999600 ) ) ;
#469 = ORIENTED_EDGE ( 'NONE', *, *, #2168, .T. ) ;
#470 = CARTESIAN_POINT ( 'NONE',  ( -1.209315597128664000, -0.5810000000000002900, 7.221584449655957800 ) ) ;
#471 = CARTESIAN_POINT ( 'NONE',  ( 0.05949999999999965700, -0.5809999999999998500, 2.520570968097436600 ) ) ;
#472 = CARTESIAN_POINT ( 'NONE',  ( 0.4404999999999997800, -0.2000000000000000100, 2.520570968097436600 ) ) ;
#473 = CARTESIAN_POINT ( 'NONE',  ( 0.0000000000000000000, 0.0000000000000000000, -1.850000000000000100 ) ) ;
#474 = ORIENTED_EDGE ( 'NONE', *, *, #1278, .F. ) ;
#475 = CARTESIAN_POINT ( 'NONE',  ( -1.209315597128664000, -0.5810000000000002900, 7.221584449655957800 ) ) ;
#476 = DIRECTION ( 'NONE',  ( 0.0000000000000000000, 1.000000000000000000, 0.0000000000000000000 ) ) ;
#477 = CARTESIAN_POINT ( 'NONE',  ( -0.3932546291147299700, -0.5809999999999999600, 14.84210744213057400 ) ) ;
#478 = CARTESIAN_POINT ( 'NONE',  ( 0.05949999999999969900, -0.5809999999999999600, 2.000000000000000000 ) ) ;
#479 = CARTESIAN_POINT ( 'NONE',  ( 1.177339948175596600, -0.2000000000000000400, 11.63643544513008800 ) ) ;
#480 = CARTESIAN_POINT ( 'NONE',  ( -0.3932546291147299700, -0.5809999999999999600, 14.84210744213057400 ) ) ;
#481 = ORIENTED_EDGE ( 'NONE', *, *, #1957, .T. ) ;
#482 = CARTESIAN_POINT ( 'NONE',  ( 0.3765552811227220200, -0.5810000000000005200, 10.72017453328874100 ) ) ;
#483 = CARTESIAN_POINT ( 'NONE',  ( 0.05949999999999822100, -0.1999999999999999800, 16.50000000000001400 ) ) ;
#484 = CARTESIAN_POINT ( 'NONE',  ( 0.7472954131391808000, 0.1809999999999999700, 12.66975982648117100 ) ) ;
#485 = DIRECTION ( 'NONE',  ( -1.000000000000000000, 1.571307496355803200E-016, 0.0000000000000000000 ) ) ;
#486 = CARTESIAN_POINT ( 'NONE',  ( 0.0000000000000000000, 0.0000000000000000000, 0.0000000000000000000 ) ) ;
#487 = ORIENTED_EDGE ( 'NONE', *, *, #529, .T. ) ;
#488 = AXIS2_PLACEMENT_3D ( 'NONE', #1782, #734, #1948 ) ;
#489 = COORDINATED_UNIVERSAL_TIME_OFFSET ( 8, 0, .BEHIND. ) ;
#490 = VECTOR ( 'NONE', #153, 1000.000000000000000 ) ;
#491 = CARTESIAN_POINT ( 'NONE',  ( 0.3765552811227220200, -0.5810000000000005200, 10.72017453328874100 ) ) ;
#492 = CIRCLE ( 'NONE', #1133, 0.05000000000000002400 ) ;
#493 = CARTESIAN_POINT ( 'NONE',  ( -0.05950000000000017100, -0.2000000000000000900, 2.000000000000000000 ) ) ;
#494 = ORIENTED_EDGE ( 'NONE', *, *, #1763, .T. ) ;
#495 = CARTESIAN_POINT ( 'NONE',  ( -0.5000000000000001100, -0.07927104030324422200, -0.4999642838919422500 ) ) ;
#496 = CARTESIAN_POINT ( 'NONE',  ( -0.3749999999999956700, -0.2000000000000000900, 19.49999999999999600 ) ) ;
#497 = CIRCLE ( 'NONE', #129, 2.000000000000000000 ) ;
#498 = VERTEX_POINT ( 'NONE', #1690 ) ;
#499 = CARTESIAN_POINT ( 'NONE',  ( -0.05950000000000017100, -0.2000000000000000900, 2.000000000000000000 ) ) ;
#500 = CARTESIAN_POINT ( 'NONE',  ( -0.1549999999999999700, -9.980871413050932400E-017, 0.1500000000000000200 ) ) ;
#501 = ORIENTED_EDGE ( 'NONE', *, *, #1554, .F. ) ;
#502 = ADVANCED_FACE ( 'NONE', ( #2132 ), #226, .T. ) ;
#503 = CARTESIAN_POINT ( 'NONE',  ( 0.7000643462179779700, -0.2000000000000010700, 12.03689598208671000 ) ) ;
#504 = VERTEX_POINT ( 'NONE', #1343 ) ;
#505 = CARTESIAN_POINT ( 'NONE',  ( 0.05949999999999815200, -0.1999999999999999800, 15.84954387558986800 ) ) ;
#506 = AXIS2_PLACEMENT_3D ( 'NONE', #417, #462, #1689 ) ;
#507 = CARTESIAN_POINT ( 'NONE',  ( 0.3749999999999956700, -0.2000000000000000100, 19.49999999999999600 ) ) ;
#508 = DIRECTION ( 'NONE',  ( -3.252606517456533000E-016, 0.0000000000000000000, 1.000000000000000000 ) ) ;
#509 = AXIS2_PLACEMENT_3D ( 'NONE', #877, #2087, #1051 ) ;
#510 = CARTESIAN_POINT ( 'NONE',  ( -0.4405000000000002800, -0.2000000000000000700, 2.497752443078549600 ) ) ;
#511 = CARTESIAN_POINT ( 'NONE',  ( 0.7000643462179779700, -0.2000000000000010700, 12.03689598208671000 ) ) ;
#512 = CARTESIAN_POINT ( 'NONE',  ( -0.2955771086863053800, 0.1809999999999998300, 4.053946918930754400 ) ) ;
#513 = CARTESIAN_POINT ( 'NONE',  ( 0.1073588657426045200, -0.2000000000000001500, 14.89954572912238000 ) ) ;
#514 = DIRECTION ( 'NONE',  ( -1.000000000000000000, 0.0000000000000000000, 0.0000000000000000000 ) ) ;
#515 = CARTESIAN_POINT ( 'NONE',  ( 0.2932843934996835500, -0.2000000000000007900, 12.29462192202196000 ) ) ;
#516 = CARTESIAN_POINT ( 'NONE',  ( 0.0000000000000000000, 1.350000000000000100, 0.7614471274339953400 ) ) ;
#517 = CARTESIAN_POINT ( 'NONE',  ( -0.2955771086863053800, 0.1809999999999998300, 4.053946918930754400 ) ) ;
#518 = CARTESIAN_POINT ( 'NONE',  ( 0.5793284012692424500, 0.1809999999999998800, 12.92145675121333400 ) ) ;
#519 = EDGE_LOOP ( 'NONE', ( #331, #230, #1681, #1850 ) ) ;
#520 = CIRCLE ( 'NONE', #350, 0.7614471274339953400 ) ;
#521 = DIRECTION ( 'NONE',  ( -0.0000000000000000000, 1.000000000000000000, -0.0000000000000000000 ) ) ;
#522 = PLANE ( 'NONE',  #2091 ) ;
#523 = CARTESIAN_POINT ( 'NONE',  ( 6.123233995736766000E-017, 1.500000000000000000, -0.5000000000000000000 ) ) ;
#524 = CYLINDRICAL_SURFACE ( 'NONE', #1410, 0.1905000000000000300 ) ;
#525 = B_SPLINE_CURVE_WITH_KNOTS ( 'NONE', 3,
 ( #1118, #1467, #86, #1321, #280, #1502, #451, #1676, #632, #1853, #799, #2010, #971, #2185, #1149, #89, #1327, #288, #1509, #454, #1682, #638, #1858 ),
 .UNSPECIFIED., .F., .F.,
 ( 4, 1, 1, 1, 1, 1, 1, 1, 1, 1, 1, 1, 1, 1, 1, 1, 1, 1, 1, 1, 4 ),
 ( 0.0000000000000000000, 0.06249999999974571700, 0.1250000000000000000, 0.1875000000001292000, 0.2500000000000000600, 0.2765376830112973300, 0.3333333333333332600, 0.3350251083088975300, 0.4166666666666666900, 0.5000000000000000000, 0.5416666666663466600, 0.5571132369018793100, 0.5833333333333330400, 0.6249999999999998900, 0.6263868276784018100, 0.6666666666666663000, 0.7083333333333196000, 0.7499999999999927800, 0.8333333333333332600, 0.9166666666666667400, 1.000000000000000000 ),
 .UNSPECIFIED. ) ;
#526 = DIRECTION ( 'NONE',  ( -0.0000000000000000000, 0.0000000000000000000, -1.000000000000000000 ) ) ;
#527 = CYLINDRICAL_SURFACE ( 'NONE', #583, 0.1905000000000000600 ) ;
#528 = CARTESIAN_POINT ( 'NONE',  ( 0.5793284012692424500, 0.1809999999999998800, 12.92145675121333400 ) ) ;
#529 = EDGE_CURVE ( 'NONE', #1300, #425, #373, .T. ) ;
#530 = CARTESIAN_POINT ( 'NONE',  ( -1.197035236499575300, 0.1809999999999996300, 6.468540505833514600 ) ) ;
#531 = ORIENTED_EDGE ( 'NONE', *, *, #890, .T. ) ;
#532 = ORIENTED_EDGE ( 'NONE', *, *, #824, .F. ) ;
#533 = CARTESIAN_POINT ( 'NONE',  ( -1.197035236499575300, 0.1809999999999996300, 6.468540505833514600 ) ) ;
#534 = CARTESIAN_POINT ( 'NONE',  ( -0.1863599630145621500, 0.1809999999999999700, 13.87637506256268700 ) ) ;
#535 = AXIS2_PLACEMENT_3D ( 'NONE', #324, #653, #485 ) ;
#536 = EDGE_CURVE ( 'NONE', #857, #2205, #2140, .T. ) ;
#537 = DIRECTION ( 'NONE',  ( -1.571307496355803400E-016, -1.000000000000000000, 0.0000000000000000000 ) ) ;
#538 = DIRECTION ( 'NONE',  ( -1.000000000000000000, 0.0000000000000000000, 0.0000000000000000000 ) ) ;
#539 = CARTESIAN_POINT ( 'NONE',  ( 0.6956932119121445000, 0.1810000000000000200, 12.94726727275306500 ) ) ;
#540 = CARTESIAN_POINT ( 'NONE',  ( -0.5450000000000001500, 2.168404344971008900E-016, -0.1499999999999999700 ) ) ;
#541 = VERTEX_POINT ( 'NONE', #1532 ) ;
#542 = EDGE_CURVE ( 'NONE', #595, #1030, #1151, .T. ) ;
#543 = CARTESIAN_POINT ( 'NONE',  ( -0.1863599630145621500, 0.1809999999999999700, 13.87637506256268700 ) ) ;
#544 = VERTEX_POINT ( 'NONE', #473 ) ;
#545 = CARTESIAN_POINT ( 'NONE',  ( -0.6011158775575561300, -0.2000000000000002100, 9.755974404524334200 ) ) ;
#546 = CARTESIAN_POINT ( 'NONE',  ( 2.143131898507868300E-016, 1.560000000000000100, 1.750000000000000000 ) ) ;
#547 = CARTESIAN_POINT ( 'NONE',  ( 0.8381070401301293800, -0.1999999999999999800, 13.72790455780648400 ) ) ;
#548 = CARTESIAN_POINT ( 'NONE',  ( 6.123233995736766000E-017, 0.5000000000000000000, -0.5000000000000000000 ) ) ;
#549 = ORIENTED_EDGE ( 'NONE', *, *, #994, .F. ) ;
#550 = CARTESIAN_POINT ( 'NONE',  ( 0.6121588859982060000, 0.1810000000000001600, 13.24331027825089000 ) ) ;
#551 = DIRECTION ( 'NONE',  ( 0.0000000000000000000, 1.000000000000000000, 0.0000000000000000000 ) ) ;
#552 = AXIS2_PLACEMENT_3D ( 'NONE', #569, #1794, #743 ) ;
#553 = DATE_AND_TIME ( #1000, #1482 ) ;
#554 = AXIS2_PLACEMENT_3D ( 'NONE', #109, #1342, #306 ) ;
#555 = LINE ( 'NONE', #1552, #490 ) ;
#556 = LINE ( 'NONE', #507, #960 ) ;
#557 = CARTESIAN_POINT ( 'NONE',  ( -0.4405000000000002800, -0.2000000000000000700, 2.497752443078549600 ) ) ;
#558 = CARTESIAN_POINT ( 'NONE',  ( 0.5050000000000000000, 2.388061258337334400E-017, -0.1499999999999999700 ) ) ;
#559 = CARTESIAN_POINT ( 'NONE',  ( 0.7911260079914541600, 0.1809999999999997400, 12.34736873225242200 ) ) ;
#560 = EDGE_CURVE ( 'NONE', #241, #135, #1098, .T. ) ;
#561 = DIRECTION ( 'NONE',  ( -3.252606517456533000E-016, 0.0000000000000000000, 1.000000000000000000 ) ) ;
#562 = CARTESIAN_POINT ( 'NONE',  ( -0.05949999999999992800, -0.2000000000000000400, 0.0000000000000000000 ) ) ;
#563 = DIRECTION ( 'NONE',  ( 1.084202172485504400E-016, -0.0000000000000000000, -1.000000000000000000 ) ) ;
#564 = EDGE_LOOP ( 'NONE', ( #237, #1507, #912, #2261 ) ) ;
#565 = EDGE_LOOP ( 'NONE', ( #820, #39, #1578, #927 ) ) ;
#566 = CARTESIAN_POINT ( 'NONE',  ( 0.2430349450722133500, -0.1999999999999995900, 11.47817434398770000 ) ) ;
#567 = CARTESIAN_POINT ( 'NONE',  ( -0.2500000000000002200, -0.2000000000000000700, 2.000000000000000000 ) ) ;
#568 = CARTESIAN_POINT ( 'NONE',  ( 0.8198321144196320000, 0.1809999999999993000, 12.04194880621103700 ) ) ;
#569 = CARTESIAN_POINT ( 'NONE',  ( 0.4950000000000000000, 2.143131898507862800E-017, -0.1499999999999999700 ) ) ;
#570 = EDGE_LOOP ( 'NONE', ( #81, #625 ) ) ;
#571 = AXIS2_PLACEMENT_3D ( 'NONE', #2051, #1010, #2223 ) ;
#572 = EDGE_CURVE ( 'NONE', #544, #1304, #690, .T. ) ;
#573 = CARTESIAN_POINT ( 'NONE',  ( -0.4405000000000003400, -0.5809999999999999600, 2.523833963223060600 ) ) ;
#574 = CARTESIAN_POINT ( 'NONE',  ( 1.122786179078204800, -0.2000000000000001200, 12.73358117992547500 ) ) ;
#575 = DIRECTION ( 'NONE',  ( 0.0000000000000000000, 0.0000000000000000000, 1.000000000000000000 ) ) ;
#576 = EDGE_LOOP ( 'NONE', ( #694, #2145, #2013, #438 ) ) ;
#577 = ORIENTED_EDGE ( 'NONE', *, *, #1196, .T. ) ;
#578 = ORIENTED_EDGE ( 'NONE', *, *, #1805, .T. ) ;
#579 = CIRCLE ( 'NONE', #956, 0.1905000000000000300 ) ;
#580 = DIRECTION ( 'NONE',  ( 0.0000000000000000000, 1.000000000000000000, 0.0000000000000000000 ) ) ;
#581 = CARTESIAN_POINT ( 'NONE',  ( 0.0000000000000000000, 1.560000000000000100, 0.0000000000000000000 ) ) ;
#582 = FACE_OUTER_BOUND ( 'NONE', #1495, .T. ) ;
#583 = AXIS2_PLACEMENT_3D ( 'NONE', #1734, #508, #1201 ) ;
#584 = EDGE_CURVE ( 'NONE', #2205, #379, #2018, .T. ) ;
#585 = FACE_OUTER_BOUND ( 'NONE', #189, .T. ) ;
#586 = CIRCLE ( 'NONE', #385, 1.750000000000000200 ) ;
#587 = CARTESIAN_POINT ( 'NONE',  ( -0.4405000000000017800, -0.2000000000000000700, 16.50000000000001400 ) ) ;
#588 = ORIENTED_EDGE ( 'NONE', *, *, #1847, .F. ) ;
#589 = ADVANCED_FACE ( 'NONE', ( #1571 ), #1360, .F. ) ;
#590 = EDGE_CURVE ( 'NONE', #750, #541, #1517, .T. ) ;
#591 = DIRECTION ( 'NONE',  ( -0.0000000000000000000, -1.000000000000000000, -0.0000000000000000000 ) ) ;
#592 = CARTESIAN_POINT ( 'NONE',  ( 0.0000000000000000000, 1.560000000000000100, 0.0000000000000000000 ) ) ;
#593 = CARTESIAN_POINT ( 'NONE',  ( -0.2159699188562695400, -0.5809999999999998500, 5.612033568843981100 ) ) ;
#594 = DIRECTION ( 'NONE',  ( 0.0000000000000000000, 1.000000000000000000, 0.0000000000000000000 ) ) ;
#595 = VERTEX_POINT ( 'NONE', #496 ) ;
#596 = ORIENTED_EDGE ( 'NONE', *, *, #1662, .F. ) ;
#597 = EDGE_LOOP ( 'NONE', ( #2259, #1586, #900, #1346 ) ) ;
#598 = PLANE ( 'NONE',  #1028 ) ;
#599 = ADVANCED_FACE ( 'NONE', ( #1039 ), #1916, .T. ) ;
#600 = CARTESIAN_POINT ( 'NONE',  ( 2.449293598294706400E-016, 0.1500000000000000200, 2.000000000000000000 ) ) ;
#601 = CARTESIAN_POINT ( 'NONE',  ( -0.05325186671192533300, -0.5809999999999998500, 4.917488044743608500 ) ) ;
#602 = CARTESIAN_POINT ( 'NONE',  ( 0.5000000000000000000, -0.07925864859372698500, -0.4999642838919422500 ) ) ;
#603 = ADVANCED_FACE ( 'NONE', ( #1969 ), #2232, .T. ) ;
#604 = CARTESIAN_POINT ( 'NONE',  ( 0.2499999999999956700, -0.2000000000000000400, 16.50000000000000700 ) ) ;
#605 = ADVANCED_FACE ( 'NONE', ( #585 ), #527, .T. ) ;
#606 = ORIENTED_EDGE ( 'NONE', *, *, #2008, .T. ) ;
#607 = CARTESIAN_POINT ( 'NONE',  ( 2.265596578422603100E-016, 1.350000000000000300, 1.850000000000000100 ) ) ;
#608 = CARTESIAN_POINT ( 'NONE',  ( 0.1827127882639770200, -0.5810000000000000700, 4.205362962016385700 ) ) ;
#609 = CARTESIAN_POINT ( 'NONE',  ( 0.03852196180945584300, -0.2000000000000008400, 10.89631168244382800 ) ) ;
#610 = PERSON_AND_ORGANIZATION ( #1358, #309 ) ;
#611 = DIRECTION ( 'NONE',  ( 1.000000000000000000, 0.0000000000000000000, -0.0000000000000000000 ) ) ;
#612 = VECTOR ( 'NONE', #1992, 1000.000000000000000 ) ;
#613 = ADVANCED_FACE ( 'NONE', ( #1458 ), #856, .T. ) ;
#614 = CARTESIAN_POINT ( 'NONE',  ( 0.2933146805289773000, -0.2000000000000000100, 14.03009981754850300 ) ) ;
#615 = VECTOR ( 'NONE', #2050, 1000.000000000000000 ) ;
#616 = CC_DESIGN_PERSON_AND_ORGANIZATION_ASSIGNMENT ( #2098, #1158, ( #1985 ) ) ;
#617 = CARTESIAN_POINT ( 'NONE',  ( 0.3801391083815403600, -0.5809999999999999600, 3.354375017357447100 ) ) ;
#618 = VERTEX_POINT ( 'NONE', #681 ) ;
#619 = AXIS2_PLACEMENT_3D ( 'NONE', #140, #2231, #1720 ) ;
#620 = DIRECTION ( 'NONE',  ( 0.0000000000000000000, 0.0000000000000000000, 1.000000000000000000 ) ) ;
#621 = EDGE_LOOP ( 'NONE', ( #652, #1330, #1390, #1088 ) ) ;
#622 = VERTEX_POINT ( 'NONE', #159 ) ;
#623 = EDGE_CURVE ( 'NONE', #1182, #2080, #1865, .T. ) ;
#624 = CARTESIAN_POINT ( 'NONE',  ( 0.4886375451865200300, -0.1999999999999999800, 13.57587038747609900 ) ) ;
#625 = ORIENTED_EDGE ( 'NONE', *, *, #1723, .T. ) ;
#626 = CARTESIAN_POINT ( 'NONE',  ( -0.5740925629790678600, -0.2000000000000000900, 8.312191130030752700 ) ) ;
#627 = PLANE ( 'NONE',  #1366 ) ;
#628 = CARTESIAN_POINT ( 'NONE',  ( 0.6121588859982061100, -0.2000000000000000100, 13.24334148812104800 ) ) ;
#629 = CARTESIAN_POINT ( 'NONE',  ( 0.05949999999999815200, -0.1999999999999999800, 15.84954387558986800 ) ) ;
#630 = ORIENTED_EDGE ( 'NONE', *, *, #536, .F. ) ;
#631 = AXIS2_PLACEMENT_3D ( 'NONE', #1579, #526, #1755 ) ;
#632 = CARTESIAN_POINT ( 'NONE',  ( -0.6902931386092547900, -0.2000000000000002900, 8.337758022406605500 ) ) ;
#633 = DIRECTION ( 'NONE',  ( 0.0000000000000000000, 0.0000000000000000000, 1.000000000000000000 ) ) ;
#634 = CARTESIAN_POINT ( 'NONE',  ( 0.6956932119121445000, -0.2000000000000000100, 12.94725934382038100 ) ) ;
#635 = CARTESIAN_POINT ( 'NONE',  ( 2.265596578422603100E-016, 0.1499999999999999900, 1.850000000000000100 ) ) ;
#636 = VECTOR ( 'NONE', #403, 1000.000000000000000 ) ;
#637 = CIRCLE ( 'NONE', #2026, 1.750000000000000000 ) ;
#638 = CARTESIAN_POINT ( 'NONE',  ( -0.05950000000000176700, -0.2000000000000000900, 15.85216742217849100 ) ) ;
#639 = DIRECTION ( 'NONE',  ( -1.000000000000000000, 0.0000000000000000000, 0.0000000000000000000 ) ) ;
#640 = VECTOR ( 'NONE', #1184, 1000.000000000000000 ) ;
#641 = CARTESIAN_POINT ( 'NONE',  ( 0.7472954131391811300, -0.2000000000000000900, 12.66975842737583600 ) ) ;
#642 = CARTESIAN_POINT ( 'NONE',  ( 0.0000000000000000000, 0.0000000000000000000, 0.0000000000000000000 ) ) ;
#643 = CARTESIAN_POINT ( 'NONE',  ( -1.197035236499575300, -0.2000000000000003700, 6.468697564501578500 ) ) ;
#644 = CARTESIAN_POINT ( 'NONE',  ( 0.0000000000000000000, 0.1499999999999999900, -1.850000000000000100 ) ) ;
#645 = CARTESIAN_POINT ( 'NONE',  ( 0.7911260079914547200, -0.2000000000000003700, 12.34737004607344700 ) ) ;
#646 = CARTESIAN_POINT ( 'NONE',  ( 0.0000000000000000000, 0.5000000000000000000, 0.0000000000000000000 ) ) ;
#647 = CARTESIAN_POINT ( 'NONE',  ( -0.2499999999999956700, -0.2000000000000000900, 19.49999999999999600 ) ) ;
#648 = APPROVAL_STATUS ( 'not_yet_approved' ) ;
#649 = CARTESIAN_POINT ( 'NONE',  ( -0.1863599630145619500, -0.2000000000000000400, 13.87904554889006400 ) ) ;
#650 = CARTESIAN_POINT ( 'NONE',  ( -0.6011158775575561300, -0.5809999999999999600, 9.756000312594956400 ) ) ;
#651 = CARTESIAN_POINT ( 'NONE',  ( 0.8198321144196327700, -0.2000000000000007600, 12.04194848888525700 ) ) ;
#652 = ORIENTED_EDGE ( 'NONE', *, *, #1280, .T. ) ;
#653 = DIRECTION ( 'NONE',  ( 1.571307496355803400E-016, 1.000000000000000000, -0.0000000000000000000 ) ) ;
#654 = AXIS2_PLACEMENT_3D ( 'NONE', #1256, #1394, #1130 ) ;
#655 = CARTESIAN_POINT ( 'NONE',  ( -0.6011158775575561300, -0.5809999999999999600, 9.756000312594956400 ) ) ;
#656 = PERSON_AND_ORGANIZATION ( #1358, #309 ) ;
#657 = CARTESIAN_POINT ( 'NONE',  ( -0.4405000000000017200, -0.5809999999999999600, 16.50000000000001400 ) ) ;
#658 = FACE_OUTER_BOUND ( 'NONE', #448, .T. ) ;
#659 = CARTESIAN_POINT ( 'NONE',  ( 1.170481318234184000, -0.2000000000000001500, 12.38756467978822700 ) ) ;
#660 = CYLINDRICAL_SURFACE ( 'NONE', #733, 0.5000000000000000000 ) ;
#661 = CARTESIAN_POINT ( 'NONE',  ( -0.4405000000000017200, -0.5809999999999999600, 16.50000000000001400 ) ) ;
#662 = CARTESIAN_POINT ( 'NONE',  ( 0.6820652981325572300, -0.5810000000000002900, 11.70314586249362600 ) ) ;
#663 = CARTESIAN_POINT ( 'NONE',  ( 0.7999406648428002400, -0.2000000000000002600, 11.68726885498860900 ) ) ;
#664 = AXIS2_PLACEMENT_3D ( 'NONE', #2078, #1754, #701 ) ;
#665 = CARTESIAN_POINT ( 'NONE',  ( 0.7999406648428001300, 0.1809999999999998000, 11.68726891531311700 ) ) ;
#666 = ORIENTED_EDGE ( 'NONE', *, *, #1569, .T. ) ;
#667 = CARTESIAN_POINT ( 'NONE',  ( 0.4404999999999998400, -0.1999999999999999800, 2.000000000000000000 ) ) ;
#668 = DIRECTION ( 'NONE',  ( 0.0000000000000000000, 0.0000000000000000000, -1.000000000000000000 ) ) ;
#669 = AXIS2_PLACEMENT_3D ( 'NONE', #2249, #1224, #169 ) ;
#670 = ORIENTED_EDGE ( 'NONE', *, *, #1305, .F. ) ;
#671 = CC_DESIGN_APPROVAL ( #64, ( #6 ) ) ;
#672 = CARTESIAN_POINT ( 'NONE',  ( 0.6820652981325572300, -0.5810000000000002900, 11.70314586249362600 ) ) ;
#673 = CARTESIAN_POINT ( 'NONE',  ( -0.1180297580269978300, -0.2000000000000001200, 3.295460629754242400 ) ) ;
#674 = CARTESIAN_POINT ( 'NONE',  ( 0.7236940145162863400, -0.1999999999999997900, 11.32823304188698500 ) ) ;
#675 = CARTESIAN_POINT ( 'NONE',  ( -0.5000000000000001100, -0.1567871873522435100, -0.4674394622891342400 ) ) ;
#676 = CARTESIAN_POINT ( 'NONE',  ( -0.5050000000000000000, -0.2999999999999997700, -0.1499999999999999700 ) ) ;
#677 = DIRECTION ( 'NONE',  ( 0.0000000000000000000, 0.0000000000000000000, -1.000000000000000000 ) ) ;
#678 = CARTESIAN_POINT ( 'NONE',  ( -0.1180297580269978300, -0.2000000000000001200, 3.295460629754242400 ) ) ;
#679 = CARTESIAN_POINT ( 'NONE',  ( 0.6300161450374910400, -0.2000000000000002600, 12.64982349974175500 ) ) ;
#680 = CARTESIAN_POINT ( 'NONE',  ( 0.4821352417481252800, -0.2000000000000003200, 10.66516377277516300 ) ) ;
#681 = CARTESIAN_POINT ( 'NONE',  ( 0.0000000000000000000, 1.500000000000000000, -1.750000000000000000 ) ) ;
#682 = AXIS2_PLACEMENT_3D ( 'NONE', #742, #1955, #914 ) ;
#683 = EDGE_CURVE ( 'NONE', #1049, #1961, #981, .T. ) ;
#684 = CARTESIAN_POINT ( 'NONE',  ( -0.6600340101624200300, -0.2000000000000003700, 3.943198197312319600 ) ) ;
#685 = ORIENTED_EDGE ( 'NONE', *, *, #2114, .F. ) ;
#686 = CIRCLE ( 'NONE', #2007, 0.1905000000000000300 ) ;
#687 = CARTESIAN_POINT ( 'NONE',  ( 0.6300161450374910400, -0.2000000000000002600, 12.64982349974175500 ) ) ;
#688 = TOROIDAL_SURFACE ( 'NONE', #1918, 1.850000000000000100, 0.1499999999999998600 ) ;
#689 = CARTESIAN_POINT ( 'NONE',  ( -0.7092598011610624600, 0.1809999999999998800, 5.528290486051839800 ) ) ;
#690 = CIRCLE ( 'NONE', #932, 1.850000000000000100 ) ;
#691 = CARTESIAN_POINT ( 'NONE',  ( -0.5050000000000000000, -9.980871413050932400E-017, -0.1499999999999999700 ) ) ;
#692 = CARTESIAN_POINT ( 'NONE',  ( 0.2067654361016322300, -0.2000000000000001500, 12.83882605519560000 ) ) ;
#693 =( BOUNDED_SURFACE ( )  B_SPLINE_SURFACE ( 3, 3, ( 
 ( #2154, #2163, #2056, #2048, #2023, #2014, #1993, #1905, #1899, #1883, #1866, #1849, #1840, #1830, #1826, #1731, #1719, #1712, #1704, #1687, #1684, #1678, #1672 ),
 ( #1665, #1652, #1556, #1548, #1542, #1530, #1527, #1519, #1513, #1504, #1499, #1490, #1481, #1470, #1383, #1341, #1334, #1329, #1322, #1318, #1311, #1307, #1299 ),
 ( #1209, #1199, #1181, #1172, #1164, #1156, #1152, #1145, #1138, #1129, #1122, #1109, #1024, #1006, #997, #989, #978, #974, #969, #964, #951, #942, #852 ),
 ( #844, #834, #828, #809, #806, #802, #795, #790, #783, #777, #680, #674, #663, #651, #645, #641, #634, #628, #624, #614, #513, #505, #483 ),
 ( #478, #471, #460, #455, #453, #439, #424, #345, #336, #328, #322, #305, #299, #291, #283, #270, #158, #147, #137, #123, #115, #108, #100 ),
 ( #90, #88, #80, #75, #972, #1728, #2227, #2039, #1669, #2011, #2172, #1546, #1339, #1332, #2063, #1041, #281, #1169, #2235, #2218, #2212, #2196, #2186 ),
 ( #2072, #2028, #2021, #1913, #1875, #1871, #1854, #1846, #1838, #1750, #1741, #1710, #1702, #2182, #1859, #1902, #1677, #1538, #1503, #1496, #1476, #1381, #1354 ) ),
 .UNSPECIFIED., .T., .F., .T. ) 
 B_SPLINE_SURFACE_WITH_KNOTS ( ( 4, 3, 4 ),
 ( 4, 1, 1, 1, 1, 1, 1, 1, 1, 1, 1, 1, 1, 1, 1, 1, 1, 1, 1, 1, 4 ),
 ( 0.0000000000000000000, 0.5000000000000000000, 1.000000000000000000 ),
 ( 0.0000000000000000000, 0.06249999999974571700, 0.1250000000000000000, 0.1875000000001292000, 0.2500000000000000600, 0.2765376830112973300, 0.3333333333333332600, 0.3350251083088975300, 0.4166666666666666900, 0.5000000000000000000, 0.5416666666663466600, 0.5571132369018793100, 0.5833333333333330400, 0.6249999999999998900, 0.6263868276784018100, 0.6666666666666663000, 0.7083333333333196000, 0.7499999999999927800, 0.8333333333333332600, 0.9166666666666667400, 1.000000000000000000 ),
 .UNSPECIFIED. ) 
 GEOMETRIC_REPRESENTATION_ITEM ( )  RATIONAL_B_SPLINE_SURFACE ( (
 ( 1.000000000000000000, 1.000000000000000000, 1.000000000000000200, 0.9999999999999997800, 1.000000000000000200, 1.000000000000000000, 1.000000000000000000, 1.000000000000000000, 1.000000000000000000, 1.000000000000000000, 1.000000000000000000, 1.000000000000000000, 1.000000000000000000, 1.000000000000000000, 0.9999999999999998900, 0.9999999999999998900, 1.000000000000000200, 0.9999999999999997800, 1.000000000000000200, 1.000000000000000000, 0.9999999999999997800, 1.000000000000000000, 1.000000000000000000),
 ( 0.3333333333333333700, 0.3333333333333333700, 0.3333333333333334300, 0.3333333333333332600, 0.3333333333333334800, 0.3333333333333333700, 0.3333333333333334300, 0.3333333333333334300, 0.3333333333333333700, 0.3333333333333333700, 0.3333333333333333700, 0.3333333333333333700, 0.3333333333333333700, 0.3333333333333333700, 0.3333333333333333700, 0.3333333333333334300, 0.3333333333333334300, 0.3333333333333332600, 0.3333333333333333700, 0.3333333333333333100, 0.3333333333333333700, 0.3333333333333333700, 0.3333333333333333700),
 ( 0.3333333333333333700, 0.3333333333333333700, 0.3333333333333334300, 0.3333333333333332600, 0.3333333333333334800, 0.3333333333333333700, 0.3333333333333334300, 0.3333333333333334300, 0.3333333333333333700, 0.3333333333333333700, 0.3333333333333333700, 0.3333333333333333700, 0.3333333333333333700, 0.3333333333333333700, 0.3333333333333333700, 0.3333333333333334300, 0.3333333333333334300, 0.3333333333333332600, 0.3333333333333333700, 0.3333333333333333100, 0.3333333333333333700, 0.3333333333333333700, 0.3333333333333333700),
 ( 1.000000000000000000, 1.000000000000000000, 1.000000000000000200, 0.9999999999999997800, 1.000000000000000200, 1.000000000000000000, 1.000000000000000000, 1.000000000000000000, 1.000000000000000000, 1.000000000000000000, 1.000000000000000000, 1.000000000000000000, 1.000000000000000000, 1.000000000000000000, 0.9999999999999998900, 0.9999999999999998900, 1.000000000000000200, 0.9999999999999997800, 1.000000000000000200, 1.000000000000000000, 0.9999999999999997800, 1.000000000000000000, 1.000000000000000000),
 ( 0.3333333333333333700, 0.3333333333333333700, 0.3333333333333334300, 0.3333333333333332600, 0.3333333333333334800, 0.3333333333333333700, 0.3333333333333334300, 0.3333333333333334300, 0.3333333333333333700, 0.3333333333333333700, 0.3333333333333333700, 0.3333333333333333700, 0.3333333333333333700, 0.3333333333333333700, 0.3333333333333333700, 0.3333333333333334300, 0.3333333333333334300, 0.3333333333333332600, 0.3333333333333333700, 0.3333333333333333100, 0.3333333333333333700, 0.3333333333333333700, 0.3333333333333333700),
 ( 0.3333333333333333700, 0.3333333333333333700, 0.3333333333333334300, 0.3333333333333332600, 0.3333333333333334800, 0.3333333333333333700, 0.3333333333333334300, 0.3333333333333334300, 0.3333333333333333700, 0.3333333333333333700, 0.3333333333333333700, 0.3333333333333333700, 0.3333333333333333700, 0.3333333333333333700, 0.3333333333333333700, 0.3333333333333334300, 0.3333333333333334300, 0.3333333333333332600, 0.3333333333333333700, 0.3333333333333333100, 0.3333333333333333700, 0.3333333333333333700, 0.3333333333333333700),
 ( 1.000000000000000000, 1.000000000000000000, 1.000000000000000200, 0.9999999999999997800, 1.000000000000000200, 1.000000000000000000, 1.000000000000000000, 1.000000000000000000, 1.000000000000000000, 1.000000000000000000, 1.000000000000000000, 1.000000000000000000, 1.000000000000000000, 1.000000000000000000, 0.9999999999999998900, 0.9999999999999998900, 1.000000000000000200, 0.9999999999999997800, 1.000000000000000200, 1.000000000000000000, 0.9999999999999997800, 1.000000000000000000, 1.000000000000000000) ) ) 
 REPRESENTATION_ITEM ( '' )  SURFACE ( )  );
#694 = ORIENTED_EDGE ( 'NONE', *, *, #1970, .T. ) ;
#695 = CARTESIAN_POINT ( 'NONE',  ( -0.2499999999999956700, -0.2000000000000000900, 19.49999999999999600 ) ) ;
#696 = CARTESIAN_POINT ( 'NONE',  ( -0.7092598011610624600, 0.1809999999999998800, 5.528290486051839800 ) ) ;
#697 = DIRECTION ( 'NONE',  ( -1.000000000000000000, 0.0000000000000000000, 0.0000000000000000000 ) ) ;
#698 = CARTESIAN_POINT ( 'NONE',  ( 0.3794856556896975500, 0.1809999999999999100, 13.52845713389945500 ) ) ;
#699 = EDGE_LOOP ( 'NONE', ( #58, #1441, #418, #2158 ) ) ;
#700 = DIRECTION ( 'NONE',  ( 0.0000000000000000000, 0.0000000000000000000, 1.000000000000000000 ) ) ;
#701 = DIRECTION ( 'NONE',  ( 0.0000000000000000000, -0.0000000000000000000, 1.000000000000000000 ) ) ;
#702 = PLANE ( 'NONE',  #1611 ) ;
#703 = CARTESIAN_POINT ( 'NONE',  ( 1.614358267866638300E-016, -0.3999999999999999700, -0.7614471274339953400 ) ) ;
#704 = CARTESIAN_POINT ( 'NONE',  ( 0.3794856556896975500, 0.1809999999999999100, 13.52845713389945500 ) ) ;
#705 = CARTESIAN_POINT ( 'NONE',  ( -1.062330275710946300, 0.1809999999999997200, 8.419717619977134900 ) ) ;
#706 = CIRCLE ( 'NONE', #769, 0.2999999999999999900 ) ;
#707 = CARTESIAN_POINT ( 'NONE',  ( -0.4405000000000002200, -0.2000000000000000700, 2.000000000000000000 ) ) ;
#708 = PLANE ( 'NONE',  #148 ) ;
#709 = CARTESIAN_POINT ( 'NONE',  ( 1.122786179078204800, -0.2000000000000001200, 12.73358117992547500 ) ) ;
#710 = CARTESIAN_POINT ( 'NONE',  ( 0.0000000000000000000, 1.350000000000000300, 0.0000000000000000000 ) ) ;
#711 = DIRECTION ( 'NONE',  ( 1.000000000000000000, 0.0000000000000000000, 0.0000000000000000000 ) ) ;
#712 = CARTESIAN_POINT ( 'NONE',  ( 0.0000000000000000000, 1.500000000000000000, 0.0000000000000000000 ) ) ;
#713 = CARTESIAN_POINT ( 'NONE',  ( -1.062330275710946300, 0.1809999999999997200, 8.419717619977134900 ) ) ;
#714 = CARTESIAN_POINT ( 'NONE',  ( -0.4405000000000018300, 0.1810000000000000200, 15.82071231397072400 ) ) ;
#715 = COORDINATED_UNIVERSAL_TIME_OFFSET ( 8, 0, .BEHIND. ) ;
#716 = CARTESIAN_POINT ( 'NONE',  ( 0.5450000000000001500, -0.2999999999999998200, -0.1499999999999999700 ) ) ;
#717 = DIRECTION ( 'NONE',  ( -0.0000000000000000000, -0.0000000000000000000, -1.000000000000000000 ) ) ;
#718 = CARTESIAN_POINT ( 'NONE',  ( 1.068256177079754700, -0.1999999999999999600, 13.02988211090543500 ) ) ;
#719 = DIRECTION ( 'NONE',  ( -1.000000000000000000, 0.0000000000000000000, 0.0000000000000000000 ) ) ;
#720 = CIRCLE ( 'NONE', #1660, 0.1905000000000000300 ) ;
#721 = DIRECTION ( 'NONE',  ( 0.0000000000000000000, 0.0000000000000000000, -1.000000000000000000 ) ) ;
#722 = FACE_OUTER_BOUND ( 'NONE', #565, .T. ) ;
#723 = CARTESIAN_POINT ( 'NONE',  ( -0.4405000000000018300, 0.1810000000000000200, 15.82071231397072400 ) ) ;
#724 = FACE_OUTER_BOUND ( 'NONE', #1646, .T. ) ;
#725 = CARTESIAN_POINT ( 'NONE',  ( 0.2430349450722133500, -0.1999999999999995900, 11.47817434398770000 ) ) ;
#726 = CARTESIAN_POINT ( 'NONE',  ( 0.0000000000000000000, 1.350000000000000300, -2.000000000000000000 ) ) ;
#727 = CARTESIAN_POINT ( 'NONE',  ( -0.2500000000000050000, -0.2000000000000000900, 18.49999999999999600 ) ) ;
#728 = CARTESIAN_POINT ( 'NONE',  ( 1.170481318234184000, -0.2000000000000001800, 12.38756467978822900 ) ) ;
#729 = DIRECTION ( 'NONE',  ( -1.000000000000000000, 1.571307496355803200E-016, 0.0000000000000000000 ) ) ;
#730 = CARTESIAN_POINT ( 'NONE',  ( 0.2499999999999956700, -0.2000000000000000400, 18.49999999999999600 ) ) ;
#731 = VERTEX_POINT ( 'NONE', #2245 ) ;
#732 = AXIS2_PLACEMENT_3D ( 'NONE', #642, #1861, #807 ) ;
#733 = AXIS2_PLACEMENT_3D ( 'NONE', #646, #1867, #810 ) ;
#734 = DIRECTION ( 'NONE',  ( 0.0000000000000000000, 0.0000000000000000000, -1.000000000000000000 ) ) ;
#735 = CARTESIAN_POINT ( 'NONE',  ( 0.8381070401301293800, -0.5809999999999999600, 13.72757316070346600 ) ) ;
#736 = DIRECTION ( 'NONE',  ( 1.000000000000000000, 2.449293598294706900E-016, 0.0000000000000000000 ) ) ;
#737 = CARTESIAN_POINT ( 'NONE',  ( 0.7236940145162864500, 0.1810000000000003000, 11.32823292157365300 ) ) ;
#738 = AXIS2_PLACEMENT_3D ( 'NONE', #1606, #1432, #386 ) ;
#739 = PLANE ( 'NONE',  #247 ) ;
#740 = CARTESIAN_POINT ( 'NONE',  ( 0.3166061976059563700, -0.2000000000000017900, 12.02072004026625900 ) ) ;
#741 = CARTESIAN_POINT ( 'NONE',  ( 1.170481318234184000, -0.2000000000000001800, 12.38756467978822900 ) ) ;
#742 = CARTESIAN_POINT ( 'NONE',  ( -0.2500000000000043300, -0.2000000000000000900, 16.50000000000000700 ) ) ;
#743 = DIRECTION ( 'NONE',  ( 1.000000000000000000, 2.449293598294706900E-016, 0.0000000000000000000 ) ) ;
#744 = AXIS2_PLACEMENT_3D ( 'NONE', #1418, #381, #1601 ) ;
#745 = CIRCLE ( 'NONE', #2030, 0.1250000000000000000 ) ;
#746 = VECTOR ( 'NONE', #370, 1000.000000000000000 ) ;
#747 = PLANE ( 'NONE',  #2179 ) ;
#748 = ORIENTED_EDGE ( 'NONE', *, *, #2244, .F. ) ;
#749 = DIRECTION ( 'NONE',  ( 0.0000000000000000000, 0.0000000000000000000, 1.000000000000000000 ) ) ;
#750 = VERTEX_POINT ( 'NONE', #1745 ) ;
#751 = CLOSED_SHELL ( 'NONE', ( #599, #502, #423, #613 ) ) ;
#752 = ORIENTED_EDGE ( 'NONE', *, *, #1211, .F. ) ;
#753 = CARTESIAN_POINT ( 'NONE',  ( -0.5450000000000001500, -0.2999999999999997700, -0.1499999999999999700 ) ) ;
#754 = DIRECTION ( 'NONE',  ( -0.0000000000000000000, -1.000000000000000000, -0.0000000000000000000 ) ) ;
#755 = CARTESIAN_POINT ( 'NONE',  ( 0.4404999999999997300, -0.5809999999999998500, 2.546652594907720300 ) ) ;
#756 = DIRECTION ( 'NONE',  ( 0.0000000000000000000, 0.0000000000000000000, -1.000000000000000000 ) ) ;
#757 = ADVANCED_FACE ( 'NONE', ( #166 ), #51, .T. ) ;
#758 = FACE_OUTER_BOUND ( 'NONE', #2135, .T. ) ;
#759 = CARTESIAN_POINT ( 'NONE',  ( 0.0000000000000000000, 0.1500000000000000200, 0.0000000000000000000 ) ) ;
#760 = CARTESIAN_POINT ( 'NONE',  ( 0.4404999999999998400, -0.5809999999999999600, 2.000000000000000000 ) ) ;
#761 = CARTESIAN_POINT ( 'NONE',  ( 0.5000000000000000000, -0.2999999999999998200, -0.1997493718553309800 ) ) ;
#762 = B_SPLINE_CURVE_WITH_KNOTS ( 'NONE', 3,
 ( #958, #2003, #78, #1313, #272, #1491, #441, #1668, #626, #1844, #792, #2004, #965, #2176, #1139, #83, #1320, #278, #1501, #447, #1673, #629, #1852 ),
 .UNSPECIFIED., .F., .F.,
 ( 4, 1, 1, 1, 1, 1, 1, 1, 1, 1, 1, 1, 1, 1, 1, 1, 1, 1, 1, 1, 4 ),
 ( 0.0000000000000000000, 0.06249999999974571700, 0.1250000000000000000, 0.1875000000001292000, 0.2500000000000000600, 0.2765376830112973300, 0.3333333333333332600, 0.3350251083088975300, 0.4166666666666666900, 0.5000000000000000000, 0.5416666666663466600, 0.5571132369018793100, 0.5833333333333330400, 0.6249999999999998900, 0.6263868276784018100, 0.6666666666666663000, 0.7083333333333196000, 0.7499999999999927800, 0.8333333333333332600, 0.9166666666666667400, 1.000000000000000000 ),
 .UNSPECIFIED. ) ;
#763 = ADVANCED_FACE ( 'NONE', ( #2256 ), #1222, .F. ) ;
#764 = ORIENTED_EDGE ( 'NONE', *, *, #1683, .T. ) ;
#765 = ADVANCED_FACE ( 'NONE', ( #1399 ), #522, .T. ) ;
#766 = CARTESIAN_POINT ( 'NONE',  ( 0.05949999999999995600, -0.2000000000000000100, 0.0000000000000000000 ) ) ;
#767 = FACE_OUTER_BOUND ( 'NONE', #1692, .T. ) ;
#768 = ADVANCED_FACE ( 'NONE', ( #1815 ), #416, .T. ) ;
#769 = AXIS2_PLACEMENT_3D ( 'NONE', #300, #1520, #463 ) ;
#770 = AXIS2_PLACEMENT_3D ( 'NONE', #592, #580, #575 ) ;
#771 = CIRCLE ( 'NONE', #420, 1.850000000000000100 ) ;
#772 = FACE_OUTER_BOUND ( 'NONE', #172, .T. ) ;
#773 = DIRECTION ( 'NONE',  ( 1.000000000000000000, 0.0000000000000000000, 0.0000000000000000000 ) ) ;
#774 = VERTEX_POINT ( 'NONE', #1584 ) ;
#775 = EDGE_LOOP ( 'NONE', ( #346, #103, #1820, #294 ) ) ;
#776 = DIRECTION ( 'NONE',  ( -1.224646799147351700E-016, 0.0000000000000000000, -1.000000000000000000 ) ) ;
#777 = CARTESIAN_POINT ( 'NONE',  ( -0.1529414455813391200, -0.2000000000000000400, 9.521132282796825700 ) ) ;
#778 = ORIENTED_EDGE ( 'NONE', *, *, #186, .T. ) ;
#779 = CARTESIAN_POINT ( 'NONE',  ( 0.4886375451865200300, -0.1999999999999999800, 13.57587038747609900 ) ) ;
#780 = CARTESIAN_POINT ( 'NONE',  ( 0.3046660147997609600, -0.2000000000000006200, 11.75397933267926800 ) ) ;
#781 = ORIENTED_EDGE ( 'NONE', *, *, #1957, .F. ) ;
#782 = ADVANCED_FACE ( 'NONE', ( #881 ), #708, .T. ) ;
#783 = CARTESIAN_POINT ( 'NONE',  ( -0.5740925629790678600, -0.2000000000000000900, 8.312191130030752700 ) ) ;
#784 = CARTESIAN_POINT ( 'NONE',  ( 0.05949999999999817900, -0.5809999999999999600, 16.50000000000001400 ) ) ;
#785 = CARTESIAN_POINT ( 'NONE',  ( 0.0000000000000000000, 1.500000000000000000, -1.850000000000000100 ) ) ;
#786 = AXIS2_PLACEMENT_3D ( 'NONE', #695, #1911, #870 ) ;
#787 = DIRECTION ( 'NONE',  ( 0.0000000000000000000, 0.0000000000000000000, 1.000000000000000000 ) ) ;
#788 = EDGE_CURVE ( 'NONE', #1182, #541, #465, .T. ) ;
#789 = CC_DESIGN_PERSON_AND_ORGANIZATION_ASSIGNMENT ( #656, #464, ( #6 ) ) ;
#790 = CARTESIAN_POINT ( 'NONE',  ( -0.7067737199496688700, -0.2000000000000000900, 7.199768569789000600 ) ) ;
#791 = ORIENTED_EDGE ( 'NONE', *, *, #458, .F. ) ;
#792 = CARTESIAN_POINT ( 'NONE',  ( 0.4821352417481252800, -0.2000000000000003200, 10.66516377277516300 ) ) ;
#793 = CARTESIAN_POINT ( 'NONE',  ( 0.0000000000000000000, 1.500000000000000000, 0.0000000000000000000 ) ) ;
#794 = VECTOR ( 'NONE', #377, 1000.000000000000000 ) ;
#795 = CARTESIAN_POINT ( 'NONE',  ( -0.6943745921014344800, -0.2000000000000001200, 6.489121481194819000 ) ) ;
#796 = CIRCLE ( 'NONE', #488, 0.3000000000000000400 ) ;
#797 = ORIENTED_EDGE ( 'NONE', *, *, #1632, .T. ) ;
#798 = CARTESIAN_POINT ( 'NONE',  ( -0.5000000000000000000, -9.980871413050932400E-017, 0.4999642838919423600 ) ) ;
#799 = CARTESIAN_POINT ( 'NONE',  ( 0.3765552811227220700, -0.2000000000000005700, 10.72017624256571000 ) ) ;
#800 = ORIENTED_EDGE ( 'NONE', *, *, #2017, .F. ) ;
#801 = VERTEX_POINT ( 'NONE', #182 ) ;
#802 = CARTESIAN_POINT ( 'NONE',  ( -0.5918568091725219200, -0.2000000000000000400, 5.548221599184309100 ) ) ;
#803 = DIRECTION ( 'NONE',  ( -1.224646799147353200E-016, 0.0000000000000000000, -1.000000000000000000 ) ) ;
#804 = CARTESIAN_POINT ( 'NONE',  ( -0.4405000000000002200, -0.2000000000000000700, 2.000000000000000000 ) ) ;
#805 = CARTESIAN_POINT ( 'NONE',  ( -0.2500000000000000000, -0.2000000000000000700, 0.0000000000000000000 ) ) ;
#806 = CARTESIAN_POINT ( 'NONE',  ( -0.4181037379083542000, -0.2000000000000000400, 4.806369962493376700 ) ) ;
#807 = DIRECTION ( 'NONE',  ( 1.000000000000000000, 0.0000000000000000000, 0.0000000000000000000 ) ) ;
#808 = CARTESIAN_POINT ( 'NONE',  ( -1.062330275710946100, -0.2000000000000003700, 8.419663650437598800 ) ) ;
#809 = CARTESIAN_POINT ( 'NONE',  ( -0.1817441132121381300, -0.2000000000000000900, 4.089752741539139300 ) ) ;
#810 = DIRECTION ( 'NONE',  ( 0.0000000000000000000, 0.0000000000000000000, 1.000000000000000000 ) ) ;
#811 = DIRECTION ( 'NONE',  ( -1.000000000000000000, 0.0000000000000000000, 0.0000000000000000000 ) ) ;
#812 = PERSON_AND_ORGANIZATION_ROLE ( 'creator' ) ;
#813 = AXIS2_PLACEMENT_3D ( 'NONE', #26, #1263, #212 ) ;
#814 = VECTOR ( 'NONE', #1618, 1000.000000000000000 ) ;
#815 = CARTESIAN_POINT ( 'NONE',  ( -0.4405000000000018900, -0.2000000000000000700, 15.84168238610923800 ) ) ;
#816 = CARTESIAN_POINT ( 'NONE',  ( -0.4405000000000000000, -0.2000000000000000700, 0.0000000000000000000 ) ) ;
#817 = FACE_OUTER_BOUND ( 'NONE', #821, .T. ) ;
#818 = CARTESIAN_POINT ( 'NONE',  ( 0.2430349450722131500, -0.5809999999999997400, 11.47817458461532400 ) ) ;
#819 = FACE_OUTER_BOUND ( 'NONE', #156, .T. ) ;
#820 = ORIENTED_EDGE ( 'NONE', *, *, #860, .F. ) ;
#821 = EDGE_LOOP ( 'NONE', ( #532, #2076, #44, #1141 ) ) ;
#822 = CARTESIAN_POINT ( 'NONE',  ( 0.1827127882639768800, -0.2000000000000000400, 4.202121962777177100 ) ) ;
#823 = CARTESIAN_POINT ( 'NONE',  ( 0.5050000000000000000, -0.2999999999999998200, 0.1500000000000000200 ) ) ;
#824 = EDGE_CURVE ( 'NONE', #269, #274, #936, .T. ) ;
#825 = ORIENTED_EDGE ( 'NONE', *, *, #1044, .F. ) ;
#826 = CARTESIAN_POINT ( 'NONE',  ( 0.2430349450722131500, -0.5809999999999997400, 11.47817458461532400 ) ) ;
#827 = CARTESIAN_POINT ( 'NONE',  ( -0.05950000000000026800, -0.5809999999999999600, 2.523833963223060600 ) ) ;
#828 = CARTESIAN_POINT ( 'NONE',  ( 0.0005344321782341444000, -0.2000000000000000400, 3.314957221675585600 ) ) ;
#829 = CARTESIAN_POINT ( 'NONE',  ( 1.068256177079754700, -0.1999999999999999600, 13.02988211090543500 ) ) ;
#830 = CARTESIAN_POINT ( 'NONE',  ( -0.2499999999999956700, -0.2000000000000000900, 19.49999999999999600 ) ) ;
#831 = CARTESIAN_POINT ( 'NONE',  ( -0.05950000000000026800, -0.5809999999999999600, 2.523833963223060600 ) ) ;
#832 = CARTESIAN_POINT ( 'NONE',  ( 0.6726397037424131100, -0.5810000000000002900, 12.33481786956886400 ) ) ;
#833 =( GEOMETRIC_REPRESENTATION_CONTEXT ( 3 ) GLOBAL_UNCERTAINTY_ASSIGNED_CONTEXT ( ( #362 ) ) GLOBAL_UNIT_ASSIGNED_CONTEXT ( ( #2016, #1516, #457 ) ) REPRESENTATION_CONTEXT ( 'NONE', 'WORKASPACE' ) );
#834 = CARTESIAN_POINT ( 'NONE',  ( 0.05949999999999970600, -0.1999999999999999800, 2.507530154692294600 ) ) ;
#835 = CARTESIAN_POINT ( 'NONE',  ( 0.4821352417481250500, 0.1809999999999997700, 10.66516548205837400 ) ) ;
#836 = CARTESIAN_POINT ( 'NONE',  ( -0.5000000000000000000, -9.980871413050932400E-017, -0.4999642838919422500 ) ) ;
#837 = EDGE_CURVE ( 'NONE', #595, #2161, #2204, .T. ) ;
#838 = ORIENTED_EDGE ( 'NONE', *, *, #1355, .F. ) ;
#839 = CARTESIAN_POINT ( 'NONE',  ( 0.6726397037424131100, -0.5810000000000002900, 12.33481786956886400 ) ) ;
#840 = ORIENTED_EDGE ( 'NONE', *, *, #2022, .F. ) ;
#841 = DATE_AND_TIME ( #1314, #1787 ) ;
#842 = ADVANCED_FACE ( 'NONE', ( #817 ), #1698, .T. ) ;
#843 = CARTESIAN_POINT ( 'NONE',  ( -0.5320600966284988500, -0.2000000000000002100, 4.771153189359311300 ) ) ;
#844 = CARTESIAN_POINT ( 'NONE',  ( 0.05949999999999974100, -0.1999999999999999800, 2.000000000000000000 ) ) ;
#845 = CIRCLE ( 'NONE', #151, 1.750000000000000000 ) ;
#846 = CARTESIAN_POINT ( 'NONE',  ( -0.5000000000000000000, -0.2999999999999997100, -0.2779017020550442800 ) ) ;
#847 = DIRECTION ( 'NONE',  ( 0.0000000000000000000, 0.0000000000000000000, 1.000000000000000000 ) ) ;
#848 = CYLINDRICAL_SURFACE ( 'NONE', #1192, 0.5000000000000000000 ) ;
#849 = CARTESIAN_POINT ( 'NONE',  ( -0.5320600966284988500, -0.2000000000000002100, 4.771153189359311300 ) ) ;
#850 = CARTESIAN_POINT ( 'NONE',  ( 0.2500000000000000000, -0.2000000000000000100, 0.0000000000000000000 ) ) ;
#851 = CARTESIAN_POINT ( 'NONE',  ( 0.4989372149175405600, -0.2000000000000001800, 13.20615779096012300 ) ) ;
#852 = CARTESIAN_POINT ( 'NONE',  ( 0.05949999999999827000, 0.1810000000000000800, 16.50000000000001400 ) ) ;
#853 = EDGE_CURVE ( 'NONE', #1014, #171, #2155, .T. ) ;
#854 = ORIENTED_EDGE ( 'NONE', *, *, #1828, .F. ) ;
#855 = ORIENTED_EDGE ( 'NONE', *, *, #560, .T. ) ;
#856 = PLANE ( 'NONE',  #2137 ) ;
#857 = VERTEX_POINT ( 'NONE', #1420 ) ;
#858 = AXIS2_PLACEMENT_3D ( 'NONE', #1895, #1204, #1379 ) ;
#859 = CARTESIAN_POINT ( 'NONE',  ( -1.085146691477314900, -0.2000000000000002600, 5.464473061234900600 ) ) ;
#860 = EDGE_CURVE ( 'NONE', #12, #1500, #1765, .T. ) ;
#861 = CARTESIAN_POINT ( 'NONE',  ( 0.4989372149175405600, -0.2000000000000001800, 13.20615779096012300 ) ) ;
#862 = CARTESIAN_POINT ( 'NONE',  ( 0.4404999999999998400, -0.2000000000000000100, 2.000000000000000000 ) ) ;
#863 = VERTEX_POINT ( 'NONE', #1072 ) ;
#864 = CARTESIAN_POINT ( 'NONE',  ( -0.8263786867182695300, 0.1809999999999998000, 7.204942466752212800 ) ) ;
#865 = DIRECTION ( 'NONE',  ( -1.571307496355803400E-016, -1.000000000000000000, 0.0000000000000000000 ) ) ;
#866 = DIRECTION ( 'NONE',  ( -9.293161478447180000E-016, 0.0000000000000000000, -1.000000000000000000 ) ) ;
#867 = CARTESIAN_POINT ( 'NONE',  ( 0.03001616074608837200, -0.2000000000000000700, 13.37625726501755400 ) ) ;
#868 = ORIENTED_EDGE ( 'NONE', *, *, #1708, .F. ) ;
#869 = VERTEX_POINT ( 'NONE', #11 ) ;
#870 = DIRECTION ( 'NONE',  ( -1.000000000000000000, 0.0000000000000000000, 0.0000000000000000000 ) ) ;
#871 = CARTESIAN_POINT ( 'NONE',  ( -0.8263786867182695300, 0.1809999999999998000, 7.204942466752212800 ) ) ;
#872 = ORIENTED_EDGE ( 'NONE', *, *, #1211, .T. ) ;
#873 = CARTESIAN_POINT ( 'NONE',  ( -0.01178714603344104700, 0.1809999999999998000, 14.89098125780707300 ) ) ;
#874 = ORIENTED_EDGE ( 'NONE', *, *, #186, .F. ) ;
#875 = DIRECTION ( 'NONE',  ( 0.0000000000000000000, 0.0000000000000000000, 1.000000000000000000 ) ) ;
#876 = CARTESIAN_POINT ( 'NONE',  ( 0.0000000000000000000, 0.1500000000000000200, -2.000000000000000000 ) ) ;
#877 = CARTESIAN_POINT ( 'NONE',  ( 0.0000000000000000000, 0.0000000000000000000, 0.0000000000000000000 ) ) ;
#878 = CARTESIAN_POINT ( 'NONE',  ( -0.01178714603344104700, 0.1809999999999998000, 14.89098125780707300 ) ) ;
#879 = VECTOR ( 'NONE', #1610, 1000.000000000000000 ) ;
#880 = CARTESIAN_POINT ( 'NONE',  ( 0.03852196180945540600, 0.1809999999999992400, 10.89631510099775500 ) ) ;
#881 = FACE_OUTER_BOUND ( 'NONE', #570, .T. ) ;
#882 = DIRECTION ( 'NONE',  ( 1.000000000000000000, 0.0000000000000000000, -0.0000000000000000000 ) ) ;
#883 = CARTESIAN_POINT ( 'NONE',  ( -0.1529414455813392900, 0.1809999999999999100, 9.521119328708779900 ) ) ;
#884 = DIRECTION ( 'NONE',  ( 0.0000000000000000000, 0.0000000000000000000, -1.000000000000000000 ) ) ;
#885 = DIRECTION ( 'NONE',  ( 0.0000000000000000000, 0.0000000000000000000, 1.000000000000000000 ) ) ;
#886 = CARTESIAN_POINT ( 'NONE',  ( 0.03852196180945540600, 0.1809999999999992400, 10.89631510099775500 ) ) ;
#887 = ORIENTED_EDGE ( 'NONE', *, *, #98, .F. ) ;
#888 = ORIENTED_EDGE ( 'NONE', *, *, #1860, .F. ) ;
#889 = CARTESIAN_POINT ( 'NONE',  ( -0.4405000000000002200, -0.2000000000000000700, 2.000000000000000000 ) ) ;
#890 = EDGE_CURVE ( 'NONE', #1515, #801, #1340, .T. ) ;
#891 = DIRECTION ( 'NONE',  ( 0.0000000000000000000, 0.0000000000000000000, 1.000000000000000000 ) ) ;
#892 = AXIS2_PLACEMENT_3D ( 'NONE', #1065, #1229, #1239 ) ;
#893 = CARTESIAN_POINT ( 'NONE',  ( 0.4549999999999999600, 1.626303258728256700E-016, -0.1499999999999999700 ) ) ;
#894 = CARTESIAN_POINT ( 'NONE',  ( 0.3166061976059563700, -0.2000000000000017900, 12.02072004026625900 ) ) ;
#895 = DIRECTION ( 'NONE',  ( 0.0000000000000000000, 0.0000000000000000000, 1.000000000000000000 ) ) ;
#896 = DIRECTION ( 'NONE',  ( -1.000000000000000000, 0.0000000000000000000, 0.0000000000000000000 ) ) ;
#897 = AXIS2_PLACEMENT_3D ( 'NONE', #376, #1761, #729 ) ;
#898 = DIRECTION ( 'NONE',  ( 1.000000000000000000, 0.0000000000000000000, 0.0000000000000000000 ) ) ;
#899 = ORIENTED_EDGE ( 'NONE', *, *, #235, .F. ) ;
#900 = ORIENTED_EDGE ( 'NONE', *, *, #1564, .T. ) ;
#901 = AXIS2_PLACEMENT_3D ( 'NONE', #2070, #1031, #2240 ) ;
#902 = PERSON_AND_ORGANIZATION ( #1358, #309 ) ;
#903 = CARTESIAN_POINT ( 'NONE',  ( -0.4976344342303039000, -0.2000000000000001200, 3.243938969477629700 ) ) ;
#904 = CARTESIAN_POINT ( 'NONE',  ( 1.203290263031654600, -0.2000000000000000700, 12.05812443070645700 ) ) ;
#905 = CARTESIAN_POINT ( 'NONE',  ( -0.5740925629790678600, 0.1809999999999999400, 8.312218114910923100 ) ) ;
#906 = EDGE_CURVE ( 'NONE', #2193, #869, #771, .T. ) ;
#907 = CARTESIAN_POINT ( 'NONE',  ( 0.1249999999999956400, -0.2000000000000000400, 19.49999999999999600 ) ) ;
#908 = CYLINDRICAL_SURFACE ( 'NONE', #858, 0.1905000000000000600 ) ;
#909 = CC_DESIGN_DATE_AND_TIME_ASSIGNMENT ( #1066, #1691, ( #6 ) ) ;
#910 = CARTESIAN_POINT ( 'NONE',  ( 0.0000000000000000000, 0.0000000000000000000, 1.875000000000000000 ) ) ;
#911 = CIRCLE ( 'NONE', #267, 0.3499999999999999800 ) ;
#912 = ORIENTED_EDGE ( 'NONE', *, *, #436, .T. ) ;
#913 = CARTESIAN_POINT ( 'NONE',  ( 0.2545253790984672900, -0.2000000000000002100, 12.58600074719803500 ) ) ;
#914 = DIRECTION ( 'NONE',  ( -1.000000000000000000, 0.0000000000000000000, 0.0000000000000000000 ) ) ;
#915 = CARTESIAN_POINT ( 'NONE',  ( 0.0000000000000000000, 0.0000000000000000000, 0.0000000000000000000 ) ) ;
#916 = DIRECTION ( 'NONE',  ( 1.000000000000000000, 2.449293598294706900E-016, 0.0000000000000000000 ) ) ;
#917 = CARTESIAN_POINT ( 'NONE',  ( 0.1549999999999999700, -6.184466335694138500E-017, 0.5000000000000000000 ) ) ;
#918 = ORIENTED_EDGE ( 'NONE', *, *, #590, .F. ) ;
#919 = EDGE_CURVE ( 'NONE', #1304, #544, #313, .T. ) ;
#920 = FACE_OUTER_BOUND ( 'NONE', #966, .T. ) ;
#921 = CARTESIAN_POINT ( 'NONE',  ( 0.9746585219791605900, -0.2000000000000000900, 13.36244802542920400 ) ) ;
#922 = CARTESIAN_POINT ( 'NONE',  ( 0.0000000000000000000, 0.1500000000000000200, 0.0000000000000000000 ) ) ;
#923 = EDGE_CURVE ( 'NONE', #1324, #1375, #369, .T. ) ;
#924 = MANIFOLD_SOLID_BREP ( 'Boss-Extrude4[1]', #751 ) ;
#925 = ADVANCED_FACE ( 'NONE', ( #1654 ), #2040, .T. ) ;
#926 = DIRECTION ( 'NONE',  ( -0.0000000000000000000, -1.000000000000000000, -0.0000000000000000000 ) ) ;
#927 = ORIENTED_EDGE ( 'NONE', *, *, #375, .T. ) ;
#928 = CARTESIAN_POINT ( 'NONE',  ( 0.05949999999999810300, -0.5809999999999999600, 15.86002886807054700 ) ) ;
#929 = CARTESIAN_POINT ( 'NONE',  ( 0.0000000000000000000, 1.500000000000000000, 0.0000000000000000000 ) ) ;
#930 =( BOUNDED_SURFACE ( )  B_SPLINE_SURFACE ( 3, 3, ( 
 ( #10, #557, #903, #2117, #1078, #23, #1260, #209, #1436, #390, #1614, #566, #1792, #740, #1954, #913, #2125, #1083, #30, #1269, #215, #1443, #398 ),
 ( #1622, #573, #1084, #1262, #31, #298, #1526, #470, #1695, #650, #1872, #818, #2033, #988, #2208, #1171, #114, #1348, #314, #1529, #477, #1703, #657 ),
 ( #1876, #827, #2041, #996, #2213, #1180, #121, #1356, #321, #1541, #482, #1711, #662, #1882, #832, #2047, #1005, #2219, #1187, #136, #1365, #327, #1547 ),
 ( #493, #1718, #673, #1889, #843, #2055, #1017, #2229, #1198, #146, #1374, #335, #1555, #503, #1730, #679, #1898, #851, #2064, #1023, #2236, #1208, #157 ),
 ( #1382, #344, #1561, #512, #1743, #689, #1904, #864, #2073, #1033, #2243, #1218, #165, #1391, #353, #1574, #518, #1753, #698, #1915, #873, #2082, #1043 ),
 ( #2251, #1227, #174, #1398, #358, #1582, #530, #1757, #705, #1923, #880, #2090, #1053, #2260, #1233, #179, #1407, #367, #1589, #534, #1768, #714, #1930 ),
 ( #889, #2102, #1059, #2267, #1245, #190, #1416, #380, #1598, #545, #1777, #725, #1935, #894, #2112, #1069, #8, #1282, #231, #1454, #408, #1637, #587 ) ),
 .UNSPECIFIED., .T., .F., .F. ) 
 B_SPLINE_SURFACE_WITH_KNOTS ( ( 4, 3, 4 ),
 ( 4, 1, 1, 1, 1, 1, 1, 1, 1, 1, 1, 1, 1, 1, 1, 1, 1, 1, 1, 1, 4 ),
 ( 0.0000000000000000000, 0.5000000000000000000, 1.000000000000000000 ),
 ( 0.0000000000000000000, 0.06249999999974571700, 0.1250000000000000000, 0.1875000000001292000, 0.2500000000000000600, 0.2765376830112973300, 0.3333333333333332600, 0.3350251083088975300, 0.4166666666666666900, 0.5000000000000000000, 0.5416666666663466600, 0.5571132369018793100, 0.5833333333333330400, 0.6249999999999998900, 0.6263868276784018100, 0.6666666666666663000, 0.7083333333333196000, 0.7499999999999927800, 0.8333333333333332600, 0.9166666666666667400, 1.000000000000000000 ),
 .UNSPECIFIED. ) 
 GEOMETRIC_REPRESENTATION_ITEM ( )  RATIONAL_B_SPLINE_SURFACE ( (
 ( 1.000000000000000000, 1.000000000000000000, 1.000000000000000200, 0.9999999999999997800, 1.000000000000000200, 1.000000000000000000, 1.000000000000000000, 1.000000000000000000, 1.000000000000000000, 1.000000000000000000, 1.000000000000000000, 1.000000000000000000, 1.000000000000000000, 1.000000000000000000, 0.9999999999999998900, 0.9999999999999998900, 1.000000000000000200, 0.9999999999999997800, 1.000000000000000200, 1.000000000000000000, 0.9999999999999997800, 1.000000000000000000, 1.000000000000000000),
 ( 0.3333333333333333700, 0.3333333333333333700, 0.3333333333333334300, 0.3333333333333332600, 0.3333333333333334800, 0.3333333333333333700, 0.3333333333333334300, 0.3333333333333334300, 0.3333333333333333700, 0.3333333333333333700, 0.3333333333333333700, 0.3333333333333333700, 0.3333333333333333700, 0.3333333333333333700, 0.3333333333333333700, 0.3333333333333334300, 0.3333333333333334300, 0.3333333333333332600, 0.3333333333333333700, 0.3333333333333333100, 0.3333333333333333700, 0.3333333333333333700, 0.3333333333333333700),
 ( 0.3333333333333333700, 0.3333333333333333700, 0.3333333333333334300, 0.3333333333333332600, 0.3333333333333334800, 0.3333333333333333700, 0.3333333333333334300, 0.3333333333333334300, 0.3333333333333333700, 0.3333333333333333700, 0.3333333333333333700, 0.3333333333333333700, 0.3333333333333333700, 0.3333333333333333700, 0.3333333333333333700, 0.3333333333333334300, 0.3333333333333334300, 0.3333333333333332600, 0.3333333333333333700, 0.3333333333333333100, 0.3333333333333333700, 0.3333333333333333700, 0.3333333333333333700),
 ( 1.000000000000000000, 1.000000000000000000, 1.000000000000000200, 0.9999999999999997800, 1.000000000000000200, 1.000000000000000000, 1.000000000000000000, 1.000000000000000000, 1.000000000000000000, 1.000000000000000000, 1.000000000000000000, 1.000000000000000000, 1.000000000000000000, 1.000000000000000000, 0.9999999999999998900, 0.9999999999999998900, 1.000000000000000200, 0.9999999999999997800, 1.000000000000000200, 1.000000000000000000, 0.9999999999999997800, 1.000000000000000000, 1.000000000000000000),
 ( 0.3333333333333333700, 0.3333333333333333700, 0.3333333333333334300, 0.3333333333333332600, 0.3333333333333334800, 0.3333333333333333700, 0.3333333333333334300, 0.3333333333333334300, 0.3333333333333333700, 0.3333333333333333700, 0.3333333333333333700, 0.3333333333333333700, 0.3333333333333333700, 0.3333333333333333700, 0.3333333333333333700, 0.3333333333333334300, 0.3333333333333334300, 0.3333333333333332600, 0.3333333333333333700, 0.3333333333333333100, 0.3333333333333333700, 0.3333333333333333700, 0.3333333333333333700),
 ( 0.3333333333333333700, 0.3333333333333333700, 0.3333333333333334300, 0.3333333333333332600, 0.3333333333333334800, 0.3333333333333333700, 0.3333333333333334300, 0.3333333333333334300, 0.3333333333333333700, 0.3333333333333333700, 0.3333333333333333700, 0.3333333333333333700, 0.3333333333333333700, 0.3333333333333333700, 0.3333333333333333700, 0.3333333333333334300, 0.3333333333333334300, 0.3333333333333332600, 0.3333333333333333700, 0.3333333333333333100, 0.3333333333333333700, 0.3333333333333333700, 0.3333333333333333700),
 ( 1.000000000000000000, 1.000000000000000000, 1.000000000000000200, 0.9999999999999997800, 1.000000000000000200, 1.000000000000000000, 1.000000000000000000, 1.000000000000000000, 1.000000000000000000, 1.000000000000000000, 1.000000000000000000, 1.000000000000000000, 1.000000000000000000, 1.000000000000000000, 0.9999999999999998900, 0.9999999999999998900, 1.000000000000000200, 0.9999999999999997800, 1.000000000000000200, 1.000000000000000000, 0.9999999999999997800, 1.000000000000000000, 1.000000000000000000) ) ) 
 REPRESENTATION_ITEM ( '' )  SURFACE ( )  );
#931 = EDGE_LOOP ( 'NONE', ( #1857, #1798, #469, #1058 ) ) ;
#932 = AXIS2_PLACEMENT_3D ( 'NONE', #486, #1715, #668 ) ;
#933 = CARTESIAN_POINT ( 'NONE',  ( 0.5000000000000000000, -0.2999999999999998200, 0.1997493718553310400 ) ) ;
#934 = VECTOR ( 'NONE', #561, 1000.000000000000000 ) ;
#935 = EDGE_CURVE ( 'NONE', #622, #241, #257, .T. ) ;
#936 = CIRCLE ( 'NONE', #1893, 0.1250000000000000000 ) ;
#937 = CARTESIAN_POINT ( 'NONE',  ( -0.4950000000000000000, 2.168404344971008900E-016, 0.1500000000000000200 ) ) ;
#938 = ADVANCED_FACE ( 'NONE', ( #722 ), #660, .F. ) ;
#939 = CARTESIAN_POINT ( 'NONE',  ( 0.2500000000000000000, -0.2000000000000000100, 0.0000000000000000000 ) ) ;
#940 = AXIS2_PLACEMENT_3D ( 'NONE', #1255, #203, #1430 ) ;
#941 = DIRECTION ( 'NONE',  ( 0.0000000000000000000, 0.0000000000000000000, 1.000000000000000000 ) ) ;
#942 = CARTESIAN_POINT ( 'NONE',  ( 0.05949999999999818600, 0.1810000000000000800, 15.83905888310917800 ) ) ;
#943 = CARTESIAN_POINT ( 'NONE',  ( 0.6956932119121445000, -0.2000000000000000100, 12.94725934382038100 ) ) ;
#944 = CARTESIAN_POINT ( 'NONE',  ( -0.5450000000000001500, 2.168404344971008900E-016, 0.5000000000000000000 ) ) ;
#945 = ADVANCED_FACE ( 'NONE', ( #1176 ), #983, .F. ) ;
#946 = ORIENTED_EDGE ( 'NONE', *, *, #1970, .F. ) ;
#947 = CARTESIAN_POINT ( 'NONE',  ( -0.05950000000000429300, -0.2000000000000000900, 16.50000000000000700 ) ) ;
#948 = EDGE_CURVE ( 'NONE', #273, #1202, #1752, .T. ) ;
#949 = ADVANCED_FACE ( 'NONE', ( #1600 ), #2103, .T. ) ;
#950 = CARTESIAN_POINT ( 'NONE',  ( 0.2499999999999997800, -0.2000000000000000100, 2.000000000000000000 ) ) ;
#951 = CARTESIAN_POINT ( 'NONE',  ( 0.1073588657426045300, 0.1809999999999999400, 14.90442079378919100 ) ) ;
#952 = CARTESIAN_POINT ( 'NONE',  ( 0.2932843934996835500, -0.2000000000000007600, 12.29462192202195900 ) ) ;
#953 = ORIENTED_EDGE ( 'NONE', *, *, #560, .F. ) ;
#954 = PERSON_AND_ORGANIZATION ( #1358, #309 ) ;
#955 = DIRECTION ( 'NONE',  ( 2.449293598294706900E-016, -1.000000000000000000, 0.0000000000000000000 ) ) ;
#956 = AXIS2_PLACEMENT_3D ( 'NONE', #2188, #1153, #92 ) ;
#957 = CARTESIAN_POINT ( 'NONE',  ( 0.7472954131391811300, -0.2000000000000000900, 12.66975842737583600 ) ) ;
#958 = CARTESIAN_POINT ( 'NONE',  ( 0.05949999999999971300, -0.2000000000000000100, 2.000000000000000000 ) ) ;
#959 = CIRCLE ( 'NONE', #786, 0.1250000000000000000 ) ;
#960 = VECTOR ( 'NONE', #338, 1000.000000000000000 ) ;
#961 = MANIFOLD_SOLID_BREP ( 'Sweep1[2]', #1090 ) ;
#962 = EDGE_CURVE ( 'NONE', #379, #1182, #1123, .T. ) ;
#963 = CIRCLE ( 'NONE', #1328, 0.7614471274339953400 ) ;
#964 = CARTESIAN_POINT ( 'NONE',  ( 0.2933146805289771900, 0.1810000000000000200, 14.02876457993570000 ) ) ;
#965 = CARTESIAN_POINT ( 'NONE',  ( 0.7999406648428002400, -0.2000000000000002600, 11.68726885498860900 ) ) ;
#966 = EDGE_LOOP ( 'NONE', ( #2005, #2171, #1131, #899 ) ) ;
#967 = ORIENTED_EDGE ( 'NONE', *, *, #1909, .F. ) ;
#968 = DIRECTION ( 'NONE',  ( 0.0000000000000000000, 0.0000000000000000000, 1.000000000000000000 ) ) ;
#969 = CARTESIAN_POINT ( 'NONE',  ( 0.4886375451865204700, 0.1809999999999999900, 13.57603608602761000 ) ) ;
#970 = AXIS2_PLACEMENT_3D ( 'NONE', #647, #1157, #811 ) ;
#971 = CARTESIAN_POINT ( 'NONE',  ( 0.6820652981325570100, -0.2000000000000003700, 11.70314592281944000 ) ) ;
#972 = CARTESIAN_POINT ( 'NONE',  ( -0.05325186671192533300, -0.5809999999999998500, 4.917488044743608500 ) ) ;
#973 = EDGE_CURVE ( 'NONE', #273, #1608, #1998, .T. ) ;
#974 = CARTESIAN_POINT ( 'NONE',  ( 0.6121588859982060000, 0.1810000000000001600, 13.24331027825089000 ) ) ;
#975 = DIRECTION ( 'NONE',  ( -0.0000000000000000000, -1.000000000000000000, -0.0000000000000000000 ) ) ;
#976 = CARTESIAN_POINT ( 'NONE',  ( 2.143131898507868300E-016, 1.500000000000000000, 1.750000000000000000 ) ) ;
#977 = FACE_OUTER_BOUND ( 'NONE', #1167, .T. ) ;
#978 = CARTESIAN_POINT ( 'NONE',  ( 0.6956932119121445000, 0.1810000000000000200, 12.94726727275306500 ) ) ;
#979 = CIRCLE ( 'NONE', #1488, 2.000000000000000000 ) ;
#980 = APPLICATION_PROTOCOL_DEFINITION ( 'international standard', 'config_control_design', 1994, #2025 ) ;
#981 = LINE ( 'NONE', #1384, #99 ) ;
#982 = CARTESIAN_POINT ( 'NONE',  ( 0.03852196180945584300, -0.2000000000000008400, 10.89631168244382800 ) ) ;
#983 = PLANE ( 'NONE',  #554 ) ;
#984 = DIRECTION ( 'NONE',  ( -0.0000000000000000000, -1.000000000000000000, -0.0000000000000000000 ) ) ;
#985 = VERTEX_POINT ( 'NONE', #2222 ) ;
#986 = SECURITY_CLASSIFICATION_LEVEL ( 'unclassified' ) ;
#987 = CARTESIAN_POINT ( 'NONE',  ( -0.4405000000000002200, -0.5809999999999999600, 2.000000000000000000 ) ) ;
#988 = CARTESIAN_POINT ( 'NONE',  ( 0.3166061976059571500, -0.5810000000000016300, 12.02071940561319800 ) ) ;
#989 = CARTESIAN_POINT ( 'NONE',  ( 0.7472954131391808000, 0.1809999999999999700, 12.66975982648117100 ) ) ;
#990 = CIRCLE ( 'NONE', #1435, 0.5000000000000000000 ) ;
#991 = CARTESIAN_POINT ( 'NONE',  ( -0.2159699188562695900, -0.1999999999999999800, 5.612037205615491700 ) ) ;
#992 = DIRECTION ( 'NONE',  ( -1.000000000000000000, 0.0000000000000000000, -1.084202172485503800E-015 ) ) ;
#993 = CARTESIAN_POINT ( 'NONE',  ( 0.3166061976059571500, -0.5810000000000016300, 12.02071940561319800 ) ) ;
#994 = EDGE_CURVE ( 'NONE', #1324, #171, #1946, .T. ) ;
#995 = ORIENTED_EDGE ( 'NONE', *, *, #1163, .T. ) ;
#996 = CARTESIAN_POINT ( 'NONE',  ( -0.2955771086863053200, -0.5810000000000004100, 4.057187904915279500 ) ) ;
#997 = CARTESIAN_POINT ( 'NONE',  ( 0.7911260079914541600, 0.1809999999999997400, 12.34736873225242200 ) ) ;
#998 = CARTESIAN_POINT ( 'NONE',  ( 0.8381070401301293800, -0.1999999999999999800, 13.72790455780648400 ) ) ;
#999 = DIRECTION ( 'NONE',  ( -1.000000000000000000, 0.0000000000000000000, 0.0000000000000000000 ) ) ;
#1000 = CALENDAR_DATE ( 2017, 1, 6 ) ;
#1001 = AXIS2_PLACEMENT_3D ( 'NONE', #1605, #551, #1779 ) ;
#1002 = CYLINDRICAL_SURFACE ( 'NONE', #1134, 0.1905000000000000600 ) ;
#1003 = CARTESIAN_POINT ( 'NONE',  ( -0.2955771086863053200, -0.5810000000000004100, 4.057187904915279500 ) ) ;
#1004 = CIRCLE ( 'NONE', #382, 0.1905000000000000300 ) ;
#1005 = CARTESIAN_POINT ( 'NONE',  ( 0.5793284012692425700, -0.5810000000000001800, 12.92144089328214700 ) ) ;
#1006 = CARTESIAN_POINT ( 'NONE',  ( 0.8198321144196320000, 0.1809999999999993000, 12.04194880621103700 ) ) ;
#1007 = AXIS2_PLACEMENT_3D ( 'NONE', #644, #639, #633 ) ;
#1008 = ORIENTED_EDGE ( 'NONE', *, *, #1599, .F. ) ;
#1009 = CARTESIAN_POINT ( 'NONE',  ( -0.7067737199496685300, 0.1809999999999998800, 7.199751113525942400 ) ) ;
#1010 = DIRECTION ( 'NONE',  ( -0.0000000000000000000, 1.000000000000000000, -0.0000000000000000000 ) ) ;
#1011 = AXIS2_PLACEMENT_3D ( 'NONE', #1664, #1480, #144 ) ;
#1012 = EDGE_CURVE ( 'NONE', #2080, #750, #1331, .T. ) ;
#1013 = PRODUCT_DEFINITION_FORMATION_WITH_SPECIFIED_SOURCE ( 'ANY', '', #1985, .NOT_KNOWN. ) ;
#1014 = VERTEX_POINT ( 'NONE', #1018 ) ;
#1015 = CARTESIAN_POINT ( 'NONE',  ( 0.5793284012692425700, -0.5810000000000001800, 12.92144089328214700 ) ) ;
#1016 = EDGE_LOOP ( 'NONE', ( #42, #1670, #1807, #1758 ) ) ;
#1017 = CARTESIAN_POINT ( 'NONE',  ( -0.8140078254681919500, -0.2000000000000002600, 6.484294251957815700 ) ) ;
#1018 = CARTESIAN_POINT ( 'NONE',  ( -0.05950000000000494500, -0.2000000000000000900, 18.49999999999999600 ) ) ;
#1019 = CARTESIAN_POINT ( 'NONE',  ( 0.05949999999999561900, -0.2000000000000000100, 16.50000000000000700 ) ) ;
#1020 = CARTESIAN_POINT ( 'NONE',  ( -0.8140078254681919500, -0.2000000000000002600, 6.484294251957815700 ) ) ;
#1021 = SHAPE_REPRESENTATION ( 'EM4015LW-38C10nF', ( #732 ), #833 ) ;
#1022 = ADVANCED_FACE ( 'NONE', ( #1070 ), #76, .T. ) ;
#1023 = CARTESIAN_POINT ( 'NONE',  ( 0.1791521153656151200, -0.2000000000000000900, 13.99472127528659900 ) ) ;
#1024 = CARTESIAN_POINT ( 'NONE',  ( 0.7999406648428001300, 0.1809999999999998000, 11.68726891531311700 ) ) ;
#1025 = ADVANCED_FACE ( 'NONE', ( #130 ), #1433, .T. ) ;
#1026 = CARTESIAN_POINT ( 'NONE',  ( -0.4950000000000000000, 2.168404344971008900E-016, -0.1499999999999999700 ) ) ;
#1027 = DIRECTION ( 'NONE',  ( -0.0000000000000000000, 0.0000000000000000000, -1.000000000000000000 ) ) ;
#1028 = AXIS2_PLACEMENT_3D ( 'NONE', #1087, #955, #916 ) ;
#1029 = CARTESIAN_POINT ( 'NONE',  ( -1.209315597128664200, -0.2000000000000004000, 7.221549537272678300 ) ) ;
#1030 = VERTEX_POINT ( 'NONE', #1733 ) ;
#1031 = DIRECTION ( 'NONE',  ( -0.0000000000000000000, -1.000000000000000000, -0.0000000000000000000 ) ) ;
#1032 = CARTESIAN_POINT ( 'NONE',  ( 0.1791521153656151200, -0.2000000000000000900, 13.99472127528659900 ) ) ;
#1033 = CARTESIAN_POINT ( 'NONE',  ( -0.2596069603916788500, 0.1809999999999997700, 9.577017306700417600 ) ) ;
#1034 = TOROIDAL_SURFACE ( 'NONE', #1188, 0.7614471274339953400, 1.750000000000000000 ) ;
#1035 = DIRECTION ( 'NONE',  ( 0.0000000000000000000, 0.0000000000000000000, 1.000000000000000000 ) ) ;
#1036 = CARTESIAN_POINT ( 'NONE',  ( -0.3932546291147301400, -0.2000000000000002600, 14.85185761199775800 ) ) ;
#1037 = CIRCLE ( 'NONE', #1127, 0.2999999999999999300 ) ;
#1038 = ORIENTED_EDGE ( 'NONE', *, *, #2190, .F. ) ;
#1039 = FACE_OUTER_BOUND ( 'NONE', #2160, .T. ) ;
#1040 = CARTESIAN_POINT ( 'NONE',  ( -0.2596069603916788500, 0.1809999999999997700, 9.577017306700417600 ) ) ;
#1041 = CARTESIAN_POINT ( 'NONE',  ( 1.122786179078204100, -0.5809999999999998500, 12.73357838171478900 ) ) ;
#1042 = VECTOR ( 'NONE', #197, 1000.000000000000000 ) ;
#1043 = CARTESIAN_POINT ( 'NONE',  ( -0.05950000000000163500, 0.1809999999999999700, 16.50000000000001400 ) ) ;
#1044 = EDGE_CURVE ( 'NONE', #269, #1973, #556, .T. ) ;
#1045 = ORIENTED_EDGE ( 'NONE', *, *, #1511, .F. ) ;
#1046 = DIRECTION ( 'NONE',  ( -0.0000000000000000000, 1.000000000000000000, -0.0000000000000000000 ) ) ;
#1047 = DIRECTION ( 'NONE',  ( 0.0000000000000000000, 0.0000000000000000000, 1.000000000000000000 ) ) ;
#1048 = DIRECTION ( 'NONE',  ( -1.000000000000000000, 0.0000000000000000000, 0.0000000000000000000 ) ) ;
#1049 = VERTEX_POINT ( 'NONE', #2237 ) ;
#1050 = EDGE_CURVE ( 'NONE', #332, #135, #200, .T. ) ;
#1051 = DIRECTION ( 'NONE',  ( 0.0000000000000000000, 0.0000000000000000000, -1.000000000000000000 ) ) ;
#1052 = CARTESIAN_POINT ( 'NONE',  ( -0.05950000000000163500, 0.1809999999999999700, 16.50000000000001400 ) ) ;
#1053 = CARTESIAN_POINT ( 'NONE',  ( 0.3046660147997606300, 0.1809999999999994400, 11.75397945333090500 ) ) ;
#1054 = CARTESIAN_POINT ( 'NONE',  ( -0.6943745921014343700, 0.1809999999999998800, 6.489042951539604900 ) ) ;
#1055 = AXIS2_PLACEMENT_3D ( 'NONE', #1064, #4, #1249 ) ;
#1056 = CARTESIAN_POINT ( 'NONE',  ( -0.5450000000000001500, -0.2999999999999997700, 0.5000000000000000000 ) ) ;
#1057 = CARTESIAN_POINT ( 'NONE',  ( 0.3046660147997606300, 0.1809999999999994400, 11.75397945333090500 ) ) ;
#1058 = ORIENTED_EDGE ( 'NONE', *, *, #1746, .F. ) ;
#1059 = CARTESIAN_POINT ( 'NONE',  ( -0.4976344342303039000, -0.2000000000000001200, 3.243938969477629700 ) ) ;
#1060 = DIRECTION ( 'NONE',  ( -0.0000000000000000000, -1.000000000000000000, -0.0000000000000000000 ) ) ;
#1061 = CARTESIAN_POINT ( 'NONE',  ( 0.2499999999999956700, -0.2000000000000000400, 19.49999999999999600 ) ) ;
#1062 = ORIENTED_EDGE ( 'NONE', *, *, #1549, .T. ) ;
#1063 = CARTESIAN_POINT ( 'NONE',  ( -0.5918568091725217000, 0.1810000000000000200, 5.548223417570064000 ) ) ;
#1064 = CARTESIAN_POINT ( 'NONE',  ( 0.5450000000000001500, 1.555594421392245300E-016, 0.1500000000000000200 ) ) ;
#1065 = CARTESIAN_POINT ( 'NONE',  ( 0.4549999999999999600, 1.697012096064268000E-016, 0.5000000000000000000 ) ) ;
#1066 = DATE_AND_TIME ( #1534, #1994 ) ;
#1067 = DIRECTION ( 'NONE',  ( -1.000000000000000000, 0.0000000000000000000, 0.0000000000000000000 ) ) ;
#1068 = FACE_OUTER_BOUND ( 'NONE', #33, .T. ) ;
#1069 = CARTESIAN_POINT ( 'NONE',  ( 0.2545253790984672900, -0.2000000000000002100, 12.58600074719803500 ) ) ;
#1070 = FACE_OUTER_BOUND ( 'NONE', #446, .T. ) ;
#1071 = CARTESIAN_POINT ( 'NONE',  ( 0.4549999999999999000, -0.2999999999999998200, -0.1499999999999999700 ) ) ;
#1072 = CARTESIAN_POINT ( 'NONE',  ( 0.8450000000000000800, 1.071565949253933900E-016, -0.1499999999999999700 ) ) ;
#1073 = FACE_OUTER_BOUND ( 'NONE', #1251, .T. ) ;
#1074 = CARTESIAN_POINT ( 'NONE',  ( -0.5450000000000000400, -0.2999999999999997700, 0.1500000000000000200 ) ) ;
#1075 = FACE_OUTER_BOUND ( 'NONE', #139, .T. ) ;
#1076 = ORIENTED_EDGE ( 'NONE', *, *, #310, .T. ) ;
#1077 = ORIENTED_EDGE ( 'NONE', *, *, #94, .F. ) ;
#1078 = CARTESIAN_POINT ( 'NONE',  ( -0.8969119678249276600, -0.2000000000000002900, 4.659174948237671600 ) ) ;
#1079 = DIRECTION ( 'NONE',  ( -0.0000000000000000000, -1.000000000000000000, -0.0000000000000000000 ) ) ;
#1080 = CARTESIAN_POINT ( 'NONE',  ( -0.4181037379083541400, 0.1810000000000000500, 4.806800041049640100 ) ) ;
#1081 = EDGE_LOOP ( 'NONE', ( #1008, #1971, #1843, #1232 ) ) ;
#1082 = EDGE_CURVE ( 'NONE', #498, #1276, #492, .T. ) ;
#1083 = CARTESIAN_POINT ( 'NONE',  ( 0.1364375789365858400, -0.2000000000000000400, 13.08705125352223300 ) ) ;
#1084 = CARTESIAN_POINT ( 'NONE',  ( -0.4976344342303036800, -0.5809999999999999600, 3.231835179134309800 ) ) ;
#1085 = CARTESIAN_POINT ( 'NONE',  ( -0.1817441132121382900, 0.1809999999999999900, 4.088132241919537600 ) ) ;
#1086 = DIRECTION ( 'NONE',  ( 0.0000000000000000000, -1.000000000000000000, 0.0000000000000000000 ) ) ;
#1087 = CARTESIAN_POINT ( 'NONE',  ( 0.8450000000000000800, 1.071565949253933900E-016, 0.5000000000000000000 ) ) ;
#1088 = ORIENTED_EDGE ( 'NONE', *, *, #962, .F. ) ;
#1089 = DIRECTION ( 'NONE',  ( 0.0000000000000000000, 0.0000000000000000000, 1.000000000000000000 ) ) ;
#1090 = CLOSED_SHELL ( 'NONE', ( #242, #1814, #1025, #143, #1989, #342, #782, #413 ) ) ;
#1091 = ORIENTED_EDGE ( 'NONE', *, *, #1999, .T. ) ;
#1092 = DIRECTION ( 'NONE',  ( 0.0000000000000000000, 0.0000000000000000000, -1.000000000000000000 ) ) ;
#1093 = LINE ( 'NONE', #1972, #1510 ) ;
#1094 = CARTESIAN_POINT ( 'NONE',  ( 0.1073588657426045000, -0.5809999999999999600, 14.89467066445557800 ) ) ;
#1095 = VECTOR ( 'NONE', #1296, 1000.000000000000000 ) ;
#1096 = MANIFOLD_SOLID_BREP ( 'Hole Cut-Extrude1', #318 ) ;
#1097 = PRODUCT_DEFINITION_SHAPE ( 'NONE', 'NONE',  #6 ) ;
#1098 = LINE ( 'NONE', #1707, #640 ) ;
#1099 = PLANE ( 'NONE',  #1325 ) ;
#1100 = DIRECTION ( 'NONE',  ( 0.0000000000000000000, 0.0000000000000000000, 1.000000000000000000 ) ) ;
#1101 = CARTESIAN_POINT ( 'NONE',  ( -0.5050000000000000000, 2.168404344971008900E-016, -0.1499999999999999700 ) ) ;
#1102 = ADVANCED_FACE ( 'NONE', ( #22 ), #1887, .T. ) ;
#1103 = DIRECTION ( 'NONE',  ( 0.0000000000000000000, 0.0000000000000000000, 1.000000000000000000 ) ) ;
#1104 = CARTESIAN_POINT ( 'NONE',  ( 0.2933146805289771300, -0.5810000000000002900, 14.03143505516129600 ) ) ;
#1105 = DIRECTION ( 'NONE',  ( 0.0000000000000000000, 0.0000000000000000000, 1.000000000000000000 ) ) ;
#1106 = VECTOR ( 'NONE', #1627, 1000.000000000000000 ) ;
#1107 = DIRECTION ( 'NONE',  ( 1.000000000000000000, 0.0000000000000000000, 0.0000000000000000000 ) ) ;
#1108 = CARTESIAN_POINT ( 'NONE',  ( 0.05949999999999496700, -0.2000000000000000100, 18.49999999999999600 ) ) ;
#1109 = CARTESIAN_POINT ( 'NONE',  ( 0.7236940145162864500, 0.1810000000000003000, 11.32823292157365300 ) ) ;
#1110 = VERTEX_POINT ( 'NONE', #2067 ) ;
#1111 = CARTESIAN_POINT ( 'NONE',  ( 0.4886375451865204700, -0.5809999999999999600, 13.57570468892459200 ) ) ;
#1112 = CARTESIAN_POINT ( 'NONE',  ( -0.6600340101624200300, -0.2000000000000003700, 3.943198197312319600 ) ) ;
#1113 = ADVANCED_FACE ( 'NONE', ( #444 ), #1221, .F. ) ;
#1114 = AXIS2_PLACEMENT_3D ( 'NONE', #1558, #1376, #1200 ) ;
#1115 = APPROVAL_DATE_TIME ( #1595, #64 ) ;
#1116 = EDGE_CURVE ( 'NONE', #774, #2205, #911, .T. ) ;
#1117 = CARTESIAN_POINT ( 'NONE',  ( 0.0000000000000000000, 1.350000000000000300, 0.0000000000000000000 ) ) ;
#1118 = CARTESIAN_POINT ( 'NONE',  ( -0.05950000000000017100, -0.2000000000000000400, 2.000000000000000000 ) ) ;
#1119 = CIRCLE ( 'NONE', #1417, 0.1250000000000000000 ) ;
#1120 = EDGE_CURVE ( 'NONE', #396, #1781, #1004, .T. ) ;
#1121 = CARTESIAN_POINT ( 'NONE',  ( -0.2499999999999956700, -0.2000000000000000900, 18.49999999999999600 ) ) ;
#1122 = CARTESIAN_POINT ( 'NONE',  ( 0.4821352417481250500, 0.1809999999999997700, 10.66516548205837400 ) ) ;
#1123 = LINE ( 'NONE', #2200, #1540 ) ;
#1124 = CIRCLE ( 'NONE', #1525, 0.3500000000000000300 ) ;
#1125 = CARTESIAN_POINT ( 'NONE',  ( 0.6121588859982057800, -0.5810000000000001800, 13.24337269799121400 ) ) ;
#1126 = CARTESIAN_POINT ( 'NONE',  ( 0.2067654361016322300, -0.2000000000000001500, 12.83882605519560000 ) ) ;
#1127 = AXIS2_PLACEMENT_3D ( 'NONE', #540, #1772, #719 ) ;
#1128 = ADVANCED_FACE ( 'NONE', ( #1841 ), #848, .F. ) ;
#1129 = CARTESIAN_POINT ( 'NONE',  ( -0.1529414455813392900, 0.1809999999999999100, 9.521119328708779900 ) ) ;
#1130 = DIRECTION ( 'NONE',  ( -1.000000000000000000, 1.571307496355803200E-016, 0.0000000000000000000 ) ) ;
#1131 = ORIENTED_EDGE ( 'NONE', *, *, #436, .F. ) ;
#1132 = CARTESIAN_POINT ( 'NONE',  ( 0.7911260079914547200, -0.2000000000000003700, 12.34737004607344700 ) ) ;
#1133 = AXIS2_PLACEMENT_3D ( 'NONE', #1906, #865, #2077 ) ;
#1134 = AXIS2_PLACEMENT_3D ( 'NONE', #950, #431, #2162 ) ;
#1135 = FACE_OUTER_BOUND ( 'NONE', #388, .T. ) ;
#1136 = CARTESIAN_POINT ( 'NONE',  ( 0.3749999999999956700, -0.2000000000000000100, 19.49999999999999600 ) ) ;
#1137 = APPROVAL ( #648, 'UNSPECIFIED' ) ;
#1138 = CARTESIAN_POINT ( 'NONE',  ( -0.5740925629790678600, 0.1809999999999999400, 8.312218114910923100 ) ) ;
#1139 = CARTESIAN_POINT ( 'NONE',  ( 0.7911260079914546100, -0.2000000000000003400, 12.34737004607344500 ) ) ;
#1140 = ORIENTED_EDGE ( 'NONE', *, *, #1479, .F. ) ;
#1141 = ORIENTED_EDGE ( 'NONE', *, *, #1632, .F. ) ;
#1142 = CARTESIAN_POINT ( 'NONE',  ( 0.0000000000000000000, 1.350000000000000300, 0.0000000000000000000 ) ) ;
#1143 = DIRECTION ( 'NONE',  ( 0.0000000000000000000, 0.0000000000000000000, -1.000000000000000000 ) ) ;
#1144 = EDGE_LOOP ( 'NONE', ( #1878, #1705, #292, #1797 ) ) ;
#1145 = CARTESIAN_POINT ( 'NONE',  ( -0.7067737199496685300, 0.1809999999999998800, 7.199751113525942400 ) ) ;
#1146 = FACE_OUTER_BOUND ( 'NONE', #142, .T. ) ;
#1147 = EDGE_CURVE ( 'NONE', #622, #332, #1791, .T. ) ;
#1148 = TOROIDAL_SURFACE ( 'NONE', #2109, 0.05000000000000002400, 0.2999999999999999900 ) ;
#1149 = CARTESIAN_POINT ( 'NONE',  ( 0.6726397037424130000, -0.2000000000000005700, 12.33481655574229700 ) ) ;
#1150 = DIRECTION ( 'NONE',  ( 0.0000000000000000000, 0.0000000000000000000, 1.000000000000000000 ) ) ;
#1151 = CIRCLE ( 'NONE', #1657, 0.1250000000000000000 ) ;
#1152 = CARTESIAN_POINT ( 'NONE',  ( -0.6943745921014343700, 0.1809999999999998800, 6.489042951539604900 ) ) ;
#1153 = DIRECTION ( 'NONE',  ( 0.0000000000000000000, 0.0000000000000000000, 1.000000000000000000 ) ) ;
#1154 = ORIENTED_EDGE ( 'NONE', *, *, #1860, .T. ) ;
#1155 = CARTESIAN_POINT ( 'NONE',  ( 0.1249999999999956400, -0.2000000000000000400, 19.49999999999999600 ) ) ;
#1156 = CARTESIAN_POINT ( 'NONE',  ( -0.5918568091725217000, 0.1810000000000000200, 5.548223417570064000 ) ) ;
#1157 = DIRECTION ( 'NONE',  ( -0.0000000000000000000, -0.0000000000000000000, -1.000000000000000000 ) ) ;
#1158 = PERSON_AND_ORGANIZATION_ROLE ( 'design_owner' ) ;
#1159 = EDGE_CURVE ( 'NONE', #1030, #1426, #2228, .T. ) ;
#1160 = B_SPLINE_CURVE_WITH_KNOTS ( 'NONE', 3,
 ( #1465, #246, #2159, #1112, #63, #1303, #253, #1472, #427, #1658, #609, #1827, #780, #1996, #952, #2165, #1126, #71, #1309, #265, #1484, #433, #1667 ),
 .UNSPECIFIED., .F., .F.,
 ( 4, 1, 1, 1, 1, 1, 1, 1, 1, 1, 1, 1, 1, 1, 1, 1, 1, 1, 1, 1, 4 ),
 ( 0.0000000000000000000, 0.06249999999974571700, 0.1250000000000000000, 0.1875000000001292000, 0.2500000000000000600, 0.2765376830112973300, 0.3333333333333332600, 0.3350251083088975300, 0.4166666666666666900, 0.5000000000000000000, 0.5416666666663466600, 0.5571132369018793100, 0.5833333333333330400, 0.6249999999999998900, 0.6263868276784018100, 0.6666666666666663000, 0.7083333333333196000, 0.7499999999999927800, 0.8333333333333332600, 0.9166666666666667400, 1.000000000000000000 ),
 .UNSPECIFIED. ) ;
#1161 = CARTESIAN_POINT ( 'NONE',  ( 0.3046660147997609600, -0.2000000000000006200, 11.75397933267926800 ) ) ;
#1162 = CARTESIAN_POINT ( 'NONE',  ( 0.4404999999999998900, -0.1999999999999999800, 2.000000000000000000 ) ) ;
#1163 = EDGE_CURVE ( 'NONE', #1290, #1300, #1319, .T. ) ;
#1164 = CARTESIAN_POINT ( 'NONE',  ( -0.4181037379083541400, 0.1810000000000000500, 4.806800041049640100 ) ) ;
#1165 = CARTESIAN_POINT ( 'NONE',  ( 0.4404999999999998900, -0.1999999999999999800, 2.000000000000000000 ) ) ;
#1166 = DATE_TIME_ROLE ( 'classification_date' ) ;
#1167 = EDGE_LOOP ( 'NONE', ( #220, #1284, #2065, #437 ) ) ;
#1168 = CARTESIAN_POINT ( 'NONE',  ( -0.4976344342303036800, -0.5809999999999999600, 3.231835179134309800 ) ) ;
#1169 = CARTESIAN_POINT ( 'NONE',  ( 0.9746585219791609200, -0.5810000000000001800, 13.36251044516953000 ) ) ;
#1170 = APPROVAL_PERSON_ORGANIZATION ( #1650, #64, #1522 ) ;
#1171 = CARTESIAN_POINT ( 'NONE',  ( 0.2545253790984671700, -0.5809999999999999600, 12.58599794897550700 ) ) ;
#1172 = CARTESIAN_POINT ( 'NONE',  ( -0.1817441132121382900, 0.1809999999999999900, 4.088132241919537600 ) ) ;
#1173 = CYLINDRICAL_SURFACE ( 'NONE', #1953, 2.000000000000000000 ) ;
#1174 = CARTESIAN_POINT ( 'NONE',  ( -0.3238368095392740700, -0.2000000000000000400, 7.183178955531594100 ) ) ;
#1175 = CARTESIAN_POINT ( 'NONE',  ( -0.5000000000000000000, -0.1567627168904499300, 0.4674503883319678900 ) ) ;
#1176 = FACE_OUTER_BOUND ( 'NONE', #132, .T. ) ;
#1177 = ORIENTED_EDGE ( 'NONE', *, *, #1662, .T. ) ;
#1178 = CARTESIAN_POINT ( 'NONE',  ( 0.2545253790984671700, -0.5809999999999999600, 12.58599794897550700 ) ) ;
#1179 = CARTESIAN_POINT ( 'NONE',  ( -0.5050000000000000000, 2.168404344971008900E-016, 0.1500000000000000200 ) ) ;
#1180 = CARTESIAN_POINT ( 'NONE',  ( -0.7092598011610624600, -0.5809999999999999600, 5.528286849295219500 ) ) ;
#1181 = CARTESIAN_POINT ( 'NONE',  ( 0.0005344321782342605200, 0.1809999999999999700, 3.321009141597723000 ) ) ;
#1182 = VERTEX_POINT ( 'NONE', #1234 ) ;
#1183 = CARTESIAN_POINT ( 'NONE',  ( 0.4888263488238936400, -0.2000000000000000700, 14.93379431026489700 ) ) ;
#1184 = DIRECTION ( 'NONE',  ( 1.084202172485504400E-016, -0.0000000000000000000, -1.000000000000000000 ) ) ;
#1185 = EDGE_LOOP ( 'NONE', ( #474, #1966, #1177, #77 ) ) ;
#1186 = CARTESIAN_POINT ( 'NONE',  ( -0.7092598011610624600, -0.5809999999999999600, 5.528286849295219500 ) ) ;
#1187 = CARTESIAN_POINT ( 'NONE',  ( 0.3794856556896977200, -0.5809999999999999600, 13.52812573541875300 ) ) ;
#1188 = AXIS2_PLACEMENT_3D ( 'NONE', #1641, #1286, #1812 ) ;
#1189 = FACE_OUTER_BOUND ( 'NONE', #2207, .T. ) ;
#1190 = CARTESIAN_POINT ( 'NONE',  ( 0.0005344321782342605200, 0.1809999999999999700, 3.321009141597723000 ) ) ;
#1191 = DIRECTION ( 'NONE',  ( 0.0000000000000000000, 1.000000000000000000, 0.0000000000000000000 ) ) ;
#1192 = AXIS2_PLACEMENT_3D ( 'NONE', #175, #521, #700 ) ;
#1193 = EDGE_CURVE ( 'NONE', #869, #2193, #395, .T. ) ;
#1194 = AXIS2_PLACEMENT_3D ( 'NONE', #1802, #749, #1964 ) ;
#1195 = CARTESIAN_POINT ( 'NONE',  ( 0.3794856556896977200, -0.5809999999999999600, 13.52812573541875300 ) ) ;
#1196 = EDGE_CURVE ( 'NONE', #2193, #1258, #1268, .T. ) ;
#1197 = EDGE_LOOP ( 'NONE', ( #967, #164 ) ) ;
#1198 = CARTESIAN_POINT ( 'NONE',  ( -0.6902931386092547900, -0.2000000000000002900, 8.337758022406605500 ) ) ;
#1199 = CARTESIAN_POINT ( 'NONE',  ( 0.05949999999999976100, 0.1810000000000000800, 2.494489341287152900 ) ) ;
#1200 = DIRECTION ( 'NONE',  ( 1.000000000000000000, 0.0000000000000000000, 0.0000000000000000000 ) ) ;
#1201 = DIRECTION ( 'NONE',  ( 1.000000000000000000, 0.0000000000000000000, 0.0000000000000000000 ) ) ;
#1202 = VERTEX_POINT ( 'NONE', #1246 ) ;
#1203 = FACE_OUTER_BOUND ( 'NONE', #597, .T. ) ;
#1204 = DIRECTION ( 'NONE',  ( -3.252606517456533000E-016, 0.0000000000000000000, 1.000000000000000000 ) ) ;
#1205 = CARTESIAN_POINT ( 'NONE',  ( -0.6902931386092547900, -0.2000000000000002900, 8.337758022406605500 ) ) ;
#1206 = DIRECTION ( 'NONE',  ( -1.000000000000000000, 0.0000000000000000000, 0.0000000000000000000 ) ) ;
#1207 = LINE ( 'NONE', #546, #746 ) ;
#1208 = CARTESIAN_POINT ( 'NONE',  ( -0.05950000000000176700, -0.2000000000000000900, 15.85216742217849100 ) ) ;
#1209 = CARTESIAN_POINT ( 'NONE',  ( 0.05949999999999978900, 0.1810000000000000800, 2.000000000000000000 ) ) ;
#1210 = ORIENTED_EDGE ( 'NONE', *, *, #1944, .T. ) ;
#1211 = EDGE_CURVE ( 'NONE', #1426, #2161, #1729, .T. ) ;
#1212 = ORIENTED_EDGE ( 'NONE', *, *, #1159, .T. ) ;
#1213 = DIRECTION ( 'NONE',  ( -0.0000000000000000000, 1.000000000000000000, -0.0000000000000000000 ) ) ;
#1214 = CARTESIAN_POINT ( 'NONE',  ( -0.6011158775575561300, -0.2000000000000002100, 9.755974404524334200 ) ) ;
#1215 = ORIENTED_EDGE ( 'NONE', *, *, #860, .T. ) ;
#1216 = ORIENTED_EDGE ( 'NONE', *, *, #1497, .T. ) ;
#1217 = CARTESIAN_POINT ( 'NONE',  ( -0.05950000000000176700, -0.2000000000000000900, 15.85216742217849100 ) ) ;
#1218 = CARTESIAN_POINT ( 'NONE',  ( 0.6092971559885970200, 0.1810000000000002200, 11.36391900304761500 ) ) ;
#1219 = ORIENTED_EDGE ( 'NONE', *, *, #2097, .T. ) ;
#1220 = ORIENTED_EDGE ( 'NONE', *, *, #1385, .F. ) ;
#1221 = PLANE ( 'NONE',  #181 ) ;
#1222 = PLANE ( 'NONE',  #664 ) ;
#1223 = CARTESIAN_POINT ( 'NONE',  ( -0.4405000000000017800, -0.2000000000000000700, 16.50000000000001400 ) ) ;
#1224 = DIRECTION ( 'NONE',  ( -1.571307496355803400E-016, -1.000000000000000000, 0.0000000000000000000 ) ) ;
#1225 = CARTESIAN_POINT ( 'NONE',  ( 0.6092971559885970200, 0.1810000000000002200, 11.36391900304761500 ) ) ;
#1226 = DIRECTION ( 'NONE',  ( 0.0000000000000000000, 0.0000000000000000000, -1.000000000000000000 ) ) ;
#1227 = CARTESIAN_POINT ( 'NONE',  ( -0.4405000000000003400, 0.1809999999999999900, 2.471670922934038100 ) ) ;
#1228 = DIRECTION ( 'NONE',  ( 1.084202172485504400E-016, -0.0000000000000000000, -1.000000000000000000 ) ) ;
#1229 = DIRECTION ( 'NONE',  ( 0.0000000000000000000, 0.0000000000000000000, -1.000000000000000000 ) ) ;
#1230 = ORIENTED_EDGE ( 'NONE', *, *, #1856, .T. ) ;
#1231 = CARTESIAN_POINT ( 'NONE',  ( -0.4405000000000003400, 0.1809999999999999900, 2.471670922934038100 ) ) ;
#1232 = ORIENTED_EDGE ( 'NONE', *, *, #1909, .T. ) ;
#1233 = CARTESIAN_POINT ( 'NONE',  ( 0.2932843934996832700, 0.1809999999999993800, 12.29461929436879900 ) ) ;
#1234 = CARTESIAN_POINT ( 'NONE',  ( -0.1549999999999999700, -9.980871413050932400E-017, -0.1499999999999999700 ) ) ;
#1235 = CARTESIAN_POINT ( 'NONE',  ( 0.1885674715845383800, -0.2000000000000000400, 9.342188139060951400 ) ) ;
#1236 = CARTESIAN_POINT ( 'NONE',  ( -0.3749999999999956700, -0.2000000000000000900, 19.49999999999999600 ) ) ;
#1237 = DIRECTION ( 'NONE',  ( -0.0000000000000000000, -1.000000000000000000, -0.0000000000000000000 ) ) ;
#1238 = LINE ( 'NONE', #1968, #311 ) ;
#1239 = DIRECTION ( 'NONE',  ( -1.000000000000000000, 0.0000000000000000000, 0.0000000000000000000 ) ) ;
#1240 = DIRECTION ( 'NONE',  ( 0.0000000000000000000, 1.000000000000000000, 0.0000000000000000000 ) ) ;
#1241 = VECTOR ( 'NONE', #1603, 1000.000000000000000 ) ;
#1242 = CARTESIAN_POINT ( 'NONE',  ( 0.2932843934996832700, 0.1809999999999993800, 12.29461929436879900 ) ) ;
#1243 = CYLINDRICAL_SURFACE ( 'NONE', #409, 0.1905000000000000300 ) ;
#1244 = ORIENTED_EDGE ( 'NONE', *, *, #1317, .T. ) ;
#1245 = CARTESIAN_POINT ( 'NONE',  ( -0.8969119678249276600, -0.2000000000000002900, 4.659174948237671600 ) ) ;
#1246 = CARTESIAN_POINT ( 'NONE',  ( 0.4404999999999956700, -0.2000000000000000400, 16.50000000000000700 ) ) ;
#1247 = CARTESIAN_POINT ( 'NONE',  ( 1.089956225432670000, -0.1999999999999999800, 11.21397782126022800 ) ) ;
#1248 = CARTESIAN_POINT ( 'NONE',  ( 1.203290263031654600, -0.2000000000000000700, 12.05812443070645700 ) ) ;
#1249 = DIRECTION ( 'NONE',  ( -1.000000000000000000, 0.0000000000000000000, 0.0000000000000000000 ) ) ;
#1250 = ORIENTED_EDGE ( 'NONE', *, *, #1012, .F. ) ;
#1251 = EDGE_LOOP ( 'NONE', ( #1573, #287, #946, #261 ) ) ;
#1252 = DIRECTION ( 'NONE',  ( 0.0000000000000000000, -1.000000000000000000, 0.0000000000000000000 ) ) ;
#1253 = CARTESIAN_POINT ( 'NONE',  ( -0.2020554258773764300, -0.2000000000000000400, 8.230285501889360600 ) ) ;
#1254 = CARTESIAN_POINT ( 'NONE',  ( 0.05949999999999976100, 0.1810000000000000800, 2.494489341287152900 ) ) ;
#1255 = CARTESIAN_POINT ( 'NONE',  ( 0.4950000000000000000, 2.143131898507862800E-017, 0.1500000000000000200 ) ) ;
#1256 = CARTESIAN_POINT ( 'NONE',  ( 0.4950000000000000000, 1.634159796210035700E-016, 0.1500000000000000200 ) ) ;
#1257 = DIRECTION ( 'NONE',  ( 0.0000000000000000000, 0.0000000000000000000, 1.000000000000000000 ) ) ;
#1258 = VERTEX_POINT ( 'NONE', #726 ) ;
#1259 = AXIS2_PLACEMENT_3D ( 'NONE', #333, #1726, #677 ) ;
#1260 = CARTESIAN_POINT ( 'NONE',  ( -1.197035236499575300, -0.2000000000000003700, 6.468697564501578500 ) ) ;
#1261 = CARTESIAN_POINT ( 'NONE',  ( 0.8201685610613916900, -0.1999999999999999800, 10.48902833289080400 ) ) ;
#1262 = CARTESIAN_POINT ( 'NONE',  ( -0.6600340101624204700, -0.5810000000000005200, 3.946439183296845100 ) ) ;
#1263 = DIRECTION ( 'NONE',  ( 1.000000000000000000, 0.0000000000000000000, 1.224646799147353200E-016 ) ) ;
#1264 = CC_DESIGN_APPROVAL ( #1137, ( #1013 ) ) ;
#1265 = ORIENTED_EDGE ( 'NONE', *, *, #906, .T. ) ;
#1266 = CARTESIAN_POINT ( 'NONE',  ( 0.2499999999999956700, -0.2000000000000000400, 19.49999999999999600 ) ) ;
#1267 = LINE ( 'NONE', #1056, #794 ) ;
#1268 = CIRCLE ( 'NONE', #744, 0.1499999999999999700 ) ;
#1269 = CARTESIAN_POINT ( 'NONE',  ( -0.1863599630145619500, -0.2000000000000000400, 13.87904554889006400 ) ) ;
#1270 = CARTESIAN_POINT ( 'NONE',  ( 0.9746585219791609200, -0.5810000000000001800, 13.36251044516953000 ) ) ;
#1271 = CARTESIAN_POINT ( 'NONE',  ( 0.05949999999999978900, 0.1810000000000000800, 2.000000000000000000 ) ) ;
#1272 = ORIENTED_EDGE ( 'NONE', *, *, #1280, .F. ) ;
#1273 = CARTESIAN_POINT ( 'NONE',  ( 0.5000000000000000000, 2.265596578422598400E-017, 0.4999642838919423600 ) ) ;
#1274 = ORIENTED_EDGE ( 'NONE', *, *, #853, .F. ) ;
#1275 = MANIFOLD_SOLID_BREP ( 'Boss-Extrude4[2]', #1821 ) ;
#1276 = VERTEX_POINT ( 'NONE', #716 ) ;
#1277 = VERTEX_POINT ( 'NONE', #1071 ) ;
#1278 = EDGE_CURVE ( 'NONE', #45, #262, #1207, .T. ) ;
#1279 = DIRECTION ( 'NONE',  ( 0.0000000000000000000, -0.0000000000000000000, 1.000000000000000000 ) ) ;
#1280 = EDGE_CURVE ( 'NONE', #379, #445, #796, .T. ) ;
#1281 = CARTESIAN_POINT ( 'NONE',  ( 0.6956932119121442800, -0.5810000000000001800, 12.94725141488770600 ) ) ;
#1282 = CARTESIAN_POINT ( 'NONE',  ( 0.1364375789365858400, -0.2000000000000000400, 13.08705125352223300 ) ) ;
#1283 = CARTESIAN_POINT ( 'NONE',  ( 1.068256177079754500, -0.5810000000000001800, 13.02986625304007400 ) ) ;
#1284 = ORIENTED_EDGE ( 'NONE', *, *, #1116, .F. ) ;
#1285 = CARTESIAN_POINT ( 'NONE',  ( 0.7472954131391804600, -0.5809999999999998500, 12.66975702827048900 ) ) ;
#1286 = DIRECTION ( 'NONE',  ( -0.0000000000000000000, 1.000000000000000000, -0.0000000000000000000 ) ) ;
#1287 = ADVANCED_FACE ( 'NONE', ( #284 ), #930, .T. ) ;
#1288 = AXIS2_PLACEMENT_3D ( 'NONE', #2029, #984, #2201 ) ;
#1289 = ORIENTED_EDGE ( 'NONE', *, *, #1355, .T. ) ;
#1290 = VERTEX_POINT ( 'NONE', #2146 ) ;
#1291 = DIRECTION ( 'NONE',  ( 0.0000000000000000000, 1.000000000000000000, 0.0000000000000000000 ) ) ;
#1292 = AXIS2_PLACEMENT_3D ( 'NONE', #1411, #1312, #1451 ) ;
#1293 = CARTESIAN_POINT ( 'NONE',  ( 0.7911260079914543800, -0.5810000000000002900, 12.34737135989446200 ) ) ;
#1294 = FACE_OUTER_BOUND ( 'NONE', #1197, .T. ) ;
#1295 = VECTOR ( 'NONE', #717, 1000.000000000000000 ) ;
#1296 = DIRECTION ( 'NONE',  ( -3.252606517456533000E-016, 0.0000000000000000000, 1.000000000000000000 ) ) ;
#1297 = ADVANCED_FACE ( 'NONE', ( #341 ), #1629, .T. ) ;
#1298 = CARTESIAN_POINT ( 'NONE',  ( -0.2500000000000050000, -0.2000000000000000900, 18.49999999999999600 ) ) ;
#1299 = CARTESIAN_POINT ( 'NONE',  ( 0.4404999999999982300, 0.1810000000000000500, 16.50000000000001400 ) ) ;
#1300 = VERTEX_POINT ( 'NONE', #933 ) ;
#1301 = DIRECTION ( 'NONE',  ( -1.000000000000000000, 0.0000000000000000000, 0.0000000000000000000 ) ) ;
#1302 = CARTESIAN_POINT ( 'NONE',  ( 0.8198321144196336600, -0.5810000000000008500, 12.04194817155947900 ) ) ;
#1303 = CARTESIAN_POINT ( 'NONE',  ( -1.085146691477314900, -0.2000000000000002600, 5.464473061234900600 ) ) ;
#1304 = VERTEX_POINT ( 'NONE', #414 ) ;
#1305 = EDGE_CURVE ( 'NONE', #1608, #422, #224, .T. ) ;
#1306 = DIRECTION ( 'NONE',  ( -1.000000000000000000, 0.0000000000000000000, 0.0000000000000000000 ) ) ;
#1307 = CARTESIAN_POINT ( 'NONE',  ( 0.4404999999999981700, 0.1810000000000000500, 15.83905888310917800 ) ) ;
#1308 = CARTESIAN_POINT ( 'NONE',  ( 0.7999406648428004600, -0.5810000000000001800, 11.68726879466409800 ) ) ;
#1309 = CARTESIAN_POINT ( 'NONE',  ( 0.03001616074608837200, -0.2000000000000000700, 13.37625726501755400 ) ) ;
#1310 = ADVANCED_FACE ( 'NONE', ( #2069 ), #1148, .T. ) ;
#1311 = CARTESIAN_POINT ( 'NONE',  ( 0.4888263488238934800, 0.1809999999999999400, 14.94354443959850600 ) ) ;
#1312 = DIRECTION ( 'NONE',  ( 0.0000000000000000000, 0.0000000000000000000, -1.000000000000000000 ) ) ;
#1313 = CARTESIAN_POINT ( 'NONE',  ( -0.1817441132121381300, -0.2000000000000000900, 4.089752741539139300 ) ) ;
#1314 = CALENDAR_DATE ( 2017, 1, 6 ) ;
#1315 = AXIS2_PLACEMENT_3D ( 'NONE', #19, #1257, #206 ) ;
#1316 = CIRCLE ( 'NONE', #279, 1.750000000000000000 ) ;
#1317 = EDGE_CURVE ( 'NONE', #1202, #149, #1675, .T. ) ;
#1318 = CARTESIAN_POINT ( 'NONE',  ( 0.6588267589091542100, 0.1810000000000000200, 14.14310506316856000 ) ) ;
#1319 = CIRCLE ( 'NONE', #277, 0.05000000000000002400 ) ;
#1320 = CARTESIAN_POINT ( 'NONE',  ( 0.6956932119121445000, -0.2000000000000000100, 12.94725934382038100 ) ) ;
#1321 = CARTESIAN_POINT ( 'NONE',  ( -0.2955771086863050500, -0.2000000000000002600, 4.055567411923016500 ) ) ;
#1322 = CARTESIAN_POINT ( 'NONE',  ( 0.8381070401301293800, 0.1809999999999999900, 13.72823595490951300 ) ) ;
#1323 = CLOSED_SHELL ( 'NONE', ( #1738, #763, #255, #2166, #250, #2173, #1297, #1102 ) ) ;
#1324 = VERTEX_POINT ( 'NONE', #421 ) ;
#1325 = AXIS2_PLACEMENT_3D ( 'NONE', #251, #2100, #2089 ) ;
#1326 = CARTESIAN_POINT ( 'NONE',  ( 0.0000000000000000000, -0.3999999999999999700, 0.0000000000000000000 ) ) ;
#1327 = CARTESIAN_POINT ( 'NONE',  ( 0.5793284012692424500, -0.2000000000000000700, 12.92144882224773800 ) ) ;
#1328 = AXIS2_PLACEMENT_3D ( 'NONE', #61, #41, #36 ) ;
#1329 = CARTESIAN_POINT ( 'NONE',  ( 0.9746585219791609200, 0.1810000000000000800, 13.36238560568889100 ) ) ;
#1330 = ORIENTED_EDGE ( 'NONE', *, *, #34, .F. ) ;
#1331 = B_SPLINE_CURVE_WITH_KNOTS ( 'NONE', 3,
 ( #836, #495, #675, #1891, #846, #2057 ),
 .UNSPECIFIED., .F., .F.,
 ( 4, 2, 4 ),
 ( 0.0000000000000000000, 0.0002344376887355822000, 0.0004688753774711643000 ),
 .UNSPECIFIED. ) ;
#1332 = CARTESIAN_POINT ( 'NONE',  ( 1.203290263031654900, -0.5809999999999999600, 12.05812379605489500 ) ) ;
#1333 = ORIENTED_EDGE ( 'NONE', *, *, #2130, .T. ) ;
#1334 = CARTESIAN_POINT ( 'NONE',  ( 1.068256177079754500, 0.1810000000000000500, 13.02989796877079300 ) ) ;
#1335 = CARTESIAN_POINT ( 'NONE',  ( -0.4549999999999999600, -0.2999999999999997700, 0.1500000000000000200 ) ) ;
#1336 = APPLICATION_PROTOCOL_DEFINITION ( 'international standard', 'config_control_design', 1994, #102 ) ;
#1337 = LINE ( 'NONE', #15, #879 ) ;
#1338 = CARTESIAN_POINT ( 'NONE',  ( 0.2932843934996835500, -0.2000000000000007900, 12.29462192202196000 ) ) ;
#1339 = CARTESIAN_POINT ( 'NONE',  ( 1.177339948175596400, -0.5809999999999998500, 11.63643532448106700 ) ) ;
#1340 = CIRCLE ( 'NONE', #1447, 0.3500000000000000300 ) ;
#1341 = CARTESIAN_POINT ( 'NONE',  ( 1.122786179078204100, 0.1809999999999999700, 12.73358397813614900 ) ) ;
#1342 = DIRECTION ( 'NONE',  ( -0.0000000000000000000, 0.0000000000000000000, -1.000000000000000000 ) ) ;
#1343 = CARTESIAN_POINT ( 'NONE',  ( 0.5000000000000000000, 2.265596578422598400E-017, 0.4999642838919423600 ) ) ;
#1344 = APPROVAL_ROLE ( '' ) ;
#1345 = ORIENTED_EDGE ( 'NONE', *, *, #296, .T. ) ;
#1346 = ORIENTED_EDGE ( 'NONE', *, *, #2022, .T. ) ;
#1347 = CARTESIAN_POINT ( 'NONE',  ( -0.8969119678249269900, -0.5810000000000004100, 4.658314794642917500 ) ) ;
#1348 = CARTESIAN_POINT ( 'NONE',  ( 0.1364375789365855400, -0.5810000000000004100, 13.08711367352203000 ) ) ;
#1349 = CARTESIAN_POINT ( 'NONE',  ( 0.1885674715845383800, -0.2000000000000000400, 9.342188139060951400 ) ) ;
#1350 = CARTESIAN_POINT ( 'NONE',  ( -0.5000000000000000000, -9.980871413050932400E-017, 0.4999642838919423600 ) ) ;
#1351 = AXIS2_PLACEMENT_3D ( 'NONE', #1368, #1377, #339 ) ;
#1352 = FACE_OUTER_BOUND ( 'NONE', #1434, .T. ) ;
#1353 = CARTESIAN_POINT ( 'NONE',  ( 0.1364375789365855400, -0.5810000000000004100, 13.08711367352203000 ) ) ;
#1354 = CARTESIAN_POINT ( 'NONE',  ( 0.4404999999999982800, -0.2000000000000000100, 16.50000000000001400 ) ) ;
#1355 = EDGE_CURVE ( 'NONE', #1375, #1014, #2015, .T. ) ;
#1356 = CARTESIAN_POINT ( 'NONE',  ( -0.8263786867182689700, -0.5810000000000001800, 7.204977379135491400 ) ) ;
#1357 = CARTESIAN_POINT ( 'NONE',  ( 1.177339948175596600, -0.2000000000000000400, 11.63643544513008800 ) ) ;
#1358 = PERSON ( 'UNSPECIFIED', 'UNSPECIFIED', 'UNSPECIFIED', ('UNSPECIFIED'), ('UNSPECIFIED'), ('UNSPECIFIED') ) ;
#1359 = CARTESIAN_POINT ( 'NONE',  ( 0.4404999999999956700, -0.2000000000000000400, 16.50000000000000700 ) ) ;
#1360 = PLANE ( 'NONE',  #1803 ) ;
#1361 = EDGE_LOOP ( 'NONE', ( #443, #304 ) ) ;
#1362 = CARTESIAN_POINT ( 'NONE',  ( -0.8263786867182689700, -0.5810000000000001800, 7.204977379135491400 ) ) ;
#1363 = DIRECTION ( 'NONE',  ( -0.0000000000000000000, -1.000000000000000000, -0.0000000000000000000 ) ) ;
#1364 = DATE_AND_TIME ( #1837, #18 ) ;
#1365 = CARTESIAN_POINT ( 'NONE',  ( -0.01178714603344109900, -0.5809999999999999600, 14.88123108793989000 ) ) ;
#1366 = AXIS2_PLACEMENT_3D ( 'NONE', #850, #620, #611 ) ;
#1367 = CIRCLE ( 'NONE', #901, 2.000000000000000000 ) ;
#1368 = CARTESIAN_POINT ( 'NONE',  ( -0.2500000000000000000, -0.2000000000000000700, 0.0000000000000000000 ) ) ;
#1369 = AXIS2_PLACEMENT_3D ( 'NONE', #1388, #351, #1570 ) ;
#1370 = VECTOR ( 'NONE', #1759, 1000.000000000000000 ) ;
#1371 = ORIENTED_EDGE ( 'NONE', *, *, #584, .F. ) ;
#1372 = CC_DESIGN_PERSON_AND_ORGANIZATION_ASSIGNMENT ( #1881, #812, ( #1013 ) ) ;
#1373 = CARTESIAN_POINT ( 'NONE',  ( -0.01178714603344109900, -0.5809999999999999600, 14.88123108793989000 ) ) ;
#1374 = CARTESIAN_POINT ( 'NONE',  ( 0.3765552811227220700, -0.2000000000000005700, 10.72017624256571000 ) ) ;
#1375 = VERTEX_POINT ( 'NONE', #947 ) ;
#1376 = DIRECTION ( 'NONE',  ( -3.252606517456533000E-016, 0.0000000000000000000, 1.000000000000000000 ) ) ;
#1377 = DIRECTION ( 'NONE',  ( -0.0000000000000000000, 0.0000000000000000000, -1.000000000000000000 ) ) ;
#1378 = ORIENTED_EDGE ( 'NONE', *, *, #683, .F. ) ;
#1379 = DIRECTION ( 'NONE',  ( 1.000000000000000000, 0.0000000000000000000, 0.0000000000000000000 ) ) ;
#1380 = CARTESIAN_POINT ( 'NONE',  ( 0.3765552811227220700, -0.2000000000000005700, 10.72017624256571000 ) ) ;
#1381 = CARTESIAN_POINT ( 'NONE',  ( 0.4404999999999982300, -0.2000000000000000100, 15.86002886807055000 ) ) ;
#1382 = CARTESIAN_POINT ( 'NONE',  ( -0.05950000000000012200, 0.1809999999999999700, 2.000000000000000000 ) ) ;
#1383 = CARTESIAN_POINT ( 'NONE',  ( 1.170481318234183100, 0.1809999999999999900, 12.38756205214618200 ) ) ;
#1384 = CARTESIAN_POINT ( 'NONE',  ( 0.0000000000000000000, 0.5000000000000000000, 0.5000000000000000000 ) ) ;
#1385 = EDGE_CURVE ( 'NONE', #149, #1202, #1568, .T. ) ;
#1386 = CARTESIAN_POINT ( 'NONE',  ( 0.2430349450722133500, -0.1999999999999995900, 11.47817434398770000 ) ) ;
#1387 = CLOSED_SHELL ( 'NONE', ( #2144, #768, #1984, #589 ) ) ;
#1388 = CARTESIAN_POINT ( 'NONE',  ( -0.5450000000000000400, 2.168404344971008900E-016, 0.1500000000000000200 ) ) ;
#1389 = CARTESIAN_POINT ( 'NONE',  ( -0.05950000000000012200, 0.1809999999999999700, 2.000000000000000000 ) ) ;
#1390 = ORIENTED_EDGE ( 'NONE', *, *, #788, .F. ) ;
#1391 = CARTESIAN_POINT ( 'NONE',  ( 0.7000643462179773100, 0.1809999999999990000, 12.03689629941323800 ) ) ;
#1392 = CARTESIAN_POINT ( 'NONE',  ( 0.8450000000000000800, -0.2999999999999998800, 0.5000000000000000000 ) ) ;
#1393 = DIRECTION ( 'NONE',  ( 0.0000000000000000000, 0.0000000000000000000, -1.000000000000000000 ) ) ;
#1394 = DIRECTION ( 'NONE',  ( 1.571307496355803400E-016, 1.000000000000000000, -0.0000000000000000000 ) ) ;
#1395 = CYLINDRICAL_SURFACE ( 'NONE', #263, 0.2999999999999999300 ) ;
#1396 = CARTESIAN_POINT ( 'NONE',  ( 0.7000643462179773100, 0.1809999999999990000, 12.03689629941323800 ) ) ;
#1397 = FACE_OUTER_BOUND ( 'NONE', #2086, .T. ) ;
#1398 = CARTESIAN_POINT ( 'NONE',  ( -0.6600340101624204700, 0.1809999999999997400, 3.939957211327795900 ) ) ;
#1399 = FACE_OUTER_BOUND ( 'NONE', #1836, .T. ) ;
#1400 = CARTESIAN_POINT ( 'NONE',  ( 0.2499999999999950000, -0.2000000000000000400, 18.49999999999999600 ) ) ;
#1401 = CARTESIAN_POINT ( 'NONE',  ( 0.0000000000000000000, 1.560000000000000100, 0.0000000000000000000 ) ) ;
#1402 = CARTESIAN_POINT ( 'NONE',  ( 0.4404999999999982300, 0.1810000000000000500, 16.50000000000001400 ) ) ;
#1403 = EDGE_LOOP ( 'NONE', ( #1440, #1215, #27, #1378 ) ) ;
#1404 = AXIS2_PLACEMENT_3D ( 'NONE', #2116, #1423, #1463 ) ;
#1405 = DIRECTION ( 'NONE',  ( 0.0000000000000000000, -1.000000000000000000, 0.0000000000000000000 ) ) ;
#1406 = CARTESIAN_POINT ( 'NONE',  ( -0.6600340101624204700, 0.1809999999999997400, 3.939957211327795900 ) ) ;
#1407 = CARTESIAN_POINT ( 'NONE',  ( 0.2067654361016319200, 0.1809999999999998600, 12.83884191312679100 ) ) ;
#1408 = CARTESIAN_POINT ( 'NONE',  ( -0.4549999999999999600, 2.168404344971008900E-016, -0.1499999999999999700 ) ) ;
#1409 = CARTESIAN_POINT ( 'NONE',  ( 0.4404999999999981700, 0.1810000000000000500, 15.83905888310917800 ) ) ;
#1410 = AXIS2_PLACEMENT_3D ( 'NONE', #2254, #1228, #1048 ) ;
#1411 = CARTESIAN_POINT ( 'NONE',  ( 0.5450000000000001500, 1.555594421392245300E-016, 0.5000000000000000000 ) ) ;
#1412 = CARTESIAN_POINT ( 'NONE',  ( 0.0000000000000000000, 1.500000000000000000, 0.5000000000000000000 ) ) ;
#1413 = CIRCLE ( 'NONE', #1404, 0.3500000000000000300 ) ;
#1414 = CARTESIAN_POINT ( 'NONE',  ( 0.2067654361016319200, 0.1809999999999998600, 12.83884191312679100 ) ) ;
#1415 = AXIS2_PLACEMENT_3D ( 'NONE', #567, #210, #1793 ) ;
#1416 = CARTESIAN_POINT ( 'NONE',  ( -1.197035236499575300, -0.2000000000000003700, 6.468697564501578500 ) ) ;
#1417 = AXIS2_PLACEMENT_3D ( 'NONE', #1121, #66, #1306 ) ;
#1418 = CARTESIAN_POINT ( 'NONE',  ( 0.0000000000000000000, 1.350000000000000300, -1.850000000000000100 ) ) ;
#1419 = CARTESIAN_POINT ( 'NONE',  ( -0.3238368095392740700, -0.2000000000000000400, 7.183178955531594100 ) ) ;
#1420 = CARTESIAN_POINT ( 'NONE',  ( -0.5000000000000000000, -0.2999999999999997700, 0.1997493718553310400 ) ) ;
#1421 = CARTESIAN_POINT ( 'NONE',  ( 0.4888263488238934800, 0.1809999999999999400, 14.94354443959850600 ) ) ;
#1422 = EDGE_CURVE ( 'NONE', #262, #618, #637, .T. ) ;
#1423 = DIRECTION ( 'NONE',  ( -2.449293598294706900E-016, 1.000000000000000000, -0.0000000000000000000 ) ) ;
#1424 = PLANE ( 'NONE',  #738 ) ;
#1425 = ORIENTED_EDGE ( 'NONE', *, *, #1147, .F. ) ;
#1426 = VERTEX_POINT ( 'NONE', #260 ) ;
#1427 = PERSON_AND_ORGANIZATION ( #1358, #309 ) ;
#1428 = CARTESIAN_POINT ( 'NONE',  ( -0.05325186671192554100, -0.1999999999999999300, 4.918348201856133500 ) ) ;
#1429 = CARTESIAN_POINT ( 'NONE',  ( 0.6588267589091542100, 0.1810000000000000200, 14.14310506316856000 ) ) ;
#1430 = DIRECTION ( 'NONE',  ( 1.000000000000000000, 2.449293598294706900E-016, 1.781189283369042900E-015 ) ) ;
#1431 = VECTOR ( 'NONE', #2233, 1000.000000000000000 ) ;
#1432 = DIRECTION ( 'NONE',  ( 0.0000000000000000000, 1.000000000000000000, 0.0000000000000000000 ) ) ;
#1433 = CYLINDRICAL_SURFACE ( 'NONE', #1114, 0.1905000000000000300 ) ;
#1434 = EDGE_LOOP ( 'NONE', ( #1038, #606, #404, #1220 ) ) ;
#1435 = AXIS2_PLACEMENT_3D ( 'NONE', #452, #428, #326 ) ;
#1436 = CARTESIAN_POINT ( 'NONE',  ( -1.062330275710946100, -0.2000000000000003700, 8.419663650437598800 ) ) ;
#1437 = CARTESIAN_POINT ( 'NONE',  ( -0.3113471810700510500, -0.2000000000000000400, 6.504718168972236600 ) ) ;
#1438 = CARTESIAN_POINT ( 'NONE',  ( 0.0000000000000000000, 0.0000000000000000000, 0.0000000000000000000 ) ) ;
#1439 = CARTESIAN_POINT ( 'NONE',  ( 0.8381070401301293800, 0.1809999999999999900, 13.72823595490951300 ) ) ;
#1440 = ORIENTED_EDGE ( 'NONE', *, *, #229, .F. ) ;
#1441 = ORIENTED_EDGE ( 'NONE', *, *, #2244, .T. ) ;
#1442 = DIRECTION ( 'NONE',  ( 1.000000000000000000, 0.0000000000000000000, 0.0000000000000000000 ) ) ;
#1443 = CARTESIAN_POINT ( 'NONE',  ( -0.4405000000000018900, -0.2000000000000000700, 15.84168238610923800 ) ) ;
#1444 = CARTESIAN_POINT ( 'NONE',  ( 0.9746585219791609200, 0.1810000000000000800, 13.36238560568889100 ) ) ;
#1445 = CARTESIAN_POINT ( 'NONE',  ( 0.0000000000000000000, 0.5000000000000000000, 0.0000000000000000000 ) ) ;
#1446 = CARTESIAN_POINT ( 'NONE',  ( 6.123233995736766000E-017, 0.5000000000000000000, -0.5000000000000000000 ) ) ;
#1447 = AXIS2_PLACEMENT_3D ( 'NONE', #558, #1784, #736 ) ;
#1448 = EDGE_CURVE ( 'NONE', #241, #1375, #525, .T. ) ;
#1449 = VERTEX_POINT ( 'NONE', #2181 ) ;
#1450 = DIRECTION ( 'NONE',  ( -0.0000000000000000000, -1.000000000000000000, -0.0000000000000000000 ) ) ;
#1451 = DIRECTION ( 'NONE',  ( -1.000000000000000000, 0.0000000000000000000, 0.0000000000000000000 ) ) ;
#1452 = CARTESIAN_POINT ( 'NONE',  ( 0.5000000000000000000, -0.2674776489261659300, 0.3567284582539758700 ) ) ;
#1453 = TOROIDAL_SURFACE ( 'NONE', #122, 0.05000000000000002400, 0.2999999999999999900 ) ;
#1454 = CARTESIAN_POINT ( 'NONE',  ( -0.1863599630145619500, -0.2000000000000000400, 13.87904554889006400 ) ) ;
#1455 = FACE_OUTER_BOUND ( 'NONE', #205, .T. ) ;
#1456 = ADVANCED_FACE ( 'NONE', ( #1514 ), #688, .T. ) ;
#1457 = DIRECTION ( 'NONE',  ( -0.0000000000000000000, -1.000000000000000000, -0.0000000000000000000 ) ) ;
#1458 = FACE_OUTER_BOUND ( 'NONE', #1808, .T. ) ;
#1459 = DIRECTION ( 'NONE',  ( -0.0000000000000000000, 0.0000000000000000000, -1.000000000000000000 ) ) ;
#1460 = CARTESIAN_POINT ( 'NONE',  ( 0.7236940145162860100, -0.5809999999999997400, 11.32823316220031600 ) ) ;
#1461 = DIRECTION ( 'NONE',  ( 1.571307496355803400E-016, 1.000000000000000000, -0.0000000000000000000 ) ) ;
#1462 = DIRECTION ( 'NONE',  ( 0.0000000000000000000, -0.0000000000000000000, -1.000000000000000000 ) ) ;
#1463 = DIRECTION ( 'NONE',  ( 1.000000000000000000, 2.449293598294706900E-016, 8.518731355243247900E-016 ) ) ;
#1464 = CARTESIAN_POINT ( 'NONE',  ( 0.4821352417481253900, -0.5810000000000002900, 10.66516206349196200 ) ) ;
#1465 = CARTESIAN_POINT ( 'NONE',  ( -0.4405000000000002200, -0.2000000000000000700, 2.000000000000000000 ) ) ;
#1466 = ADVANCED_FACE ( 'NONE', ( #582 ), #101, .T. ) ;
#1467 = CARTESIAN_POINT ( 'NONE',  ( -0.05950000000000021200, -0.2000000000000000900, 2.510793203150805600 ) ) ;
#1468 = ADVANCED_FACE ( 'NONE', ( #1455 ), #702, .F. ) ;
#1469 = DIRECTION ( 'NONE',  ( -1.000000000000000000, 0.0000000000000000000, 0.0000000000000000000 ) ) ;
#1470 = CARTESIAN_POINT ( 'NONE',  ( 1.203290263031653500, 0.1810000000000000200, 12.05812506535801600 ) ) ;
#1471 = DIRECTION ( 'NONE',  ( -3.252606517456533000E-016, 0.0000000000000000000, 1.000000000000000000 ) ) ;
#1472 = CARTESIAN_POINT ( 'NONE',  ( -1.209315597128664200, -0.2000000000000004000, 7.221549537272678300 ) ) ;
#1473 = ORIENTED_EDGE ( 'NONE', *, *, #1569, .F. ) ;
#1474 = AXIS2_PLACEMENT_3D ( 'NONE', #939, #2150, #1107 ) ;
#1475 = ORIENTED_EDGE ( 'NONE', *, *, #1751, .T. ) ;
#1476 = CARTESIAN_POINT ( 'NONE',  ( 0.4888263488238936400, -0.2000000000000000700, 14.93379431026489700 ) ) ;
#1477 = CARTESIAN_POINT ( 'NONE',  ( 0.2499999999999956700, -0.2000000000000000400, 16.50000000000000700 ) ) ;
#1478 = ADVANCED_FACE ( 'NONE', ( #1914 ), #524, .T. ) ;
#1479 = EDGE_CURVE ( 'NONE', #985, #1258, #979, .T. ) ;
#1480 = DIRECTION ( 'NONE',  ( -0.0000000000000000000, -1.000000000000000000, -0.0000000000000000000 ) ) ;
#1481 = CARTESIAN_POINT ( 'NONE',  ( 1.177339948175596000, 0.1810000000000000200, 11.63643556577910800 ) ) ;
#1482 = LOCAL_TIME ( 12, 18, 23.00000000000000000, #1937 ) ;
#1483 = CARTESIAN_POINT ( 'NONE',  ( -0.1529414455813391800, -0.5809999999999999600, 9.521145236884869700 ) ) ;
#1484 = CARTESIAN_POINT ( 'NONE',  ( -0.3932546291147301400, -0.2000000000000002600, 14.85185761199775800 ) ) ;
#1485 = FACE_OUTER_BOUND ( 'NONE', #699, .T. ) ;
#1486 = VECTOR ( 'NONE', #329, 1000.000000000000000 ) ;
#1487 = MANIFOLD_SOLID_BREP ( 'Fillet5', #1323 ) ;
#1488 = AXIS2_PLACEMENT_3D ( 'NONE', #710, #1927, #884 ) ;
#1489 = ORIENTED_EDGE ( 'NONE', *, *, #994, .T. ) ;
#1490 = CARTESIAN_POINT ( 'NONE',  ( 1.089956225432670000, 0.1810000000000001100, 11.21397758063356800 ) ) ;
#1491 = CARTESIAN_POINT ( 'NONE',  ( -0.5918568091725219200, -0.2000000000000000400, 5.548221599184309100 ) ) ;
#1492 = ORIENTED_EDGE ( 'NONE', *, *, #17, .F. ) ;
#1493 = ORIENTED_EDGE ( 'NONE', *, *, #919, .F. ) ;
#1494 = AXIS2_PLACEMENT_3D ( 'NONE', #607, #1825, #776 ) ;
#1495 = EDGE_LOOP ( 'NONE', ( #104, #2123, #1831, #1785 ) ) ;
#1496 = CARTESIAN_POINT ( 'NONE',  ( 0.6588267589091542100, -0.2000000000000000400, 14.14577553839414200 ) ) ;
#1497 = EDGE_CURVE ( 'NONE', #857, #1557, #96, .T. ) ;
#1498 = CC_DESIGN_PERSON_AND_ORGANIZATION_ASSIGNMENT ( #1427, #2031, ( #1013 ) ) ;
#1499 = CARTESIAN_POINT ( 'NONE',  ( 0.8201685610613910200, 0.1810000000000000500, 10.48903175145721500 ) ) ;
#1500 = VERTEX_POINT ( 'NONE', #523 ) ;
#1501 = CARTESIAN_POINT ( 'NONE',  ( 0.4886375451865200300, -0.1999999999999999800, 13.57587038747609900 ) ) ;
#1502 = CARTESIAN_POINT ( 'NONE',  ( -0.7092598011610624600, -0.2000000000000001500, 5.528288667673529700 ) ) ;
#1503 = CARTESIAN_POINT ( 'NONE',  ( 0.8381070401301293800, -0.1999999999999999800, 13.72790455780648400 ) ) ;
#1504 = CARTESIAN_POINT ( 'NONE',  ( 0.1885674715845384900, 0.1809999999999999100, 9.342162230884868600 ) ) ;
#1505 = ORIENTED_EDGE ( 'NONE', *, *, #623, .T. ) ;
#1506 = DIRECTION ( 'NONE',  ( 0.0000000000000000000, 0.0000000000000000000, -1.000000000000000000 ) ) ;
#1507 = ORIENTED_EDGE ( 'NONE', *, *, #1617, .F. ) ;
#1508 = MANIFOLD_SOLID_BREP ( 'Boss-Extrude2', #1387 ) ;
#1509 = CARTESIAN_POINT ( 'NONE',  ( 0.3794856556896973900, -0.2000000000000000400, 13.52829143465910100 ) ) ;
#1510 = VECTOR ( 'NONE', #43, 1000.000000000000000 ) ;
#1511 = EDGE_CURVE ( 'NONE', #1663, #1951, #1037, .T. ) ;
#1512 = ORIENTED_EDGE ( 'NONE', *, *, #98, .T. ) ;
#1513 = CARTESIAN_POINT ( 'NONE',  ( -0.2020554258773766000, 0.1809999999999999900, 8.230339471649699600 ) ) ;
#1514 = FACE_OUTER_BOUND ( 'NONE', #131, .T. ) ;
#1515 = VERTEX_POINT ( 'NONE', #2095 ) ;
#1516 =( NAMED_UNIT ( * ) PLANE_ANGLE_UNIT ( ) SI_UNIT ( $, .RADIAN. ) );
#1517 = CIRCLE ( 'NONE', #340, 0.05000000000000002400 ) ;
#1518 = CARTESIAN_POINT ( 'NONE',  ( -0.6600340101624200300, -0.2000000000000003700, 3.943198197312319600 ) ) ;
#1519 = CARTESIAN_POINT ( 'NONE',  ( -0.3238368095392741800, 0.1809999999999999700, 7.183144043005478700 ) ) ;
#1520 = DIRECTION ( 'NONE',  ( 0.0000000000000000000, 0.0000000000000000000, -1.000000000000000000 ) ) ;
#1521 = AXIS2_PLACEMENT_3D ( 'NONE', #1101, #1291, #240 ) ;
#1522 = APPROVAL_ROLE ( '' ) ;
#1523 = AXIS2_PLACEMENT_3D ( 'NONE', #805, #787, #697 ) ;
#1524 = CARTESIAN_POINT ( 'NONE',  ( 0.2067654361016322300, -0.2000000000000001500, 12.83882605519560000 ) ) ;
#1525 = AXIS2_PLACEMENT_3D ( 'NONE', #355, #2247, #244 ) ;
#1526 = CARTESIAN_POINT ( 'NONE',  ( -1.197035236499574900, -0.5810000000000001800, 6.468854623169638000 ) ) ;
#1527 = CARTESIAN_POINT ( 'NONE',  ( -0.3113471810700511000, 0.1809999999999999700, 6.504561109661811000 ) ) ;
#1528 = CARTESIAN_POINT ( 'NONE',  ( -1.197035236499574900, -0.5810000000000001800, 6.468854623169638000 ) ) ;
#1529 = CARTESIAN_POINT ( 'NONE',  ( -0.1863599630145621500, -0.5810000000000002900, 13.88171603521743300 ) ) ;
#1530 = CARTESIAN_POINT ( 'NONE',  ( -0.2159699188562696500, 0.1810000000000000800, 5.612040842387000500 ) ) ;
#1531 = CARTESIAN_POINT ( 'NONE',  ( 1.089956225432670000, -0.1999999999999999800, 11.21397782126022800 ) ) ;
#1532 = CARTESIAN_POINT ( 'NONE',  ( -0.4549999999999999600, -0.2999999999999997700, -0.1499999999999999700 ) ) ;
#1533 = AXIS2_PLACEMENT_3D ( 'NONE', #1298, #248, #1469 ) ;
#1534 = CALENDAR_DATE ( 2017, 1, 6 ) ;
#1535 = EDGE_CURVE ( 'NONE', #1449, #1290, #50, .T. ) ;
#1536 = LINE ( 'NONE', #1645, #612 ) ;
#1537 = CARTESIAN_POINT ( 'NONE',  ( -0.1863599630145621500, -0.5810000000000002900, 13.88171603521743300 ) ) ;
#1538 = CARTESIAN_POINT ( 'NONE',  ( 0.9746585219791605900, -0.2000000000000000900, 13.36244802542920400 ) ) ;
#1539 = VERTEX_POINT ( 'NONE', #1594 ) ;
#1540 = VECTOR ( 'NONE', #1714, 1000.000000000000000 ) ;
#1541 = CARTESIAN_POINT ( 'NONE',  ( -0.2596069603916786300, -0.5809999999999999600, 9.577043214771043400 ) ) ;
#1542 = CARTESIAN_POINT ( 'NONE',  ( -0.05325186671192559000, 0.1810000000000001100, 4.919208358968658600 ) ) ;
#1543 = EDGE_LOOP ( 'NONE', ( #481, #764, #1722, #2093, #2194, #1216 ) ) ;
#1544 = CARTESIAN_POINT ( 'NONE',  ( 1.089956225432670000, -0.1999999999999999800, 11.21397782126022800 ) ) ;
#1545 = CARTESIAN_POINT ( 'NONE',  ( -0.2596069603916786300, -0.5809999999999999600, 9.577043214771043400 ) ) ;
#1546 = CARTESIAN_POINT ( 'NONE',  ( 1.089956225432670000, -0.5809999999999997400, 11.21397806188689300 ) ) ;
#1547 = CARTESIAN_POINT ( 'NONE',  ( -0.05950000000000173900, -0.5809999999999999600, 16.50000000000001400 ) ) ;
#1548 = CARTESIAN_POINT ( 'NONE',  ( 0.1827127882639767200, 0.1810000000000000800, 4.198880963537973800 ) ) ;
#1549 = EDGE_CURVE ( 'NONE', #1049, #12, #1863, .T. ) ;
#1550 = ADVANCED_FACE ( 'NONE', ( #1397 ), #1967, .T. ) ;
#1551 = AXIS2_PLACEMENT_3D ( 'NONE', #1933, #1252, #199 ) ;
#1552 = CARTESIAN_POINT ( 'NONE',  ( 0.5450000000000001500, -0.2999999999999998200, 0.5000000000000000000 ) ) ;
#1553 = CARTESIAN_POINT ( 'NONE',  ( -0.05950000000000173900, -0.5809999999999999600, 16.50000000000001400 ) ) ;
#1554 = EDGE_CURVE ( 'NONE', #504, #1449, #461, .T. ) ;
#1555 = CARTESIAN_POINT ( 'NONE',  ( 0.6820652981325570100, -0.2000000000000003700, 11.70314592281944000 ) ) ;
#1556 = CARTESIAN_POINT ( 'NONE',  ( 0.3801391083815403000, 0.1810000000000000500, 3.378582697045996200 ) ) ;
#1557 = VERTEX_POINT ( 'NONE', #1074 ) ;
#1558 = CARTESIAN_POINT ( 'NONE',  ( 0.2499999999999956700, -0.2000000000000000400, 16.50000000000000700 ) ) ;
#1559 = CARTESIAN_POINT ( 'NONE',  ( -0.4405000000000002200, -0.2000000000000000700, 2.000000000000000000 ) ) ;
#1560 = CARTESIAN_POINT ( 'NONE',  ( 0.6820652981325570100, -0.2000000000000003700, 11.70314592281944000 ) ) ;
#1561 = CARTESIAN_POINT ( 'NONE',  ( -0.1180297580269977400, 0.1809999999999999700, 3.301512524925903000 ) ) ;
#1562 = ORIENTED_EDGE ( 'NONE', *, *, #1828, .T. ) ;
#1563 = VECTOR ( 'NONE', #219, 1000.000000000000000 ) ;
#1564 = EDGE_CURVE ( 'NONE', #295, #422, #1337, .T. ) ;
#1565 = DIRECTION ( 'NONE',  ( 0.0000000000000000000, 0.0000000000000000000, 1.000000000000000000 ) ) ;
#1566 = CARTESIAN_POINT ( 'NONE',  ( 0.0000000000000000000, 0.1499999999999999900, 0.0000000000000000000 ) ) ;
#1567 = CARTESIAN_POINT ( 'NONE',  ( 0.3166061976059563700, -0.2000000000000017900, 12.02072004026625900 ) ) ;
#1568 = CIRCLE ( 'NONE', #2052, 0.1905000000000000300 ) ;
#1569 = EDGE_CURVE ( 'NONE', #1202, #396, #1813, .T. ) ;
#1570 = DIRECTION ( 'NONE',  ( -1.000000000000000000, 0.0000000000000000000, 0.0000000000000000000 ) ) ;
#1571 = FACE_OUTER_BOUND ( 'NONE', #1361, .T. ) ;
#1572 = CARTESIAN_POINT ( 'NONE',  ( -0.1180297580269977400, 0.1809999999999999700, 3.301512524925903000 ) ) ;
#1573 = ORIENTED_EDGE ( 'NONE', *, *, #1894, .T. ) ;
#1574 = CARTESIAN_POINT ( 'NONE',  ( 0.6300161450374908200, 0.1809999999999998800, 12.64982489885300700 ) ) ;
#1575 = DIRECTION ( 'NONE',  ( -1.000000000000000000, 1.571307496355803400E-016, 0.0000000000000000000 ) ) ;
#1576 = CARTESIAN_POINT ( 'NONE',  ( 0.2499999999999956700, -0.2000000000000000400, 19.49999999999999600 ) ) ;
#1577 = CLOSED_SHELL ( 'NONE', ( #1466, #1478, #605, #1834, #925, #603, #945, #1287 ) ) ;
#1578 = ORIENTED_EDGE ( 'NONE', *, *, #683, .T. ) ;
#1579 = CARTESIAN_POINT ( 'NONE',  ( 0.4550000000000000200, 1.626303258728256700E-016, 0.1500000000000000200 ) ) ;
#1580 = CARTESIAN_POINT ( 'NONE',  ( 0.6300161450374908200, 0.1809999999999998800, 12.64982489885300700 ) ) ;
#1581 = B_SPLINE_CURVE_WITH_KNOTS ( 'NONE', 3,
 ( #761, #55, #419, #1648, #602, #1819 ),
 .UNSPECIFIED., .F., .F.,
 ( 4, 2, 4 ),
 ( -7.766092905053838300E-006, 0.0002288682598620216500, 0.0004655026126290971000 ),
 .UNSPECIFIED. ) ;
#1582 = CARTESIAN_POINT ( 'NONE',  ( -1.085146691477314900, 0.1809999999999998300, 5.464476697991520900 ) ) ;
#1583 = DIRECTION ( 'NONE',  ( 1.000000000000000000, 0.0000000000000000000, 0.0000000000000000000 ) ) ;
#1584 = CARTESIAN_POINT ( 'NONE',  ( -0.8450000000000000800, -9.980871413050932400E-017, 0.1500000000000000200 ) ) ;
#1585 = CARTESIAN_POINT ( 'NONE',  ( 1.068256177079754500, 0.1810000000000000500, 13.02989796877079300 ) ) ;
#1586 = ORIENTED_EDGE ( 'NONE', *, *, #2008, .F. ) ;
#1587 = CARTESIAN_POINT ( 'NONE',  ( -0.8450000000000000800, -9.980871413050932400E-017, -0.1499999999999999700 ) ) ;
#1588 = CARTESIAN_POINT ( 'NONE',  ( -1.085146691477314900, 0.1809999999999998300, 5.464476697991520900 ) ) ;
#1589 = CARTESIAN_POINT ( 'NONE',  ( 0.03001616074608857600, 0.1809999999999999100, 13.37658866349826100 ) ) ;
#1590 = CARTESIAN_POINT ( 'NONE',  ( 0.4950000000000000000, -0.2999999999999998200, 0.1500000000000000200 ) ) ;
#1591 = CARTESIAN_POINT ( 'NONE',  ( -0.2159699188562695900, -0.1999999999999999800, 5.612037205615491700 ) ) ;
#1592 = DIRECTION ( 'NONE',  ( -1.000000000000000000, 0.0000000000000000000, 0.0000000000000000000 ) ) ;
#1593 = CARTESIAN_POINT ( 'NONE',  ( 0.8201685610613916900, -0.1999999999999999800, 10.48902833289080400 ) ) ;
#1594 = CARTESIAN_POINT ( 'NONE',  ( 0.1249999999999956400, -0.2000000000000000400, 18.49999999999999600 ) ) ;
#1595 = DATE_AND_TIME ( #2036, #249 ) ;
#1596 = CARTESIAN_POINT ( 'NONE',  ( 0.03001616074608857600, 0.1809999999999999100, 13.37658866349826100 ) ) ;
#1597 = CIRCLE ( 'NONE', #1494, 0.1499999999999999700 ) ;
#1598 = CARTESIAN_POINT ( 'NONE',  ( -1.062330275710946100, -0.2000000000000003700, 8.419663650437598800 ) ) ;
#1599 = EDGE_CURVE ( 'NONE', #1922, #1699, #2255, .T. ) ;
#1600 = FACE_OUTER_BOUND ( 'NONE', #576, .T. ) ;
#1601 = DIRECTION ( 'NONE',  ( 0.0000000000000000000, 0.0000000000000000000, 1.000000000000000000 ) ) ;
#1602 = CARTESIAN_POINT ( 'NONE',  ( 1.177339948175596600, -0.2000000000000000400, 11.63643544513008800 ) ) ;
#1603 = DIRECTION ( 'NONE',  ( -0.0000000000000000000, 1.000000000000000000, -0.0000000000000000000 ) ) ;
#1604 = CARTESIAN_POINT ( 'NONE',  ( 1.122786179078204100, 0.1809999999999999700, 12.73358397813614900 ) ) ;
#1605 = CARTESIAN_POINT ( 'NONE',  ( 0.0000000000000000000, 0.5000000000000000000, 0.0000000000000000000 ) ) ;
#1606 = CARTESIAN_POINT ( 'NONE',  ( 0.0000000000000000000, 1.560000000000000100, 0.0000000000000000000 ) ) ;
#1607 = EDGE_LOOP ( 'NONE', ( #198, #222, #180, #868 ) ) ;
#1608 = VERTEX_POINT ( 'NONE', #1942 ) ;
#1609 = CARTESIAN_POINT ( 'NONE',  ( 0.3801391083815402500, -0.1999999999999999300, 3.366478857201722400 ) ) ;
#1610 = DIRECTION ( 'NONE',  ( 1.084202172485504400E-016, -0.0000000000000000000, -1.000000000000000000 ) ) ;
#1611 = AXIS2_PLACEMENT_3D ( 'NONE', #1917, #875, #2085 ) ;
#1612 = AXIS2_PLACEMENT_3D ( 'NONE', #1721, #2058, #330 ) ;
#1613 = AXIS2_PLACEMENT_3D ( 'NONE', #1963, #243, #1462 ) ;
#1614 = CARTESIAN_POINT ( 'NONE',  ( 0.03852196180945584300, -0.2000000000000008400, 10.89631168244382800 ) ) ;
#1615 = DIRECTION ( 'NONE',  ( 0.0000000000000000000, 0.0000000000000000000, -1.000000000000000000 ) ) ;
#1616 = CARTESIAN_POINT ( 'NONE',  ( 1.170481318234183100, 0.1809999999999999900, 12.38756205214618200 ) ) ;
#1617 = EDGE_CURVE ( 'NONE', #863, #1515, #2198, .T. ) ;
#1618 = DIRECTION ( 'NONE',  ( -0.0000000000000000000, -0.0000000000000000000, -1.000000000000000000 ) ) ;
#1619 = SECURITY_CLASSIFICATION ( '', '', #986 ) ;
#1620 = DIRECTION ( 'NONE',  ( 0.0000000000000000000, -0.0000000000000000000, 1.000000000000000000 ) ) ;
#1621 = ORIENTED_EDGE ( 'NONE', *, *, #1193, .F. ) ;
#1622 = CARTESIAN_POINT ( 'NONE',  ( -0.4405000000000002200, -0.5809999999999999600, 2.000000000000000000 ) ) ;
#1623 = CARTESIAN_POINT ( 'NONE',  ( 0.4404999999999997800, -0.2000000000000000100, 2.520570968097436600 ) ) ;
#1624 = CARTESIAN_POINT ( 'NONE',  ( 1.203290263031653500, 0.1810000000000000200, 12.05812506535801600 ) ) ;
#1625 = DIRECTION ( 'NONE',  ( 0.0000000000000000000, 0.0000000000000000000, -1.000000000000000000 ) ) ;
#1626 = CYLINDRICAL_SURFACE ( 'NONE', #268, 0.1905000000000000600 ) ;
#1627 = DIRECTION ( 'NONE',  ( -0.0000000000000000000, -0.0000000000000000000, 1.000000000000000000 ) ) ;
#1628 = CARTESIAN_POINT ( 'NONE',  ( 2.449293598294706400E-016, 0.0000000000000000000, 2.000000000000000000 ) ) ;
#1629 = TOROIDAL_SURFACE ( 'NONE', #1521, 0.05000000000000002400, 0.2999999999999999900 ) ;
#1630 = TOROIDAL_SURFACE ( 'NONE', #84, 1.850000000000000100, 0.1499999999999998600 ) ;
#1631 = ORIENTED_EDGE ( 'NONE', *, *, #1708, .T. ) ;
#1632 = EDGE_CURVE ( 'NONE', #274, #1539, #1762, .T. ) ;
#1633 = CARTESIAN_POINT ( 'NONE',  ( -0.5740925629790678600, -0.5810000000000002900, 8.312164145150585900 ) ) ;
#1634 = CARTESIAN_POINT ( 'NONE',  ( 0.5000000000000000000, -0.2999999999999998200, 0.1997493718553310400 ) ) ;
#1635 = ORIENTED_EDGE ( 'NONE', *, *, #1894, .F. ) ;
#1636 = ADVANCED_FACE ( 'NONE', ( #1294 ), #1958, .F. ) ;
#1637 = CARTESIAN_POINT ( 'NONE',  ( -0.4405000000000018900, -0.2000000000000000700, 15.84168238610923800 ) ) ;
#1638 = CARTESIAN_POINT ( 'NONE',  ( 0.0000000000000000000, 0.0000000000000000000, -2.000000000000000000 ) ) ;
#1639 = TOROIDAL_SURFACE ( 'NONE', #654, 0.05000000000000002400, 0.2999999999999999900 ) ;
#1640 = CARTESIAN_POINT ( 'NONE',  ( -0.7067737199496685300, -0.5810000000000001800, 7.199786026052056100 ) ) ;
#1641 = CARTESIAN_POINT ( 'NONE',  ( 0.0000000000000000000, 1.350000000000000100, 0.0000000000000000000 ) ) ;
#1642 = CARTESIAN_POINT ( 'NONE',  ( -0.05950000000000429300, -0.2000000000000000900, 16.50000000000000700 ) ) ;
#1643 = ADVANCED_FACE ( 'NONE', ( #366 ), #415, .T. ) ;
#1644 = EDGE_CURVE ( 'NONE', #95, #435, #2151, .T. ) ;
#1645 = CARTESIAN_POINT ( 'NONE',  ( -0.8450000000000000800, -9.980871413050932400E-017, 0.5000000000000000000 ) ) ;
#1646 = EDGE_LOOP ( 'NONE', ( #1272, #1371, #630, #791 ) ) ;
#1647 = CARTESIAN_POINT ( 'NONE',  ( -0.6943745921014343700, -0.5809999999999999600, 6.489200010850028700 ) ) ;
#1648 = CARTESIAN_POINT ( 'NONE',  ( 0.5000000000000000000, -0.1567627168904499900, -0.4674503883319680000 ) ) ;
#1649 = CLOSED_SHELL ( 'NONE', ( #1113, #65, #1550, #57, #53, #949, #46, #1310 ) ) ;
#1650 = PERSON_AND_ORGANIZATION ( #1358, #309 ) ;
#1651 = CIRCLE ( 'NONE', #2059, 0.05000000000000002400 ) ;
#1652 = CARTESIAN_POINT ( 'NONE',  ( 0.4404999999999997300, 0.1810000000000000500, 2.494489341287152900 ) ) ;
#1653 = ADVANCED_FACE ( 'NONE', ( #1696 ), #747, .T. ) ;
#1654 = FACE_OUTER_BOUND ( 'NONE', #1742, .T. ) ;
#1655 = FACE_OUTER_BOUND ( 'NONE', #519, .T. ) ;
#1656 = CARTESIAN_POINT ( 'NONE',  ( -0.5918568091725217000, -0.5809999999999998500, 5.548219780798554300 ) ) ;
#1657 = AXIS2_PLACEMENT_3D ( 'NONE', #830, #2044, #999 ) ;
#1658 = CARTESIAN_POINT ( 'NONE',  ( -0.6011158775575561300, -0.2000000000000002100, 9.755974404524334200 ) ) ;
#1659 = ADVANCED_FACE ( 'NONE', ( #767 ), #1173, .T. ) ;
#1660 = AXIS2_PLACEMENT_3D ( 'NONE', #1983, #941, #2153 ) ;
#1661 = DIRECTION ( 'NONE',  ( 1.000000000000000000, 0.0000000000000000000, 0.0000000000000000000 ) ) ;
#1662 = EDGE_CURVE ( 'NONE', #731, #618, #1238, .T. ) ;
#1663 = VERTEX_POINT ( 'NONE', #753 ) ;
#1664 = CARTESIAN_POINT ( 'NONE',  ( 0.0000000000000000000, 0.0000000000000000000, 0.0000000000000000000 ) ) ;
#1665 = CARTESIAN_POINT ( 'NONE',  ( 0.4404999999999998400, 0.1810000000000000500, 2.000000000000000000 ) ) ;
#1666 = CARTESIAN_POINT ( 'NONE',  ( 0.7999406648428002400, -0.2000000000000002600, 11.68726885498860900 ) ) ;
#1667 = CARTESIAN_POINT ( 'NONE',  ( -0.4405000000000044400, -0.2000000000000000700, 16.50000000000000700 ) ) ;
#1668 = CARTESIAN_POINT ( 'NONE',  ( -0.7067737199496688700, -0.2000000000000000900, 7.199768569789000600 ) ) ;
#1669 = CARTESIAN_POINT ( 'NONE',  ( -0.2020554258773763500, -0.5809999999999998500, 8.230231532129023400 ) ) ;
#1670 = ORIENTED_EDGE ( 'NONE', *, *, #542, .F. ) ;
#1671 = CLOSED_SHELL ( 'NONE', ( #1643, #1975, #1636, #2152 ) ) ;
#1672 = CARTESIAN_POINT ( 'NONE',  ( 0.4404999999999982800, -0.2000000000000000100, 16.50000000000001400 ) ) ;
#1673 = CARTESIAN_POINT ( 'NONE',  ( 0.1073588657426045200, -0.2000000000000001500, 14.89954572912238000 ) ) ;
#1674 = CIRCLE ( 'NONE', #1315, 0.1905000000000000300 ) ;
#1675 = CIRCLE ( 'NONE', #2147, 0.1905000000000000300 ) ;
#1676 = CARTESIAN_POINT ( 'NONE',  ( -0.8263786867182695300, -0.2000000000000002600, 7.204959922943854300 ) ) ;
#1677 = CARTESIAN_POINT ( 'NONE',  ( 1.068256177079754700, -0.1999999999999999600, 13.02988211090543500 ) ) ;
#1678 = CARTESIAN_POINT ( 'NONE',  ( 0.4404999999999982300, -0.2000000000000000100, 15.86002886807055000 ) ) ;
#1679 = EDGE_LOOP ( 'NONE', ( #1775, #1920, #456, #995, #487, #1333 ) ) ;
#1680 = AXIS2_PLACEMENT_3D ( 'NONE', #823, #2035, #992 ) ;
#1681 = ORIENTED_EDGE ( 'NONE', *, *, #1317, .F. ) ;
#1682 = CARTESIAN_POINT ( 'NONE',  ( -0.01178714603344109900, -0.2000000000000002600, 14.88610617287349000 ) ) ;
#1683 = EDGE_CURVE ( 'NONE', #1663, #750, #1651, .T. ) ;
#1684 = CARTESIAN_POINT ( 'NONE',  ( 0.4888263488238936400, -0.2000000000000000700, 14.93379431026489700 ) ) ;
#1685 = CARTESIAN_POINT ( 'NONE',  ( -1.085146691477314900, -0.2000000000000002600, 5.464473061234900600 ) ) ;
#1686 = CARTESIAN_POINT ( 'NONE',  ( -0.4549999999999999600, 2.168404344971008900E-016, 0.5000000000000000000 ) ) ;
#1687 = CARTESIAN_POINT ( 'NONE',  ( 0.6588267589091542100, -0.2000000000000000400, 14.14577553839414200 ) ) ;
#1688 = ORIENTED_EDGE ( 'NONE', *, *, #235, .T. ) ;
#1689 = DIRECTION ( 'NONE',  ( -1.000000000000000000, 0.0000000000000000000, 0.0000000000000000000 ) ) ;
#1690 = CARTESIAN_POINT ( 'NONE',  ( 0.5000000000000000000, -0.2999999999999998200, -0.1997493718553309800 ) ) ;
#1691 = DATE_TIME_ROLE ( 'creation_date' ) ;
#1692 = EDGE_LOOP ( 'NONE', ( #1799, #266, #1631, #1077 ) ) ;
#1693 = CARTESIAN_POINT ( 'NONE',  ( 0.03001616074608837200, -0.2000000000000000700, 13.37625726501755400 ) ) ;
#1694 = SHAPE_DEFINITION_REPRESENTATION ( #1097, #1021 ) ;
#1695 = CARTESIAN_POINT ( 'NONE',  ( -1.062330275710946100, -0.5810000000000002900, 8.419609680898062700 ) ) ;
#1696 = FACE_OUTER_BOUND ( 'NONE', #56, .T. ) ;
#1697 = CARTESIAN_POINT ( 'NONE',  ( 0.0000000000000000000, 1.500000000000000000, 0.0000000000000000000 ) ) ;
#1698 = CYLINDRICAL_SURFACE ( 'NONE', #91, 0.1250000000000000300 ) ;
#1699 = VERTEX_POINT ( 'NONE', #47 ) ;
#1700 = ORIENTED_EDGE ( 'NONE', *, *, #1746, .T. ) ;
#1701 = CARTESIAN_POINT ( 'NONE',  ( -1.062330275710946100, -0.5810000000000002900, 8.419609680898062700 ) ) ;
#1702 = CARTESIAN_POINT ( 'NONE',  ( 1.177339948175596600, -0.2000000000000000400, 11.63643544513008800 ) ) ;
#1703 = CARTESIAN_POINT ( 'NONE',  ( -0.4405000000000018300, -0.5809999999999999600, 15.86265245824775000 ) ) ;
#1704 = CARTESIAN_POINT ( 'NONE',  ( 0.8381070401301293800, -0.1999999999999999800, 13.72790455780648400 ) ) ;
#1705 = ORIENTED_EDGE ( 'NONE', *, *, #1599, .T. ) ;
#1706 = CARTESIAN_POINT ( 'NONE',  ( 1.203290263031654600, -0.2000000000000000700, 12.05812443070645700 ) ) ;
#1707 = CARTESIAN_POINT ( 'NONE',  ( -0.05950000000000017100, -0.2000000000000000400, 2.000000000000000000 ) ) ;
#1708 = EDGE_CURVE ( 'NONE', #1258, #95, #2101, .T. ) ;
#1709 = CARTESIAN_POINT ( 'NONE',  ( -0.4405000000000018300, -0.5809999999999999600, 15.86265245824775000 ) ) ;
#1710 = CARTESIAN_POINT ( 'NONE',  ( 1.089956225432670000, -0.1999999999999999800, 11.21397782126022800 ) ) ;
#1711 = CARTESIAN_POINT ( 'NONE',  ( 0.6092971559885967900, -0.5809999999999997400, 11.36391924367524100 ) ) ;
#1712 = CARTESIAN_POINT ( 'NONE',  ( 0.9746585219791605900, -0.2000000000000000900, 13.36244802542920400 ) ) ;
#1713 = CARTESIAN_POINT ( 'NONE',  ( 1.177339948175596000, 0.1810000000000000200, 11.63643556577910800 ) ) ;
#1714 = DIRECTION ( 'NONE',  ( -0.0000000000000000000, -0.0000000000000000000, -1.000000000000000000 ) ) ;
#1715 = DIRECTION ( 'NONE',  ( -0.0000000000000000000, -1.000000000000000000, -0.0000000000000000000 ) ) ;
#1716 = CARTESIAN_POINT ( 'NONE',  ( 0.6092971559885967900, -0.5809999999999997400, 11.36391924367524100 ) ) ;
#1717 = EDGE_LOOP ( 'NONE', ( #549, #2053, #1289, #1851 ) ) ;
#1718 = CARTESIAN_POINT ( 'NONE',  ( -0.05950000000000021200, -0.2000000000000000900, 2.510793203150805600 ) ) ;
#1719 = CARTESIAN_POINT ( 'NONE',  ( 1.068256177079754700, -0.1999999999999999600, 13.02988211090543500 ) ) ;
#1720 = DIRECTION ( 'NONE',  ( -1.000000000000000000, 0.0000000000000000000, 0.0000000000000000000 ) ) ;
#1721 = CARTESIAN_POINT ( 'NONE',  ( -0.2499999999999956700, -0.2000000000000000900, 19.49999999999999600 ) ) ;
#1722 = ORIENTED_EDGE ( 'NONE', *, *, #590, .T. ) ;
#1723 = EDGE_CURVE ( 'NONE', #1781, #396, #254, .T. ) ;
#1724 = FACE_OUTER_BOUND ( 'NONE', #105, .T. ) ;
#1725 = CC_DESIGN_PERSON_AND_ORGANIZATION_ASSIGNMENT ( #954, #2203, ( #1619 ) ) ;
#1726 = DIRECTION ( 'NONE',  ( -0.0000000000000000000, -1.000000000000000000, -0.0000000000000000000 ) ) ;
#1727 = CARTESIAN_POINT ( 'NONE',  ( -0.05950000000000021200, -0.2000000000000000900, 2.510793203150805600 ) ) ;
#1728 = CARTESIAN_POINT ( 'NONE',  ( -0.2159699188562695400, -0.5809999999999998500, 5.612033568843981100 ) ) ;
#1729 = CIRCLE ( 'NONE', #9, 0.1250000000000000000 ) ;
#1730 = CARTESIAN_POINT ( 'NONE',  ( 0.6726397037424130000, -0.2000000000000005900, 12.33481655574229800 ) ) ;
#1731 = CARTESIAN_POINT ( 'NONE',  ( 1.122786179078204800, -0.2000000000000001200, 12.73358117992547500 ) ) ;
#1732 = VERTEX_POINT ( 'NONE', #1810 ) ;
#1733 = CARTESIAN_POINT ( 'NONE',  ( -0.1249999999999956400, -0.2000000000000000700, 19.49999999999999600 ) ) ;
#1734 = CARTESIAN_POINT ( 'NONE',  ( -0.2500000000000043300, -0.2000000000000000900, 16.50000000000000700 ) ) ;
#1735 = CIRCLE ( 'NONE', #2124, 0.5000000000000000000 ) ;
#1736 = CARTESIAN_POINT ( 'NONE',  ( -0.4976344342303039000, -0.2000000000000001200, 3.243938969477629700 ) ) ;
#1737 = EDGE_LOOP ( 'NONE', ( #407, #2096 ) ) ;
#1738 = ADVANCED_FACE ( 'NONE', ( #658 ), #1976, .F. ) ;
#1739 = ORIENTED_EDGE ( 'NONE', *, *, #94, .T. ) ;
#1740 = CARTESIAN_POINT ( 'NONE',  ( 0.6726397037424130000, -0.2000000000000005900, 12.33481655574229800 ) ) ;
#1741 = CARTESIAN_POINT ( 'NONE',  ( 0.8201685610613916900, -0.1999999999999999800, 10.48902833289080400 ) ) ;
#1742 = EDGE_LOOP ( 'NONE', ( #953, #1774, #2075, #1962 ) ) ;
#1743 = CARTESIAN_POINT ( 'NONE',  ( -0.5320600966284986200, 0.1809999999999998800, 4.771583266156689300 ) ) ;
#1744 = DIRECTION ( 'NONE',  ( 0.0000000000000000000, 1.000000000000000000, 0.0000000000000000000 ) ) ;
#1745 = CARTESIAN_POINT ( 'NONE',  ( -0.5000000000000000000, -0.2999999999999997700, -0.1997493718553309800 ) ) ;
#1746 = EDGE_CURVE ( 'NONE', #1375, #1324, #720, .T. ) ;
#1747 = CARTESIAN_POINT ( 'NONE',  ( 0.2545253790984672900, -0.2000000000000002100, 12.58600074719803500 ) ) ;
#1748 = FACE_OUTER_BOUND ( 'NONE', #290, .T. ) ;
#1749 = CARTESIAN_POINT ( 'NONE',  ( -0.5320600966284986200, 0.1809999999999998800, 4.771583266156689300 ) ) ;
#1750 = CARTESIAN_POINT ( 'NONE',  ( 0.1885674715845383800, -0.2000000000000000400, 9.342188139060951400 ) ) ;
#1751 = EDGE_CURVE ( 'NONE', #171, #1014, #196, .T. ) ;
#1752 = B_SPLINE_CURVE_WITH_KNOTS ( 'NONE', 3,
 ( #1165, #472, #1873, #822, #2034, #991, #2209, #1174, #116, #1349, #316, #1531, #479, #1706, #659, #1877, #829, #2043, #998, #2215, #1183, #126, #1359 ),
 .UNSPECIFIED., .F., .F.,
 ( 4, 1, 1, 1, 1, 1, 1, 1, 1, 1, 1, 1, 1, 1, 1, 1, 1, 1, 1, 1, 4 ),
 ( 0.0000000000000000000, 0.06249999999974571700, 0.1250000000000000000, 0.1875000000001292000, 0.2500000000000000600, 0.2765376830112973300, 0.3333333333333332600, 0.3350251083088975300, 0.4166666666666666900, 0.5000000000000000000, 0.5416666666663466600, 0.5571132369018793100, 0.5833333333333330400, 0.6249999999999998900, 0.6263868276784018100, 0.6666666666666663000, 0.7083333333333196000, 0.7499999999999927800, 0.8333333333333332600, 0.9166666666666667400, 1.000000000000000000 ),
 .UNSPECIFIED. ) ;
#1753 = CARTESIAN_POINT ( 'NONE',  ( 0.4989372149175405600, 0.1810000000000000800, 13.20612658096023200 ) ) ;
#1754 = DIRECTION ( 'NONE',  ( 0.0000000000000000000, 1.000000000000000000, 0.0000000000000000000 ) ) ;
#1755 = DIRECTION ( 'NONE',  ( -1.000000000000000000, 0.0000000000000000000, 0.0000000000000000000 ) ) ;
#1756 = CARTESIAN_POINT ( 'NONE',  ( 0.4989372149175405600, 0.1810000000000000800, 13.20612658096023200 ) ) ;
#1757 = CARTESIAN_POINT ( 'NONE',  ( -1.209315597128664200, 0.1809999999999996300, 7.221514624889398000 ) ) ;
#1758 = ORIENTED_EDGE ( 'NONE', *, *, #1804, .T. ) ;
#1759 = DIRECTION ( 'NONE',  ( 1.084202172485504400E-016, -0.0000000000000000000, -1.000000000000000000 ) ) ;
#1760 = CARTESIAN_POINT ( 'NONE',  ( 1.089956225432670000, 0.1810000000000001100, 11.21397758063356800 ) ) ;
#1761 = DIRECTION ( 'NONE',  ( 1.571307496355803400E-016, 1.000000000000000000, -0.0000000000000000000 ) ) ;
#1762 = LINE ( 'NONE', #907, #814 ) ;
#1763 = EDGE_CURVE ( 'NONE', #869, #985, #1597, .T. ) ;
#1764 = CARTESIAN_POINT ( 'NONE',  ( 0.3749999999999956700, -0.2000000000000000100, 18.49999999999999600 ) ) ;
#1765 = LINE ( 'NONE', #548, #1241 ) ;
#1766 = CARTESIAN_POINT ( 'NONE',  ( -1.209315597128664200, 0.1809999999999996300, 7.221514624889398000 ) ) ;
#1767 = TOROIDAL_SURFACE ( 'NONE', #2138, 0.05000000000000002400, 0.2999999999999999900 ) ;
#1768 = CARTESIAN_POINT ( 'NONE',  ( -0.3932546291147299700, 0.1809999999999998000, 14.86160778186494200 ) ) ;
#1769 = DIRECTION ( 'NONE',  ( -1.000000000000000000, 0.0000000000000000000, 0.0000000000000000000 ) ) ;
#1770 = CARTESIAN_POINT ( 'NONE',  ( 0.4404999999999998400, -0.2000000000000000100, 2.000000000000000000 ) ) ;
#1771 = CARTESIAN_POINT ( 'NONE',  ( 0.8201685610613910200, 0.1810000000000000500, 10.48903175145721500 ) ) ;
#1772 = DIRECTION ( 'NONE',  ( -0.0000000000000000000, -0.0000000000000000000, -1.000000000000000000 ) ) ;
#1773 = CARTESIAN_POINT ( 'NONE',  ( -0.4549999999999999600, -0.2999999999999997700, 0.5000000000000000000 ) ) ;
#1774 = ORIENTED_EDGE ( 'NONE', *, *, #935, .F. ) ;
#1775 = ORIENTED_EDGE ( 'NONE', *, *, #1879, .T. ) ;
#1776 = CARTESIAN_POINT ( 'NONE',  ( -0.3932546291147299700, 0.1809999999999998000, 14.86160778186494200 ) ) ;
#1777 = CARTESIAN_POINT ( 'NONE',  ( 0.03852196180945584300, -0.2000000000000008400, 10.89631168244382800 ) ) ;
#1778 = AXIS2_PLACEMENT_3D ( 'NONE', #1686, #1226, #1206 ) ;
#1779 = DIRECTION ( 'NONE',  ( 0.0000000000000000000, 0.0000000000000000000, 1.000000000000000000 ) ) ;
#1780 = DIRECTION ( 'NONE',  ( -1.000000000000000000, 0.0000000000000000000, 0.0000000000000000000 ) ) ;
#1781 = VERTEX_POINT ( 'NONE', #1108 ) ;
#1782 = CARTESIAN_POINT ( 'NONE',  ( -0.4550000000000000200, 2.168404344971008900E-016, 0.1500000000000000200 ) ) ;
#1783 = CARTESIAN_POINT ( 'NONE',  ( 0.4404999999999982300, -0.5809999999999999600, 16.50000000000001400 ) ) ;
#1784 = DIRECTION ( 'NONE',  ( -2.449293598294706900E-016, 1.000000000000000000, -0.0000000000000000000 ) ) ;
#1785 = ORIENTED_EDGE ( 'NONE', *, *, #2168, .F. ) ;
#1786 = CARTESIAN_POINT ( 'NONE',  ( 0.1885674715845384900, 0.1809999999999999100, 9.342162230884868600 ) ) ;
#1787 = LOCAL_TIME ( 12, 18, 23.00000000000000000, #2224 ) ;
#1788 = CARTESIAN_POINT ( 'NONE',  ( 0.2499999999999997800, -0.2000000000000000100, 2.000000000000000000 ) ) ;
#1789 = CIRCLE ( 'NONE', #397, 1.875000000000000000 ) ;
#1790 = AXIS2_PLACEMENT_3D ( 'NONE', #2230, #2220, #2214 ) ;
#1791 = LINE ( 'NONE', #707, #1370 ) ;
#1792 = CARTESIAN_POINT ( 'NONE',  ( 0.3046660147997609600, -0.2000000000000006200, 11.75397933267926800 ) ) ;
#1793 = DIRECTION ( 'NONE',  ( -1.000000000000000000, 0.0000000000000000000, 0.0000000000000000000 ) ) ;
#1794 = DIRECTION ( 'NONE',  ( -2.449293598294706900E-016, 1.000000000000000000, -0.0000000000000000000 ) ) ;
#1795 = ORIENTED_EDGE ( 'NONE', *, *, #973, .T. ) ;
#1796 = CARTESIAN_POINT ( 'NONE',  ( 2.143131898507868300E-016, 1.560000000000000100, 1.750000000000000000 ) ) ;
#1797 = ORIENTED_EDGE ( 'NONE', *, *, #112, .F. ) ;
#1798 = ORIENTED_EDGE ( 'NONE', *, *, #2248, .T. ) ;
#1799 = ORIENTED_EDGE ( 'NONE', *, *, #2060, .F. ) ;
#1800 = CARTESIAN_POINT ( 'NONE',  ( -0.2020554258773766000, 0.1809999999999999900, 8.230339471649699600 ) ) ;
#1801 = ORIENTED_EDGE ( 'NONE', *, *, #134, .T. ) ;
#1802 = CARTESIAN_POINT ( 'NONE',  ( 0.2500000000000000000, -0.2000000000000000100, 0.0000000000000000000 ) ) ;
#1803 = AXIS2_PLACEMENT_3D ( 'NONE', #1697, #1191, #141 ) ;
#1804 = EDGE_CURVE ( 'NONE', #2161, #1426, #1119, .T. ) ;
#1805 = EDGE_CURVE ( 'NONE', #774, #1951, #1536, .T. ) ;
#1806 = CARTESIAN_POINT ( 'NONE',  ( -0.4181037379083541400, -0.5809999999999998500, 4.805939883937114100 ) ) ;
#1807 = ORIENTED_EDGE ( 'NONE', *, *, #837, .T. ) ;
#1808 = EDGE_LOOP ( 'NONE', ( #450, #752 ) ) ;
#1809 = AXIS2_PLACEMENT_3D ( 'NONE', #2264, #1237, #184 ) ;
#1810 = CARTESIAN_POINT ( 'NONE',  ( 0.0000000000000000000, -0.3999999999999999700, 0.7614471274339953400 ) ) ;
#1811 = CARTESIAN_POINT ( 'NONE',  ( 0.7236940145162863400, -0.1999999999999997900, 11.32823304188698500 ) ) ;
#1812 = DIRECTION ( 'NONE',  ( 0.0000000000000000000, 0.0000000000000000000, 1.000000000000000000 ) ) ;
#1813 = LINE ( 'NONE', #2115, #934 ) ;
#1814 = ADVANCED_FACE ( 'NONE', ( #1068 ), #1002, .T. ) ;
#1815 = FACE_OUTER_BOUND ( 'NONE', #1185, .T. ) ;
#1816 = CARTESIAN_POINT ( 'NONE',  ( 0.4950000000000000000, 1.634159796210035700E-016, -0.1499999999999999700 ) ) ;
#1817 = CARTESIAN_POINT ( 'NONE',  ( 0.4549999999999999000, -0.2999999999999998200, 0.1500000000000000200 ) ) ;
#1818 = CARTESIAN_POINT ( 'NONE',  ( 0.1073588657426045200, -0.2000000000000001500, 14.89954572912238000 ) ) ;
#1819 = CARTESIAN_POINT ( 'NONE',  ( 0.5000000000000000000, 2.265596578422598400E-017, -0.4999642838919422500 ) ) ;
#1820 = ORIENTED_EDGE ( 'NONE', *, *, #1012, .T. ) ;
#1821 = CLOSED_SHELL ( 'NONE', ( #842, #1022, #765, #1468 ) ) ;
#1822 = ADVANCED_FACE ( 'NONE', ( #1997 ), #74, .T. ) ;
#1823 = DIRECTION ( 'NONE',  ( 0.0000000000000000000, 0.0000000000000000000, 1.000000000000000000 ) ) ;
#1824 = ADVANCED_FACE ( 'NONE', ( #1485 ), #1943, .T. ) ;
#1825 = DIRECTION ( 'NONE',  ( 1.000000000000000000, 0.0000000000000000000, -1.224646799147353200E-016 ) ) ;
#1826 = CARTESIAN_POINT ( 'NONE',  ( 1.170481318234184000, -0.2000000000000001800, 12.38756467978822900 ) ) ;
#1827 = CARTESIAN_POINT ( 'NONE',  ( 0.2430349450722133500, -0.1999999999999995900, 11.47817434398770000 ) ) ;
#1828 = EDGE_CURVE ( 'NONE', #149, #1781, #1884, .T. ) ;
#1829 = EDGE_CURVE ( 'NONE', #1276, #1290, #555, .T. ) ;
#1830 = CARTESIAN_POINT ( 'NONE',  ( 1.203290263031654600, -0.2000000000000000700, 12.05812443070645700 ) ) ;
#1831 = ORIENTED_EDGE ( 'NONE', *, *, #923, .F. ) ;
#1832 = CARTESIAN_POINT ( 'NONE',  ( -0.1817441132121382400, -0.5810000000000004100, 4.091373241158743600 ) ) ;
#1833 = DIRECTION ( 'NONE',  ( -0.0000000000000000000, 0.0000000000000000000, -1.000000000000000000 ) ) ;
#1834 = ADVANCED_FACE ( 'NONE', ( #124 ), #908, .T. ) ;
#1835 = EDGE_LOOP ( 'NONE', ( #1230, #578, #1045, #781 ) ) ;
#1836 = EDGE_LOOP ( 'NONE', ( #1091, #2139 ) ) ;
#1837 = CALENDAR_DATE ( 2017, 1, 6 ) ;
#1838 = CARTESIAN_POINT ( 'NONE',  ( -0.2020554258773764300, -0.2000000000000000400, 8.230285501889360600 ) ) ;
#1839 = CIRCLE ( 'NONE', #1369, 0.3000000000000000400 ) ;
#1840 = CARTESIAN_POINT ( 'NONE',  ( 1.177339948175596600, -0.2000000000000000400, 11.63643544513008800 ) ) ;
#1841 = FACE_OUTER_BOUND ( 'NONE', #1403, .T. ) ;
#1842 = AXIS2_PLACEMENT_3D ( 'NONE', #1566, #167, #1393 ) ;
#1843 = ORIENTED_EDGE ( 'NONE', *, *, #112, .T. ) ;
#1844 = CARTESIAN_POINT ( 'NONE',  ( -0.1529414455813391200, -0.2000000000000000400, 9.521132282796825700 ) ) ;
#1845 = AXIS2_PLACEMENT_3D ( 'NONE', #2148, #1103, #52 ) ;
#1846 = CARTESIAN_POINT ( 'NONE',  ( -0.3238368095392740700, -0.2000000000000000400, 7.183178955531594100 ) ) ;
#1847 = EDGE_CURVE ( 'NONE', #1258, #985, #1367, .T. ) ;
#1848 = CC_DESIGN_DATE_AND_TIME_ASSIGNMENT ( #1364, #1166, ( #1619 ) ) ;
#1849 = CARTESIAN_POINT ( 'NONE',  ( 1.089956225432670000, -0.1999999999999999800, 11.21397782126022800 ) ) ;
#1850 = ORIENTED_EDGE ( 'NONE', *, *, #948, .F. ) ;
#1851 = ORIENTED_EDGE ( 'NONE', *, *, #1751, .F. ) ;
#1852 = CARTESIAN_POINT ( 'NONE',  ( 0.05949999999999561900, -0.2000000000000000100, 16.50000000000000700 ) ) ;
#1853 = CARTESIAN_POINT ( 'NONE',  ( -0.2596069603916787400, -0.2000000000000002100, 9.577030260735726900 ) ) ;
#1854 = CARTESIAN_POINT ( 'NONE',  ( -0.3113471810700510500, -0.2000000000000000400, 6.504718168972236600 ) ) ;
#1855 = DIRECTION ( 'NONE',  ( 1.000000000000000000, 0.0000000000000000000, -1.224646799147353200E-016 ) ) ;
#1856 = EDGE_CURVE ( 'NONE', #1557, #774, #1839, .T. ) ;
#1857 = ORIENTED_EDGE ( 'NONE', *, *, #1448, .F. ) ;
#1858 = CARTESIAN_POINT ( 'NONE',  ( -0.05950000000000429300, -0.2000000000000000900, 16.50000000000000700 ) ) ;
#1859 = CARTESIAN_POINT ( 'NONE',  ( 1.170481318234184000, -0.2000000000000001800, 12.38756467978822900 ) ) ;
#1860 = EDGE_CURVE ( 'NONE', #1030, #595, #959, .T. ) ;
#1861 = DIRECTION ( 'NONE',  ( 0.0000000000000000000, 0.0000000000000000000, 1.000000000000000000 ) ) ;
#1862 = SHAPE_REPRESENTATION_RELATIONSHIP ( 'NONE' , 'NONE' ,  #1021, #2199 ) ;
#1863 = CIRCLE ( 'NONE', #1001, 0.5000000000000000000 ) ;
#1864 = CARTESIAN_POINT ( 'NONE',  ( -1.209315597128664200, -0.2000000000000004000, 7.221549537272678300 ) ) ;
#1865 = CIRCLE ( 'NONE', #1952, 0.3500000000000000300 ) ;
#1866 = CARTESIAN_POINT ( 'NONE',  ( 0.8201685610613916900, -0.1999999999999999800, 10.48902833289080400 ) ) ;
#1867 = DIRECTION ( 'NONE',  ( -0.0000000000000000000, 1.000000000000000000, -0.0000000000000000000 ) ) ;
#1868 = APPROVAL_ROLE ( '' ) ;
#1869 = ORIENTED_EDGE ( 'NONE', *, *, #17, .T. ) ;
#1870 = CARTESIAN_POINT ( 'NONE',  ( -0.3932546291147301400, -0.2000000000000002600, 14.85185761199775800 ) ) ;
#1871 = CARTESIAN_POINT ( 'NONE',  ( -0.2159699188562695900, -0.1999999999999999800, 5.612037205615491700 ) ) ;
#1872 = CARTESIAN_POINT ( 'NONE',  ( 0.03852196180945607900, -0.5810000000000008500, 10.89630826388990000 ) ) ;
#1873 = CARTESIAN_POINT ( 'NONE',  ( 0.3801391083815402500, -0.1999999999999999300, 3.366478857201722400 ) ) ;
#1874 = CARTESIAN_POINT ( 'NONE',  ( 0.03852196180945607900, -0.5810000000000008500, 10.89630826388990000 ) ) ;
#1875 = CARTESIAN_POINT ( 'NONE',  ( -0.05325186671192554100, -0.1999999999999999300, 4.918348201856133500 ) ) ;
#1876 = CARTESIAN_POINT ( 'NONE',  ( -0.05950000000000022600, -0.5809999999999999600, 2.000000000000000000 ) ) ;
#1877 = CARTESIAN_POINT ( 'NONE',  ( 1.122786179078204800, -0.2000000000000000900, 12.73358117992547300 ) ) ;
#1878 = ORIENTED_EDGE ( 'NONE', *, *, #152, .F. ) ;
#1879 = EDGE_CURVE ( 'NONE', #1277, #498, #20, .T. ) ;
#1880 = CARTESIAN_POINT ( 'NONE',  ( -0.05950000000000022600, -0.5809999999999999600, 2.000000000000000000 ) ) ;
#1881 = PERSON_AND_ORGANIZATION ( #1358, #309 ) ;
#1882 = CARTESIAN_POINT ( 'NONE',  ( 0.7000643462179786400, -0.5810000000000009600, 12.03689566476017700 ) ) ;
#1883 = CARTESIAN_POINT ( 'NONE',  ( 0.1885674715845383800, -0.2000000000000000400, 9.342188139060951400 ) ) ;
#1884 = LINE ( 'NONE', #1019, #1431 ) ;
#1885 = CARTESIAN_POINT ( 'NONE',  ( -0.3238368095392741800, 0.1809999999999999700, 7.183144043005478700 ) ) ;
#1886 = CARTESIAN_POINT ( 'NONE',  ( -0.4405000000000043900, -0.2000000000000000700, 16.50000000000000700 ) ) ;
#1887 = TOROIDAL_SURFACE ( 'NONE', #214, 0.05000000000000002400, 0.2999999999999999900 ) ;
#1888 = CARTESIAN_POINT ( 'NONE',  ( 0.7000643462179786400, -0.5810000000000009600, 12.03689566476017700 ) ) ;
#1889 = CARTESIAN_POINT ( 'NONE',  ( -0.2955771086863050500, -0.2000000000000002600, 4.055567411923016500 ) ) ;
#1890 = ORIENTED_EDGE ( 'NONE', *, *, #1535, .F. ) ;
#1891 = CARTESIAN_POINT ( 'NONE',  ( -0.5000000000000001100, -0.2674776489261658800, -0.3567284582539757600 ) ) ;
#1892 = DIRECTION ( 'NONE',  ( -0.0000000000000000000, -1.000000000000000000, -0.0000000000000000000 ) ) ;
#1893 = AXIS2_PLACEMENT_3D ( 'NONE', #1931, #891, #2106 ) ;
#1894 = EDGE_CURVE ( 'NONE', #425, #1110, #2225, .T. ) ;
#1895 = CARTESIAN_POINT ( 'NONE',  ( -0.2500000000000043300, -0.2000000000000000900, 16.50000000000000700 ) ) ;
#1896 = CARTESIAN_POINT ( 'NONE',  ( -0.2955771086863050500, -0.2000000000000002600, 4.055567411923016500 ) ) ;
#1897 = EDGE_CURVE ( 'NONE', #1699, #2009, #442, .T. ) ;
#1898 = CARTESIAN_POINT ( 'NONE',  ( 0.5793284012692424500, -0.2000000000000000700, 12.92144882224773800 ) ) ;
#1899 = CARTESIAN_POINT ( 'NONE',  ( -0.2020554258773764300, -0.2000000000000000400, 8.230285501889360600 ) ) ;
#1900 = CARTESIAN_POINT ( 'NONE',  ( -0.8969119678249276600, -0.2000000000000002900, 4.659174948237671600 ) ) ;
#1901 = CARTESIAN_POINT ( 'NONE',  ( 0.5793284012692424500, -0.2000000000000000700, 12.92144882224773800 ) ) ;
#1902 = CARTESIAN_POINT ( 'NONE',  ( 1.122786179078204800, -0.2000000000000001200, 12.73358117992547500 ) ) ;
#1903 = MANIFOLD_SOLID_BREP ( 'Fillet6', #1649 ) ;
#1904 = CARTESIAN_POINT ( 'NONE',  ( -0.8140078254681918400, 0.1809999999999997700, 6.484215722623782000 ) ) ;
#1905 = CARTESIAN_POINT ( 'NONE',  ( -0.3238368095392740700, -0.2000000000000000400, 7.183178955531594100 ) ) ;
#1906 = CARTESIAN_POINT ( 'NONE',  ( 0.4950000000000000000, -0.2999999999999998200, -0.1499999999999999700 ) ) ;
#1907 = DIRECTION ( 'NONE',  ( -0.0000000000000000000, 1.000000000000000000, -0.0000000000000000000 ) ) ;
#1908 = CARTESIAN_POINT ( 'NONE',  ( 0.1364375789365858400, -0.2000000000000000400, 13.08705125352223300 ) ) ;
#1909 = EDGE_CURVE ( 'NONE', #2009, #1699, #1789, .T. ) ;
#1910 = CYLINDRICAL_SURFACE ( 'NONE', #223, 1.750000000000000000 ) ;
#1911 = DIRECTION ( 'NONE',  ( 0.0000000000000000000, 0.0000000000000000000, 1.000000000000000000 ) ) ;
#1912 = CARTESIAN_POINT ( 'NONE',  ( -0.8140078254681918400, 0.1809999999999997700, 6.484215722623782000 ) ) ;
#1913 = CARTESIAN_POINT ( 'NONE',  ( 0.1827127882639768800, -0.2000000000000000400, 4.202121962777177100 ) ) ;
#1914 = FACE_OUTER_BOUND ( 'NONE', #2122, .T. ) ;
#1915 = CARTESIAN_POINT ( 'NONE',  ( 0.1791521153656150900, 0.1809999999999999700, 13.99338603212291700 ) ) ;
#1916 = CYLINDRICAL_SURFACE ( 'NONE', #1612, 0.1250000000000000000 ) ;
#1917 = CARTESIAN_POINT ( 'NONE',  ( 0.2499999999999956700, -0.2000000000000000400, 18.49999999999999600 ) ) ;
#1919 = ORIENTED_EDGE ( 'NONE', *, *, #1305, .T. ) ;
#1918 = AXIS2_PLACEMENT_3D ( 'NONE', #1142, #975, #2189 ) ;
#1920 = ORIENTED_EDGE ( 'NONE', *, *, #1082, .T. ) ;
#1921 = CARTESIAN_POINT ( 'NONE',  ( 0.1791521153656150900, 0.1809999999999999700, 13.99338603212291700 ) ) ;
#1922 = VERTEX_POINT ( 'NONE', #703 ) ;
#1923 = CARTESIAN_POINT ( 'NONE',  ( -0.6011158775575563600, 0.1809999999999997700, 9.755948496453706700 ) ) ;
#1924 = CARTESIAN_POINT ( 'NONE',  ( -0.1249999999999956400, -0.2000000000000000700, 19.49999999999999600 ) ) ;
#1925 = DIRECTION ( 'NONE',  ( 0.0000000000000000000, 0.0000000000000000000, 1.000000000000000000 ) ) ;
#1926 = CARTESIAN_POINT ( 'NONE',  ( -0.3113471810700511000, 0.1809999999999999700, 6.504561109661811000 ) ) ;
#1927 = DIRECTION ( 'NONE',  ( -0.0000000000000000000, -1.000000000000000000, -0.0000000000000000000 ) ) ;
#1928 = DIRECTION ( 'NONE',  ( 0.0000000000000000000, 1.000000000000000000, 0.0000000000000000000 ) ) ;
#1929 = CARTESIAN_POINT ( 'NONE',  ( -0.6011158775575563600, 0.1809999999999997700, 9.755948496453706700 ) ) ;
#1930 = CARTESIAN_POINT ( 'NONE',  ( -0.4405000000000017200, 0.1809999999999999900, 16.50000000000001400 ) ) ;
#1931 = CARTESIAN_POINT ( 'NONE',  ( 0.2499999999999956700, -0.2000000000000000400, 19.49999999999999600 ) ) ;
#1932 = CARTESIAN_POINT ( 'NONE',  ( -0.2159699188562696500, 0.1810000000000000800, 5.612040842387000500 ) ) ;
#1933 = CARTESIAN_POINT ( 'NONE',  ( 0.0000000000000000000, -0.4000000000000000200, 0.0000000000000000000 ) ) ;
#1934 = CARTESIAN_POINT ( 'NONE',  ( -0.4405000000000017200, 0.1809999999999999900, 16.50000000000001400 ) ) ;
#1935 = CARTESIAN_POINT ( 'NONE',  ( 0.3046660147997609600, -0.2000000000000006200, 11.75397933267926800 ) ) ;
#1936 = ORIENTED_EDGE ( 'NONE', *, *, #1120, .F. ) ;
#1937 = COORDINATED_UNIVERSAL_TIME_OFFSET ( 8, 0, .BEHIND. ) ;
#1938 = EDGE_CURVE ( 'NONE', #618, #262, #1316, .T. ) ;
#1939 = CARTESIAN_POINT ( 'NONE',  ( -0.2499999999999956700, -0.2000000000000000900, 18.49999999999999600 ) ) ;
#1940 = DIRECTION ( 'NONE',  ( 0.0000000000000000000, 0.0000000000000000000, 1.000000000000000000 ) ) ;
#1941 = CARTESIAN_POINT ( 'NONE',  ( -0.05325186671192559000, 0.1810000000000001100, 4.919208358968658600 ) ) ;
#1942 = CARTESIAN_POINT ( 'NONE',  ( 0.4405000000000000000, -0.1999999999999999800, 0.0000000000000000000 ) ) ;
#1943 = TOROIDAL_SURFACE ( 'NONE', #1259, 1.850000000000000100, 0.1499999999999999700 ) ;
#1944 = EDGE_CURVE ( 'NONE', #731, #45, #845, .T. ) ;
#1945 = DIRECTION ( 'NONE',  ( 0.0000000000000000000, 0.0000000000000000000, 1.000000000000000000 ) ) ;
#1946 = LINE ( 'NONE', #1886, #1486 ) ;
#1947 = ORIENTED_EDGE ( 'NONE', *, *, #572, .T. ) ;
#1948 = DIRECTION ( 'NONE',  ( -1.000000000000000000, 0.0000000000000000000, 0.0000000000000000000 ) ) ;
#1949 = CARTESIAN_POINT ( 'NONE',  ( 0.4404999999999981700, -0.5809999999999999600, 15.88099885303191900 ) ) ;
#1950 = CARTESIAN_POINT ( 'NONE',  ( 0.1827127882639767200, 0.1810000000000000800, 4.198880963537973800 ) ) ;
#1951 = VERTEX_POINT ( 'NONE', #1587 ) ;
#1952 = AXIS2_PLACEMENT_3D ( 'NONE', #691, #1907, #866 ) ;
#1953 = AXIS2_PLACEMENT_3D ( 'NONE', #405, #1450, #1625 ) ;
#1954 = CARTESIAN_POINT ( 'NONE',  ( 0.2932843934996835500, -0.2000000000000007900, 12.29462192202196000 ) ) ;
#1955 = DIRECTION ( 'NONE',  ( 0.0000000000000000000, 0.0000000000000000000, 1.000000000000000000 ) ) ;
#1956 = CARTESIAN_POINT ( 'NONE',  ( 0.3801391083815403000, 0.1810000000000000500, 3.378582697045996200 ) ) ;
#1957 = EDGE_CURVE ( 'NONE', #1557, #1663, #1267, .T. ) ;
#1958 = PLANE ( 'NONE',  #317 ) ;
#1959 = APPROVAL ( #111, 'UNSPECIFIED' ) ;
#1960 = CARTESIAN_POINT ( 'NONE',  ( 0.5000000000000000000, -0.07927104030324411100, 0.4999642838919423600 ) ) ;
#1961 = VERTEX_POINT ( 'NONE', #1412 ) ;
#1962 = ORIENTED_EDGE ( 'NONE', *, *, #1050, .T. ) ;
#1963 = CARTESIAN_POINT ( 'NONE',  ( -0.8450000000000000800, -9.980871413050932400E-017, 0.5000000000000000000 ) ) ;
#1964 = DIRECTION ( 'NONE',  ( 1.000000000000000000, 0.0000000000000000000, 0.0000000000000000000 ) ) ;
#1965 = FACE_OUTER_BOUND ( 'NONE', #191, .T. ) ;
#1966 = ORIENTED_EDGE ( 'NONE', *, *, #1944, .F. ) ;
#1967 = TOROIDAL_SURFACE ( 'NONE', #897, 0.05000000000000002400, 0.2999999999999999900 ) ;
#1968 = CARTESIAN_POINT ( 'NONE',  ( 0.0000000000000000000, 1.560000000000000100, -1.750000000000000000 ) ) ;
#1969 = FACE_OUTER_BOUND ( 'NONE', #1737, .T. ) ;
#1970 = EDGE_CURVE ( 'NONE', #1277, #801, #2177, .T. ) ;
#1971 = ORIENTED_EDGE ( 'NONE', *, *, #2216, .F. ) ;
#1972 = CARTESIAN_POINT ( 'NONE',  ( 0.4549999999999999000, -0.2999999999999998200, 0.5000000000000000000 ) ) ;
#1973 = VERTEX_POINT ( 'NONE', #1764 ) ;
#1974 = B_SPLINE_CURVE_WITH_KNOTS ( 'NONE', 3,
 ( #1273, #1960, #228, #1452, #406, #1634 ),
 .UNSPECIFIED., .F., .F.,
 ( 4, 2, 4 ),
 ( 0.0000000000000000000, 0.0002344376887355823100, 0.0004688753774711646200 ),
 .UNSPECIFIED. ) ;
#1975 = ADVANCED_FACE ( 'NONE', ( #1724 ), #5, .T. ) ;
#1976 = PLANE ( 'NONE',  #1613 ) ;
#1977 = LINE ( 'NONE', #1773, #1106 ) ;
#1978 = CARTESIAN_POINT ( 'NONE',  ( 0.0005344321782341908000, -0.5809999999999999600, 3.308905301753448700 ) ) ;
#1979 = CARTESIAN_POINT ( 'NONE',  ( -0.3749999999999956700, -0.2000000000000000900, 18.49999999999999600 ) ) ;
#1980 = AXIS2_PLACEMENT_3D ( 'NONE', #2141, #1459, #1301 ) ;
#1981 = EDGE_CURVE ( 'NONE', #1973, #1539, #393, .T. ) ;
#1982 = EDGE_CURVE ( 'NONE', #273, #295, #1674, .T. ) ;
#1983 = CARTESIAN_POINT ( 'NONE',  ( -0.2500000000000043300, -0.2000000000000000900, 16.50000000000000700 ) ) ;
#1984 = ADVANCED_FACE ( 'NONE', ( #337 ), #1424, .T. ) ;
#1985 = PRODUCT ( 'EM4015LW-38C10nF', 'EM4015LW-38C10nF', '', ( #2192 ) ) ;
#1986 = CARTESIAN_POINT ( 'NONE',  ( 0.8198321144196327700, -0.2000000000000007600, 12.04194848888525700 ) ) ;
#1987 = DIRECTION ( 'NONE',  ( -1.000000000000000000, 0.0000000000000000000, 0.0000000000000000000 ) ) ;
#1988 = EDGE_LOOP ( 'NONE', ( #1210, #1512 ) ) ;
#1989 = ADVANCED_FACE ( 'NONE', ( #1203 ), #1626, .T. ) ;
#1990 = ORIENTED_EDGE ( 'NONE', *, *, #837, .F. ) ;
#1991 = ORIENTED_EDGE ( 'NONE', *, *, #853, .T. ) ;
#1992 = DIRECTION ( 'NONE',  ( -0.0000000000000000000, -0.0000000000000000000, -1.000000000000000000 ) ) ;
#1993 = CARTESIAN_POINT ( 'NONE',  ( -0.3113471810700510500, -0.2000000000000000400, 6.504718168972236600 ) ) ;
#1994 = LOCAL_TIME ( 12, 18, 23.00000000000000000, #192 ) ;
#1995 = CARTESIAN_POINT ( 'NONE',  ( 0.05949999999999965700, -0.5809999999999998500, 2.520570968097436600 ) ) ;
#1996 = CARTESIAN_POINT ( 'NONE',  ( 0.3166061976059563700, -0.2000000000000017900, 12.02072004026625900 ) ) ;
#1997 = FACE_OUTER_BOUND ( 'NONE', #1607, .T. ) ;
#1998 = LINE ( 'NONE', #667, #615 ) ;
#1999 = EDGE_CURVE ( 'NONE', #274, #269, #745, .T. ) ;
#2000 = ADVANCED_FACE ( 'NONE', ( #2129, #1146 ), #739, .T. ) ;
#2001 = CYLINDRICAL_SURFACE ( 'NONE', #1778, 0.2999999999999999900 ) ;
#2002 = CARTESIAN_POINT ( 'NONE',  ( 0.05949999999999969900, -0.5809999999999999600, 2.000000000000000000 ) ) ;
#2003 = CARTESIAN_POINT ( 'NONE',  ( 0.05949999999999970600, -0.1999999999999999800, 2.507530154692294600 ) ) ;
#2004 = CARTESIAN_POINT ( 'NONE',  ( 0.7236940145162863400, -0.1999999999999997900, 11.32823304188698500 ) ) ;
#2005 = ORIENTED_EDGE ( 'NONE', *, *, #1535, .T. ) ;
#2006 = DIRECTION ( 'NONE',  ( 0.0000000000000000000, 1.000000000000000000, 0.0000000000000000000 ) ) ;
#2007 = AXIS2_PLACEMENT_3D ( 'NONE', #2131, #1089, #38 ) ;
#2008 = EDGE_CURVE ( 'NONE', #295, #273, #686, .T. ) ;
#2009 = VERTEX_POINT ( 'NONE', #910 ) ;
#2010 = CARTESIAN_POINT ( 'NONE',  ( 0.6092971559885970200, -0.1999999999999997900, 11.36391912336142500 ) ) ;
#2011 = CARTESIAN_POINT ( 'NONE',  ( 0.1885674715845384900, -0.5809999999999999600, 9.342214047237046500 ) ) ;
#2012 = LINE ( 'NONE', #917, #1563 ) ;
#2013 = ORIENTED_EDGE ( 'NONE', *, *, #2167, .F. ) ;
#2014 = CARTESIAN_POINT ( 'NONE',  ( -0.2159699188562695900, -0.1999999999999999800, 5.612037205615491700 ) ) ;
#2015 = LINE ( 'NONE', #1642, #1095 ) ;
#2016 =( LENGTH_UNIT ( ) NAMED_UNIT ( * ) SI_UNIT ( .MILLI., .METRE. ) );
#2017 = EDGE_CURVE ( 'NONE', #1110, #801, #2012, .T. ) ;
#2018 = CIRCLE ( 'NONE', #571, 0.3499999999999999800 ) ;
#2019 = CYLINDRICAL_SURFACE ( 'NONE', #892, 0.2999999999999999900 ) ;
#2020 = CARTESIAN_POINT ( 'NONE',  ( -0.4405000000000002800, -0.2000000000000000700, 2.497752443078549600 ) ) ;
#2021 = CARTESIAN_POINT ( 'NONE',  ( 0.3801391083815402500, -0.1999999999999999300, 3.366478857201722400 ) ) ;
#2022 = EDGE_CURVE ( 'NONE', #422, #1608, #221, .T. ) ;
#2023 = CARTESIAN_POINT ( 'NONE',  ( -0.05325186671192554100, -0.1999999999999999300, 4.918348201856133500 ) ) ;
#2024 = ORIENTED_EDGE ( 'NONE', *, *, #2097, .F. ) ;
#2025 = APPLICATION_CONTEXT ( 'configuration controlled 3d designs of mechanical parts and assemblies' ) ;
#2026 = AXIS2_PLACEMENT_3D ( 'NONE', #793, #2006, #968 ) ;
#2027 = CARTESIAN_POINT ( 'NONE',  ( -0.6011158775575561300, -0.2000000000000002100, 9.755974404524334200 ) ) ;
#2028 = CARTESIAN_POINT ( 'NONE',  ( 0.4404999999999997800, -0.2000000000000000100, 2.520570968097436600 ) ) ;
#2029 = CARTESIAN_POINT ( 'NONE',  ( -0.5050000000000000000, -0.2999999999999997700, 0.1500000000000000200 ) ) ;
#2030 = AXIS2_PLACEMENT_3D ( 'NONE', #1266, #213, #1442 ) ;
#2031 = PERSON_AND_ORGANIZATION_ROLE ( 'design_supplier' ) ;
#2032 = CARTESIAN_POINT ( 'NONE',  ( -0.4405000000000017800, -0.2000000000000000700, 16.50000000000001400 ) ) ;
#2033 = CARTESIAN_POINT ( 'NONE',  ( 0.3046660147997611300, -0.5810000000000006300, 11.75397921202763400 ) ) ;
#2034 = CARTESIAN_POINT ( 'NONE',  ( -0.05325186671192554100, -0.1999999999999999300, 4.918348201856133500 ) ) ;
#2035 = DIRECTION ( 'NONE',  ( -1.571307496355803400E-016, -1.000000000000000000, 0.0000000000000000000 ) ) ;
#2036 = CALENDAR_DATE ( 2017, 1, 6 ) ;
#2037 = VECTOR ( 'NONE', #591, 1000.000000000000000 ) ;
#2038 = CARTESIAN_POINT ( 'NONE',  ( 0.3046660147997611300, -0.5810000000000006300, 11.75397921202763400 ) ) ;
#2039 = CARTESIAN_POINT ( 'NONE',  ( -0.3238368095392738500, -0.5809999999999998500, 7.183213868057706000 ) ) ;
#2040 = CYLINDRICAL_SURFACE ( 'NONE', #1415, 0.1905000000000000300 ) ;
#2041 = CARTESIAN_POINT ( 'NONE',  ( -0.1180297580269978200, -0.5810000000000001800, 3.289408734582581800 ) ) ;
#2042 = CIRCLE ( 'NONE', #1523, 0.1905000000000000300 ) ;
#2043 = CARTESIAN_POINT ( 'NONE',  ( 0.9746585219791605900, -0.2000000000000000900, 13.36244802542920400 ) ) ;
#2044 = DIRECTION ( 'NONE',  ( 0.0000000000000000000, 0.0000000000000000000, 1.000000000000000000 ) ) ;
#2045 = ORIENTED_EDGE ( 'NONE', *, *, #1196, .F. ) ;
#2046 = CARTESIAN_POINT ( 'NONE',  ( -0.1180297580269978200, -0.5810000000000001800, 3.289408734582581800 ) ) ;
#2047 = CARTESIAN_POINT ( 'NONE',  ( 0.6300161450374908200, -0.5809999999999999600, 12.64982210063048700 ) ) ;
#2048 = CARTESIAN_POINT ( 'NONE',  ( 0.1827127882639768800, -0.2000000000000000400, 4.202121962777177100 ) ) ;
#2049 = CARTESIAN_POINT ( 'NONE',  ( 0.4404999999999997300, 0.1810000000000000500, 2.494489341287152900 ) ) ;
#2050 = DIRECTION ( 'NONE',  ( 1.084202172485504400E-016, -0.0000000000000000000, -1.000000000000000000 ) ) ;
#2051 = CARTESIAN_POINT ( 'NONE',  ( -0.5050000000000000000, -9.980871413050932400E-017, 0.1500000000000000200 ) ) ;
#2052 = AXIS2_PLACEMENT_3D ( 'NONE', #1477, #429, #1661 ) ;
#2053 = ORIENTED_EDGE ( 'NONE', *, *, #923, .T. ) ;
#2054 = CARTESIAN_POINT ( 'NONE',  ( 0.6300161450374908200, -0.5809999999999999600, 12.64982210063048700 ) ) ;
#2055 = CARTESIAN_POINT ( 'NONE',  ( -0.7092598011610624600, -0.2000000000000001500, 5.528288667673529700 ) ) ;
#2056 = CARTESIAN_POINT ( 'NONE',  ( 0.3801391083815402500, -0.1999999999999999300, 3.366478857201722400 ) ) ;
#2057 = CARTESIAN_POINT ( 'NONE',  ( -0.5000000000000000000, -0.2999999999999997700, -0.1997493718553309800 ) ) ;
#2058 = DIRECTION ( 'NONE',  ( -0.0000000000000000000, -0.0000000000000000000, -1.000000000000000000 ) ) ;
#2059 = AXIS2_PLACEMENT_3D ( 'NONE', #236, #1457, #411 ) ;
#2060 = EDGE_CURVE ( 'NONE', #985, #435, #282, .T. ) ;
#2061 = CC_DESIGN_APPROVAL ( #1959, ( #1619 ) ) ;
#2062 = CARTESIAN_POINT ( 'NONE',  ( -0.7092598011610624600, -0.2000000000000001500, 5.528288667673529700 ) ) ;
#2063 = CARTESIAN_POINT ( 'NONE',  ( 1.170481318234183800, -0.5809999999999999600, 12.38756730743026500 ) ) ;
#2064 = CARTESIAN_POINT ( 'NONE',  ( 0.3794856556896973900, -0.2000000000000000400, 13.52829143465910100 ) ) ;
#2065 = ORIENTED_EDGE ( 'NONE', *, *, #1856, .F. ) ;
#2066 = FACE_OUTER_BOUND ( 'NONE', #1081, .T. ) ;
#2067 = CARTESIAN_POINT ( 'NONE',  ( 0.1549999999999999700, -6.184466335694138500E-017, 0.1500000000000000200 ) ) ;
#2068 = CARTESIAN_POINT ( 'NONE',  ( -1.197035236499575300, -0.2000000000000003700, 6.468697564501578500 ) ) ;
#2069 = FACE_OUTER_BOUND ( 'NONE', #564, .T. ) ;
#2070 = CARTESIAN_POINT ( 'NONE',  ( 0.0000000000000000000, 1.350000000000000300, 0.0000000000000000000 ) ) ;
#2071 = CARTESIAN_POINT ( 'NONE',  ( 0.3794856556896973900, -0.2000000000000000400, 13.52829143465910100 ) ) ;
#2072 = CARTESIAN_POINT ( 'NONE',  ( 0.4404999999999998400, -0.2000000000000000100, 2.000000000000000000 ) ) ;
#2073 = CARTESIAN_POINT ( 'NONE',  ( -0.6902931386092547900, 0.1809999999999998000, 8.337785007176375300 ) ) ;
#2074 = DESIGN_CONTEXT ( 'detailed design', #102, 'design' ) ;
#2075 = ORIENTED_EDGE ( 'NONE', *, *, #1147, .T. ) ;
#2076 = ORIENTED_EDGE ( 'NONE', *, *, #1044, .T. ) ;
#2077 = DIRECTION ( 'NONE',  ( -1.000000000000000000, 0.0000000000000000000, 1.084202172485503800E-015 ) ) ;
#2078 = CARTESIAN_POINT ( 'NONE',  ( -0.8450000000000000800, -0.2999999999999997700, 0.5000000000000000000 ) ) ;
#2079 = CARTESIAN_POINT ( 'NONE',  ( -0.1863599630145619500, -0.2000000000000000400, 13.87904554889006400 ) ) ;
#2080 = VERTEX_POINT ( 'NONE', #2136 ) ;
#2081 = CARTESIAN_POINT ( 'NONE',  ( -0.6902931386092547900, 0.1809999999999998000, 8.337785007176375300 ) ) ;
#2082 = CARTESIAN_POINT ( 'NONE',  ( -0.05950000000000171800, 0.1809999999999999700, 15.84168238610923800 ) ) ;
#2083 = CARTESIAN_POINT ( 'NONE',  ( -0.4950000000000000000, -9.980871413050932400E-017, 0.1500000000000000200 ) ) ;
#2084 = DIRECTION ( 'NONE',  ( 0.0000000000000000000, 0.0000000000000000000, -1.000000000000000000 ) ) ;
#2085 = DIRECTION ( 'NONE',  ( 1.000000000000000000, 0.0000000000000000000, -0.0000000000000000000 ) ) ;
#2086 = EDGE_LOOP ( 'NONE', ( #2024, #1492, #1635, #128 ) ) ;
#2087 = DIRECTION ( 'NONE',  ( 0.0000000000000000000, -1.000000000000000000, 0.0000000000000000000 ) ) ;
#2088 = CARTESIAN_POINT ( 'NONE',  ( -0.05950000000000171800, 0.1809999999999999700, 15.84168238610923800 ) ) ;
#2089 = DIRECTION ( 'NONE',  ( 0.0000000000000000000, 0.0000000000000000000, -1.000000000000000000 ) ) ;
#2090 = CARTESIAN_POINT ( 'NONE',  ( 0.2430349450722134300, 0.1810000000000004100, 11.47817410336007500 ) ) ;
#2091 = AXIS2_PLACEMENT_3D ( 'NONE', #1576, #1047, #2253 ) ;
#2092 = DIRECTION ( 'NONE',  ( -0.0000000000000000000, -0.0000000000000000000, -1.000000000000000000 ) ) ;
#2093 = ORIENTED_EDGE ( 'NONE', *, *, #34, .T. ) ;
#2094 = CARTESIAN_POINT ( 'NONE',  ( 0.4404999999999998400, 0.1810000000000000500, 2.000000000000000000 ) ) ;
#2095 = CARTESIAN_POINT ( 'NONE',  ( 0.5000000000000000000, 2.265596578422598400E-017, -0.4999642838919422500 ) ) ;
#2096 = ORIENTED_EDGE ( 'NONE', *, *, #296, .F. ) ;
#2097 = EDGE_CURVE ( 'NONE', #504, #1300, #1974, .T. ) ;
#2098 = PERSON_AND_ORGANIZATION ( #1358, #309 ) ;
#2099 = CARTESIAN_POINT ( 'NONE',  ( 0.2430349450722134300, 0.1810000000000004100, 11.47817410336007500 ) ) ;
#2100 = DIRECTION ( 'NONE',  ( 0.0000000000000000000, -1.000000000000000000, -0.0000000000000000000 ) ) ;
#2101 = LINE ( 'NONE', #1638, #2037 ) ;
#2102 = CARTESIAN_POINT ( 'NONE',  ( -0.4405000000000002800, -0.2000000000000000700, 2.497752443078549600 ) ) ;
#2103 = TOROIDAL_SURFACE ( 'NONE', #535, 0.05000000000000002400, 0.2999999999999999900 ) ;
#2104 = CARTESIAN_POINT ( 'NONE',  ( 0.0000000000000000000, 1.500000000000000000, 0.0000000000000000000 ) ) ;
#2105 = CARTESIAN_POINT ( 'NONE',  ( 0.4888263488238934800, -0.5809999999999999600, 14.92404418093128600 ) ) ;
#2106 = DIRECTION ( 'NONE',  ( 1.000000000000000000, 0.0000000000000000000, 0.0000000000000000000 ) ) ;
#2107 = CIRCLE ( 'NONE', #1007, 0.1499999999999999700 ) ;
#2108 = CARTESIAN_POINT ( 'NONE',  ( 0.4404999999999982800, -0.2000000000000000100, 16.50000000000001400 ) ) ;
#2109 = AXIS2_PLACEMENT_3D ( 'NONE', #1816, #1461, #60 ) ;
#2110 = DIRECTION ( 'NONE',  ( -0.0000000000000000000, 0.0000000000000000000, -1.000000000000000000 ) ) ;
#2111 = AXIS2_PLACEMENT_3D ( 'NONE', #348, #1565, #514 ) ;
#2112 = CARTESIAN_POINT ( 'NONE',  ( 0.2932843934996835500, -0.2000000000000007900, 12.29462192202196000 ) ) ;
#2113 = DIRECTION ( 'NONE',  ( -1.000000000000000000, 0.0000000000000000000, 0.0000000000000000000 ) ) ;
#2114 = EDGE_CURVE ( 'NONE', #1500, #1961, #162, .T. ) ;
#2115 = CARTESIAN_POINT ( 'NONE',  ( 0.4404999999999956700, -0.2000000000000000400, 16.50000000000000700 ) ) ;
#2116 = CARTESIAN_POINT ( 'NONE',  ( 0.5050000000000000000, 2.388061258337334400E-017, 0.1500000000000000200 ) ) ;
#2117 = CARTESIAN_POINT ( 'NONE',  ( -0.6600340101624200300, -0.2000000000000003700, 3.943198197312319600 ) ) ;
#2118 = CARTESIAN_POINT ( 'NONE',  ( 1.170481318234183800, -0.5809999999999999600, 12.38756730743026500 ) ) ;
#2119 = CARTESIAN_POINT ( 'NONE',  ( 0.0000000000000000000, 1.500000000000000000, 0.0000000000000000000 ) ) ;
#2120 = CARTESIAN_POINT ( 'NONE',  ( 0.4404999999999982300, -0.2000000000000000100, 15.86002886807055000 ) ) ;
#2121 = CARTESIAN_POINT ( 'NONE',  ( 1.850000000000000100, 1.500000000000000000, 0.0000000000000000000 ) ) ;
#2122 = EDGE_LOOP ( 'NONE', ( #449, #855, #1345, #1425 ) ) ;
#2123 = ORIENTED_EDGE ( 'NONE', *, *, #1448, .T. ) ;
#2124 = AXIS2_PLACEMENT_3D ( 'NONE', #2187, #2184, #2174 ) ;
#2125 = CARTESIAN_POINT ( 'NONE',  ( 0.2067654361016322300, -0.2000000000000001500, 12.83882605519560000 ) ) ;
#2126 = CARTESIAN_POINT ( 'NONE',  ( 0.4888263488238936400, -0.2000000000000000700, 14.93379431026489700 ) ) ;
#2127 = AXIS2_PLACEMENT_3D ( 'NONE', #929, #2143, #1100 ) ;
#2128 = DIRECTION ( 'NONE',  ( -0.0000000000000000000, 1.000000000000000000, -0.0000000000000000000 ) ) ;
#2129 = FACE_BOUND ( 'NONE', #72, .T. ) ;
#2130 = EDGE_CURVE ( 'NONE', #425, #1277, #1093, .T. ) ;
#2131 = CARTESIAN_POINT ( 'NONE',  ( 0.2499999999999997800, -0.2000000000000000100, 2.000000000000000000 ) ) ;
#2132 = FACE_OUTER_BOUND ( 'NONE', #1016, .T. ) ;
#2133 = ORIENTED_EDGE ( 'NONE', *, *, #375, .F. ) ;
#2134 = DIRECTION ( 'NONE',  ( -0.0000000000000000000, -1.000000000000000000, -0.0000000000000000000 ) ) ;
#2135 = EDGE_LOOP ( 'NONE', ( #1947, #2178 ) ) ;
#2136 = CARTESIAN_POINT ( 'NONE',  ( -0.5000000000000000000, -9.980871413050932400E-017, -0.4999642838919422500 ) ) ;
#2137 = AXIS2_PLACEMENT_3D ( 'NONE', #150, #1027, #2238 ) ;
#2138 = AXIS2_PLACEMENT_3D ( 'NONE', #1179, #476, #1150 ) ;
#2139 = ORIENTED_EDGE ( 'NONE', *, *, #824, .T. ) ;
#2140 = B_SPLINE_CURVE_WITH_KNOTS ( 'NONE', 3,
 ( #2210, #307, #110, #1175, #117, #1350 ),
 .UNSPECIFIED., .F., .F.,
 ( 4, 2, 4 ),
 ( -7.766092905053865400E-006, 0.0002288682598620214600, 0.0004655026126290967700 ),
 .UNSPECIFIED. ) ;
#2141 = CARTESIAN_POINT ( 'NONE',  ( -0.2499999999999956700, -0.2000000000000000900, 19.49999999999999600 ) ) ;
#2142 = CARTESIAN_POINT ( 'NONE',  ( 0.05949999999999822100, -0.1999999999999999800, 16.50000000000001400 ) ) ;
#2143 = DIRECTION ( 'NONE',  ( 0.0000000000000000000, 1.000000000000000000, 0.0000000000000000000 ) ) ;
#2144 = ADVANCED_FACE ( 'NONE', ( #1965 ), #1910, .T. ) ;
#2145 = ORIENTED_EDGE ( 'NONE', *, *, #890, .F. ) ;
#2146 = CARTESIAN_POINT ( 'NONE',  ( 0.5450000000000000400, -0.2999999999999998200, 0.1500000000000000200 ) ) ;
#2147 = AXIS2_PLACEMENT_3D ( 'NONE', #604, #1823, #773 ) ;
#2148 = CARTESIAN_POINT ( 'NONE',  ( 0.2499999999999950000, -0.2000000000000000400, 18.49999999999999600 ) ) ;
#2149 = PLANE ( 'NONE',  #1980 ) ;
#2150 = DIRECTION ( 'NONE',  ( 0.0000000000000000000, 0.0000000000000000000, 1.000000000000000000 ) ) ;
#2151 = CIRCLE ( 'NONE', #430, 2.000000000000000000 ) ;
#2152 = ADVANCED_FACE ( 'NONE', ( #2066 ), #1034, .T. ) ;
#2153 = DIRECTION ( 'NONE',  ( -1.000000000000000000, 0.0000000000000000000, 0.0000000000000000000 ) ) ;
#2154 = CARTESIAN_POINT ( 'NONE',  ( 0.4404999999999998400, -0.2000000000000000100, 2.000000000000000000 ) ) ;
#2155 = CIRCLE ( 'NONE', #127, 0.1905000000000000300 ) ;
#2156 = CIRCLE ( 'NONE', #770, 1.750000000000000000 ) ;
#2157 = CARTESIAN_POINT ( 'NONE',  ( -0.1529414455813391200, -0.2000000000000000400, 9.521132282796825700 ) ) ;
#2158 = ORIENTED_EDGE ( 'NONE', *, *, #310, .F. ) ;
#2159 = CARTESIAN_POINT ( 'NONE',  ( -0.4976344342303039000, -0.2000000000000001200, 3.243938969477629700 ) ) ;
#2160 = EDGE_LOOP ( 'NONE', ( #888, #1212, #872, #1990 ) ) ;
#2161 = VERTEX_POINT ( 'NONE', #1979 ) ;
#2162 = DIRECTION ( 'NONE',  ( -1.000000000000000000, 0.0000000000000000000, 0.0000000000000000000 ) ) ;
#2163 = CARTESIAN_POINT ( 'NONE',  ( 0.4404999999999997800, -0.2000000000000000100, 2.520570968097436600 ) ) ;
#2164 = AXIS2_PLACEMENT_3D ( 'NONE', #635, #1855, #803 ) ;
#2165 = CARTESIAN_POINT ( 'NONE',  ( 0.2545253790984672900, -0.2000000000000001800, 12.58600074719803400 ) ) ;
#2166 = ADVANCED_FACE ( 'NONE', ( #977 ), #1453, .T. ) ;
#2167 = EDGE_CURVE ( 'NONE', #498, #1515, #1581, .T. ) ;
#2168 = EDGE_CURVE ( 'NONE', #622, #1324, #1160, .T. ) ;
#2169 = CARTESIAN_POINT ( 'NONE',  ( -0.05950000000000017100, -0.2000000000000000400, 2.000000000000000000 ) ) ;
#2170 = CARTESIAN_POINT ( 'NONE',  ( 0.05949999999999815200, -0.1999999999999999800, 15.84954387558986800 ) ) ;
#2171 = ORIENTED_EDGE ( 'NONE', *, *, #1829, .F. ) ;
#2172 = CARTESIAN_POINT ( 'NONE',  ( 0.8201685610613913500, -0.5809999999999999600, 10.48902491432438000 ) ) ;
#2173 = ADVANCED_FACE ( 'NONE', ( #93 ), #1395, .T. ) ;
#2174 = DIRECTION ( 'NONE',  ( 0.0000000000000000000, 0.0000000000000000000, 1.000000000000000000 ) ) ;
#2175 = AXIS2_PLACEMENT_3D ( 'NONE', #1408, #372, #1592 ) ;
#2176 = CARTESIAN_POINT ( 'NONE',  ( 0.8198321144196327700, -0.2000000000000007600, 12.04194848888525700 ) ) ;
#2177 = CIRCLE ( 'NONE', #28, 0.2999999999999999900 ) ;
#2178 = ORIENTED_EDGE ( 'NONE', *, *, #919, .T. ) ;
#2179 = AXIS2_PLACEMENT_3D ( 'NONE', #1445, #40, #1279 ) ;
#2180 = VECTOR ( 'NONE', #2092, 1000.000000000000000 ) ;
#2181 = CARTESIAN_POINT ( 'NONE',  ( 0.8450000000000000800, 1.071565949253933900E-016, 0.1500000000000000200 ) ) ;
#2182 = CARTESIAN_POINT ( 'NONE',  ( 1.203290263031654600, -0.2000000000000000700, 12.05812443070645700 ) ) ;
#2183 = CC_DESIGN_SECURITY_CLASSIFICATION ( #1619, ( #1013 ) ) ;
#2184 = DIRECTION ( 'NONE',  ( 0.0000000000000000000, 1.000000000000000000, 0.0000000000000000000 ) ) ;
#2185 = CARTESIAN_POINT ( 'NONE',  ( 0.7000643462179779700, -0.2000000000000010700, 12.03689598208671000 ) ) ;
#2186 = CARTESIAN_POINT ( 'NONE',  ( 0.4404999999999982300, -0.5809999999999999600, 16.50000000000001400 ) ) ;
#2187 = CARTESIAN_POINT ( 'NONE',  ( 0.0000000000000000000, 0.5000000000000000000, 0.0000000000000000000 ) ) ;
#2188 = CARTESIAN_POINT ( 'NONE',  ( -0.2500000000000002200, -0.2000000000000000700, 2.000000000000000000 ) ) ;
#2189 = DIRECTION ( 'NONE',  ( 0.0000000000000000000, 0.0000000000000000000, -1.000000000000000000 ) ) ;
#2190 = EDGE_CURVE ( 'NONE', #295, #149, #762, .T. ) ;
#2191 = MANIFOLD_SOLID_BREP ( 'Sweep1[1]', #1577 ) ;
#2192 = MECHANICAL_CONTEXT ( 'NONE', #2025, 'mechanical' ) ;
#2193 = VERTEX_POINT ( 'NONE', #785 ) ;
#2194 = ORIENTED_EDGE ( 'NONE', *, *, #458, .T. ) ;
#2195 = CARTESIAN_POINT ( 'NONE',  ( 0.2430349450722133500, -0.1999999999999995900, 11.47817434398770000 ) ) ;
#2196 = CARTESIAN_POINT ( 'NONE',  ( 0.4404999999999981700, -0.5809999999999999600, 15.88099885303191900 ) ) ;
#2197 = ORIENTED_EDGE ( 'NONE', *, *, #1193, .T. ) ;
#2198 = CIRCLE ( 'NONE', #552, 0.3500000000000000300 ) ;
#2199 = ADVANCED_BREP_SHAPE_REPRESENTATION ( '', ( #1487, #1508, #2191, #466, #924, #1096, #1903, #961, #1275, #732 ), #833 ) ;
#2200 = CARTESIAN_POINT ( 'NONE',  ( -0.1549999999999999700, -9.980871413050932400E-017, 0.5000000000000000000 ) ) ;
#2201 = DIRECTION ( 'NONE',  ( 0.0000000000000000000, 0.0000000000000000000, 1.000000000000000000 ) ) ;
#2202 = AXIS2_PLACEMENT_3D ( 'NONE', #1401, #176, #2084 ) ;
#2203 = PERSON_AND_ORGANIZATION_ROLE ( 'classification_officer' ) ;
#2204 = LINE ( 'NONE', #1236, #1295 ) ;
#2205 = VERTEX_POINT ( 'NONE', #798 ) ;
#2206 = CARTESIAN_POINT ( 'NONE',  ( -0.4405000000000003400, -0.5809999999999999600, 2.523833963223060600 ) ) ;
#2207 = EDGE_LOOP ( 'NONE', ( #7, #1154 ) ) ;
#2208 = CARTESIAN_POINT ( 'NONE',  ( 0.2932843934996837700, -0.5810000000000006300, 12.29462454967510600 ) ) ;
#2209 = CARTESIAN_POINT ( 'NONE',  ( -0.3113471810700510500, -0.2000000000000000400, 6.504718168972236600 ) ) ;
#2210 = CARTESIAN_POINT ( 'NONE',  ( -0.5000000000000000000, -0.2999999999999997700, 0.1997493718553310400 ) ) ;
#2211 = CARTESIAN_POINT ( 'NONE',  ( 0.2932843934996837700, -0.5810000000000006300, 12.29462454967510600 ) ) ;
#2212 = CARTESIAN_POINT ( 'NONE',  ( 0.4888263488238934800, -0.5809999999999999600, 14.92404418093128600 ) ) ;
#2213 = CARTESIAN_POINT ( 'NONE',  ( -0.5320600966284986200, -0.5810000000000000700, 4.770723112561936000 ) ) ;
#2214 = DIRECTION ( 'NONE',  ( 1.000000000000000000, 0.0000000000000000000, 0.0000000000000000000 ) ) ;
#2215 = CARTESIAN_POINT ( 'NONE',  ( 0.6588267589091542100, -0.2000000000000000400, 14.14577553839414200 ) ) ;
#2216 = EDGE_CURVE ( 'NONE', #1732, #1922, #520, .T. ) ;
#2217 = CARTESIAN_POINT ( 'NONE',  ( -0.5320600966284986200, -0.5810000000000000700, 4.770723112561936000 ) ) ;
#2218 = CARTESIAN_POINT ( 'NONE',  ( 0.6588267589091542100, -0.5810000000000002900, 14.14844601361973500 ) ) ;
#2219 = CARTESIAN_POINT ( 'NONE',  ( 0.4989372149175405600, -0.5810000000000001800, 13.20618900096002500 ) ) ;
#2220 = DIRECTION ( 'NONE',  ( 0.0000000000000000000, 0.0000000000000000000, 1.000000000000000000 ) ) ;
#2221 = CARTESIAN_POINT ( 'NONE',  ( 0.6588267589091542100, -0.2000000000000000400, 14.14577553839414200 ) ) ;
#2222 = CARTESIAN_POINT ( 'NONE',  ( 2.449293598294706400E-016, 1.350000000000000300, 2.000000000000000000 ) ) ;
#2223 = DIRECTION ( 'NONE',  ( 0.0000000000000000000, 0.0000000000000000000, -1.000000000000000000 ) ) ;
#2224 = COORDINATED_UNIVERSAL_TIME_OFFSET ( 8, 0, .BEHIND. ) ;
#2225 = CIRCLE ( 'NONE', #631, 0.2999999999999999900 ) ;
#2226 = CARTESIAN_POINT ( 'NONE',  ( 0.4989372149175405600, -0.5810000000000001800, 13.20618900096002500 ) ) ;
#2227 = CARTESIAN_POINT ( 'NONE',  ( -0.3113471810700509400, -0.5809999999999999600, 6.504875228282657900 ) ) ;
#2228 = LINE ( 'NONE', #1924, #2180 ) ;
#2229 = CARTESIAN_POINT ( 'NONE',  ( -0.8263786867182695300, -0.2000000000000002600, 7.204959922943854300 ) ) ;
#2230 = CARTESIAN_POINT ( 'NONE',  ( 0.2499999999999956700, -0.2000000000000000400, 18.49999999999999600 ) ) ;
#2231 = DIRECTION ( 'NONE',  ( -0.0000000000000000000, -0.0000000000000000000, -1.000000000000000000 ) ) ;
#2232 = PLANE ( 'NONE',  #1351 ) ;
#2233 = DIRECTION ( 'NONE',  ( -3.252606517456533000E-016, 0.0000000000000000000, 1.000000000000000000 ) ) ;
#2234 = CARTESIAN_POINT ( 'NONE',  ( -0.8263786867182695300, -0.2000000000000002600, 7.204959922943854300 ) ) ;
#2235 = CARTESIAN_POINT ( 'NONE',  ( 0.8381070401301293800, -0.5809999999999999600, 13.72757316070346600 ) ) ;
#2236 = CARTESIAN_POINT ( 'NONE',  ( -0.01178714603344109900, -0.2000000000000002600, 14.88610617287349000 ) ) ;
#2237 = CARTESIAN_POINT ( 'NONE',  ( 0.0000000000000000000, 0.5000000000000000000, 0.5000000000000000000 ) ) ;
#2238 = DIRECTION ( 'NONE',  ( -1.000000000000000000, 0.0000000000000000000, 0.0000000000000000000 ) ) ;
#2239 = CARTESIAN_POINT ( 'NONE',  ( -1.062330275710946100, -0.2000000000000003700, 8.419663650437598800 ) ) ;
#2240 = DIRECTION ( 'NONE',  ( 0.0000000000000000000, 0.0000000000000000000, -1.000000000000000000 ) ) ;
#2241 = CARTESIAN_POINT ( 'NONE',  ( -0.01178714603344109900, -0.2000000000000002600, 14.88610617287349000 ) ) ;
#2242 = CARTESIAN_POINT ( 'NONE',  ( 0.05949999999999971300, -0.2000000000000000100, 2.000000000000000000 ) ) ;
#2243 = CARTESIAN_POINT ( 'NONE',  ( 0.3765552811227218500, 0.1809999999999995500, 10.72017795184267200 ) ) ;
#2244 = EDGE_CURVE ( 'NONE', #435, #1304, #48, .T. ) ;
#2245 = CARTESIAN_POINT ( 'NONE',  ( 0.0000000000000000000, 1.560000000000000100, -1.750000000000000000 ) ) ;
#2246 = CARTESIAN_POINT ( 'NONE',  ( -0.4405000000000018900, -0.2000000000000000700, 15.84168238610923800 ) ) ;
#2247 = DIRECTION ( 'NONE',  ( -0.0000000000000000000, 1.000000000000000000, -0.0000000000000000000 ) ) ;
#2248 = EDGE_CURVE ( 'NONE', #241, #622, #579, .T. ) ;
#2249 = CARTESIAN_POINT ( 'NONE',  ( 0.5050000000000000000, -0.2999999999999998200, -0.1499999999999999700 ) ) ;
#2250 = CARTESIAN_POINT ( 'NONE',  ( 0.3765552811227218500, 0.1809999999999995500, 10.72017795184267200 ) ) ;
#2251 = CARTESIAN_POINT ( 'NONE',  ( -0.4405000000000002200, 0.1809999999999999900, 2.000000000000000000 ) ) ;
#2252 = DIRECTION ( 'NONE',  ( 0.0000000000000000000, 0.0000000000000000000, -1.000000000000000000 ) ) ;
#2253 = DIRECTION ( 'NONE',  ( 1.000000000000000000, 0.0000000000000000000, -0.0000000000000000000 ) ) ;
#2254 = CARTESIAN_POINT ( 'NONE',  ( -0.2500000000000002200, -0.2000000000000000700, 2.000000000000000000 ) ) ;
#2255 = CIRCLE ( 'NONE', #813, 1.750000000000000200 ) ;
#2256 = FACE_OUTER_BOUND ( 'NONE', #1543, .T. ) ;
#2257 = CARTESIAN_POINT ( 'NONE',  ( -0.4405000000000002200, 0.1809999999999999900, 2.000000000000000000 ) ) ;
#2258 = LINE ( 'NONE', #185, #1042 ) ;
#2259 = ORIENTED_EDGE ( 'NONE', *, *, #973, .F. ) ;
#2260 = CARTESIAN_POINT ( 'NONE',  ( 0.3166061976059556000, 0.1809999999999982700, 12.02072067491932100 ) ) ;
#2261 = ORIENTED_EDGE ( 'NONE', *, *, #1082, .F. ) ;
#2262 = CARTESIAN_POINT ( 'NONE',  ( 1.122786179078204100, -0.5809999999999998500, 12.73357838171478900 ) ) ;
#2263 = CARTESIAN_POINT ( 'NONE',  ( 0.1885674715845383800, -0.2000000000000000400, 9.342188139060951400 ) ) ;
#2264 = CARTESIAN_POINT ( 'NONE',  ( -0.4950000000000000000, -0.2999999999999997700, 0.1500000000000000200 ) ) ;
#2265 = CARTESIAN_POINT ( 'NONE',  ( 0.0000000000000000000, 1.560000000000000100, 0.0000000000000000000 ) ) ;
#2266 = CARTESIAN_POINT ( 'NONE',  ( 0.3166061976059556000, 0.1809999999999982700, 12.02072067491932100 ) ) ;
#2267 = CARTESIAN_POINT ( 'NONE',  ( -0.6600340101624200300, -0.2000000000000003700, 3.943198197312319600 ) ) ;
ENDSEC;
END-ISO-10303-21;
