ISO-10303-21;
HEADER;
FILE_DESCRIPTION (( 'STEP AP214' ),
    '1' );
FILE_NAME ('NHD-C160100DiZ.STEP',
    '2017-08-15T19:49:29',
    ( '' ),
    ( '' ),
    'SwSTEP 2.0',
    'SolidWorks 2017',
    '' );
FILE_SCHEMA (( 'AUTOMOTIVE_DESIGN' ));
ENDSEC;

DATA;
#1 = EDGE_CURVE ( 'NONE', #1155, #1179, #2975, .T. ) ;
#2 = DIRECTION ( 'NONE',  ( -0.6659348059352850900, 0.7460099424564891100, 0.0000000000000000000 ) ) ;
#3 = ADVANCED_FACE ( 'NONE', ( #5182 ), #4673, .T. ) ;
#4 = DIRECTION ( 'NONE',  ( -1.000000000000000000, 0.0000000000000000000, 0.0000000000000000000 ) ) ;
#5 = CARTESIAN_POINT ( 'NONE',  ( -5.899999999999995900, -23.19999999999999200, 3.699999999999999300 ) ) ;
#6 = DIRECTION ( 'NONE',  ( -1.000000000000000000, 0.0000000000000000000, -0.0000000000000000000 ) ) ;
#7 =( LENGTH_UNIT ( ) NAMED_UNIT ( * ) SI_UNIT ( .MILLI., .METRE. ) );
#8 = FACE_OUTER_BOUND ( 'NONE', #3389, .T. ) ;
#9 = FILL_AREA_STYLE ('',( #5063 ) ) ;
#10 = DIRECTION ( 'NONE',  ( -1.445602896647337900E-016, -1.000000000000000000, 0.0000000000000000000 ) ) ;
#11 = VECTOR ( 'NONE', #3621, 1000.000000000000000 ) ;
#12 = AXIS2_PLACEMENT_3D ( 'NONE', #3570, #1056, #3995 ) ;
#13 = EDGE_CURVE ( 'NONE', #3385, #17, #3675, .T. ) ;
#14 = DIRECTION ( 'NONE',  ( 1.000000000000000000, 0.0000000000000000000, 0.0000000000000000000 ) ) ;
#15 = ORIENTED_EDGE ( 'NONE', *, *, #3588, .T. ) ;
#16 = CARTESIAN_POINT ( 'NONE',  ( -24.59999999999999800, 23.00000000000000400, 4.000000000000000000 ) ) ;
#17 = VERTEX_POINT ( 'NONE', #2797 ) ;
#18 = VERTEX_POINT ( 'NONE', #5315 ) ;
#19 = CARTESIAN_POINT ( 'NONE',  ( 0.9728044178058654600, -85.49999999999998600, 3.399999999999999900 ) ) ;
#20 = VECTOR ( 'NONE', #2294, 1000.000000000000000 ) ;
#21 =( GEOMETRIC_REPRESENTATION_CONTEXT ( 3 ) GLOBAL_UNCERTAINTY_ASSIGNED_CONTEXT ( ( #613 ) ) GLOBAL_UNIT_ASSIGNED_CONTEXT ( ( #1983, #3764, #5076 ) ) REPRESENTATION_CONTEXT ( 'NONE', 'WORKASPACE' ) );
#22 = CARTESIAN_POINT ( 'NONE',  ( 16.59999999999999400, -22.24999999999999600, -63.50000000000000000 ) ) ;
#23 = EDGE_CURVE ( 'NONE', #3794, #1155, #1322, .T. ) ;
#24 = ORIENTED_EDGE ( 'NONE', *, *, #592, .F. ) ;
#25 =( NAMED_UNIT ( * ) SI_UNIT ( $, .STERADIAN. ) SOLID_ANGLE_UNIT ( ) );
#26 = FILL_AREA_STYLE ('',( #2365 ) ) ;
#27 = CARTESIAN_POINT ( 'NONE',  ( 3.597804417805865900, -29.49999999999999300, 3.599999999999999600 ) ) ;
#28 = DIRECTION ( 'NONE',  ( 0.0000000000000000000, 0.0000000000000000000, 1.000000000000000000 ) ) ;
#29 = ORIENTED_EDGE ( 'NONE', *, *, #4278, .T. ) ;
#30 =( LENGTH_UNIT ( ) NAMED_UNIT ( * ) SI_UNIT ( .MILLI., .METRE. ) );
#31 = ORIENTED_EDGE ( 'NONE', *, *, #5387, .T. ) ;
#32 = DIRECTION ( 'NONE',  ( -1.000000000000000000, -0.0000000000000000000, -0.0000000000000000000 ) ) ;
#33 = FILL_AREA_STYLE ('',( #1279 ) ) ;
#34 = ADVANCED_FACE ( 'NONE', ( #4526 ), #1954, .T. ) ;
#35 = ORIENTED_EDGE ( 'NONE', *, *, #2823, .T. ) ;
#36 =( GEOMETRIC_REPRESENTATION_CONTEXT ( 3 ) GLOBAL_UNCERTAINTY_ASSIGNED_CONTEXT ( ( #2030 ) ) GLOBAL_UNIT_ASSIGNED_CONTEXT ( ( #1598, #4097, #1158 ) ) REPRESENTATION_CONTEXT ( 'NONE', 'WORKASPACE' ) );
#37 = UNCERTAINTY_MEASURE_WITH_UNIT (LENGTH_MEASURE( 1.000000000000000100E-005 ), #4287, 'distance_accuracy_value', 'NONE');
#38 = LINE ( 'NONE', #2762, #3257 ) ;
#39 =( NAMED_UNIT ( * ) SI_UNIT ( $, .STERADIAN. ) SOLID_ANGLE_UNIT ( ) );
#40 = CARTESIAN_POINT ( 'NONE',  ( 24.60000000000000100, -21.99999999999999300, 3.499999999999999600 ) ) ;
#41 = ORIENTED_EDGE ( 'NONE', *, *, #384, .F. ) ;
#42 = ADVANCED_FACE ( 'NONE', ( #2038 ), #620, .T. ) ;
#43 = CARTESIAN_POINT ( 'NONE',  ( 0.0000000000000000000, 0.0000000000000000000, 3.399999999999999900 ) ) ;
#44 = SURFACE_STYLE_FILL_AREA ( #3279 ) ;
#45 = LINE ( 'NONE', #4272, #4511 ) ;
#46 = CARTESIAN_POINT ( 'NONE',  ( -21.79999999999999000, -23.19999999999999600, 0.0000000000000000000 ) ) ;
#47 = EDGE_CURVE ( 'NONE', #5408, #3647, #4849, .T. ) ;
#48 = VECTOR ( 'NONE', #3887, 1000.000000000000000 ) ;
#49 = ORIENTED_EDGE ( 'NONE', *, *, #5051, .T. ) ;
#50 = VECTOR ( 'NONE', #716, 1000.000000000000000 ) ;
#51 = CARTESIAN_POINT ( 'NONE',  ( 0.0000000000000000000, 0.0000000000000000000, 3.499999999999999600 ) ) ;
#52 =( NAMED_UNIT ( * ) PLANE_ANGLE_UNIT ( ) SI_UNIT ( $, .RADIAN. ) );
#53 = DIRECTION ( 'NONE',  ( -0.0000000000000000000, -0.0000000000000000000, -1.000000000000000000 ) ) ;
#54 = FACE_OUTER_BOUND ( 'NONE', #1359, .T. ) ;
#55 = ORIENTED_EDGE ( 'NONE', *, *, #4200, .T. ) ;
#56 = DIRECTION ( 'NONE',  ( 0.0000000000000000000, 1.000000000000000000, 0.0000000000000000000 ) ) ;
#57 = FACE_OUTER_BOUND ( 'NONE', #4462, .T. ) ;
#58 = LINE ( 'NONE', #4765, #2303 ) ;
#59 = VECTOR ( 'NONE', #3668, 1000.000000000000000 ) ;
#60 = FACE_OUTER_BOUND ( 'NONE', #4319, .T. ) ;
#61 = EDGE_LOOP ( 'NONE', ( #444, #1683, #2117, #4135 ) ) ;
#62 = LINE ( 'NONE', #3233, #5364 ) ;
#63 = UNCERTAINTY_MEASURE_WITH_UNIT (LENGTH_MEASURE( 1.000000000000000100E-005 ), #1823, 'distance_accuracy_value', 'NONE');
#64 = DIRECTION ( 'NONE',  ( 1.000000000000000000, -0.0000000000000000000, 0.0000000000000000000 ) ) ;
#65 = LINE ( 'NONE', #5267, #4404 ) ;
#66 = EDGE_CURVE ( 'NONE', #490, #1482, #2765, .T. ) ;
#67 = ADVANCED_FACE ( 'NONE', ( #3737 ), #5241, .F. ) ;
#68 = ORIENTED_EDGE ( 'NONE', *, *, #762, .T. ) ;
#69 =( NAMED_UNIT ( * ) SI_UNIT ( $, .STERADIAN. ) SOLID_ANGLE_UNIT ( ) );
#70 = CARTESIAN_POINT ( 'NONE',  ( -22.09999999999999400, 19.59999999999999800, 4.000000000000000000 ) ) ;
#71 =( NAMED_UNIT ( * ) PLANE_ANGLE_UNIT ( ) SI_UNIT ( $, .RADIAN. ) );
#72 = EDGE_CURVE ( 'NONE', #4366, #197, #1107, .T. ) ;
#73 = AXIS2_PLACEMENT_3D ( 'NONE', #5198, #3096, #146 ) ;
#74 = DIRECTION ( 'NONE',  ( -0.0000000000000000000, 1.000000000000000000, -0.0000000000000000000 ) ) ;
#75 = CARTESIAN_POINT ( 'NONE',  ( -22.09999999999999400, 20.60000000000000100, 3.750000000000000000 ) ) ;
#76 = PRESENTATION_LAYER_ASSIGNMENT (  '', '', ( #5245 ) ) ;
#77 = CARTESIAN_POINT ( 'NONE',  ( -3.902195582194133600, -85.49999999999998600, 3.599999999999999600 ) ) ;
#78 = LINE ( 'NONE', #1072, #4413 ) ;
#79 = DIRECTION ( 'NONE',  ( -0.0000000000000000000, -0.0000000000000000000, -1.000000000000000000 ) ) ;
#80 = STYLED_ITEM ( 'NONE', ( #3099 ), #844 ) ;
#81 = CARTESIAN_POINT ( 'NONE',  ( -0.0000000000000000000, -82.49999999999998600, 3.499999999999999600 ) ) ;
#82 = DIRECTION ( 'NONE',  ( -0.0000000000000000000, 0.0000000000000000000, -1.000000000000000000 ) ) ;
#83 = VERTEX_POINT ( 'NONE', #4806 ) ;
#84 = DIRECTION ( 'NONE',  ( -1.445602896647337900E-016, -1.000000000000000000, 0.0000000000000000000 ) ) ;
#85 = ORIENTED_EDGE ( 'NONE', *, *, #2471, .F. ) ;
#86 = ADVANCED_FACE ( 'NONE', ( #4329 ), #975, .T. ) ;
#87 = ORIENTED_EDGE ( 'NONE', *, *, #2366, .F. ) ;
#88 = DIRECTION ( 'NONE',  ( -1.445602896647337900E-016, -1.000000000000000000, 0.0000000000000000000 ) ) ;
#89 = CARTESIAN_POINT ( 'NONE',  ( 21.59999999999999400, -25.04999999999999700, -58.50000000000000000 ) ) ;
#90 = ORIENTED_EDGE ( 'NONE', *, *, #1741, .F. ) ;
#91 = MECHANICAL_DESIGN_GEOMETRIC_PRESENTATION_REPRESENTATION (  '', ( #4717 ), #373 ) ;
#92 = ORIENTED_EDGE ( 'NONE', *, *, #3588, .F. ) ;
#93 = ORIENTED_EDGE ( 'NONE', *, *, #1383, .T. ) ;
#94 = ORIENTED_EDGE ( 'NONE', *, *, #1090, .F. ) ;
#95 = EDGE_CURVE ( 'NONE', #5447, #5038, #3207, .T. ) ;
#96 = CARTESIAN_POINT ( 'NONE',  ( 16.59999999999999400, -25.04999999999999700, -63.50000000000000000 ) ) ;
#97 = CARTESIAN_POINT ( 'NONE',  ( 22.09999999999999800, -13.28999999999999400, 4.000000000000000000 ) ) ;
#98 = MECHANICAL_DESIGN_GEOMETRIC_PRESENTATION_REPRESENTATION (  '', ( #4723 ), #381 ) ;
#99 = EDGE_CURVE ( 'NONE', #1773, #2510, #5422, .T. ) ;
#100 = VECTOR ( 'NONE', #2930, 1000.000000000000000 ) ;
#101 = VECTOR ( 'NONE', #4622, 1000.000000000000000 ) ;
#102 =( LENGTH_UNIT ( ) NAMED_UNIT ( * ) SI_UNIT ( .MILLI., .METRE. ) );
#103 = COLOUR_RGB ( '',0.8039215686274510100, 0.4980392156862745200, 0.1960784313725490200 ) ;
#104 = ORIENTED_EDGE ( 'NONE', *, *, #5352, .F. ) ;
#105 = SURFACE_STYLE_USAGE ( .BOTH. , #4034 ) ;
#106 = PRESENTATION_STYLE_ASSIGNMENT (( #4285 ) ) ;
#107 = ORIENTED_EDGE ( 'NONE', *, *, #2491, .T. ) ;
#108 = FACE_OUTER_BOUND ( 'NONE', #4923, .T. ) ;
#109 = EDGE_CURVE ( 'NONE', #2411, #1108, #2104, .T. ) ;
#110 =( NAMED_UNIT ( * ) SI_UNIT ( $, .STERADIAN. ) SOLID_ANGLE_UNIT ( ) );
#111 = CARTESIAN_POINT ( 'NONE',  ( -0.7671955821941345300, -82.49999999999998600, 3.499999999999999600 ) ) ;
#112 = PRESENTATION_LAYER_ASSIGNMENT (  '', '', ( #5009 ) ) ;
#113 = VECTOR ( 'NONE', #4273, 1000.000000000000000 ) ;
#114 = VECTOR ( 'NONE', #74, 1000.000000000000000 ) ;
#115 = CARTESIAN_POINT ( 'NONE',  ( -23.09999999999999400, -12.29000000000000300, 4.000000000000000000 ) ) ;
#116 = COLOUR_RGB ( '',0.0000000000000000000, 0.5607843137254902000, 1.000000000000000000 ) ;
#117 = DIRECTION ( 'NONE',  ( 0.0000000000000000000, 1.000000000000000000, 0.0000000000000000000 ) ) ;
#118 = ORIENTED_EDGE ( 'NONE', *, *, #2417, .F. ) ;
#119 = VECTOR ( 'NONE', #5382, 1000.000000000000000 ) ;
#120 = ORIENTED_EDGE ( 'NONE', *, *, #899, .T. ) ;
#121 = LINE ( 'NONE', #1697, #1648 ) ;
#122 = CARTESIAN_POINT ( 'NONE',  ( -23.09999999999999400, 19.59999999999999800, 4.000000000000000000 ) ) ;
#123 = VECTOR ( 'NONE', #4574, 1000.000000000000000 ) ;
#124 = LINE ( 'NONE', #243, #4457 ) ;
#125 = CARTESIAN_POINT ( 'NONE',  ( 2.502804417805865700, -82.49999999999998600, 3.399999999999999900 ) ) ;
#126 = VERTEX_POINT ( 'NONE', #2918 ) ;
#127 = FILL_AREA_STYLE ('',( #4298 ) ) ;
#128 = CARTESIAN_POINT ( 'NONE',  ( 4.450000000000004600, -14.88999999999999500, 3.499999999999999600 ) ) ;
#129 = VECTOR ( 'NONE', #1376, 1000.000000000000000 ) ;
#130 = ORIENTED_EDGE ( 'NONE', *, *, #5262, .T. ) ;
#131 = ORIENTED_EDGE ( 'NONE', *, *, #5002, .F. ) ;
#132 = STYLED_ITEM ( 'NONE', ( #3870 ), #416 ) ;
#133 = DIRECTION ( 'NONE',  ( 1.000000000000000000, -0.0000000000000000000, -0.0000000000000000000 ) ) ;
#134 = LINE ( 'NONE', #2281, #2257 ) ;
#135 = VECTOR ( 'NONE', #4083, 1000.000000000000000 ) ;
#136 = CARTESIAN_POINT ( 'NONE',  ( 22.09999999999999400, 19.59999999999999800, 4.000000000000000000 ) ) ;
#137 = FILL_AREA_STYLE ('',( #2295 ) ) ;
#138 = SURFACE_STYLE_USAGE ( .BOTH. , #1384 ) ;
#139 = DIRECTION ( 'NONE',  ( -0.0000000000000000000, -0.0000000000000000000, -1.000000000000000000 ) ) ;
#140 = ORIENTED_EDGE ( 'NONE', *, *, #4626, .F. ) ;
#141 = EDGE_CURVE ( 'NONE', #4428, #485, #3083, .T. ) ;
#142 = AXIS2_PLACEMENT_3D ( 'NONE', #5148, #2220, #4732 ) ;
#143 = DIRECTION ( 'NONE',  ( 1.000000000000000000, 0.0000000000000000000, 0.0000000000000000000 ) ) ;
#144 = EDGE_CURVE ( 'NONE', #2510, #4412, #5295, .T. ) ;
#145 = UNCERTAINTY_MEASURE_WITH_UNIT (LENGTH_MEASURE( 1.000000000000000100E-005 ), #3763, 'distance_accuracy_value', 'NONE');
#146 = DIRECTION ( 'NONE',  ( -1.000000000000000000, 0.0000000000000000000, -0.0000000000000000000 ) ) ;
#147 = ORIENTED_EDGE ( 'NONE', *, *, #3324, .T. ) ;
#148 = SURFACE_STYLE_USAGE ( .BOTH. , #3068 ) ;
#149 = VECTOR ( 'NONE', #3831, 1000.000000000000000 ) ;
#150 = ORIENTED_EDGE ( 'NONE', *, *, #3915, .T. ) ;
#151 =( GEOMETRIC_REPRESENTATION_CONTEXT ( 3 ) GLOBAL_UNCERTAINTY_ASSIGNED_CONTEXT ( ( #2442 ) ) GLOBAL_UNIT_ASSIGNED_CONTEXT ( ( #4807, #52, #470 ) ) REPRESENTATION_CONTEXT ( 'NONE', 'WORKASPACE' ) );
#152 = CARTESIAN_POINT ( 'NONE',  ( -5.899999999999995900, -14.88999999999999700, 3.599999999999999600 ) ) ;
#153 = EDGE_LOOP ( 'NONE', ( #3192, #4494, #2580, #2047 ) ) ;
#154 =( NAMED_UNIT ( * ) PLANE_ANGLE_UNIT ( ) SI_UNIT ( $, .RADIAN. ) );
#155 = VERTEX_POINT ( 'NONE', #337 ) ;
#156 = ORIENTED_EDGE ( 'NONE', *, *, #4758, .F. ) ;
#157 = ORIENTED_EDGE ( 'NONE', *, *, #3696, .T. ) ;
#158 = ORIENTED_EDGE ( 'NONE', *, *, #4156, .F. ) ;
#159 = ORIENTED_EDGE ( 'NONE', *, *, #4479, .T. ) ;
#160 = EDGE_CURVE ( 'NONE', #4591, #4422, #850, .T. ) ;
#161 = ORIENTED_EDGE ( 'NONE', *, *, #3358, .F. ) ;
#162 =( NAMED_UNIT ( * ) SI_UNIT ( $, .STERADIAN. ) SOLID_ANGLE_UNIT ( ) );
#163 = UNCERTAINTY_MEASURE_WITH_UNIT (LENGTH_MEASURE( 1.000000000000000100E-005 ), #3774, 'distance_accuracy_value', 'NONE');
#164 = CARTESIAN_POINT ( 'NONE',  ( -24.59999999999999400, -14.88999999999999700, 3.499999999999999600 ) ) ;
#165 =( GEOMETRIC_REPRESENTATION_CONTEXT ( 3 ) GLOBAL_UNCERTAINTY_ASSIGNED_CONTEXT ( ( #2876 ) ) GLOBAL_UNIT_ASSIGNED_CONTEXT ( ( #4402, #1475, #3563 ) ) REPRESENTATION_CONTEXT ( 'NONE', 'WORKASPACE' ) );
#166 = AXIS2_PLACEMENT_3D ( 'NONE', #5380, #2484, #4988 ) ;
#167 = DIRECTION ( 'NONE',  ( 1.000000000000000000, 2.328487887217191900E-016, 0.0000000000000000000 ) ) ;
#168 = VERTEX_POINT ( 'NONE', #5336 ) ;
#169 = DIRECTION ( 'NONE',  ( 1.000000000000000000, 0.0000000000000000000, 0.0000000000000000000 ) ) ;
#170 = CARTESIAN_POINT ( 'NONE',  ( -22.09999999999999400, -13.29000000000000300, 4.000000000000000000 ) ) ;
#171 = DIRECTION ( 'NONE',  ( -1.000000000000000000, 0.0000000000000000000, 0.0000000000000000000 ) ) ;
#172 = LINE ( 'NONE', #4805, #3263 ) ;
#173 = CIRCLE ( 'NONE', #2722, 1.000000000000000900 ) ;
#174 = SURFACE_STYLE_USAGE ( .BOTH. , #2706 ) ;
#175 = FACE_OUTER_BOUND ( 'NONE', #188, .T. ) ;
#176 = LINE ( 'NONE', #3477, #2429 ) ;
#177 = ORIENTED_EDGE ( 'NONE', *, *, #5126, .T. ) ;
#178 = VECTOR ( 'NONE', #917, 1000.000000000000000 ) ;
#179 = SURFACE_STYLE_FILL_AREA ( #2458 ) ;
#180 = ORIENTED_EDGE ( 'NONE', *, *, #1062, .T. ) ;
#181 = PRESENTATION_STYLE_ASSIGNMENT (( #789 ) ) ;
#182 = VECTOR ( 'NONE', #1117, 1000.000000000000000 ) ;
#183 = CARTESIAN_POINT ( 'NONE',  ( 0.7628044178058656100, -85.49999999999998600, 3.399999999999999900 ) ) ;
#184 = LINE ( 'NONE', #5188, #2305 ) ;
#185 = DIRECTION ( 'NONE',  ( -1.445602896647337900E-016, -1.000000000000000000, 0.0000000000000000000 ) ) ;
#186 = CARTESIAN_POINT ( 'NONE',  ( 0.0000000000000000000, 0.0000000000000000000, 3.399999999999999900 ) ) ;
#187 = STYLED_ITEM ( 'NONE', ( #205 ), #758 ) ;
#188 = EDGE_LOOP ( 'NONE', ( #1210, #1294, #2283, #838, #5401, #4043, #1653, #1088, #2808, #1525, #247, #2547, #1889, #4077, #3345, #3010, #1152, #5280, #5027, #2642, #3682, #1558, #3495, #4449, #147, #4948, #1176, #2750, #3981, #1692, #1360, #4886, #2502, #1400, #4767, #2254, #130, #4636, #1613, #521, #437, #3852, #2171, #2946, #4761, #1251, #158, #4638, #988, #514, #2945, #346, #2141, #2252, #1115, #2829, #1985, #4998, #5442, #2406, #1284, #3493, #2192, #411 ) ) ;
#189 = EDGE_LOOP ( 'NONE', ( #2224, #1830, #3027, #1354 ) ) ;
#190 = LINE ( 'NONE', #2537, #2445 ) ;
#191 = CARTESIAN_POINT ( 'NONE',  ( -3.902195582194141600, -80.49999999999998600, 3.699999999999999300 ) ) ;
#192 = DIRECTION ( 'NONE',  ( -1.000000000000000000, 0.0000000000000000000, 0.0000000000000000000 ) ) ;
#193 = LINE ( 'NONE', #3629, #1183 ) ;
#194 = DIRECTION ( 'NONE',  ( 0.0000000000000000000, 0.0000000000000000000, 1.000000000000000000 ) ) ;
#195 = CARTESIAN_POINT ( 'NONE',  ( 2.802804417805865500, -82.49999999999998600, 3.499999999999999600 ) ) ;
#196 = DIRECTION ( 'NONE',  ( 0.0000000000000000000, 0.0000000000000000000, -1.000000000000000000 ) ) ;
#197 = VERTEX_POINT ( 'NONE', #3525 ) ;
#198 = VERTEX_POINT ( 'NONE', #1438 ) ;
#199 = PRESENTATION_LAYER_ASSIGNMENT (  '', '', ( #5096 ) ) ;
#200 = EDGE_CURVE ( 'NONE', #3092, #3676, #2828, .T. ) ;
#201 = UNCERTAINTY_MEASURE_WITH_UNIT (LENGTH_MEASURE( 1.000000000000000100E-005 ), #837, 'distance_accuracy_value', 'NONE');
#202 = DIRECTION ( 'NONE',  ( 1.363726617686952000E-016, -1.000000000000000000, 0.0000000000000000000 ) ) ;
#203 =( NAMED_UNIT ( * ) PLANE_ANGLE_UNIT ( ) SI_UNIT ( $, .RADIAN. ) );
#204 = PLANE ( 'NONE',  #4279 ) ;
#205 = PRESENTATION_STYLE_ASSIGNMENT (( #2091 ) ) ;
#206 = AXIS2_PLACEMENT_3D ( 'NONE', #1709, #28, #3384 ) ;
#207 =( LENGTH_UNIT ( ) NAMED_UNIT ( * ) SI_UNIT ( .MILLI., .METRE. ) );
#208 = CARTESIAN_POINT ( 'NONE',  ( -22.09999999999999400, -13.29000000000000300, 4.000000000000000000 ) ) ;
#209 = EDGE_CURVE ( 'NONE', #456, #2155, #3938, .T. ) ;
#210 = CARTESIAN_POINT ( 'NONE',  ( -3.107195582194134600, -82.49999999999998600, 3.499999999999999600 ) ) ;
#211 = LINE ( 'NONE', #240, #2203 ) ;
#212 = CARTESIAN_POINT ( 'NONE',  ( 22.09999999999999800, -13.28999999999999400, 3.750000000000000000 ) ) ;
#213 = EDGE_CURVE ( 'NONE', #1286, #386, #1856, .T. ) ;
#214 = CARTESIAN_POINT ( 'NONE',  ( 22.10000000000000500, -23.19999999999998900, 2.250000000000000000 ) ) ;
#215 = SURFACE_STYLE_USAGE ( .BOTH. , #1551 ) ;
#216 = ORIENTED_EDGE ( 'NONE', *, *, #1593, .T. ) ;
#217 = FACE_OUTER_BOUND ( 'NONE', #1333, .T. ) ;
#218 = CARTESIAN_POINT ( 'NONE',  ( 3.597804417805865900, -85.49999999999998600, 3.499999999999999600 ) ) ;
#219 = ORIENTED_EDGE ( 'NONE', *, *, #4170, .T. ) ;
#220 = ORIENTED_EDGE ( 'NONE', *, *, #2628, .F. ) ;
#221 =( NAMED_UNIT ( * ) SI_UNIT ( $, .STERADIAN. ) SOLID_ANGLE_UNIT ( ) );
#222 = EDGE_CURVE ( 'NONE', #386, #4597, #575, .T. ) ;
#223 = DIRECTION ( 'NONE',  ( -0.0000000000000000000, 1.000000000000000000, -0.0000000000000000000 ) ) ;
#224 = ORIENTED_EDGE ( 'NONE', *, *, #2656, .T. ) ;
#225 = ORIENTED_EDGE ( 'NONE', *, *, #3798, .F. ) ;
#226 = ORIENTED_EDGE ( 'NONE', *, *, #3123, .F. ) ;
#227 = COLOUR_RGB ( '',0.0000000000000000000, 0.5607843137254902000, 1.000000000000000000 ) ;
#228 = CARTESIAN_POINT ( 'NONE',  ( 17.54574314557210000, -23.19999999999999200, 2.000000000000000000 ) ) ;
#229 = PLANE ( 'NONE',  #1602 ) ;
#230 = DIRECTION ( 'NONE',  ( -0.0000000000000000000, -0.0000000000000000000, 1.000000000000000000 ) ) ;
#231 = PRESENTATION_LAYER_ASSIGNMENT (  '', '', ( #5134 ) ) ;
#232 = VECTOR ( 'NONE', #2926, 1000.000000000000000 ) ;
#233 = SURFACE_SIDE_STYLE ('',( #4593 ) ) ;
#234 = ORIENTED_EDGE ( 'NONE', *, *, #4391, .T. ) ;
#235 = DIRECTION ( 'NONE',  ( -1.000000000000000000, 0.0000000000000000000, 0.0000000000000000000 ) ) ;
#236 = MECHANICAL_DESIGN_GEOMETRIC_PRESENTATION_REPRESENTATION (  '', ( #4850 ), #523 ) ;
#237 = EDGE_CURVE ( 'NONE', #5021, #4132, #3797, .T. ) ;
#238 = SURFACE_STYLE_FILL_AREA ( #666 ) ;
#239 = FACE_OUTER_BOUND ( 'NONE', #2584, .T. ) ;
#240 = CARTESIAN_POINT ( 'NONE',  ( 23.09999999999999400, 19.59999999999999800, 4.000000000000000000 ) ) ;
#241 = SURFACE_SIDE_STYLE ('',( #5340 ) ) ;
#242 = VECTOR ( 'NONE', #4966, 1000.000000000000000 ) ;
#243 = CARTESIAN_POINT ( 'NONE',  ( 19.65000000000000200, -23.64999999999999900, 1.000000000000000000 ) ) ;
#244 = FACE_OUTER_BOUND ( 'NONE', #1844, .T. ) ;
#245 = PLANE ( 'NONE',  #2822 ) ;
#246 = MECHANICAL_DESIGN_GEOMETRIC_PRESENTATION_REPRESENTATION (  '', ( #5144 ), #532 ) ;
#247 = ORIENTED_EDGE ( 'NONE', *, *, #2463, .T. ) ;
#248 = EDGE_CURVE ( 'NONE', #2957, #1082, #1578, .T. ) ;
#249 = AXIS2_PLACEMENT_3D ( 'NONE', #5014, #4649, #2307 ) ;
#250 = VECTOR ( 'NONE', #3606, 1000.000000000000000 ) ;
#251 = DIRECTION ( 'NONE',  ( -0.0000000000000000000, -0.0000000000000000000, 1.000000000000000000 ) ) ;
#252 = LINE ( 'NONE', #3473, #2369 ) ;
#253 = FILL_AREA_STYLE_COLOUR ( '', #742 ) ;
#254 = AXIS2_PLACEMENT_3D ( 'NONE', #2402, #1988, #4480 ) ;
#255 = LINE ( 'NONE', #2853, #119 ) ;
#256 = ORIENTED_EDGE ( 'NONE', *, *, #4764, .T. ) ;
#257 = EDGE_LOOP ( 'NONE', ( #1399, #131, #5092, #3088 ) ) ;
#258 = LINE ( 'NONE', #2062, #123 ) ;
#259 = VECTOR ( 'NONE', #1075, 1000.000000000000000 ) ;
#260 = ORIENTED_EDGE ( 'NONE', *, *, #1134, .F. ) ;
#261 = VECTOR ( 'NONE', #4953, 1000.000000000000000 ) ;
#262 = CARTESIAN_POINT ( 'NONE',  ( 0.4628044178058776100, -6.690314069613615000E-017, 3.499999999999999600 ) ) ;
#263 = EDGE_LOOP ( 'NONE', ( #104, #3267, #4210, #150 ) ) ;
#264 = ORIENTED_EDGE ( 'NONE', *, *, #5387, .F. ) ;
#265 = CARTESIAN_POINT ( 'NONE',  ( 2.292804417805865700, -82.49999999999998600, 3.499999999999999600 ) ) ;
#266 = CARTESIAN_POINT ( 'NONE',  ( 0.0000000000000000000, -85.49999999999998600, 3.399999999999999900 ) ) ;
#267 = ORIENTED_EDGE ( 'NONE', *, *, #2587, .F. ) ;
#268 = CARTESIAN_POINT ( 'NONE',  ( -3.902195582194141600, -80.49999999999998600, 3.699999999999999300 ) ) ;
#269 = DIRECTION ( 'NONE',  ( -1.000000000000000000, 0.0000000000000000000, 0.0000000000000000000 ) ) ;
#270 = SURFACE_STYLE_FILL_AREA ( #4937 ) ;
#271 = DIRECTION ( 'NONE',  ( -1.000000000000000000, 0.0000000000000000000, 0.0000000000000000000 ) ) ;
#272 = COLOUR_RGB ( '',0.0000000000000000000, 0.0000000000000000000, 0.0000000000000000000 ) ;
#273 = DIRECTION ( 'NONE',  ( -0.0000000000000000000, 1.000000000000000000, -0.0000000000000000000 ) ) ;
#274 = DIRECTION ( 'NONE',  ( 0.0000000000000000000, 0.0000000000000000000, -1.000000000000000000 ) ) ;
#275 = AXIS2_PLACEMENT_3D ( 'NONE', #3097, #4790, #4755 ) ;
#276 = CARTESIAN_POINT ( 'NONE',  ( -24.59999999999999800, 23.00000000000000400, 3.499999999999999600 ) ) ;
#277 = ORIENTED_EDGE ( 'NONE', *, *, #4085, .T. ) ;
#278 = ORIENTED_EDGE ( 'NONE', *, *, #3431, .T. ) ;
#279 = VECTOR ( 'NONE', #1998, 1000.000000000000000 ) ;
#280 = PRESENTATION_LAYER_ASSIGNMENT (  '', '', ( #5444 ) ) ;
#281 = STYLED_ITEM ( 'NONE', ( #2156 ), #1743 ) ;
#282 = SURFACE_SIDE_STYLE ('',( #4280 ) ) ;
#283 = DIRECTION ( 'NONE',  ( 1.000000000000000000, 7.051721447060192400E-017, 0.0000000000000000000 ) ) ;
#284 = DIRECTION ( 'NONE',  ( -0.0000000000000000000, -0.0000000000000000000, 1.000000000000000000 ) ) ;
#285 = SURFACE_SIDE_STYLE ('',( #4076 ) ) ;
#286 = EDGE_LOOP ( 'NONE', ( #4382, #3241, #1775, #974 ) ) ;
#287 = LINE ( 'NONE', #1761, #2273 ) ;
#288 = EDGE_CURVE ( 'NONE', #4347, #2865, #5053, .T. ) ;
#289 = ORIENTED_EDGE ( 'NONE', *, *, #4696, .F. ) ;
#290 = ORIENTED_EDGE ( 'NONE', *, *, #3245, .T. ) ;
#291 = CARTESIAN_POINT ( 'NONE',  ( 0.2528044178058655400, -85.49999999999998600, 3.399999999999999900 ) ) ;
#292 = ORIENTED_EDGE ( 'NONE', *, *, #1577, .F. ) ;
#293 = EDGE_LOOP ( 'NONE', ( #2970, #4972, #5095, #1957 ) ) ;
#294 = EDGE_LOOP ( 'NONE', ( #745, #2737, #487, #4741 ) ) ;
#295 = CARTESIAN_POINT ( 'NONE',  ( 0.2528044178058655400, -85.49999999999998600, 3.399999999999999900 ) ) ;
#296 = VERTEX_POINT ( 'NONE', #4093 ) ;
#297 = PRESENTATION_STYLE_ASSIGNMENT (( #3869 ) ) ;
#298 =( NAMED_UNIT ( * ) SI_UNIT ( $, .STERADIAN. ) SOLID_ANGLE_UNIT ( ) );
#299 = SURFACE_SIDE_STYLE ('',( #1119 ) ) ;
#300 = VERTEX_POINT ( 'NONE', #434 ) ;
#301 = VERTEX_POINT ( 'NONE', #378 ) ;
#302 = LINE ( 'NONE', #4744, #2493 ) ;
#303 = CARTESIAN_POINT ( 'NONE',  ( -0.5571955821941345600, -85.49999999999998600, 3.399999999999999900 ) ) ;
#304 = COLOUR_RGB ( '',0.8039215686274510100, 0.4980392156862745200, 0.1960784313725490200 ) ;
#305 = SURFACE_STYLE_FILL_AREA ( #2393 ) ;
#306 = ADVANCED_FACE ( 'NONE', ( #4664 ), #1995, .F. ) ;
#307 = AXIS2_PLACEMENT_3D ( 'NONE', #4017, #1510, #4421 ) ;
#308 = EDGE_CURVE ( 'NONE', #958, #18, #315, .T. ) ;
#309 = SURFACE_STYLE_FILL_AREA ( #26 ) ;
#310 = LINE ( 'NONE', #212, #4661 ) ;
#311 = FACE_OUTER_BOUND ( 'NONE', #61, .T. ) ;
#312 = DIRECTION ( 'NONE',  ( -1.445602896647337900E-016, -1.000000000000000000, 0.0000000000000000000 ) ) ;
#313 = MECHANICAL_DESIGN_GEOMETRIC_PRESENTATION_REPRESENTATION (  '', ( #3908 ), #595 ) ;
#314 = CIRCLE ( 'NONE', #2004, 2.069230769230771200 ) ;
#315 = LINE ( 'NONE', #4970, #2576 ) ;
#316 = EDGE_CURVE ( 'NONE', #4347, #4455, #3541, .T. ) ;
#317 = LINE ( 'NONE', #1253, #178 ) ;
#318 =( NAMED_UNIT ( * ) PLANE_ANGLE_UNIT ( ) SI_UNIT ( $, .RADIAN. ) );
#319 = DIRECTION ( 'NONE',  ( 1.000000000000000000, 7.051721447060192400E-017, 0.0000000000000000000 ) ) ;
#320 = EDGE_LOOP ( 'NONE', ( #5437, #3461, #2370, #991 ) ) ;
#321 = SURFACE_STYLE_FILL_AREA ( #2898 ) ;
#322 = PRESENTATION_STYLE_ASSIGNMENT (( #1459 ) ) ;
#323 = EDGE_LOOP ( 'NONE', ( #695, #3980, #4797, #3850 ) ) ;
#324 = PLANE ( 'NONE',  #383 ) ;
#325 = ORIENTED_EDGE ( 'NONE', *, *, #3605, .T. ) ;
#326 = CARTESIAN_POINT ( 'NONE',  ( 22.09999999999999800, -12.28999999999999600, 4.000000000000000000 ) ) ;
#327 = VECTOR ( 'NONE', #5075, 1000.000000000000000 ) ;
#328 = CARTESIAN_POINT ( 'NONE',  ( 23.09999999999999400, 19.59999999999999800, 4.000000000000000000 ) ) ;
#329 = VERTEX_POINT ( 'NONE', #2082 ) ;
#330 = EDGE_CURVE ( 'NONE', #3914, #126, #4515, .T. ) ;
#331 = FILL_AREA_STYLE ('',( #1596 ) ) ;
#332 = PRESENTATION_STYLE_ASSIGNMENT (( #472 ) ) ;
#333 = SURFACE_STYLE_USAGE ( .BOTH. , #1514 ) ;
#334 = DIRECTION ( 'NONE',  ( 0.0000000000000000000, 0.0000000000000000000, 1.000000000000000000 ) ) ;
#335 = CARTESIAN_POINT ( 'NONE',  ( -3.317195582194134600, 0.0000000000000000000, 3.499999999999999600 ) ) ;
#336 = EDGE_CURVE ( 'NONE', #3132, #5021, #176, .T. ) ;
#337 = CARTESIAN_POINT ( 'NONE',  ( 24.59999999999999400, 23.80000000000000100, 4.000000000000000000 ) ) ;
#338 = CARTESIAN_POINT ( 'NONE',  ( -2.087195582194134600, -82.49999999999998600, 3.399999999999999900 ) ) ;
#339 = DIRECTION ( 'NONE',  ( -1.000000000000000000, 0.0000000000000000000, 0.0000000000000000000 ) ) ;
#340 =( NAMED_UNIT ( * ) SI_UNIT ( $, .STERADIAN. ) SOLID_ANGLE_UNIT ( ) );
#341 = CARTESIAN_POINT ( 'NONE',  ( 0.0000000000000000000, -85.49999999999998600, 3.399999999999999900 ) ) ;
#342 = STYLED_ITEM ( 'NONE', ( #2374 ), #4161 ) ;
#343 =( NAMED_UNIT ( * ) PLANE_ANGLE_UNIT ( ) SI_UNIT ( $, .RADIAN. ) );
#344 = EDGE_CURVE ( 'NONE', #1453, #1086, #2296, .T. ) ;
#345 = STYLED_ITEM ( 'NONE', ( #5353 ), #2057 ) ;
#346 = ORIENTED_EDGE ( 'NONE', *, *, #599, .F. ) ;
#347 = MECHANICAL_DESIGN_GEOMETRIC_PRESENTATION_REPRESENTATION (  '', ( #5245 ), #644 ) ;
#348 = VERTEX_POINT ( 'NONE', #358 ) ;
#349 = VERTEX_POINT ( 'NONE', #2233 ) ;
#350 = VECTOR ( 'NONE', #3506, 1000.000000000000000 ) ;
#351 = APPLICATION_PROTOCOL_DEFINITION ( 'draft international standard', 'automotive_design', 1998, #3296 ) ;
#352 = ORIENTED_EDGE ( 'NONE', *, *, #4558, .T. ) ;
#353 = PLANE ( 'NONE',  #4155 ) ;
#354 = ORIENTED_EDGE ( 'NONE', *, *, #1196, .F. ) ;
#355 = SURFACE_SIDE_STYLE ('',( #1240 ) ) ;
#356 = EDGE_LOOP ( 'NONE', ( #813, #2478, #3609, #3631 ) ) ;
#357 = DIRECTION ( 'NONE',  ( -1.000000000000000000, 0.0000000000000000000, 0.0000000000000000000 ) ) ;
#358 = CARTESIAN_POINT ( 'NONE',  ( -2.807195582194135200, -85.49999999999998600, 3.499999999999999600 ) ) ;
#359 = DIRECTION ( 'NONE',  ( 0.0000000000000000000, 0.0000000000000000000, -1.000000000000000000 ) ) ;
#360 = LINE ( 'NONE', #4087, #4715 ) ;
#361 = PRESENTATION_LAYER_ASSIGNMENT (  '', '', ( #80 ) ) ;
#362 = ORIENTED_EDGE ( 'NONE', *, *, #4299, .F. ) ;
#363 = FILL_AREA_STYLE ('',( #2474 ) ) ;
#364 = ADVANCED_FACE ( 'NONE', ( #4788 ), #2136, .F. ) ;
#365 = ORIENTED_EDGE ( 'NONE', *, *, #5370, .F. ) ;
#366 = CARTESIAN_POINT ( 'NONE',  ( 0.4628044178058656800, -82.49999999999998600, 3.399999999999999900 ) ) ;
#367 = ORIENTED_EDGE ( 'NONE', *, *, #993, .T. ) ;
#368 = FACE_OUTER_BOUND ( 'NONE', #1157, .T. ) ;
#369 = VECTOR ( 'NONE', #357, 1000.000000000000000 ) ;
#370 = DIRECTION ( 'NONE',  ( -1.000000000000000000, 0.0000000000000000000, 0.0000000000000000000 ) ) ;
#371 = SURFACE_SIDE_STYLE ('',( #391 ) ) ;
#372 = DIRECTION ( 'NONE',  ( 0.0000000000000000000, -1.000000000000000000, 0.0000000000000000000 ) ) ;
#373 =( GEOMETRIC_REPRESENTATION_CONTEXT ( 3 ) GLOBAL_UNCERTAINTY_ASSIGNED_CONTEXT ( ( #3956 ) ) GLOBAL_UNIT_ASSIGNED_CONTEXT ( ( #5318, #1994, #3238 ) ) REPRESENTATION_CONTEXT ( 'NONE', 'WORKASPACE' ) );
#374 = FILL_AREA_STYLE ('',( #2076 ) ) ;
#375 = EDGE_CURVE ( 'NONE', #5038, #4452, #5117, .T. ) ;
#376 = DIRECTION ( 'NONE',  ( 0.0000000000000000000, -1.000000000000000000, 0.0000000000000000000 ) ) ;
#377 = PRESENTATION_STYLE_ASSIGNMENT (( #1907 ) ) ;
#378 = CARTESIAN_POINT ( 'NONE',  ( 0.9728044178058656800, -82.49999999999998600, 3.499999999999999600 ) ) ;
#379 = CARTESIAN_POINT ( 'NONE',  ( 24.59999999999999400, 23.80000000000000100, 2.250000000000000000 ) ) ;
#380 = ORIENTED_EDGE ( 'NONE', *, *, #4214, .F. ) ;
#381 =( GEOMETRIC_REPRESENTATION_CONTEXT ( 3 ) GLOBAL_UNCERTAINTY_ASSIGNED_CONTEXT ( ( #201 ) ) GLOBAL_UNIT_ASSIGNED_CONTEXT ( ( #837, #1544, #298 ) ) REPRESENTATION_CONTEXT ( 'NONE', 'WORKASPACE' ) );
#382 = DIRECTION ( 'NONE',  ( -1.000000000000000000, -2.175883946035506500E-016, 0.0000000000000000000 ) ) ;
#383 = AXIS2_PLACEMENT_3D ( 'NONE', #1079, #2850, #5332 ) ;
#384 = EDGE_CURVE ( 'NONE', #3918, #4994, #2890, .T. ) ;
#385 = VECTOR ( 'NONE', #2348, 1000.000000000000000 ) ;
#386 = VERTEX_POINT ( 'NONE', #3800 ) ;
#387 = LINE ( 'NONE', #3589, #261 ) ;
#388 = DIRECTION ( 'NONE',  ( -0.0000000000000000000, -0.0000000000000000000, 1.000000000000000000 ) ) ;
#389 = SURFACE_STYLE_FILL_AREA ( #2512 ) ;
#390 = VERTEX_POINT ( 'NONE', #5375 ) ;
#391 = SURFACE_STYLE_FILL_AREA ( #1215 ) ;
#392 = EDGE_CURVE ( 'NONE', #4204, #2465, #2758, .T. ) ;
#393 = DIRECTION ( 'NONE',  ( -0.0000000000000000000, -0.0000000000000000000, 1.000000000000000000 ) ) ;
#394 = MECHANICAL_DESIGN_GEOMETRIC_PRESENTATION_REPRESENTATION (  '', ( #5009 ), #683 ) ;
#395 = DIRECTION ( 'NONE',  ( 0.0000000000000000000, 0.0000000000000000000, 1.000000000000000000 ) ) ;
#396 = LINE ( 'NONE', #5228, #2516 ) ;
#397 = CARTESIAN_POINT ( 'NONE',  ( -23.09999999999999400, 19.59999999999999800, 4.000000000000000000 ) ) ;
#398 = FILL_AREA_STYLE ('',( #5016 ) ) ;
#399 = DIRECTION ( 'NONE',  ( 1.000000000000000000, 0.0000000000000000000, 0.0000000000000000000 ) ) ;
#400 = CARTESIAN_POINT ( 'NONE',  ( 0.0000000000000000000, 0.0000000000000000000, 3.699999999999999300 ) ) ;
#401 = DIRECTION ( 'NONE',  ( -0.0000000000000000000, -0.0000000000000000000, 1.000000000000000000 ) ) ;
#402 = SURFACE_STYLE_FILL_AREA ( #331 ) ;
#403 = AXIS2_PLACEMENT_3D ( 'NONE', #1335, #1771, #3432 ) ;
#404 =( LENGTH_UNIT ( ) NAMED_UNIT ( * ) SI_UNIT ( .MILLI., .METRE. ) );
#405 = DIRECTION ( 'NONE',  ( 9.156629590798664600E-017, -1.000000000000000000, 0.0000000000000000000 ) ) ;
#406 = DIRECTION ( 'NONE',  ( -0.0000000000000000000, -0.0000000000000000000, 1.000000000000000000 ) ) ;
#407 = UNCERTAINTY_MEASURE_WITH_UNIT (LENGTH_MEASURE( 1.000000000000000100E-005 ), #1146, 'distance_accuracy_value', 'NONE');
#408 = CARTESIAN_POINT ( 'NONE',  ( -24.59999999999999800, -21.99999999999999600, 3.499999999999999600 ) ) ;
#409 = PLANE ( 'NONE',  #4258 ) ;
#410 = CARTESIAN_POINT ( 'NONE',  ( 4.450000000000006400, -14.88999999999999700, 3.499999999999999600 ) ) ;
#411 = ORIENTED_EDGE ( 'NONE', *, *, #4288, .T. ) ;
#412 = CARTESIAN_POINT ( 'NONE',  ( -0.04719558219412243300, 6.822607032878090700E-018, 3.399999999999999900 ) ) ;
#413 = ORIENTED_EDGE ( 'NONE', *, *, #3520, .T. ) ;
#414 = EDGE_LOOP ( 'NONE', ( #2340, #4281, #4789, #2472 ) ) ;
#415 = CARTESIAN_POINT ( 'NONE',  ( -24.59999999999999800, 23.00000000000000400, 3.750000000000000000 ) ) ;
#416 = ADVANCED_FACE ( 'NONE', ( #506 ), #2509, .T. ) ;
#417 = EDGE_CURVE ( 'NONE', #1482, #4098, #4354, .T. ) ;
#418 = FACE_OUTER_BOUND ( 'NONE', #4711, .T. ) ;
#419 = ORIENTED_EDGE ( 'NONE', *, *, #2545, .T. ) ;
#420 = EDGE_LOOP ( 'NONE', ( #1017, #3259 ) ) ;
#421 = PRESENTATION_LAYER_ASSIGNMENT (  '', '', ( #5307 ) ) ;
#422 = ORIENTED_EDGE ( 'NONE', *, *, #2033, .T. ) ;
#423 = VERTEX_POINT ( 'NONE', #2466 ) ;
#424 = SURFACE_STYLE_FILL_AREA ( #1808 ) ;
#425 = CARTESIAN_POINT ( 'NONE',  ( -22.09999999999999400, 20.60000000000000100, 4.000000000000000000 ) ) ;
#426 = ADVANCED_FACE ( 'NONE', ( #8 ), #2960, .T. ) ;
#427 = SURFACE_SIDE_STYLE ('',( #3130 ) ) ;
#428 = VERTEX_POINT ( 'NONE', #746 ) ;
#429 =( NAMED_UNIT ( * ) PLANE_ANGLE_UNIT ( ) SI_UNIT ( $, .RADIAN. ) );
#430 = DIRECTION ( 'NONE',  ( -0.0000000000000000000, -0.0000000000000000000, -1.000000000000000000 ) ) ;
#431 = EDGE_CURVE ( 'NONE', #4485, #3918, #2857, .T. ) ;
#432 = ORIENTED_EDGE ( 'NONE', *, *, #2448, .T. ) ;
#433 = FACE_OUTER_BOUND ( 'NONE', #2866, .T. ) ;
#434 = CARTESIAN_POINT ( 'NONE',  ( -22.09999999999999400, 20.60000000000000100, 4.000000000000000000 ) ) ;
#435 = VERTEX_POINT ( 'NONE', #2712 ) ;
#436 = COLOUR_RGB ( '',0.0000000000000000000, 0.5607843137254902000, 1.000000000000000000 ) ;
#437 = ORIENTED_EDGE ( 'NONE', *, *, #2661, .T. ) ;
#438 = LINE ( 'NONE', #218, #570 ) ;
#439 =( LENGTH_UNIT ( ) NAMED_UNIT ( * ) SI_UNIT ( .MILLI., .METRE. ) );
#440 = LINE ( 'NONE', #2739, #3665 ) ;
#441 = LINE ( 'NONE', #3802, #1716 ) ;
#442 = VECTOR ( 'NONE', #4150, 1000.000000000000000 ) ;
#443 = UNCERTAINTY_MEASURE_WITH_UNIT (LENGTH_MEASURE( 1.000000000000000100E-005 ), #5372, 'distance_accuracy_value', 'NONE');
#444 = ORIENTED_EDGE ( 'NONE', *, *, #3014, .T. ) ;
#445 = FACE_BOUND ( 'NONE', #3739, .T. ) ;
#446 = DIRECTION ( 'NONE',  ( 0.0000000000000000000, 0.0000000000000000000, 1.000000000000000000 ) ) ;
#447 = FACE_OUTER_BOUND ( 'NONE', #153, .T. ) ;
#448 = DIRECTION ( 'NONE',  ( -1.000000000000000000, 0.0000000000000000000, -0.0000000000000000000 ) ) ;
#449 = AXIS2_PLACEMENT_3D ( 'NONE', #2162, #5091, #1753 ) ;
#450 = EDGE_CURVE ( 'NONE', #3939, #4366, #3232, .T. ) ;
#451 = ADVANCED_FACE ( 'NONE', ( #2719 ), #3007, .T. ) ;
#452 = VECTOR ( 'NONE', #1061, 1000.000000000000000 ) ;
#453 = DIRECTION ( 'NONE',  ( 0.0000000000000000000, -1.000000000000000000, 0.0000000000000000000 ) ) ;
#454 = DIRECTION ( 'NONE',  ( 0.0000000000000000000, 0.0000000000000000000, 1.000000000000000000 ) ) ;
#455 = COLOUR_RGB ( '',0.8039215686274510100, 0.4980392156862745200, 0.1960784313725490200 ) ;
#456 = VERTEX_POINT ( 'NONE', #1428 ) ;
#457 = SURFACE_SIDE_STYLE ('',( #4920 ) ) ;
#458 = PRESENTATION_LAYER_ASSIGNMENT (  '', '', ( #5325 ) ) ;
#459 = VECTOR ( 'NONE', #3496, 1000.000000000000000 ) ;
#460 = DIRECTION ( 'NONE',  ( -1.000000000000000000, 0.0000000000000000000, -0.0000000000000000000 ) ) ;
#461 = PRESENTATION_STYLE_ASSIGNMENT (( #1174 ) ) ;
#462 = FACE_BOUND ( 'NONE', #1427, .T. ) ;
#463 =( NAMED_UNIT ( * ) SI_UNIT ( $, .STERADIAN. ) SOLID_ANGLE_UNIT ( ) );
#464 = CARTESIAN_POINT ( 'NONE',  ( 2.292804417805865700, -82.49999999999998600, 3.399999999999999900 ) ) ;
#465 = DIRECTION ( 'NONE',  ( -1.000000000000000000, 1.445602896647337900E-016, 0.0000000000000000000 ) ) ;
#466 = DIRECTION ( 'NONE',  ( 0.0000000000000000000, -0.0000000000000000000, 1.000000000000000000 ) ) ;
#467 = UNCERTAINTY_MEASURE_WITH_UNIT (LENGTH_MEASURE( 1.000000000000000100E-005 ), #1585, 'distance_accuracy_value', 'NONE');
#468 = PRESENTATION_LAYER_ASSIGNMENT (  '', '', ( #187 ) ) ;
#469 = CARTESIAN_POINT ( 'NONE',  ( 21.59999999999999400, -25.04999999999999700, -63.50000000000000000 ) ) ;
#470 =( NAMED_UNIT ( * ) SI_UNIT ( $, .STERADIAN. ) SOLID_ANGLE_UNIT ( ) );
#471 = DIRECTION ( 'NONE',  ( 0.0000000000000000000, 0.0000000000000000000, 1.000000000000000000 ) ) ;
#472 = SURFACE_STYLE_USAGE ( .BOTH. , #908 ) ;
#473 = ADVANCED_FACE ( 'NONE', ( #1198 ), #1913, .T. ) ;
#474 = MECHANICAL_DESIGN_GEOMETRIC_PRESENTATION_REPRESENTATION (  '', ( #5096 ), #760 ) ;
#475 = EDGE_CURVE ( 'NONE', #1086, #4830, #3450, .T. ) ;
#476 = EDGE_LOOP ( 'NONE', ( #4216, #2817, #49, #1289 ) ) ;
#477 = PLANE ( 'NONE',  #3497 ) ;
#478 = EDGE_LOOP ( 'NONE', ( #5026, #5161, #4463, #3460 ) ) ;
#479 = DIRECTION ( 'NONE',  ( -0.0000000000000000000, -0.0000000000000000000, -1.000000000000000000 ) ) ;
#480 = SURFACE_STYLE_FILL_AREA ( #1837 ) ;
#481 = STYLED_ITEM ( 'NONE', ( #589 ), #3445 ) ;
#482 = AXIS2_PLACEMENT_3D ( 'NONE', #935, #82, #2599 ) ;
#483 = VERTEX_POINT ( 'NONE', #3590 ) ;
#484 = EDGE_CURVE ( 'NONE', #5278, #1422, #78, .T. ) ;
#485 = VERTEX_POINT ( 'NONE', #4852 ) ;
#486 = FILL_AREA_STYLE_COLOUR ( '', #4383 ) ;
#487 = ORIENTED_EDGE ( 'NONE', *, *, #792, .T. ) ;
#488 = SURFACE_STYLE_USAGE ( .BOTH. , #5156 ) ;
#489 = ORIENTED_EDGE ( 'NONE', *, *, #2448, .F. ) ;
#490 = VERTEX_POINT ( 'NONE', #656 ) ;
#491 = DIRECTION ( 'NONE',  ( -1.000000000000000000, 0.0000000000000000000, 0.0000000000000000000 ) ) ;
#492 = DIRECTION ( 'NONE',  ( 0.0000000000000000000, 0.0000000000000000000, -1.000000000000000000 ) ) ;
#493 = EDGE_CURVE ( 'NONE', #3180, #2677, #211, .T. ) ;
#494 =( NAMED_UNIT ( * ) PLANE_ANGLE_UNIT ( ) SI_UNIT ( $, .RADIAN. ) );
#495 = LINE ( 'NONE', #2542, #2745 ) ;
#496 = VECTOR ( 'NONE', #4321, 1000.000000000000000 ) ;
#497 = AXIS2_PLACEMENT_3D ( 'NONE', #2695, #5194, #2277 ) ;
#498 = ORIENTED_EDGE ( 'NONE', *, *, #3324, .F. ) ;
#499 = DIRECTION ( 'NONE',  ( -0.0000000000000000000, -0.0000000000000000000, 1.000000000000000000 ) ) ;
#500 = ORIENTED_EDGE ( 'NONE', *, *, #23, .F. ) ;
#501 = LINE ( 'NONE', #3008, #2751 ) ;
#502 = DIRECTION ( 'NONE',  ( -0.0000000000000000000, -0.0000000000000000000, 1.000000000000000000 ) ) ;
#503 = ADVANCED_FACE ( 'NONE', ( #1071 ), #1091, .T. ) ;
#504 = EDGE_CURVE ( 'NONE', #3914, #1721, #679, .T. ) ;
#505 = LINE ( 'NONE', #2895, #3604 ) ;
#506 = FACE_OUTER_BOUND ( 'NONE', #1915, .T. ) ;
#507 = SURFACE_STYLE_FILL_AREA ( #5201 ) ;
#508 = DIRECTION ( 'NONE',  ( 1.000000000000000000, 1.363726617686952000E-016, -0.0000000000000000000 ) ) ;
#509 = UNCERTAINTY_MEASURE_WITH_UNIT (LENGTH_MEASURE( 1.000000000000000100E-005 ), #1677, 'distance_accuracy_value', 'NONE');
#510 = PLANE ( 'NONE',  #482 ) ;
#511 = VECTOR ( 'NONE', #2809, 1000.000000000000000 ) ;
#512 = ORIENTED_EDGE ( 'NONE', *, *, #2229, .T. ) ;
#513 = SURFACE_STYLE_FILL_AREA ( #2323 ) ;
#514 = ORIENTED_EDGE ( 'NONE', *, *, #3945, .T. ) ;
#515 = SURFACE_STYLE_FILL_AREA ( #1162 ) ;
#516 = MECHANICAL_DESIGN_GEOMETRIC_PRESENTATION_REPRESENTATION (  '', ( #5134 ), #797 ) ;
#517 = CARTESIAN_POINT ( 'NONE',  ( -2.087195582194135000, -85.49999999999998600, 3.399999999999999900 ) ) ;
#518 = DIRECTION ( 'NONE',  ( 0.0000000000000000000, 0.0000000000000000000, -1.000000000000000000 ) ) ;
#519 = LINE ( 'NONE', #268, #4857 ) ;
#520 = ORIENTED_EDGE ( 'NONE', *, *, #3836, .T. ) ;
#521 = ORIENTED_EDGE ( 'NONE', *, *, #3894, .T. ) ;
#522 = LINE ( 'NONE', #1729, #1524 ) ;
#523 =( GEOMETRIC_REPRESENTATION_CONTEXT ( 3 ) GLOBAL_UNCERTAINTY_ASSIGNED_CONTEXT ( ( #3107 ) ) GLOBAL_UNIT_ASSIGNED_CONTEXT ( ( #1666, #4596, #2081 ) ) REPRESENTATION_CONTEXT ( 'NONE', 'WORKASPACE' ) );
#524 = EDGE_CURVE ( 'NONE', #1300, #4306, #4033, .T. ) ;
#525 = VERTEX_POINT ( 'NONE', #3196 ) ;
#526 = DIRECTION ( 'NONE',  ( -0.0000000000000000000, -0.0000000000000000000, -1.000000000000000000 ) ) ;
#527 = CIRCLE ( 'NONE', #1745, 0.4499999999999990100 ) ;
#528 = DIRECTION ( 'NONE',  ( -1.000000000000000000, 1.445602896647337900E-016, 0.0000000000000000000 ) ) ;
#529 = EDGE_LOOP ( 'NONE', ( #2477, #2942, #2023, #717 ) ) ;
#530 = CARTESIAN_POINT ( 'NONE',  ( -3.617195582194134800, -85.49999999999998600, 3.399999999999999900 ) ) ;
#531 =( NAMED_UNIT ( * ) SI_UNIT ( $, .STERADIAN. ) SOLID_ANGLE_UNIT ( ) );
#532 =( GEOMETRIC_REPRESENTATION_CONTEXT ( 3 ) GLOBAL_UNCERTAINTY_ASSIGNED_CONTEXT ( ( #1078 ) ) GLOBAL_UNIT_ASSIGNED_CONTEXT ( ( #4928, #1065, #3151 ) ) REPRESENTATION_CONTEXT ( 'NONE', 'WORKASPACE' ) );
#533 = EDGE_CURVE ( 'NONE', #1495, #3727, #1675, .T. ) ;
#534 = STYLED_ITEM ( 'NONE', ( #2827 ), #2144 ) ;
#535 = PRESENTATION_LAYER_ASSIGNMENT (  '', '', ( #5402 ) ) ;
#536 =( LENGTH_UNIT ( ) NAMED_UNIT ( * ) SI_UNIT ( .MILLI., .METRE. ) );
#537 = CARTESIAN_POINT ( 'NONE',  ( 22.09999999999999400, 20.60000000000000100, 4.000000000000000000 ) ) ;
#538 = FILL_AREA_STYLE ('',( #1303 ) ) ;
#539 = ORIENTED_EDGE ( 'NONE', *, *, #5238, .T. ) ;
#540 = VECTOR ( 'NONE', #3639, 1000.000000000000000 ) ;
#541 = DIRECTION ( 'NONE',  ( 0.0000000000000000000, 0.0000000000000000000, -1.000000000000000000 ) ) ;
#542 =( NAMED_UNIT ( * ) SI_UNIT ( $, .STERADIAN. ) SOLID_ANGLE_UNIT ( ) );
#543 = CARTESIAN_POINT ( 'NONE',  ( 3.012804417805865500, -85.49999999999998600, 3.399999999999999900 ) ) ;
#544 = SURFACE_STYLE_USAGE ( .BOTH. , #3910 ) ;
#545 = AXIS2_PLACEMENT_3D ( 'NONE', #3655, #5321, #1448 ) ;
#546 = CARTESIAN_POINT ( 'NONE',  ( 5.450000000000007300, -23.19999999999999200, 3.499999999999999600 ) ) ;
#547 = DIRECTION ( 'NONE',  ( 0.0000000000000000000, 0.0000000000000000000, -1.000000000000000000 ) ) ;
#548 = CARTESIAN_POINT ( 'NONE',  ( -0.0000000000000000000, -82.49999999999998600, 3.499999999999999600 ) ) ;
#549 = VERTEX_POINT ( 'NONE', #265 ) ;
#550 = UNCERTAINTY_MEASURE_WITH_UNIT (LENGTH_MEASURE( 1.000000000000000100E-005 ), #3813, 'distance_accuracy_value', 'NONE');
#551 = DIRECTION ( 'NONE',  ( -1.000000000000000000, -0.0000000000000000000, -0.0000000000000000000 ) ) ;
#552 = ORIENTED_EDGE ( 'NONE', *, *, #2263, .T. ) ;
#553 = ORIENTED_EDGE ( 'NONE', *, *, #4335, .T. ) ;
#554 = CARTESIAN_POINT ( 'NONE',  ( 0.0000000000000000000, -85.49999999999998600, 3.399999999999999900 ) ) ;
#555 = UNCERTAINTY_MEASURE_WITH_UNIT (LENGTH_MEASURE( 1.000000000000000100E-005 ), #2347, 'distance_accuracy_value', 'NONE');
#556 = DIRECTION ( 'NONE',  ( -1.000000000000000000, 0.0000000000000000000, 0.0000000000000000000 ) ) ;
#557 = ORIENTED_EDGE ( 'NONE', *, *, #1233, .T. ) ;
#558 = ORIENTED_EDGE ( 'NONE', *, *, #5072, .T. ) ;
#559 = ORIENTED_EDGE ( 'NONE', *, *, #2288, .F. ) ;
#560 = DIRECTION ( 'NONE',  ( -1.000000000000000000, 0.0000000000000000000, 0.0000000000000000000 ) ) ;
#561 = MECHANICAL_DESIGN_GEOMETRIC_PRESENTATION_REPRESENTATION (  '', ( #5444 ), #854 ) ;
#562 = AXIS2_PLACEMENT_3D ( 'NONE', #43, #3397, #448 ) ;
#563 = EDGE_LOOP ( 'NONE', ( #2272, #5157, #264, #4524 ) ) ;
#564 = LINE ( 'NONE', #3468, #1563 ) ;
#565 = CARTESIAN_POINT ( 'NONE',  ( 23.09999999999999100, 19.59999999999999800, 3.750000000000000000 ) ) ;
#566 = PLANE ( 'NONE',  #2861 ) ;
#567 = DIRECTION ( 'NONE',  ( -1.000000000000000000, -2.569960705150824900E-016, 0.0000000000000000000 ) ) ;
#568 = VECTOR ( 'NONE', #3133, 1000.000000000000000 ) ;
#569 = EDGE_CURVE ( 'NONE', #4785, #663, #5013, .T. ) ;
#570 = VECTOR ( 'NONE', #5249, 1000.000000000000000 ) ;
#571 = LINE ( 'NONE', #4874, #3934 ) ;
#572 = DIRECTION ( 'NONE',  ( -1.445602896647337900E-016, -1.000000000000000000, 0.0000000000000000000 ) ) ;
#573 = PRESENTATION_STYLE_ASSIGNMENT (( #2742 ) ) ;
#574 = CARTESIAN_POINT ( 'NONE',  ( 3.597804417805865900, -29.49999999999999300, 3.599999999999999600 ) ) ;
#575 = LINE ( 'NONE', #5189, #2687 ) ;
#576 = ORIENTED_EDGE ( 'NONE', *, *, #1483, .T. ) ;
#577 = PRESENTATION_STYLE_ASSIGNMENT (( #1662 ) ) ;
#578 = DIRECTION ( 'NONE',  ( 0.0000000000000000000, 0.0000000000000000000, -1.000000000000000000 ) ) ;
#579 =( LENGTH_UNIT ( ) NAMED_UNIT ( * ) SI_UNIT ( .MILLI., .METRE. ) );
#580 = CIRCLE ( 'NONE', #2619, 2.069230769230771200 ) ;
#581 = VECTOR ( 'NONE', #1917, 1000.000000000000000 ) ;
#582 = DIRECTION ( 'NONE',  ( -1.000000000000000000, 0.0000000000000000000, 0.0000000000000000000 ) ) ;
#583 = UNCERTAINTY_MEASURE_WITH_UNIT (LENGTH_MEASURE( 1.000000000000000100E-005 ), #3714, 'distance_accuracy_value', 'NONE');
#584 = LINE ( 'NONE', #3162, #2837 ) ;
#585 =( NAMED_UNIT ( * ) SI_UNIT ( $, .STERADIAN. ) SOLID_ANGLE_UNIT ( ) );
#586 = EDGE_LOOP ( 'NONE', ( #858, #4050, #140, #1310 ) ) ;
#587 = LINE ( 'NONE', #3438, #2839 ) ;
#588 = ORIENTED_EDGE ( 'NONE', *, *, #2016, .T. ) ;
#589 = PRESENTATION_STYLE_ASSIGNMENT (( #2948 ) ) ;
#590 = AXIS2_PLACEMENT_3D ( 'NONE', #1471, #2329, #5253 ) ;
#591 = ORIENTED_EDGE ( 'NONE', *, *, #3036, .F. ) ;
#592 = EDGE_CURVE ( 'NONE', #1942, #4105, #2790, .T. ) ;
#593 = VECTOR ( 'NONE', #5169, 1000.000000000000000 ) ;
#594 = SURFACE_STYLE_FILL_AREA ( #2961 ) ;
#595 =( GEOMETRIC_REPRESENTATION_CONTEXT ( 3 ) GLOBAL_UNCERTAINTY_ASSIGNED_CONTEXT ( ( #3410 ) ) GLOBAL_UNIT_ASSIGNED_CONTEXT ( ( #5244, #3154, #818 ) ) REPRESENTATION_CONTEXT ( 'NONE', 'WORKASPACE' ) );
#596 = CARTESIAN_POINT ( 'NONE',  ( -0.5571955821941224600, 8.054835476189233000E-017, 3.399999999999999900 ) ) ;
#597 = STYLED_ITEM ( 'NONE', ( #4721 ), #1266 ) ;
#598 = CARTESIAN_POINT ( 'NONE',  ( 0.4628044178058656800, -82.49999999999998600, 3.499999999999999600 ) ) ;
#599 = EDGE_CURVE ( 'NONE', #3287, #4370, #1822, .T. ) ;
#600 = UNCERTAINTY_MEASURE_WITH_UNIT (LENGTH_MEASURE( 1.000000000000000100E-005 ), #1014, 'distance_accuracy_value', 'NONE');
#601 = CARTESIAN_POINT ( 'NONE',  ( -0.04719558219413457600, -85.49999999999998600, 3.399999999999999900 ) ) ;
#602 = VECTOR ( 'NONE', #3106, 1000.000000000000000 ) ;
#603 = CARTESIAN_POINT ( 'NONE',  ( 17.54574314557210400, -23.19999999999998900, 0.0000000000000000000 ) ) ;
#604 = DIRECTION ( 'NONE',  ( -0.0000000000000000000, -0.0000000000000000000, -1.000000000000000000 ) ) ;
#605 = CARTESIAN_POINT ( 'NONE',  ( 23.09999999999999100, 19.59999999999999800, 4.000000000000000000 ) ) ;
#606 = STYLED_ITEM ( 'NONE', ( #4049 ), #5064 ) ;
#607 = PLANE ( 'NONE',  #4219 ) ;
#608 = VERTEX_POINT ( 'NONE', #295 ) ;
#609 = VECTOR ( 'NONE', #2293, 1000.000000000000000 ) ;
#610 = FILL_AREA_STYLE_COLOUR ( '', #2146 ) ;
#611 = EDGE_CURVE ( 'NONE', #1733, #3712, #4753, .T. ) ;
#612 =( NAMED_UNIT ( * ) SI_UNIT ( $, .STERADIAN. ) SOLID_ANGLE_UNIT ( ) );
#613 = UNCERTAINTY_MEASURE_WITH_UNIT (LENGTH_MEASURE( 1.000000000000000100E-005 ), #1983, 'distance_accuracy_value', 'NONE');
#614 = CARTESIAN_POINT ( 'NONE',  ( -23.09999999999999400, -12.29000000000000300, 3.750000000000000000 ) ) ;
#615 = LINE ( 'NONE', #1708, #2864 ) ;
#616 = FILL_AREA_STYLE_COLOUR ( '', #3540 ) ;
#617 = DIRECTION ( 'NONE',  ( 1.000000000000000000, -0.0000000000000000000, 0.0000000000000000000 ) ) ;
#618 = DIRECTION ( 'NONE',  ( -1.445602896647337900E-016, -1.000000000000000000, 0.0000000000000000000 ) ) ;
#619 = CARTESIAN_POINT ( 'NONE',  ( -5.899999999999995900, -14.88999999999999700, 3.599999999999999600 ) ) ;
#620 = PLANE ( 'NONE',  #1661 ) ;
#621 = DIRECTION ( 'NONE',  ( -0.0000000000000000000, -0.0000000000000000000, 1.000000000000000000 ) ) ;
#622 = ORIENTED_EDGE ( 'NONE', *, *, #1870, .F. ) ;
#623 = CARTESIAN_POINT ( 'NONE',  ( -1.067195582194122600, 1.542741024909065700E-016, 3.499999999999999600 ) ) ;
#624 = ORIENTED_EDGE ( 'NONE', *, *, #2606, .F. ) ;
#625 = LINE ( 'NONE', #3050, #2730 ) ;
#626 = FILL_AREA_STYLE_COLOUR ( '', #4223 ) ;
#627 = ORIENTED_EDGE ( 'NONE', *, *, #1566, .T. ) ;
#628 = VERTEX_POINT ( 'NONE', #4499 ) ;
#629 = SURFACE_STYLE_FILL_AREA ( #4138 ) ;
#630 = VERTEX_POINT ( 'NONE', #1137 ) ;
#631 = AXIS2_PLACEMENT_3D ( 'NONE', #2514, #4599, #2086 ) ;
#632 = EDGE_CURVE ( 'NONE', #3092, #2629, #1411, .T. ) ;
#633 = PLANE ( 'NONE',  #3843 ) ;
#634 = CARTESIAN_POINT ( 'NONE',  ( -24.59999999999999800, 23.00000000000000400, 4.000000000000000000 ) ) ;
#635 = AXIS2_PLACEMENT_3D ( 'NONE', #4873, #4528, #2889 ) ;
#636 = EDGE_CURVE ( 'NONE', #790, #4187, #4872, .T. ) ;
#637 = PRESENTATION_LAYER_ASSIGNMENT (  '', '', ( #345 ) ) ;
#638 = SURFACE_STYLE_FILL_AREA ( #3039 ) ;
#639 = SURFACE_SIDE_STYLE ('',( #238 ) ) ;
#640 = DIRECTION ( 'NONE',  ( -0.0000000000000000000, -0.0000000000000000000, -1.000000000000000000 ) ) ;
#641 =( LENGTH_UNIT ( ) NAMED_UNIT ( * ) SI_UNIT ( .MILLI., .METRE. ) );
#642 = LINE ( 'NONE', #739, #2885 ) ;
#643 = PRESENTATION_STYLE_ASSIGNMENT (( #2304 ) ) ;
#644 =( GEOMETRIC_REPRESENTATION_CONTEXT ( 3 ) GLOBAL_UNCERTAINTY_ASSIGNED_CONTEXT ( ( #3857 ) ) GLOBAL_UNIT_ASSIGNED_CONTEXT ( ( #4379, #1888, #934 ) ) REPRESENTATION_CONTEXT ( 'NONE', 'WORKASPACE' ) );
#645 = ORIENTED_EDGE ( 'NONE', *, *, #4643, .T. ) ;
#646 = VECTOR ( 'NONE', #5409, 1000.000000000000000 ) ;
#647 = VECTOR ( 'NONE', #2935, 1000.000000000000000 ) ;
#648 = CARTESIAN_POINT ( 'NONE',  ( 0.0000000000000000000, 0.0000000000000000000, 3.399999999999999900 ) ) ;
#649 = LINE ( 'NONE', #1463, #2760 ) ;
#650 = LINE ( 'NONE', #1352, #3875 ) ;
#651 = DIRECTION ( 'NONE',  ( 1.000000000000000000, 0.0000000000000000000, 0.0000000000000000000 ) ) ;
#652 = VECTOR ( 'NONE', #806, 1000.000000000000000 ) ;
#653 = CARTESIAN_POINT ( 'NONE',  ( -22.09999999999999400, -13.29000000000000300, 4.000000000000000000 ) ) ;
#654 = COLOUR_RGB ( '',0.0000000000000000000, 0.0000000000000000000, 0.0000000000000000000 ) ;
#655 = COLOUR_RGB ( '',0.8039215686274510100, 0.4980392156862745200, 0.1960784313725490200 ) ;
#656 = CARTESIAN_POINT ( 'NONE',  ( -0.2571955821941344600, -82.49999999999998600, 3.399999999999999900 ) ) ;
#657 = FACE_OUTER_BOUND ( 'NONE', #3309, .T. ) ;
#658 =( LENGTH_UNIT ( ) NAMED_UNIT ( * ) SI_UNIT ( .MILLI., .METRE. ) );
#659 = EDGE_LOOP ( 'NONE', ( #2911, #2084, #31, #558 ) ) ;
#660 = PRESENTATION_STYLE_ASSIGNMENT (( #1263 ) ) ;
#661 = LINE ( 'NONE', #4425, #4601 ) ;
#662 = MECHANICAL_DESIGN_GEOMETRIC_PRESENTATION_REPRESENTATION (  '', ( #80 ), #933 ) ;
#663 = VERTEX_POINT ( 'NONE', #4095 ) ;
#664 = SURFACE_STYLE_USAGE ( .BOTH. , #3597 ) ;
#665 = DIRECTION ( 'NONE',  ( 1.000000000000000000, -0.0000000000000000000, -0.0000000000000000000 ) ) ;
#666 = FILL_AREA_STYLE ('',( #1498 ) ) ;
#667 = ORIENTED_EDGE ( 'NONE', *, *, #392, .F. ) ;
#668 = CARTESIAN_POINT ( 'NONE',  ( -6.899999999999996800, -23.19999999999999200, 3.499999999999999600 ) ) ;
#669 = DIRECTION ( 'NONE',  ( -0.0000000000000000000, -0.0000000000000000000, -1.000000000000000000 ) ) ;
#670 = EDGE_CURVE ( 'NONE', #1691, #4045, #3507, .T. ) ;
#671 = SURFACE_STYLE_USAGE ( .BOTH. , #1757 ) ;
#672 = FILL_AREA_STYLE_COLOUR ( '', #2326 ) ;
#673 = ADVANCED_FACE ( 'NONE', ( #2525 ), #2863, .T. ) ;
#674 = PLANE ( 'NONE',  #3635 ) ;
#675 = STYLED_ITEM ( 'NONE', ( #106 ), #1686 ) ;
#676 = DIRECTION ( 'NONE',  ( -0.0000000000000000000, -0.0000000000000000000, 1.000000000000000000 ) ) ;
#677 = EDGE_CURVE ( 'NONE', #3939, #2671, #872, .T. ) ;
#678 = FILL_AREA_STYLE ('',( #4674 ) ) ;
#679 = LINE ( 'NONE', #3626, #2927 ) ;
#680 =( NAMED_UNIT ( * ) PLANE_ANGLE_UNIT ( ) SI_UNIT ( $, .RADIAN. ) );
#681 = AXIS2_PLACEMENT_3D ( 'NONE', #4908, #1992, #5316 ) ;
#682 = EDGE_CURVE ( 'NONE', #1811, #435, #4230, .T. ) ;
#683 =( GEOMETRIC_REPRESENTATION_CONTEXT ( 3 ) GLOBAL_UNCERTAINTY_ASSIGNED_CONTEXT ( ( #1586 ) ) GLOBAL_UNIT_ASSIGNED_CONTEXT ( ( #3226, #5243, #4208 ) ) REPRESENTATION_CONTEXT ( 'NONE', 'WORKASPACE' ) );
#684 = ORIENTED_EDGE ( 'NONE', *, *, #66, .T. ) ;
#685 = FACE_OUTER_BOUND ( 'NONE', #4951, .T. ) ;
#686 = DIRECTION ( 'NONE',  ( 0.0000000000000000000, 0.0000000000000000000, -1.000000000000000000 ) ) ;
#687 = DIRECTION ( 'NONE',  ( 0.0000000000000000000, 1.000000000000000000, 0.0000000000000000000 ) ) ;
#688 = ORIENTED_EDGE ( 'NONE', *, *, #2045, .T. ) ;
#689 = ORIENTED_EDGE ( 'NONE', *, *, #4546, .T. ) ;
#690 = CARTESIAN_POINT ( 'NONE',  ( 23.09999999999999800, -12.28999999999999600, 4.000000000000000000 ) ) ;
#691 = ORIENTED_EDGE ( 'NONE', *, *, #316, .T. ) ;
#692 = CARTESIAN_POINT ( 'NONE',  ( 21.61497391480287100, -23.73076923076922300, 2.000000000000000000 ) ) ;
#693 = VERTEX_POINT ( 'NONE', #2883 ) ;
#694 = PRESENTATION_LAYER_ASSIGNMENT (  '', '', ( #132 ) ) ;
#695 = ORIENTED_EDGE ( 'NONE', *, *, #504, .F. ) ;
#696 = DIRECTION ( 'NONE',  ( 0.0000000000000000000, 0.0000000000000000000, 1.000000000000000000 ) ) ;
#697 = VERTEX_POINT ( 'NONE', #1193 ) ;
#698 = PRESENTATION_STYLE_ASSIGNMENT (( #3878 ) ) ;
#699 = ORIENTED_EDGE ( 'NONE', *, *, #3690, .T. ) ;
#700 = DIRECTION ( 'NONE',  ( 0.0000000000000000000, 1.000000000000000000, 0.0000000000000000000 ) ) ;
#701 = LINE ( 'NONE', #634, #4445 ) ;
#702 = CARTESIAN_POINT ( 'NONE',  ( -1.787195582194134500, 0.0000000000000000000, 3.399999999999999900 ) ) ;
#703 = DIRECTION ( 'NONE',  ( 0.0000000000000000000, -0.0000000000000000000, 1.000000000000000000 ) ) ;
#704 = LINE ( 'NONE', #882, #3793 ) ;
#705 = ORIENTED_EDGE ( 'NONE', *, *, #4400, .F. ) ;
#706 = EDGE_CURVE ( 'NONE', #1506, #2611, #1997, .T. ) ;
#707 = LINE ( 'NONE', #3240, #4065 ) ;
#708 = LINE ( 'NONE', #3117, #5052 ) ;
#709 = FILL_AREA_STYLE ('',( #4484 ) ) ;
#710 = VECTOR ( 'NONE', #3102, 1000.000000000000000 ) ;
#711 =( NAMED_UNIT ( * ) PLANE_ANGLE_UNIT ( ) SI_UNIT ( $, .RADIAN. ) );
#712 = MECHANICAL_DESIGN_GEOMETRIC_PRESENTATION_REPRESENTATION (  '', ( #5307 ), #994 ) ;
#713 = COLOUR_RGB ( '',0.8039215686274510100, 0.4980392156862745200, 0.1960784313725490200 ) ;
#714 = ORIENTED_EDGE ( 'NONE', *, *, #3378, .F. ) ;
#715 = VECTOR ( 'NONE', #3335, 1000.000000000000000 ) ;
#716 = DIRECTION ( 'NONE',  ( 1.000000000000000000, 0.0000000000000000000, 0.0000000000000000000 ) ) ;
#717 = ORIENTED_EDGE ( 'NONE', *, *, #1348, .T. ) ;
#718 = FACE_OUTER_BOUND ( 'NONE', #3971, .T. ) ;
#719 = PRESENTATION_STYLE_ASSIGNMENT (( #2818 ) ) ;
#720 = CARTESIAN_POINT ( 'NONE',  ( -22.09999999999999400, 19.59999999999999800, 4.000000000000000000 ) ) ;
#721 = EDGE_CURVE ( 'NONE', #2934, #329, #2991, .T. ) ;
#722 = ORIENTED_EDGE ( 'NONE', *, *, #3555, .T. ) ;
#723 = VECTOR ( 'NONE', #283, 1000.000000000000000 ) ;
#724 = ADVANCED_FACE ( 'NONE', ( #5195, #3962 ), #4136, .F. ) ;
#725 = VECTOR ( 'NONE', #2919, 1000.000000000000000 ) ;
#726 = UNCERTAINTY_MEASURE_WITH_UNIT (LENGTH_MEASURE( 1.000000000000000100E-005 ), #4405, 'distance_accuracy_value', 'NONE');
#727 = CARTESIAN_POINT ( 'NONE',  ( 1.482804417805865700, -82.49999999999998600, 3.399999999999999900 ) ) ;
#728 = FILL_AREA_STYLE ('',( #616 ) ) ;
#729 = CARTESIAN_POINT ( 'NONE',  ( -22.09999999999999400, 20.60000000000000100, 4.000000000000000000 ) ) ;
#730 = AXIS2_PLACEMENT_3D ( 'NONE', #4695, #2188, #4274 ) ;
#731 = EDGE_CURVE ( 'NONE', #4427, #1118, #2455, .T. ) ;
#732 = COLOUR_RGB ( '',0.0000000000000000000, 0.5607843137254902000, 1.000000000000000000 ) ;
#733 = CARTESIAN_POINT ( 'NONE',  ( 0.7628044178058656100, -85.49999999999998600, 3.499999999999999600 ) ) ;
#734 = CARTESIAN_POINT ( 'NONE',  ( 17.54574314557210400, -23.19999999999998900, 2.000000000000000000 ) ) ;
#735 = STYLED_ITEM ( 'NONE', ( #2635 ), #4037 ) ;
#736 = CARTESIAN_POINT ( 'NONE',  ( 24.60000000000000100, 23.00000000000000700, 4.000000000000000000 ) ) ;
#737 = MECHANICAL_DESIGN_GEOMETRIC_PRESENTATION_REPRESENTATION (  '', ( #5325 ), #1021 ) ;
#738 = CARTESIAN_POINT ( 'NONE',  ( 2.292804417805865700, -85.49999999999998600, 3.499999999999999600 ) ) ;
#739 = CARTESIAN_POINT ( 'NONE',  ( 2.802804417805865500, -0.0000000000000000000, 3.499999999999999600 ) ) ;
#740 = UNCERTAINTY_MEASURE_WITH_UNIT (LENGTH_MEASURE( 1.000000000000000100E-005 ), #1762, 'distance_accuracy_value', 'NONE');
#741 =( NAMED_UNIT ( * ) SI_UNIT ( $, .STERADIAN. ) SOLID_ANGLE_UNIT ( ) );
#742 = COLOUR_RGB ( '',0.8039215686274510100, 0.4980392156862745200, 0.1960784313725490200 ) ;
#743 = CARTESIAN_POINT ( 'NONE',  ( 0.0000000000000000000, -85.49999999999998600, 3.399999999999999900 ) ) ;
#744 = PLANE ( 'NONE',  #3454 ) ;
#745 = ORIENTED_EDGE ( 'NONE', *, *, #3073, .T. ) ;
#746 = CARTESIAN_POINT ( 'NONE',  ( 19.65000000000000200, -23.64999999999999900, 0.0000000000000000000 ) ) ;
#747 = ORIENTED_EDGE ( 'NONE', *, *, #2696, .F. ) ;
#748 = ORIENTED_EDGE ( 'NONE', *, *, #4147, .F. ) ;
#749 = ORIENTED_EDGE ( 'NONE', *, *, #2881, .F. ) ;
#750 = MECHANICAL_DESIGN_GEOMETRIC_PRESENTATION_REPRESENTATION (  '', ( #187 ), #1038 ) ;
#751 = ORIENTED_EDGE ( 'NONE', *, *, #2333, .T. ) ;
#752 = SURFACE_STYLE_USAGE ( .BOTH. , #3271 ) ;
#753 = CARTESIAN_POINT ( 'NONE',  ( 1.992804417805865700, -82.49999999999998600, 3.399999999999999900 ) ) ;
#754 = ORIENTED_EDGE ( 'NONE', *, *, #3612, .T. ) ;
#755 = VECTOR ( 'NONE', #388, 1000.000000000000000 ) ;
#756 = EDGE_LOOP ( 'NONE', ( #2309, #3651, #278, #68 ) ) ;
#757 = DIRECTION ( 'NONE',  ( -1.000000000000000000, 0.0000000000000000000, 0.0000000000000000000 ) ) ;
#758 = ADVANCED_FACE ( 'NONE', ( #3567 ), #1654, .F. ) ;
#759 = DIRECTION ( 'NONE',  ( -1.000000000000000000, -1.569885498621545200E-016, 0.0000000000000000000 ) ) ;
#760 =( GEOMETRIC_REPRESENTATION_CONTEXT ( 3 ) GLOBAL_UNCERTAINTY_ASSIGNED_CONTEXT ( ( #3012 ) ) GLOBAL_UNIT_ASSIGNED_CONTEXT ( ( #1903, #4397, #1474 ) ) REPRESENTATION_CONTEXT ( 'NONE', 'WORKASPACE' ) );
#761 = PLANE ( 'NONE',  #4791 ) ;
#762 = EDGE_CURVE ( 'NONE', #2998, #155, #5258, .T. ) ;
#763 = ORIENTED_EDGE ( 'NONE', *, *, #1622, .F. ) ;
#764 = PLANE ( 'NONE',  #1815 ) ;
#765 = DIRECTION ( 'NONE',  ( -1.445602896647337900E-016, -1.000000000000000000, 0.0000000000000000000 ) ) ;
#766 = ORIENTED_EDGE ( 'NONE', *, *, #2771, .T. ) ;
#767 = CARTESIAN_POINT ( 'NONE',  ( 0.0000000000000000000, -82.49999999999998600, 3.399999999999999900 ) ) ;
#768 = AXIS2_PLACEMENT_3D ( 'NONE', #1127, #3645, #703 ) ;
#769 = STYLED_ITEM ( 'NONE', ( #843 ), #1535 ) ;
#770 = LINE ( 'NONE', #788, #5115 ) ;
#771 = VECTOR ( 'NONE', #3837, 1000.000000000000000 ) ;
#772 = EDGE_CURVE ( 'NONE', #3918, #4992, #3160, .T. ) ;
#773 = DIRECTION ( 'NONE',  ( -0.0000000000000000000, 0.0000000000000000000, -1.000000000000000000 ) ) ;
#774 = SURFACE_STYLE_USAGE ( .BOTH. , #1195 ) ;
#775 = VERTEX_POINT ( 'NONE', #5396 ) ;
#776 = VECTOR ( 'NONE', #2060, 1000.000000000000000 ) ;
#777 = LINE ( 'NONE', #2987, #2769 ) ;
#778 = ORIENTED_EDGE ( 'NONE', *, *, #222, .T. ) ;
#779 = VECTOR ( 'NONE', #2530, 1000.000000000000000 ) ;
#780 = EDGE_CURVE ( 'NONE', #1161, #525, #4154, .T. ) ;
#781 = SURFACE_SIDE_STYLE ('',( #2095 ) ) ;
#782 = STYLED_ITEM ( 'NONE', ( #3581 ), #5141 ) ;
#783 = FILL_AREA_STYLE_COLOUR ( '', #3923 ) ;
#784 = VERTEX_POINT ( 'NONE', #415 ) ;
#785 = PRESENTATION_STYLE_ASSIGNMENT (( #671 ) ) ;
#786 = FILL_AREA_STYLE ('',( #4506 ) ) ;
#787 = ORIENTED_EDGE ( 'NONE', *, *, #636, .T. ) ;
#788 = CARTESIAN_POINT ( 'NONE',  ( -2.297195582194134600, -85.49999999999998600, 3.399999999999999900 ) ) ;
#789 = SURFACE_STYLE_USAGE ( .BOTH. , #5384 ) ;
#790 = VERTEX_POINT ( 'NONE', #3784 ) ;
#791 = CARTESIAN_POINT ( 'NONE',  ( 24.60000000000000100, 23.00000000000000700, 4.000000000000000000 ) ) ;
#792 = EDGE_CURVE ( 'NONE', #3712, #2967, #1933, .T. ) ;
#793 = CARTESIAN_POINT ( 'NONE',  ( 0.0000000000000000000, 0.0000000000000000000, 3.750000000000000000 ) ) ;
#794 = CARTESIAN_POINT ( 'NONE',  ( -2.087195582194134600, -82.49999999999998600, 3.499999999999999600 ) ) ;
#795 = PRESENTATION_STYLE_ASSIGNMENT (( #2859 ) ) ;
#796 = ORIENTED_EDGE ( 'NONE', *, *, #1012, .T. ) ;
#797 =( GEOMETRIC_REPRESENTATION_CONTEXT ( 3 ) GLOBAL_UNCERTAINTY_ASSIGNED_CONTEXT ( ( #4351 ) ) GLOBAL_UNIT_ASSIGNED_CONTEXT ( ( #4027, #1080, #3601 ) ) REPRESENTATION_CONTEXT ( 'NONE', 'WORKASPACE' ) );
#798 = DIRECTION ( 'NONE',  ( 0.0000000000000000000, 1.000000000000000000, 0.0000000000000000000 ) ) ;
#799 = SURFACE_STYLE_FILL_AREA ( #9 ) ;
#800 =( NAMED_UNIT ( * ) PLANE_ANGLE_UNIT ( ) SI_UNIT ( $, .RADIAN. ) );
#801 = FILL_AREA_STYLE_COLOUR ( '', #4865 ) ;
#802 = CARTESIAN_POINT ( 'NONE',  ( -5.899999999999995900, -23.19999999999998900, 3.599999999999999600 ) ) ;
#803 = ADVANCED_FACE ( 'NONE', ( #932 ), #2563, .T. ) ;
#804 = FILL_AREA_STYLE ('',( #1665 ) ) ;
#805 = CARTESIAN_POINT ( 'NONE',  ( -5.899999999999995900, -14.88999999999999700, 3.699999999999999300 ) ) ;
#806 = DIRECTION ( 'NONE',  ( 0.0000000000000000000, -1.000000000000000000, 0.0000000000000000000 ) ) ;
#807 = EDGE_CURVE ( 'NONE', #4669, #198, #1406, .T. ) ;
#808 = CARTESIAN_POINT ( 'NONE',  ( 22.09999999999999800, -13.28999999999999400, 4.000000000000000000 ) ) ;
#809 = EDGE_LOOP ( 'NONE', ( #498, #3085, #3316, #1765 ) ) ;
#810 = ADVANCED_FACE ( 'NONE', ( #4617 ), #4660, .T. ) ;
#811 = EDGE_CURVE ( 'NONE', #5065, #1453, #5313, .T. ) ;
#812 = PRESENTATION_LAYER_ASSIGNMENT (  '', '', ( #534 ) ) ;
#813 = ORIENTED_EDGE ( 'NONE', *, *, #3876, .T. ) ;
#814 = MECHANICAL_DESIGN_GEOMETRIC_PRESENTATION_REPRESENTATION (  '', ( #5402 ), #1103 ) ;
#815 = ORIENTED_EDGE ( 'NONE', *, *, #1912, .F. ) ;
#816 = VECTOR ( 'NONE', #4719, 1000.000000000000000 ) ;
#817 = DIRECTION ( 'NONE',  ( -0.0000000000000000000, -0.0000000000000000000, -1.000000000000000000 ) ) ;
#818 =( NAMED_UNIT ( * ) SI_UNIT ( $, .STERADIAN. ) SOLID_ANGLE_UNIT ( ) );
#819 = ORIENTED_EDGE ( 'NONE', *, *, #881, .F. ) ;
#820 = DIRECTION ( 'NONE',  ( 0.0000000000000000000, 0.0000000000000000000, 1.000000000000000000 ) ) ;
#821 = ORIENTED_EDGE ( 'NONE', *, *, #3446, .T. ) ;
#822 = DIRECTION ( 'NONE',  ( 0.0000000000000000000, -0.0000000000000000000, -1.000000000000000000 ) ) ;
#823 = LINE ( 'NONE', #1946, #3064 ) ;
#824 = CARTESIAN_POINT ( 'NONE',  ( 5.450000000000005500, -21.99999999999999600, 4.000000000000000000 ) ) ;
#825 =( NAMED_UNIT ( * ) PLANE_ANGLE_UNIT ( ) SI_UNIT ( $, .RADIAN. ) );
#826 = CARTESIAN_POINT ( 'NONE',  ( -0.0000000000000000000, -82.49999999999998600, 3.499999999999999600 ) ) ;
#827 = ORIENTED_EDGE ( 'NONE', *, *, #2796, .T. ) ;
#828 = ORIENTED_EDGE ( 'NONE', *, *, #670, .F. ) ;
#829 = FILL_AREA_STYLE ('',( #5445 ) ) ;
#830 = EDGE_LOOP ( 'NONE', ( #5227, #3533, #751, #4779 ) ) ;
#831 = AXIS2_PLACEMENT_3D ( 'NONE', #3369, #4215, #5036 ) ;
#832 = DIRECTION ( 'NONE',  ( -1.000000000000000000, 0.0000000000000000000, -0.0000000000000000000 ) ) ;
#833 = CARTESIAN_POINT ( 'NONE',  ( 0.9728044178058656800, -82.49999999999998600, 3.399999999999999900 ) ) ;
#834 = EDGE_LOOP ( 'NONE', ( #2034, #1209, #2040, #1436 ) ) ;
#835 = VECTOR ( 'NONE', #4339, 1000.000000000000000 ) ;
#836 = FACE_OUTER_BOUND ( 'NONE', #809, .T. ) ;
#837 =( LENGTH_UNIT ( ) NAMED_UNIT ( * ) SI_UNIT ( .MILLI., .METRE. ) );
#838 = ORIENTED_EDGE ( 'NONE', *, *, #144, .T. ) ;
#839 =( NAMED_UNIT ( * ) SI_UNIT ( $, .STERADIAN. ) SOLID_ANGLE_UNIT ( ) );
#840 =( NAMED_UNIT ( * ) PLANE_ANGLE_UNIT ( ) SI_UNIT ( $, .RADIAN. ) );
#841 =( NAMED_UNIT ( * ) PLANE_ANGLE_UNIT ( ) SI_UNIT ( $, .RADIAN. ) );
#842 = STYLED_ITEM ( 'NONE', ( #2043 ), #2852 ) ;
#843 = PRESENTATION_STYLE_ASSIGNMENT (( #1208 ) ) ;
#844 = ADVANCED_FACE ( 'NONE', ( #995 ), #764, .F. ) ;
#845 = VECTOR ( 'NONE', #5203, 1000.000000000000000 ) ;
#846 = FILL_AREA_STYLE ('',( #3719 ) ) ;
#847 = LINE ( 'NONE', #2389, #4201 ) ;
#848 = CARTESIAN_POINT ( 'NONE',  ( -24.59999999999999800, 23.00000000000000400, 4.000000000000000000 ) ) ;
#849 = COLOUR_RGB ( '',0.8039215686274510100, 0.4980392156862745200, 0.1960784313725490200 ) ;
#850 = LINE ( 'NONE', #1388, #710 ) ;
#851 = PRESENTATION_STYLE_ASSIGNMENT (( #4092 ) ) ;
#852 = CARTESIAN_POINT ( 'NONE',  ( 0.9728044178058654600, -85.49999999999998600, 3.399999999999999900 ) ) ;
#853 = DIRECTION ( 'NONE',  ( -0.0000000000000000000, -0.0000000000000000000, -1.000000000000000000 ) ) ;
#854 =( GEOMETRIC_REPRESENTATION_CONTEXT ( 3 ) GLOBAL_UNCERTAINTY_ASSIGNED_CONTEXT ( ( #407 ) ) GLOBAL_UNIT_ASSIGNED_CONTEXT ( ( #1146, #1187, #1168 ) ) REPRESENTATION_CONTEXT ( 'NONE', 'WORKASPACE' ) );
#855 = PRESENTATION_LAYER_ASSIGNMENT (  '', '', ( #281 ) ) ;
#856 = ORIENTED_EDGE ( 'NONE', *, *, #677, .F. ) ;
#857 =( NAMED_UNIT ( * ) SI_UNIT ( $, .STERADIAN. ) SOLID_ANGLE_UNIT ( ) );
#858 = ORIENTED_EDGE ( 'NONE', *, *, #2587, .T. ) ;
#859 = EDGE_LOOP ( 'NONE', ( #2359, #2799, #4368, #1890 ) ) ;
#860 = EDGE_CURVE ( 'NONE', #4994, #942, #4933, .T. ) ;
#861 = FILL_AREA_STYLE_COLOUR ( '', #5425 ) ;
#862 = PLANE ( 'NONE',  #1538 ) ;
#863 = CARTESIAN_POINT ( 'NONE',  ( -3.902195582194134500, -80.49999999999997200, 3.599999999999999600 ) ) ;
#864 = DIRECTION ( 'NONE',  ( -1.000000000000000000, 0.0000000000000000000, 0.0000000000000000000 ) ) ;
#865 = CARTESIAN_POINT ( 'NONE',  ( 0.0000000000000000000, -82.49999999999998600, 3.399999999999999900 ) ) ;
#866 = PLANE ( 'NONE',  #4190 ) ;
#867 = CARTESIAN_POINT ( 'NONE',  ( 24.59999999999999400, 23.80000000000000100, 0.0000000000000000000 ) ) ;
#868 = SURFACE_SIDE_STYLE ('',( #3602 ) ) ;
#869 = CARTESIAN_POINT ( 'NONE',  ( -22.09999999999999400, -12.29000000000000300, 4.000000000000000000 ) ) ;
#870 =( LENGTH_UNIT ( ) NAMED_UNIT ( * ) SI_UNIT ( .MILLI., .METRE. ) );
#871 = ADVANCED_FACE ( 'NONE', ( #462, #2708, #3827 ), #4796, .T. ) ;
#872 = LINE ( 'NONE', #341, #3105 ) ;
#873 = CARTESIAN_POINT ( 'NONE',  ( 2.502804417805877700, -3.618061316121930700E-016, 3.499999999999999600 ) ) ;
#874 = STYLED_ITEM ( 'NONE', ( #3300 ), #503 ) ;
#875 = EDGE_CURVE ( 'NONE', #4830, #2540, #2600, .T. ) ;
#876 =( NAMED_UNIT ( * ) PLANE_ANGLE_UNIT ( ) SI_UNIT ( $, .RADIAN. ) );
#877 = DIRECTION ( 'NONE',  ( 0.0000000000000000000, 1.000000000000000000, 0.0000000000000000000 ) ) ;
#878 = ADVANCED_FACE ( 'NONE', ( #1599 ), #1877, .F. ) ;
#879 = SURFACE_SIDE_STYLE ('',( #1116 ) ) ;
#880 = AXIS2_PLACEMENT_3D ( 'NONE', #3801, #3382, #1296 ) ;
#881 = EDGE_CURVE ( 'NONE', #1621, #3643, #5373, .T. ) ;
#882 = CARTESIAN_POINT ( 'NONE',  ( -24.59999999999999800, 23.00000000000000400, 3.750000000000000000 ) ) ;
#883 = CARTESIAN_POINT ( 'NONE',  ( 1.992804417805865300, -85.49999999999998600, 3.399999999999999900 ) ) ;
#884 = LINE ( 'NONE', #5025, #1883 ) ;
#885 = DIRECTION ( 'NONE',  ( -0.0000000000000000000, -0.0000000000000000000, -1.000000000000000000 ) ) ;
#886 = ORIENTED_EDGE ( 'NONE', *, *, #336, .F. ) ;
#887 = ORIENTED_EDGE ( 'NONE', *, *, #4718, .F. ) ;
#888 = VERTEX_POINT ( 'NONE', #4997 ) ;
#889 =( LENGTH_UNIT ( ) NAMED_UNIT ( * ) SI_UNIT ( .MILLI., .METRE. ) );
#890 = VERTEX_POINT ( 'NONE', #2306 ) ;
#891 = VERTEX_POINT ( 'NONE', #4493 ) ;
#892 = AXIS2_PLACEMENT_3D ( 'NONE', #736, #3248, #319 ) ;
#893 = ORIENTED_EDGE ( 'NONE', *, *, #431, .F. ) ;
#894 = EDGE_LOOP ( 'NONE', ( #92, #2728, #1705, #256 ) ) ;
#895 = LINE ( 'NONE', #3770, #5219 ) ;
#896 = DIRECTION ( 'NONE',  ( -1.445602896647337900E-016, -1.000000000000000000, 0.0000000000000000000 ) ) ;
#897 = ADVANCED_FACE ( 'NONE', ( #3156 ), #5337, .F. ) ;
#898 = CARTESIAN_POINT ( 'NONE',  ( -3.617195582194134400, -82.49999999999998600, 3.499999999999999600 ) ) ;
#899 = EDGE_CURVE ( 'NONE', #3488, #3676, #2050, .T. ) ;
#900 = ORIENTED_EDGE ( 'NONE', *, *, #2327, .F. ) ;
#901 = COLOUR_RGB ( '',0.8039215686274510100, 0.4980392156862745200, 0.1960784313725490200 ) ;
#902 = PRESENTATION_STYLE_ASSIGNMENT (( #2781 ) ) ;
#903 = DIRECTION ( 'NONE',  ( 1.000000000000000000, 0.0000000000000000000, -0.0000000000000000000 ) ) ;
#904 = VERTEX_POINT ( 'NONE', #2978 ) ;
#905 = PLANE ( 'NONE',  #2709 ) ;
#906 = PRESENTATION_STYLE_ASSIGNMENT (( #1996 ) ) ;
#907 = CARTESIAN_POINT ( 'NONE',  ( -6.899999999999996800, -21.99999999999999600, 4.000000000000000000 ) ) ;
#908 = SURFACE_SIDE_STYLE ('',( #3689 ) ) ;
#909 = EDGE_LOOP ( 'NONE', ( #2810, #4495, #2182, #689, #3580, #4862, #1466, #2746, #4955, #3680, #1770, #1036, #699, #5160, #3016, #3219, #821, #4825, #5183, #4040, #367, #2562, #1587, #1892, #1562, #3195, #887, #4651, #5424, #3182, #3771, #4305, #3056, #5287, #856, #2473, #2274, #4774, #220, #1274, #2336, #1868, #4513, #3464, #588, #1847, #5039, #4055, #5179, #981, #3578, #4880, #55, #714, #4364, #2470, #5099, #3118, #2403, #539 ) ) ;
#910 = VECTOR ( 'NONE', #1629, 1000.000000000000000 ) ;
#911 = ORIENTED_EDGE ( 'NONE', *, *, #4271, .F. ) ;
#912 =( NAMED_UNIT ( * ) PLANE_ANGLE_UNIT ( ) SI_UNIT ( $, .RADIAN. ) );
#913 = DIRECTION ( 'NONE',  ( -1.000000000000000000, 0.0000000000000000000, 0.0000000000000000000 ) ) ;
#914 = SURFACE_STYLE_FILL_AREA ( #5290 ) ;
#915 = STYLED_ITEM ( 'NONE', ( #1246 ), #3052 ) ;
#916 = EDGE_CURVE ( 'NONE', #888, #4422, #5255, .T. ) ;
#917 = DIRECTION ( 'NONE',  ( 0.0000000000000000000, 1.000000000000000000, 0.0000000000000000000 ) ) ;
#918 = DIRECTION ( 'NONE',  ( 0.0000000000000000000, -1.000000000000000000, 0.0000000000000000000 ) ) ;
#919 = ORIENTED_EDGE ( 'NONE', *, *, #1593, .F. ) ;
#920 = DIRECTION ( 'NONE',  ( 1.000000000000000000, 1.569885498621545200E-016, 0.0000000000000000000 ) ) ;
#921 = LINE ( 'NONE', #1555, #4137 ) ;
#922 = PRESENTATION_LAYER_ASSIGNMENT (  '', '', ( #342 ) ) ;
#923 = EDGE_CURVE ( 'NONE', #3003, #2351, #929, .T. ) ;
#924 = MECHANICAL_DESIGN_GEOMETRIC_PRESENTATION_REPRESENTATION (  '', ( #345 ), #1197 ) ;
#925 = ADVANCED_FACE ( 'NONE', ( #3044 ), #1539, .F. ) ;
#926 = ORIENTED_EDGE ( 'NONE', *, *, #2318, .F. ) ;
#927 = VERTEX_POINT ( 'NONE', #1894 ) ;
#928 =( LENGTH_UNIT ( ) NAMED_UNIT ( * ) SI_UNIT ( .MILLI., .METRE. ) );
#929 = LINE ( 'NONE', #1887, #4290 ) ;
#930 = DIRECTION ( 'NONE',  ( -1.445602896647337900E-016, -1.000000000000000000, 0.0000000000000000000 ) ) ;
#931 =( NAMED_UNIT ( * ) PLANE_ANGLE_UNIT ( ) SI_UNIT ( $, .RADIAN. ) );
#932 = FACE_OUTER_BOUND ( 'NONE', #2244, .T. ) ;
#933 =( GEOMETRIC_REPRESENTATION_CONTEXT ( 3 ) GLOBAL_UNCERTAINTY_ASSIGNED_CONTEXT ( ( #1293 ) ) GLOBAL_UNIT_ASSIGNED_CONTEXT ( ( #2190, #1004, #1891 ) ) REPRESENTATION_CONTEXT ( 'NONE', 'WORKASPACE' ) );
#934 =( NAMED_UNIT ( * ) SI_UNIT ( $, .STERADIAN. ) SOLID_ANGLE_UNIT ( ) );
#935 = CARTESIAN_POINT ( 'NONE',  ( 22.09999999999999800, -12.28999999999999600, 4.000000000000000000 ) ) ;
#936 = DIRECTION ( 'NONE',  ( -1.000000000000000000, 1.445602896647337900E-016, 0.0000000000000000000 ) ) ;
#937 = CARTESIAN_POINT ( 'NONE',  ( -0.04719558219412243300, 6.822607032878090700E-018, 3.499999999999999600 ) ) ;
#938 = COLOUR_RGB ( '',0.7529411764705882200, 0.7529411764705882200, 0.7529411764705882200 ) ;
#939 = EDGE_CURVE ( 'NONE', #2465, #390, #3754, .T. ) ;
#940 = DIRECTION ( 'NONE',  ( -0.0000000000000000000, -0.0000000000000000000, -1.000000000000000000 ) ) ;
#941 = DIRECTION ( 'NONE',  ( -1.000000000000000000, 0.0000000000000000000, 0.0000000000000000000 ) ) ;
#942 = VERTEX_POINT ( 'NONE', #2724 ) ;
#943 = CARTESIAN_POINT ( 'NONE',  ( 0.4628044178058654500, -85.49999999999998600, 3.399999999999999900 ) ) ;
#944 = LINE ( 'NONE', #115, #3058 ) ;
#945 = AXIS2_PLACEMENT_3D ( 'NONE', #3600, #3168, #4414 ) ;
#946 = ORIENTED_EDGE ( 'NONE', *, *, #5145, .T. ) ;
#947 = EDGE_CURVE ( 'NONE', #329, #784, #4745, .T. ) ;
#948 = ORIENTED_EDGE ( 'NONE', *, *, #2517, .F. ) ;
#949 = DIRECTION ( 'NONE',  ( -0.0000000000000000000, -0.0000000000000000000, 1.000000000000000000 ) ) ;
#950 = CARTESIAN_POINT ( 'NONE',  ( 21.59999999999999400, -22.24999999999999600, -63.50000000000000000 ) ) ;
#951 = DIRECTION ( 'NONE',  ( -0.0000000000000000000, -0.0000000000000000000, -1.000000000000000000 ) ) ;
#952 = ORIENTED_EDGE ( 'NONE', *, *, #5262, .F. ) ;
#953 = CARTESIAN_POINT ( 'NONE',  ( -0.2571955821941344600, 0.0000000000000000000, 3.399999999999999900 ) ) ;
#954 = EDGE_LOOP ( 'NONE', ( #5165, #3916, #3291, #2735 ) ) ;
#955 = DIRECTION ( 'NONE',  ( 0.0000000000000000000, 0.0000000000000000000, -1.000000000000000000 ) ) ;
#956 = ORIENTED_EDGE ( 'NONE', *, *, #375, .T. ) ;
#957 = PRODUCT_DEFINITION ( 'UNKNOWN', '', #1245, #2658 ) ;
#958 = VERTEX_POINT ( 'NONE', #3217 ) ;
#959 = EDGE_CURVE ( 'NONE', #2802, #2276, #1533, .T. ) ;
#960 = SURFACE_STYLE_USAGE ( .BOTH. , #3906 ) ;
#961 = COLOUR_RGB ( '',0.8039215686274510100, 0.4980392156862745200, 0.1960784313725490200 ) ;
#962 = ORIENTED_EDGE ( 'NONE', *, *, #1636, .T. ) ;
#963 =( NAMED_UNIT ( * ) PLANE_ANGLE_UNIT ( ) SI_UNIT ( $, .RADIAN. ) );
#964 = CARTESIAN_POINT ( 'NONE',  ( 3.012804417805865500, -85.49999999999998600, 3.399999999999999900 ) ) ;
#965 = ORIENTED_EDGE ( 'NONE', *, *, #5108, .T. ) ;
#966 = FACE_OUTER_BOUND ( 'NONE', #4108, .T. ) ;
#967 = CARTESIAN_POINT ( 'NONE',  ( 0.0000000000000000000, 0.0000000000000000000, 3.399999999999999900 ) ) ;
#968 = CIRCLE ( 'NONE', #2910, 0.4499999999999990100 ) ;
#969 = VERTEX_POINT ( 'NONE', #3585 ) ;
#970 = DIRECTION ( 'NONE',  ( -0.0000000000000000000, -0.0000000000000000000, -1.000000000000000000 ) ) ;
#971 = DIRECTION ( 'NONE',  ( -0.0000000000000000000, -0.0000000000000000000, 1.000000000000000000 ) ) ;
#972 = LINE ( 'NONE', #2125, #3078 ) ;
#973 = VECTOR ( 'NONE', #32, 1000.000000000000000 ) ;
#974 = ORIENTED_EDGE ( 'NONE', *, *, #4115, .T. ) ;
#975 = CYLINDRICAL_SURFACE ( 'NONE', #3905, 1.000000000000000900 ) ;
#976 = ORIENTED_EDGE ( 'NONE', *, *, #4653, .F. ) ;
#977 = ORIENTED_EDGE ( 'NONE', *, *, #1600, .T. ) ;
#978 = MECHANICAL_DESIGN_GEOMETRIC_PRESENTATION_REPRESENTATION (  '', ( #132 ), #1269 ) ;
#979 = ORIENTED_EDGE ( 'NONE', *, *, #2327, .T. ) ;
#980 = CARTESIAN_POINT ( 'NONE',  ( 23.09999999999999800, -12.28999999999999600, 3.750000000000000000 ) ) ;
#981 = ORIENTED_EDGE ( 'NONE', *, *, #1365, .F. ) ;
#982 = ORIENTED_EDGE ( 'NONE', *, *, #2992, .T. ) ;
#983 = PRESENTATION_STYLE_ASSIGNMENT (( #4639 ) ) ;
#984 = DIRECTION ( 'NONE',  ( 1.000000000000000000, 0.0000000000000000000, 0.0000000000000000000 ) ) ;
#985 = EDGE_LOOP ( 'NONE', ( #3114, #4253, #962, #5286 ) ) ;
#986 = COLOUR_RGB ( '',0.8039215686274510100, 0.4980392156862745200, 0.1960784313725490200 ) ;
#987 = CARTESIAN_POINT ( 'NONE',  ( 18.09999999999999800, -23.64999999999999900, -58.50000000000000000 ) ) ;
#988 = ORIENTED_EDGE ( 'NONE', *, *, #4558, .F. ) ;
#989 = SURFACE_SIDE_STYLE ('',( #5344 ) ) ;
#990 = VECTOR ( 'NONE', #1334, 1000.000000000000000 ) ;
#991 = ORIENTED_EDGE ( 'NONE', *, *, #4961, .T. ) ;
#992 = CARTESIAN_POINT ( 'NONE',  ( 0.0000000000000000000, -82.49999999999998600, 3.399999999999999900 ) ) ;
#993 = EDGE_CURVE ( 'NONE', #4306, #1449, #396, .T. ) ;
#994 =( GEOMETRIC_REPRESENTATION_CONTEXT ( 3 ) GLOBAL_UNCERTAINTY_ASSIGNED_CONTEXT ( ( #2527 ) ) GLOBAL_UNIT_ASSIGNED_CONTEXT ( ( #928, #494, #3032 ) ) REPRESENTATION_CONTEXT ( 'NONE', 'WORKASPACE' ) );
#995 = FACE_OUTER_BOUND ( 'NONE', #5362, .T. ) ;
#996 = DIRECTION ( 'NONE',  ( -0.0000000000000000000, -0.0000000000000000000, 1.000000000000000000 ) ) ;
#997 = EDGE_CURVE ( 'NONE', #3488, #5021, #2650, .T. ) ;
#998 = DIRECTION ( 'NONE',  ( 0.0000000000000000000, 1.000000000000000000, 0.0000000000000000000 ) ) ;
#999 = UNCERTAINTY_MEASURE_WITH_UNIT (LENGTH_MEASURE( 1.000000000000000100E-005 ), #2741, 'distance_accuracy_value', 'NONE');
#1000 = SURFACE_STYLE_USAGE ( .BOTH. , #989 ) ;
#1001 = PRESENTATION_STYLE_ASSIGNMENT (( #2032 ) ) ;
#1002 = CARTESIAN_POINT ( 'NONE',  ( -0.0000000000000000000, -82.49999999999998600, 3.499999999999999600 ) ) ;
#1003 =( NAMED_UNIT ( * ) PLANE_ANGLE_UNIT ( ) SI_UNIT ( $, .RADIAN. ) );
#1004 =( NAMED_UNIT ( * ) PLANE_ANGLE_UNIT ( ) SI_UNIT ( $, .RADIAN. ) );
#1005 = DIRECTION ( 'NONE',  ( -1.000000000000000000, 0.0000000000000000000, 0.0000000000000000000 ) ) ;
#1006 = FACE_OUTER_BOUND ( 'NONE', #3632, .T. ) ;
#1007 = ORIENTED_EDGE ( 'NONE', *, *, #5140, .T. ) ;
#1008 = ORIENTED_EDGE ( 'NONE', *, *, #947, .F. ) ;
#1009 = UNCERTAINTY_MEASURE_WITH_UNIT (LENGTH_MEASURE( 1.000000000000000100E-005 ), #3702, 'distance_accuracy_value', 'NONE');
#1010 = STYLED_ITEM ( 'NONE', ( #1730 ), #2954 ) ;
#1011 = VERTEX_POINT ( 'NONE', #4248 ) ;
#1012 = EDGE_CURVE ( 'NONE', #155, #4452, #1267, .T. ) ;
#1013 = PRESENTATION_STYLE_ASSIGNMENT (( #3961 ) ) ;
#1014 =( LENGTH_UNIT ( ) NAMED_UNIT ( * ) SI_UNIT ( .MILLI., .METRE. ) );
#1015 = CARTESIAN_POINT ( 'NONE',  ( 3.597804417805865900, -85.49999999999998600, 3.499999999999999600 ) ) ;
#1016 = ORIENTED_EDGE ( 'NONE', *, *, #3969, .T. ) ;
#1017 = ORIENTED_EDGE ( 'NONE', *, *, #3358, .T. ) ;
#1018 = FILL_AREA_STYLE ('',( #3543 ) ) ;
#1019 = AXIS2_PLACEMENT_3D ( 'NONE', #1042, #617, #3134 ) ;
#1020 = EDGE_CURVE ( 'NONE', #1803, #1691, #4612, .T. ) ;
#1021 =( GEOMETRIC_REPRESENTATION_CONTEXT ( 3 ) GLOBAL_UNCERTAINTY_ASSIGNED_CONTEXT ( ( #1706 ) ) GLOBAL_UNIT_ASSIGNED_CONTEXT ( ( #5299, #2394, #4884 ) ) REPRESENTATION_CONTEXT ( 'NONE', 'WORKASPACE' ) );
#1022 = FACE_OUTER_BOUND ( 'NONE', #4165, .T. ) ;
#1023 = SURFACE_SIDE_STYLE ('',( #2959 ) ) ;
#1024 = FILL_AREA_STYLE_COLOUR ( '', #5242 ) ;
#1025 = FILL_AREA_STYLE_COLOUR ( '', #2292 ) ;
#1026 =( NAMED_UNIT ( * ) SI_UNIT ( $, .STERADIAN. ) SOLID_ANGLE_UNIT ( ) );
#1027 = LINE ( 'NONE', #5085, #4256 ) ;
#1028 = VERTEX_POINT ( 'NONE', #1624 ) ;
#1029 = CARTESIAN_POINT ( 'NONE',  ( 1.272804417805865700, -85.49999999999998600, 3.399999999999999900 ) ) ;
#1030 = PRESENTATION_STYLE_ASSIGNMENT (( #1000 ) ) ;
#1031 = ORIENTED_EDGE ( 'NONE', *, *, #1191, .F. ) ;
#1032 = COLOUR_RGB ( '',0.8039215686274510100, 0.4980392156862745200, 0.1960784313725490200 ) ;
#1033 = MANIFOLD_SOLID_BREP ( 'Boss-Extrude6', #4315 ) ;
#1034 = FACE_OUTER_BOUND ( 'NONE', #4325, .T. ) ;
#1035 = DIRECTION ( 'NONE',  ( -1.000000000000000000, 1.445602896647337900E-016, 0.0000000000000000000 ) ) ;
#1036 = ORIENTED_EDGE ( 'NONE', *, *, #2205, .T. ) ;
#1037 = PRESENTATION_STYLE_ASSIGNMENT (( #1904 ) ) ;
#1038 =( GEOMETRIC_REPRESENTATION_CONTEXT ( 3 ) GLOBAL_UNCERTAINTY_ASSIGNED_CONTEXT ( ( #3141 ) ) GLOBAL_UNIT_ASSIGNED_CONTEXT ( ( #5020, #2515, #5417 ) ) REPRESENTATION_CONTEXT ( 'NONE', 'WORKASPACE' ) );
#1039 = PRESENTATION_STYLE_ASSIGNMENT (( #3684 ) ) ;
#1040 = SURFACE_SIDE_STYLE ('',( #5415 ) ) ;
#1041 = EDGE_LOOP ( 'NONE', ( #2943, #85, #1049, #787 ) ) ;
#1042 = CARTESIAN_POINT ( 'NONE',  ( -3.317195582194134600, 0.0000000000000000000, 3.399999999999999900 ) ) ;
#1043 = CARTESIAN_POINT ( 'NONE',  ( -24.59999999999999800, 23.80000000000000100, 0.0000000000000000000 ) ) ;
#1044 = CARTESIAN_POINT ( 'NONE',  ( 2.802804417805865500, -82.49999999999998600, 3.399999999999999900 ) ) ;
#1045 = COLOUR_RGB ( '',0.8039215686274510100, 0.4980392156862745200, 0.1960784313725490200 ) ;
#1046 = CARTESIAN_POINT ( 'NONE',  ( 24.59999999999999400, 23.80000000000000100, 0.0000000000000000000 ) ) ;
#1047 = DIRECTION ( 'NONE',  ( -1.445602896647337900E-016, -1.000000000000000000, 0.0000000000000000000 ) ) ;
#1048 = COLOUR_RGB ( '',0.0000000000000000000, 0.0000000000000000000, 0.0000000000000000000 ) ;
#1049 = ORIENTED_EDGE ( 'NONE', *, *, #2379, .F. ) ;
#1050 = LINE ( 'NONE', #2984, #4282 ) ;
#1051 =( LENGTH_UNIT ( ) NAMED_UNIT ( * ) SI_UNIT ( .MILLI., .METRE. ) );
#1052 = EDGE_CURVE ( 'NONE', #1286, #435, #4084, .T. ) ;
#1053 = DIRECTION ( 'NONE',  ( 0.0000000000000000000, 1.000000000000000000, 0.0000000000000000000 ) ) ;
#1054 = SURFACE_STYLE_FILL_AREA ( #4038 ) ;
#1055 = ORIENTED_EDGE ( 'NONE', *, *, #2134, .T. ) ;
#1056 = DIRECTION ( 'NONE',  ( 0.0000000000000000000, 0.0000000000000000000, -1.000000000000000000 ) ) ;
#1057 = PRESENTATION_LAYER_ASSIGNMENT (  '', '', ( #481 ) ) ;
#1058 = FILL_AREA_STYLE_COLOUR ( '', #3646 ) ;
#1059 = PRESENTATION_LAYER_ASSIGNMENT (  '', '', ( #769 ) ) ;
#1060 = CARTESIAN_POINT ( 'NONE',  ( 17.64999999999999900, -23.64999999999999900, 1.000000000000000000 ) ) ;
#1061 = DIRECTION ( 'NONE',  ( -0.0000000000000000000, -0.0000000000000000000, -1.000000000000000000 ) ) ;
#1062 = EDGE_CURVE ( 'NONE', #5271, #3513, #4472, .T. ) ;
#1063 = CARTESIAN_POINT ( 'NONE',  ( 3.597804417805865900, -85.49999999999998600, 3.599999999999999600 ) ) ;
#1064 = SURFACE_STYLE_FILL_AREA ( #3568 ) ;
#1065 =( NAMED_UNIT ( * ) PLANE_ANGLE_UNIT ( ) SI_UNIT ( $, .RADIAN. ) );
#1066 = PLANE ( 'NONE',  #2655 ) ;
#1067 = CARTESIAN_POINT ( 'NONE',  ( -21.79999999999999000, -23.19999999999999600, 0.0000000000000000000 ) ) ;
#1068 = EDGE_CURVE ( 'NONE', #2008, #2693, #1869, .T. ) ;
#1069 = AXIS2_PLACEMENT_3D ( 'NONE', #3896, #3095, #143 ) ;
#1070 = CARTESIAN_POINT ( 'NONE',  ( -2.807195582194134800, 0.0000000000000000000, 3.399999999999999900 ) ) ;
#1071 = FACE_OUTER_BOUND ( 'NONE', #320, .T. ) ;
#1072 = CARTESIAN_POINT ( 'NONE',  ( 1.992804417805865700, -82.49999999999998600, 3.499999999999999600 ) ) ;
#1073 = SURFACE_SIDE_STYLE ('',( #4177 ) ) ;
#1074 = EDGE_CURVE ( 'NONE', #4173, #3132, #5074, .T. ) ;
#1075 = DIRECTION ( 'NONE',  ( 1.000000000000000000, -0.0000000000000000000, -0.0000000000000000000 ) ) ;
#1076 = DIRECTION ( 'NONE',  ( -0.0000000000000000000, 0.0000000000000000000, 1.000000000000000000 ) ) ;
#1077 =( NAMED_UNIT ( * ) PLANE_ANGLE_UNIT ( ) SI_UNIT ( $, .RADIAN. ) );
#1078 = UNCERTAINTY_MEASURE_WITH_UNIT (LENGTH_MEASURE( 1.000000000000000100E-005 ), #4928, 'distance_accuracy_value', 'NONE');
#1079 = CARTESIAN_POINT ( 'NONE',  ( 0.0000000000000000000, -82.49999999999998600, 3.399999999999999900 ) ) ;
#1080 =( NAMED_UNIT ( * ) PLANE_ANGLE_UNIT ( ) SI_UNIT ( $, .RADIAN. ) );
#1081 = DIRECTION ( 'NONE',  ( -1.000000000000000000, -0.0000000000000000000, -0.0000000000000000000 ) ) ;
#1082 = VERTEX_POINT ( 'NONE', #1192 ) ;
#1083 = ORIENTED_EDGE ( 'NONE', *, *, #2163, .T. ) ;
#1084 = LINE ( 'NONE', #1821, #4304 ) ;
#1085 = ORIENTED_EDGE ( 'NONE', *, *, #3823, .F. ) ;
#1086 = VERTEX_POINT ( 'NONE', #2046 ) ;
#1087 = CARTESIAN_POINT ( 'NONE',  ( -3.902195582194141600, -80.49999999999998600, 3.699999999999999300 ) ) ;
#1088 = ORIENTED_EDGE ( 'NONE', *, *, #1320, .T. ) ;
#1089 = STYLED_ITEM ( 'NONE', ( #1238 ), #3282 ) ;
#1090 = EDGE_CURVE ( 'NONE', #2540, #4561, #2845, .T. ) ;
#1091 = PLANE ( 'NONE',  #2586 ) ;
#1092 = DIRECTION ( 'NONE',  ( -1.000000000000000000, 0.0000000000000000000, 0.0000000000000000000 ) ) ;
#1093 = CARTESIAN_POINT ( 'NONE',  ( 22.09999999999999800, -13.28999999999999600, 3.750000000000000000 ) ) ;
#1094 = SURFACE_STYLE_FILL_AREA ( #4160 ) ;
#1095 = VECTOR ( 'NONE', #3047, 1000.000000000000000 ) ;
#1096 = ORIENTED_EDGE ( 'NONE', *, *, #2932, .T. ) ;
#1097 = SURFACE_STYLE_USAGE ( .BOTH. , #1949 ) ;
#1098 = STYLED_ITEM ( 'NONE', ( #2761 ), #4291 ) ;
#1099 = EDGE_CURVE ( 'NONE', #2552, #2612, #5191, .T. ) ;
#1100 = MECHANICAL_DESIGN_GEOMETRIC_PRESENTATION_REPRESENTATION (  '', ( #534 ), #1395 ) ;
#1101 = VECTOR ( 'NONE', #3889, 1000.000000000000000 ) ;
#1102 = SURFACE_STYLE_USAGE ( .BOTH. , #4039 ) ;
#1103 =( GEOMETRIC_REPRESENTATION_CONTEXT ( 3 ) GLOBAL_UNCERTAINTY_ASSIGNED_CONTEXT ( ( #5044 ) ) GLOBAL_UNIT_ASSIGNED_CONTEXT ( ( #4467, #4406, #4053 ) ) REPRESENTATION_CONTEXT ( 'NONE', 'WORKASPACE' ) );
#1104 = LINE ( 'NONE', #5236, #568 ) ;
#1105 = VECTOR ( 'NONE', #1734, 1000.000000000000000 ) ;
#1106 = LINE ( 'NONE', #2391, #5420 ) ;
#1107 = LINE ( 'NONE', #2720, #3344 ) ;
#1108 = VERTEX_POINT ( 'NONE', #3780 ) ;
#1109 = VECTOR ( 'NONE', #5403, 1000.000000000000000 ) ;
#1110 = ADVANCED_FACE ( 'NONE', ( #1594 ), #607, .F. ) ;
#1111 = FACE_OUTER_BOUND ( 'NONE', #3844, .T. ) ;
#1112 = DIRECTION ( 'NONE',  ( 0.0000000000000000000, 0.0000000000000000000, -1.000000000000000000 ) ) ;
#1113 = VECTOR ( 'NONE', #4834, 1000.000000000000000 ) ;
#1114 = STYLED_ITEM ( 'NONE', ( #2261 ), #1033 ) ;
#1115 = ORIENTED_EDGE ( 'NONE', *, *, #1826, .T. ) ;
#1116 = SURFACE_STYLE_FILL_AREA ( #2648 ) ;
#1117 = DIRECTION ( 'NONE',  ( -0.0000000000000000000, -0.0000000000000000000, -1.000000000000000000 ) ) ;
#1118 = VERTEX_POINT ( 'NONE', #2398 ) ;
#1119 = SURFACE_STYLE_FILL_AREA ( #2816 ) ;
#1120 = LINE ( 'NONE', #3858, #3364 ) ;
#1121 = DIRECTION ( 'NONE',  ( -0.0000000000000000000, 0.0000000000000000000, -1.000000000000000000 ) ) ;
#1122 = AXIS2_PLACEMENT_3D ( 'NONE', #4058, #269, #2794 ) ;
#1123 = CARTESIAN_POINT ( 'NONE',  ( -22.09999999999999400, -12.29000000000000300, 4.000000000000000000 ) ) ;
#1124 = MECHANICAL_DESIGN_GEOMETRIC_PRESENTATION_REPRESENTATION (  '', ( #281 ), #1417 ) ;
#1125 =( NAMED_UNIT ( * ) SI_UNIT ( $, .STERADIAN. ) SOLID_ANGLE_UNIT ( ) );
#1126 = CARTESIAN_POINT ( 'NONE',  ( -2.807195582194134800, -82.49999999999998600, 3.499999999999999600 ) ) ;
#1127 = CARTESIAN_POINT ( 'NONE',  ( 0.0000000000000000000, -82.49999999999998600, 3.399999999999999900 ) ) ;
#1128 = FILL_AREA_STYLE_COLOUR ( '', #3881 ) ;
#1129 = UNCERTAINTY_MEASURE_WITH_UNIT (LENGTH_MEASURE( 1.000000000000000100E-005 ), #2727, 'distance_accuracy_value', 'NONE');
#1130 = DIRECTION ( 'NONE',  ( -0.0000000000000000000, 0.0000000000000000000, 1.000000000000000000 ) ) ;
#1131 = ADVANCED_FACE ( 'NONE', ( #4927 ), #3792, .T. ) ;
#1132 = DIRECTION ( 'NONE',  ( -0.0000000000000000000, -0.0000000000000000000, 1.000000000000000000 ) ) ;
#1133 = DIRECTION ( 'NONE',  ( 0.0000000000000000000, 1.000000000000000000, 0.0000000000000000000 ) ) ;
#1134 = EDGE_CURVE ( 'NONE', #3180, #1011, #4903, .T. ) ;
#1135 = VECTOR ( 'NONE', #572, 1000.000000000000000 ) ;
#1136 = CARTESIAN_POINT ( 'NONE',  ( 24.60000000000000100, -21.99999999999999600, 3.499999999999999600 ) ) ;
#1137 = CARTESIAN_POINT ( 'NONE',  ( -21.79999999999999000, -23.80000000000000100, 4.000000000000000000 ) ) ;
#1138 = ORIENTED_EDGE ( 'NONE', *, *, #4061, .T. ) ;
#1139 = VECTOR ( 'NONE', #2588, 1000.000000000000000 ) ;
#1140 = CARTESIAN_POINT ( 'NONE',  ( 5.450000000000005500, -21.99999999999999600, 4.000000000000000000 ) ) ;
#1141 = VERTEX_POINT ( 'NONE', #1087 ) ;
#1142 = ORIENTED_EDGE ( 'NONE', *, *, #4921, .F. ) ;
#1143 = FACE_OUTER_BOUND ( 'NONE', #3186, .T. ) ;
#1144 = ORIENTED_EDGE ( 'NONE', *, *, #3211, .T. ) ;
#1145 = ORIENTED_EDGE ( 'NONE', *, *, #2366, .T. ) ;
#1146 =( LENGTH_UNIT ( ) NAMED_UNIT ( * ) SI_UNIT ( .MILLI., .METRE. ) );
#1147 = PRESENTATION_LAYER_ASSIGNMENT (  '', '', ( #874 ) ) ;
#1148 = ORIENTED_EDGE ( 'NONE', *, *, #1020, .F. ) ;
#1149 = EDGE_CURVE ( 'NONE', #2998, #3485, #2681, .T. ) ;
#1150 = DIRECTION ( 'NONE',  ( -1.000000000000000000, 0.0000000000000000000, 0.0000000000000000000 ) ) ;
#1151 = CARTESIAN_POINT ( 'NONE',  ( 2.802804417805865500, -85.49999999999998600, 3.399999999999999900 ) ) ;
#1152 = ORIENTED_EDGE ( 'NONE', *, *, #4921, .T. ) ;
#1153 = DIRECTION ( 'NONE',  ( -1.000000000000000000, 0.0000000000000000000, 0.0000000000000000000 ) ) ;
#1154 = PRESENTATION_LAYER_ASSIGNMENT (  '', '', ( #597 ) ) ;
#1155 = VERTEX_POINT ( 'NONE', #3552 ) ;
#1156 = EDGE_CURVE ( 'NONE', #4994, #2646, #4780, .T. ) ;
#1157 = EDGE_LOOP ( 'NONE', ( #4642, #5149, #4251, #1898 ) ) ;
#1158 =( NAMED_UNIT ( * ) SI_UNIT ( $, .STERADIAN. ) SOLID_ANGLE_UNIT ( ) );
#1159 = VECTOR ( 'NONE', #2459, 1000.000000000000000 ) ;
#1160 = FACE_OUTER_BOUND ( 'NONE', #3942, .T. ) ;
#1161 = VERTEX_POINT ( 'NONE', #1029 ) ;
#1162 = FILL_AREA_STYLE ('',( #1128 ) ) ;
#1163 = SURFACE_STYLE_FILL_AREA ( #4655 ) ;
#1164 = PRESENTATION_LAYER_ASSIGNMENT (  '', '', ( #606 ) ) ;
#1165 = VERTEX_POINT ( 'NONE', #1878 ) ;
#1166 = LINE ( 'NONE', #4943, #50 ) ;
#1167 = VECTOR ( 'NONE', #2000, 1000.000000000000000 ) ;
#1168 =( NAMED_UNIT ( * ) SI_UNIT ( $, .STERADIAN. ) SOLID_ANGLE_UNIT ( ) );
#1169 = ORIENTED_EDGE ( 'NONE', *, *, #2033, .F. ) ;
#1170 = VECTOR ( 'NONE', #5354, 1000.000000000000000 ) ;
#1171 = SURFACE_STYLE_FILL_AREA ( #4348 ) ;
#1172 = CARTESIAN_POINT ( 'NONE',  ( -24.59999999999999400, -14.88999999999999700, 3.499999999999999600 ) ) ;
#1173 =( NAMED_UNIT ( * ) SI_UNIT ( $, .STERADIAN. ) SOLID_ANGLE_UNIT ( ) );
#1174 = SURFACE_STYLE_USAGE ( .BOTH. , #2083 ) ;
#1175 = PRESENTATION_STYLE_ASSIGNMENT (( #3375 ) ) ;
#1176 = ORIENTED_EDGE ( 'NONE', *, *, #4696, .T. ) ;
#1177 = EDGE_CURVE ( 'NONE', #1919, #4176, #438, .T. ) ;
#1178 = PRESENTATION_STYLE_ASSIGNMENT (( #2558 ) ) ;
#1179 = VERTEX_POINT ( 'NONE', #4369 ) ;
#1180 =( NAMED_UNIT ( * ) PLANE_ANGLE_UNIT ( ) SI_UNIT ( $, .RADIAN. ) );
#1181 = ORIENTED_EDGE ( 'NONE', *, *, #3165, .F. ) ;
#1182 = VECTOR ( 'NONE', #251, 1000.000000000000000 ) ;
#1183 = VECTOR ( 'NONE', #1532, 1000.000000000000000 ) ;
#1184 = EDGE_LOOP ( 'NONE', ( #4220, #926, #5246, #2400 ) ) ;
#1185 = CARTESIAN_POINT ( 'NONE',  ( -22.09999999999999400, -13.29000000000000300, 4.000000000000000000 ) ) ;
#1186 = ADVANCED_FACE ( 'NONE', ( #2571 ), #4630, .T. ) ;
#1187 =( NAMED_UNIT ( * ) PLANE_ANGLE_UNIT ( ) SI_UNIT ( $, .RADIAN. ) );
#1188 = CARTESIAN_POINT ( 'NONE',  ( -2.297195582194134600, 0.0000000000000000000, 3.399999999999999900 ) ) ;
#1189 = DIRECTION ( 'NONE',  ( 0.0000000000000000000, 1.000000000000000000, 0.0000000000000000000 ) ) ;
#1190 = AXIS2_PLACEMENT_3D ( 'NONE', #2923, #382, #3323 ) ;
#1191 = EDGE_CURVE ( 'NONE', #4561, #4427, #5345, .T. ) ;
#1192 = CARTESIAN_POINT ( 'NONE',  ( -3.617195582194134800, -85.49999999999998600, 3.499999999999999600 ) ) ;
#1193 = CARTESIAN_POINT ( 'NONE',  ( 16.59999999999999400, -22.24999999999999600, -58.50000000000000000 ) ) ;
#1194 = MECHANICAL_DESIGN_GEOMETRIC_PRESENTATION_REPRESENTATION (  '', ( #342 ), #1492 ) ;
#1195 = SURFACE_SIDE_STYLE ('',( #629 ) ) ;
#1196 = EDGE_CURVE ( 'NONE', #2612, #2723, #3260, .T. ) ;
#1197 =( GEOMETRIC_REPRESENTATION_CONTEXT ( 3 ) GLOBAL_UNCERTAINTY_ASSIGNED_CONTEXT ( ( #2131 ) ) GLOBAL_UNIT_ASSIGNED_CONTEXT ( ( #1838, #4328, #1405 ) ) REPRESENTATION_CONTEXT ( 'NONE', 'WORKASPACE' ) );
#1198 = FACE_OUTER_BOUND ( 'NONE', #286, .T. ) ;
#1199 = STYLED_ITEM ( 'NONE', ( #1371 ), #4621 ) ;
#1200 = DIRECTION ( 'NONE',  ( 0.0000000000000000000, -0.0000000000000000000, 1.000000000000000000 ) ) ;
#1201 = DIRECTION ( 'NONE',  ( 1.000000000000000000, -0.0000000000000000000, 0.0000000000000000000 ) ) ;
#1202 = DIRECTION ( 'NONE',  ( 1.000000000000000000, -0.0000000000000000000, -0.0000000000000000000 ) ) ;
#1203 = DIRECTION ( 'NONE',  ( -1.445602896647337900E-016, -1.000000000000000000, 0.0000000000000000000 ) ) ;
#1204 = CARTESIAN_POINT ( 'NONE',  ( 3.312804417805865800, 0.0000000000000000000, 3.399999999999999900 ) ) ;
#1205 = VERTEX_POINT ( 'NONE', #2597 ) ;
#1206 = DIRECTION ( 'NONE',  ( 1.000000000000000000, 0.0000000000000000000, -0.0000000000000000000 ) ) ;
#1207 = DIRECTION ( 'NONE',  ( -1.000000000000000000, -7.051721447060192400E-017, 0.0000000000000000000 ) ) ;
#1208 = SURFACE_STYLE_USAGE ( .BOTH. , #2684 ) ;
#1209 = ORIENTED_EDGE ( 'NONE', *, *, #2196, .F. ) ;
#1210 = ORIENTED_EDGE ( 'NONE', *, *, #484, .T. ) ;
#1211 = DIRECTION ( 'NONE',  ( 1.000000000000000000, 0.0000000000000000000, -0.0000000000000000000 ) ) ;
#1212 = DIRECTION ( 'NONE',  ( -0.0000000000000000000, 0.0000000000000000000, -1.000000000000000000 ) ) ;
#1213 = ORIENTED_EDGE ( 'NONE', *, *, #1537, .F. ) ;
#1214 = PRESENTATION_STYLE_ASSIGNMENT (( #4523 ) ) ;
#1215 = FILL_AREA_STYLE ('',( #801 ) ) ;
#1216 = FACE_OUTER_BOUND ( 'NONE', #3574, .T. ) ;
#1217 = SURFACE_SIDE_STYLE ('',( #1094 ) ) ;
#1218 = AXIS2_PLACEMENT_3D ( 'NONE', #4913, #1133, #4129 ) ;
#1219 = ADVANCED_FACE ( 'NONE', ( #2031 ), #4415, .T. ) ;
#1220 = CARTESIAN_POINT ( 'NONE',  ( 0.7628044178058656100, -85.49999999999998600, 3.399999999999999900 ) ) ;
#1221 = EDGE_CURVE ( 'NONE', #525, #4956, #501, .T. ) ;
#1222 = DIRECTION ( 'NONE',  ( -1.000000000000000000, -0.0000000000000000000, -0.0000000000000000000 ) ) ;
#1223 = VECTOR ( 'NONE', #453, 1000.000000000000000 ) ;
#1224 = SURFACE_SIDE_STYLE ('',( #4004 ) ) ;
#1225 = VECTOR ( 'NONE', #1923, 1000.000000000000000 ) ;
#1226 = DIRECTION ( 'NONE',  ( 0.0000000000000000000, -1.000000000000000000, 0.0000000000000000000 ) ) ;
#1227 =( NAMED_UNIT ( * ) PLANE_ANGLE_UNIT ( ) SI_UNIT ( $, .RADIAN. ) );
#1228 = ORIENTED_EDGE ( 'NONE', *, *, #4345, .F. ) ;
#1229 = AXIS2_PLACEMENT_3D ( 'NONE', #1739, #4925, #5448 ) ;
#1230 = PLANE ( 'NONE',  #1190 ) ;
#1231 = PRESENTATION_LAYER_ASSIGNMENT (  '', '', ( #675 ) ) ;
#1232 = VECTOR ( 'NONE', #4082, 1000.000000000000000 ) ;
#1233 = EDGE_CURVE ( 'NONE', #1300, #5271, #3865, .T. ) ;
#1234 = DIRECTION ( 'NONE',  ( -1.000000000000000000, 0.0000000000000000000, 0.0000000000000000000 ) ) ;
#1235 = LINE ( 'NONE', #2608, #2236 ) ;
#1236 = LINE ( 'NONE', #1368, #3204 ) ;
#1237 = CARTESIAN_POINT ( 'NONE',  ( 3.012804417805865900, -82.49999999999998600, 3.399999999999999900 ) ) ;
#1238 = PRESENTATION_STYLE_ASSIGNMENT (( #4437 ) ) ;
#1239 = VECTOR ( 'NONE', #2550, 1000.000000000000000 ) ;
#1240 = SURFACE_STYLE_FILL_AREA ( #3283 ) ;
#1241 =( LENGTH_UNIT ( ) NAMED_UNIT ( * ) SI_UNIT ( .MILLI., .METRE. ) );
#1242 = EDGE_LOOP ( 'NONE', ( #1096, #4911, #3890, #2279, #2616, #4720 ) ) ;
#1243 = LINE ( 'NONE', #2039, #3349 ) ;
#1244 = ORIENTED_EDGE ( 'NONE', *, *, #682, .F. ) ;
#1245 = PRODUCT_DEFINITION_FORMATION_WITH_SPECIFIED_SOURCE ( 'ANY', '', #4186, .NOT_KNOWN. ) ;
#1246 = PRESENTATION_STYLE_ASSIGNMENT (( #174 ) ) ;
#1247 = EDGE_CURVE ( 'NONE', #663, #5368, #4839, .T. ) ;
#1248 = DIRECTION ( 'NONE',  ( 0.0000000000000000000, -0.0000000000000000000, -1.000000000000000000 ) ) ;
#1249 = CARTESIAN_POINT ( 'NONE',  ( -23.09999999999999400, -12.29000000000000300, 4.000000000000000000 ) ) ;
#1250 = LINE ( 'NONE', #4019, #259 ) ;
#1251 = ORIENTED_EDGE ( 'NONE', *, *, #248, .F. ) ;
#1252 = VECTOR ( 'NONE', #2749, 1000.000000000000000 ) ;
#1253 = CARTESIAN_POINT ( 'NONE',  ( 3.597804417805865900, -85.49999999999998600, 3.599999999999999600 ) ) ;
#1254 = DIRECTION ( 'NONE',  ( 0.0000000000000000000, 0.0000000000000000000, -1.000000000000000000 ) ) ;
#1255 = ORIENTED_EDGE ( 'NONE', *, *, #4571, .F. ) ;
#1256 = CARTESIAN_POINT ( 'NONE',  ( 5.450000000000005500, -21.99999999999999600, 3.499999999999999600 ) ) ;
#1257 = DIRECTION ( 'NONE',  ( 7.288754100742886900E-017, -1.000000000000000000, 0.0000000000000000000 ) ) ;
#1258 = DIRECTION ( 'NONE',  ( -1.000000000000000000, 0.0000000000000000000, 0.0000000000000000000 ) ) ;
#1260 = EDGE_LOOP ( 'NONE', ( #1085, #2373 ) ) ;
#1259 = FILL_AREA_STYLE ('',( #2776 ) ) ;
#1261 = PLANE ( 'NONE',  #1502 ) ;
#1262 = CARTESIAN_POINT ( 'NONE',  ( -23.09999999999999400, -12.29000000000000300, 4.000000000000000000 ) ) ;
#1263 = SURFACE_STYLE_USAGE ( .BOTH. , #3768 ) ;
#1264 = PRESENTATION_STYLE_ASSIGNMENT (( #664 ) ) ;
#1265 = DIRECTION ( 'NONE',  ( -0.0000000000000000000, -0.0000000000000000000, 1.000000000000000000 ) ) ;
#1266 = ADVANCED_FACE ( 'NONE', ( #368 ), #3193, .F. ) ;
#1267 = LINE ( 'NONE', #379, #135 ) ;
#1268 = FILL_AREA_STYLE_COLOUR ( '', #2173 ) ;
#1269 =( GEOMETRIC_REPRESENTATION_CONTEXT ( 3 ) GLOBAL_UNCERTAINTY_ASSIGNED_CONTEXT ( ( #145 ) ) GLOBAL_UNIT_ASSIGNED_CONTEXT ( ( #3763, #825, #4192 ) ) REPRESENTATION_CONTEXT ( 'NONE', 'WORKASPACE' ) );
#1270 = PLANE ( 'NONE',  #2468 ) ;
#1271 = FILL_AREA_STYLE_COLOUR ( '', #4392 ) ;
#1272 = FILL_AREA_STYLE_COLOUR ( '', #3076 ) ;
#1273 = FILL_AREA_STYLE_COLOUR ( '', #4835 ) ;
#1274 = ORIENTED_EDGE ( 'NONE', *, *, #3630, .T. ) ;
#1275 = COLOUR_RGB ( '',0.8039215686274510100, 0.4980392156862745200, 0.1960784313725490200 ) ;
#1276 = CARTESIAN_POINT ( 'NONE',  ( 0.0000000000000000000, -82.49999999999998600, 3.399999999999999900 ) ) ;
#1277 = DIRECTION ( 'NONE',  ( 0.0000000000000000000, 1.000000000000000000, 0.0000000000000000000 ) ) ;
#1278 = PLANE ( 'NONE',  #631 ) ;
#1279 = FILL_AREA_STYLE_COLOUR ( '', #272 ) ;
#1280 = EDGE_CURVE ( 'NONE', #1141, #5093, #4318, .T. ) ;
#1281 = LINE ( 'NONE', #464, #11 ) ;
#1282 = DIRECTION ( 'NONE',  ( 1.363726617686952000E-016, -1.000000000000000000, 0.0000000000000000000 ) ) ;
#1283 = PLANE ( 'NONE',  #5147 ) ;
#1284 = ORIENTED_EDGE ( 'NONE', *, *, #4214, .T. ) ;
#1285 = DIRECTION ( 'NONE',  ( -0.0000000000000000000, 1.000000000000000000, -0.0000000000000000000 ) ) ;
#1286 = VERTEX_POINT ( 'NONE', #3958 ) ;
#1287 = ADVANCED_FACE ( 'NONE', ( #966 ), #566, .F. ) ;
#1288 =( NAMED_UNIT ( * ) PLANE_ANGLE_UNIT ( ) SI_UNIT ( $, .RADIAN. ) );
#1289 = ORIENTED_EDGE ( 'NONE', *, *, #5360, .T. ) ;
#1290 = ORIENTED_EDGE ( 'NONE', *, *, #2620, .F. ) ;
#1291 = EDGE_CURVE ( 'NONE', #2496, #1919, #5411, .T. ) ;
#1292 = DIRECTION ( 'NONE',  ( 0.0000000000000000000, 0.0000000000000000000, 1.000000000000000000 ) ) ;
#1293 = UNCERTAINTY_MEASURE_WITH_UNIT (LENGTH_MEASURE( 1.000000000000000100E-005 ), #2190, 'distance_accuracy_value', 'NONE');
#1294 = ORIENTED_EDGE ( 'NONE', *, *, #2016, .F. ) ;
#1295 = CARTESIAN_POINT ( 'NONE',  ( -23.09999999999999400, 19.59999999999999800, 3.750000000000000000 ) ) ;
#1296 = DIRECTION ( 'NONE',  ( -1.445602896647337900E-016, -1.000000000000000000, 0.0000000000000000000 ) ) ;
#1297 = CARTESIAN_POINT ( 'NONE',  ( 3.012804417805877500, -4.355318793412073200E-016, 3.499999999999999600 ) ) ;
#1298 = EDGE_LOOP ( 'NONE', ( #979, #2420, #2780, #5209, #4387, #3023, #1790, #93 ) ) ;
#1299 = DIRECTION ( 'NONE',  ( 0.0000000000000000000, 0.0000000000000000000, -1.000000000000000000 ) ) ;
#1300 = VERTEX_POINT ( 'NONE', #3071 ) ;
#1301 =( NAMED_UNIT ( * ) PLANE_ANGLE_UNIT ( ) SI_UNIT ( $, .RADIAN. ) );
#1302 = ORIENTED_EDGE ( 'NONE', *, *, #330, .F. ) ;
#1303 = FILL_AREA_STYLE_COLOUR ( '', #4846 ) ;
#1304 = EDGE_LOOP ( 'NONE', ( #4420, #3760, #3243, #4478 ) ) ;
#1305 = DIRECTION ( 'NONE',  ( -0.0000000000000000000, -0.0000000000000000000, 1.000000000000000000 ) ) ;
#1306 = PRESENTATION_LAYER_ASSIGNMENT (  '', '', ( #1010 ) ) ;
#1307 = EDGE_CURVE ( 'NONE', #1424, #2145, #2226, .T. ) ;
#1308 = VECTOR ( 'NONE', #604, 1000.000000000000000 ) ;
#1309 = VECTOR ( 'NONE', #5129, 1000.000000000000000 ) ;
#1310 = ORIENTED_EDGE ( 'NONE', *, *, #1943, .F. ) ;
#1311 = FILL_AREA_STYLE ('',( #3398 ) ) ;
#1312 = VECTOR ( 'NONE', #3111, 1000.000000000000000 ) ;
#1313 = VECTOR ( 'NONE', #1575, 1000.000000000000000 ) ;
#1314 = LINE ( 'NONE', #3758, #2298 ) ;
#1315 = DIRECTION ( 'NONE',  ( 0.0000000000000000000, 0.0000000000000000000, 1.000000000000000000 ) ) ;
#1316 = CARTESIAN_POINT ( 'NONE',  ( 0.7628044178058656100, -82.49999999999998600, 3.399999999999999900 ) ) ;
#1317 = VECTOR ( 'NONE', #3816, 1000.000000000000000 ) ;
#1318 = PRESENTATION_LAYER_ASSIGNMENT (  '', '', ( #735 ) ) ;
#1319 = DIRECTION ( 'NONE',  ( 1.000000000000000000, -0.0000000000000000000, -0.0000000000000000000 ) ) ;
#1320 = EDGE_CURVE ( 'NONE', #2947, #301, #4188, .T. ) ;
#1321 = VECTOR ( 'NONE', #3286, 1000.000000000000000 ) ;
#1322 = LINE ( 'NONE', #692, #182 ) ;
#1323 =( NAMED_UNIT ( * ) PLANE_ANGLE_UNIT ( ) SI_UNIT ( $, .RADIAN. ) );
#1324 = ADVANCED_FACE ( 'NONE', ( #5166 ), #2215, .F. ) ;
#1325 = ORIENTED_EDGE ( 'NONE', *, *, #3945, .F. ) ;
#1326 = ORIENTED_EDGE ( 'NONE', *, *, #3504, .F. ) ;
#1327 = ORIENTED_EDGE ( 'NONE', *, *, #2862, .F. ) ;
#1328 = LINE ( 'NONE', #3599, #1182 ) ;
#1329 = DIRECTION ( 'NONE',  ( -1.000000000000000000, 1.445602896647337900E-016, 0.0000000000000000000 ) ) ;
#1330 = DIRECTION ( 'NONE',  ( -1.000000000000000000, 0.0000000000000000000, 0.0000000000000000000 ) ) ;
#1331 = LINE ( 'NONE', #4704, #1464 ) ;
#1332 =( NAMED_UNIT ( * ) SI_UNIT ( $, .STERADIAN. ) SOLID_ANGLE_UNIT ( ) );
#1333 = EDGE_LOOP ( 'NONE', ( #107, #3517, #4343, #3926 ) ) ;
#1334 = DIRECTION ( 'NONE',  ( 0.0000000000000000000, 1.000000000000000000, 0.0000000000000000000 ) ) ;
#1335 = CARTESIAN_POINT ( 'NONE',  ( 3.597804417805865900, -29.49999999999999300, 3.599999999999999600 ) ) ;
#1336 =( LENGTH_UNIT ( ) NAMED_UNIT ( * ) SI_UNIT ( .MILLI., .METRE. ) );
#1337 = SURFACE_SIDE_STYLE ('',( #2631 ) ) ;
#1338 = CARTESIAN_POINT ( 'NONE',  ( 24.60000000000000100, -14.88999999999999700, 3.750000000000000000 ) ) ;
#1339 = COLOUR_RGB ( '',0.5019607843137254800, 0.5019607843137254800, 0.5019607843137254800 ) ;
#1340 = STYLED_ITEM ( 'NONE', ( #5045 ), #2475 ) ;
#1341 = EDGE_CURVE ( 'NONE', #693, #4597, #5289, .T. ) ;
#1342 = SURFACE_STYLE_USAGE ( .BOTH. , #4283 ) ;
#1343 = DIRECTION ( 'NONE',  ( -0.0000000000000000000, 0.0000000000000000000, -1.000000000000000000 ) ) ;
#1344 = ADVANCED_FACE ( 'NONE', ( #1845 ), #2235, .T. ) ;
#1345 = CARTESIAN_POINT ( 'NONE',  ( 21.54574314557210400, -23.19999999999998900, 2.000000000000000000 ) ) ;
#1346 = MECHANICAL_DESIGN_GEOMETRIC_PRESENTATION_REPRESENTATION (  '', ( #481 ), #1625 ) ;
#1347 = MECHANICAL_DESIGN_GEOMETRIC_PRESENTATION_REPRESENTATION (  '', ( #769 ), #1626 ) ;
#1348 = EDGE_CURVE ( 'NONE', #3586, #1422, #1430, .T. ) ;
#1349 =( NAMED_UNIT ( * ) PLANE_ANGLE_UNIT ( ) SI_UNIT ( $, .RADIAN. ) );
#1350 =( LENGTH_UNIT ( ) NAMED_UNIT ( * ) SI_UNIT ( .MILLI., .METRE. ) );
#1351 = SHAPE_DEFINITION_REPRESENTATION ( #1792, #1993 ) ;
#1352 = CARTESIAN_POINT ( 'NONE',  ( 0.0000000000000000000, -82.49999999999998600, 3.399999999999999900 ) ) ;
#1353 = ORIENTED_EDGE ( 'NONE', *, *, #4158, .T. ) ;
#1354 = ORIENTED_EDGE ( 'NONE', *, *, #1701, .T. ) ;
#1355 = EDGE_CURVE ( 'NONE', #2777, #3522, #4776, .T. ) ;
#1356 = SURFACE_SIDE_STYLE ('',( #424 ) ) ;
#1357 = ORIENTED_EDGE ( 'NONE', *, *, #4061, .F. ) ;
#1358 = PRESENTATION_LAYER_ASSIGNMENT (  '', '', ( #782 ) ) ;
#1359 = EDGE_LOOP ( 'NONE', ( #4712, #1841, #3851, #325 ) ) ;
#1360 = ORIENTED_EDGE ( 'NONE', *, *, #5320, .T. ) ;
#1361 = CARTESIAN_POINT ( 'NONE',  ( 1.482804417805877700, -2.143546361541646400E-016, 3.499999999999999600 ) ) ;
#1362 = CARTESIAN_POINT ( 'NONE',  ( 22.10000000000000500, -23.19999999999998900, 4.000000000000000000 ) ) ;
#1363 = DIRECTION ( 'NONE',  ( -1.000000000000000000, 0.0000000000000000000, -0.0000000000000000000 ) ) ;
#1364 = DIRECTION ( 'NONE',  ( 0.0000000000000000000, 0.0000000000000000000, 1.000000000000000000 ) ) ;
#1365 = EDGE_CURVE ( 'NONE', #1721, #4176, #302, .T. ) ;
#1366 = LINE ( 'NONE', #4868, #232 ) ;
#1367 = FILL_AREA_STYLE_COLOUR ( '', #1634 ) ;
#1368 = CARTESIAN_POINT ( 'NONE',  ( -0.0000000000000000000, -82.49999999999998600, 3.499999999999999600 ) ) ;
#1369 = VECTOR ( 'NONE', #5371, 1000.000000000000000 ) ;
#1370 = ADVANCED_FACE ( 'NONE', ( #244 ), #510, .F. ) ;
#1371 = PRESENTATION_STYLE_ASSIGNMENT (( #3957 ) ) ;
#1372 = EDGE_LOOP ( 'NONE', ( #952, #1960, #5395, #2636 ) ) ;
#1373 = STYLED_ITEM ( 'NONE', ( #377 ), #67 ) ;
#1374 = LINE ( 'NONE', #4488, #1232 ) ;
#1375 = DIRECTION ( 'NONE',  ( -1.000000000000000000, 0.0000000000000000000, 0.0000000000000000000 ) ) ;
#1376 = DIRECTION ( 'NONE',  ( -0.0000000000000000000, -0.0000000000000000000, 1.000000000000000000 ) ) ;
#1377 = LINE ( 'NONE', #1816, #2363 ) ;
#1378 = FACE_OUTER_BOUND ( 'NONE', #2280, .T. ) ;
#1379 = CARTESIAN_POINT ( 'NONE',  ( -24.59999999999999800, 23.00000000000000400, 3.750000000000000000 ) ) ;
#1380 = VECTOR ( 'NONE', #1381, 1000.000000000000000 ) ;
#1381 = DIRECTION ( 'NONE',  ( -0.0000000000000000000, -0.0000000000000000000, 1.000000000000000000 ) ) ;
#1382 = AXIS2_PLACEMENT_3D ( 'NONE', #4458, #1121, #4476 ) ;
#1383 = EDGE_CURVE ( 'NONE', #390, #1866, #4588, .T. ) ;
#1384 = SURFACE_SIDE_STYLE ('',( #2680 ) ) ;
#1385 = ORIENTED_EDGE ( 'NONE', *, *, #2079, .F. ) ;
#1386 = LINE ( 'NONE', #1671, #2499 ) ;
#1387 = VECTOR ( 'NONE', #676, 1000.000000000000000 ) ;
#1388 = CARTESIAN_POINT ( 'NONE',  ( -5.899999999999995900, -29.19999999999999600, 3.499999999999999600 ) ) ;
#1389 = EDGE_LOOP ( 'NONE', ( #3390, #1863, #1659, #3528 ) ) ;
#1390 = DIRECTION ( 'NONE',  ( -1.000000000000000000, -1.541976423090495400E-016, 0.0000000000000000000 ) ) ;
#1391 = LINE ( 'NONE', #653, #3490 ) ;
#1392 = AXIS2_PLACEMENT_3D ( 'NONE', #5369, #936, #84 ) ;
#1393 = DIRECTION ( 'NONE',  ( 0.0000000000000000000, 0.0000000000000000000, -1.000000000000000000 ) ) ;
#1394 = EDGE_CURVE ( 'NONE', #2496, #3003, #1377, .T. ) ;
#1395 =( GEOMETRIC_REPRESENTATION_CONTEXT ( 3 ) GLOBAL_UNCERTAINTY_ASSIGNED_CONTEXT ( ( #2591 ) ) GLOBAL_UNIT_ASSIGNED_CONTEXT ( ( #3965, #2844, #1026 ) ) REPRESENTATION_CONTEXT ( 'NONE', 'WORKASPACE' ) );
#1396 = ORIENTED_EDGE ( 'NONE', *, *, #2508, .T. ) ;
#1397 = PRESENTATION_STYLE_ASSIGNMENT (( #5204 ) ) ;
#1398 = CARTESIAN_POINT ( 'NONE',  ( 18.09999999999999800, -23.64999999999999900, 0.0000000000000000000 ) ) ;
#1399 = ORIENTED_EDGE ( 'NONE', *, *, #316, .F. ) ;
#1400 = ORIENTED_EDGE ( 'NONE', *, *, #3690, .F. ) ;
#1401 = FILL_AREA_STYLE ('',( #3077 ) ) ;
#1402 = VECTOR ( 'NONE', #4798, 1000.000000000000000 ) ;
#1403 = SURFACE_STYLE_USAGE ( .BOTH. , #4327 ) ;
#1404 = CARTESIAN_POINT ( 'NONE',  ( 0.0000000000000000000, -82.49999999999998600, 3.399999999999999900 ) ) ;
#1405 =( NAMED_UNIT ( * ) SI_UNIT ( $, .STERADIAN. ) SOLID_ANGLE_UNIT ( ) );
#1406 = LINE ( 'NONE', #2143, #3628 ) ;
#1407 = CARTESIAN_POINT ( 'NONE',  ( 19.54574314557210000, -23.73076923076922300, 2.000000000000000000 ) ) ;
#1408 = PRESENTATION_LAYER_ASSIGNMENT (  '', '', ( #1114 ) ) ;
#1409 = CARTESIAN_POINT ( 'NONE',  ( -3.317195582194134600, -85.49999999999998600, 3.399999999999999900 ) ) ;
#1410 = EDGE_LOOP ( 'NONE', ( #1484, #512, #277, #1550 ) ) ;
#1411 = LINE ( 'NONE', #5296, #279 ) ;
#1412 = PRESENTATION_LAYER_ASSIGNMENT (  '', '', ( #842 ) ) ;
#1413 = EDGE_CURVE ( 'NONE', #2723, #3399, #3607, .T. ) ;
#1414 = CARTESIAN_POINT ( 'NONE',  ( 22.10000000000000500, -23.80000000000000100, 4.000000000000000000 ) ) ;
#1415 = SURFACE_SIDE_STYLE ('',( #1171 ) ) ;
#1416 = STYLED_ITEM ( 'NONE', ( #3483 ), #3846 ) ;
#1417 =( GEOMETRIC_REPRESENTATION_CONTEXT ( 3 ) GLOBAL_UNCERTAINTY_ASSIGNED_CONTEXT ( ( #2268 ) ) GLOBAL_UNIT_ASSIGNED_CONTEXT ( ( #4646, #1727, #5047 ) ) REPRESENTATION_CONTEXT ( 'NONE', 'WORKASPACE' ) );
#1418 = VERTEX_POINT ( 'NONE', #3026 ) ;
#1419 = EDGE_LOOP ( 'NONE', ( #3218, #2354, #4373, #3074 ) ) ;
#1420 = ORIENTED_EDGE ( 'NONE', *, *, #3146, .F. ) ;
#1421 = EDGE_LOOP ( 'NONE', ( #5180, #1553, #3057, #2312, #2315, #1608, #2560 ) ) ;
#1422 = VERTEX_POINT ( 'NONE', #2186 ) ;
#1423 = ORIENTED_EDGE ( 'NONE', *, *, #1355, .F. ) ;
#1424 = VERTEX_POINT ( 'NONE', #5110 ) ;
#1425 = EDGE_CURVE ( 'NONE', #3513, #4099, #1235, .T. ) ;
#1426 = FACE_OUTER_BOUND ( 'NONE', #985, .T. ) ;
#1427 = EDGE_LOOP ( 'NONE', ( #267, #362 ) ) ;
#1428 = CARTESIAN_POINT ( 'NONE',  ( 5.450000000000005500, -23.19999999999999200, 3.499999999999999600 ) ) ;
#1429 = ORIENTED_EDGE ( 'NONE', *, *, #939, .F. ) ;
#1430 = LINE ( 'NONE', #883, #3658 ) ;
#1431 =( LENGTH_UNIT ( ) NAMED_UNIT ( * ) SI_UNIT ( .MILLI., .METRE. ) );
#1432 = SURFACE_STYLE_FILL_AREA ( #2302 ) ;
#1433 = VECTOR ( 'NONE', #2833, 1000.000000000000000 ) ;
#1434 = DIRECTION ( 'NONE',  ( -0.0000000000000000000, -1.000000000000000000, -0.0000000000000000000 ) ) ;
#1435 = DIRECTION ( 'NONE',  ( -1.445602896647337900E-016, -1.000000000000000000, 0.0000000000000000000 ) ) ;
#1436 = ORIENTED_EDGE ( 'NONE', *, *, #2606, .T. ) ;
#1437 = COLOUR_RGB ( '',0.8039215686274510100, 0.4980392156862745200, 0.1960784313725490200 ) ;
#1438 = CARTESIAN_POINT ( 'NONE',  ( -3.107195582194135100, -85.49999999999998600, 3.499999999999999600 ) ) ;
#1439 = SURFACE_STYLE_USAGE ( .BOTH. , #5077 ) ;
#1440 = LINE ( 'NONE', #1476, #1308 ) ;
#1441 = VECTOR ( 'NONE', #1772, 1000.000000000000000 ) ;
#1442 = VERTEX_POINT ( 'NONE', #1316 ) ;
#1443 = VECTOR ( 'NONE', #2553, 1000.000000000000000 ) ;
#1444 = DIRECTION ( 'NONE',  ( -1.000000000000000000, 0.0000000000000000000, -0.0000000000000000000 ) ) ;
#1445 = EDGE_LOOP ( 'NONE', ( #2544, #3671, #1901, #4640, #3917, #1975 ) ) ;
#1446 = VECTOR ( 'NONE', #2396, 1000.000000000000000 ) ;
#1447 = MECHANICAL_DESIGN_GEOMETRIC_PRESENTATION_REPRESENTATION (  '', ( #874 ), #1740 ) ;
#1448 = DIRECTION ( 'NONE',  ( 1.000000000000000000, 0.0000000000000000000, 0.0000000000000000000 ) ) ;
#1449 = VERTEX_POINT ( 'NONE', #3401 ) ;
#1450 = EDGE_CURVE ( 'NONE', #4675, #4370, #5418, .T. ) ;
#1451 = LINE ( 'NONE', #4509, #4794 ) ;
#1452 = VECTOR ( 'NONE', #271, 1000.000000000000000 ) ;
#1453 = VERTEX_POINT ( 'NONE', #4657 ) ;
#1454 = SURFACE_STYLE_FILL_AREA ( #3873 ) ;
#1455 = AXIS2_PLACEMENT_3D ( 'NONE', #1404, #2070, #1678 ) ;
#1456 = DIRECTION ( 'NONE',  ( -1.000000000000000000, 1.445602896647337900E-016, 0.0000000000000000000 ) ) ;
#1457 = ORIENTED_EDGE ( 'NONE', *, *, #3491, .F. ) ;
#1458 = MECHANICAL_DESIGN_GEOMETRIC_PRESENTATION_REPRESENTATION (  '', ( #597 ), #1747 ) ;
#1459 = SURFACE_STYLE_USAGE ( .BOTH. , #2149 ) ;
#1460 = EDGE_CURVE ( 'NONE', #3189, #3791, #4446, .T. ) ;
#1461 = ORIENTED_EDGE ( 'NONE', *, *, #5193, .T. ) ;
#1462 = DIRECTION ( 'NONE',  ( -1.000000000000000000, 0.0000000000000000000, 0.0000000000000000000 ) ) ;
#1463 = CARTESIAN_POINT ( 'NONE',  ( 3.312804417805865800, -85.49999999999998600, 3.399999999999999900 ) ) ;
#1464 = VECTOR ( 'NONE', #5124, 1000.000000000000000 ) ;
#1465 = CARTESIAN_POINT ( 'NONE',  ( -22.09999999999999400, -12.29000000000000300, 4.000000000000000000 ) ) ;
#1466 = ORIENTED_EDGE ( 'NONE', *, *, #4764, .F. ) ;
#1467 = UNCERTAINTY_MEASURE_WITH_UNIT (LENGTH_MEASURE( 1.000000000000000100E-005 ), #1784, 'distance_accuracy_value', 'NONE');
#1468 = MECHANICAL_DESIGN_GEOMETRIC_PRESENTATION_REPRESENTATION (  '', ( #606 ), #1758 ) ;
#1469 = DIRECTION ( 'NONE',  ( -1.445602896647337900E-016, -1.000000000000000000, 0.0000000000000000000 ) ) ;
#1470 = COLOUR_RGB ( '',0.8039215686274510100, 0.4980392156862745200, 0.1960784313725490200 ) ;
#1471 = CARTESIAN_POINT ( 'NONE',  ( 0.0000000000000000000, 0.0000000000000000000, -63.50000000000000000 ) ) ;
#1472 = EDGE_CURVE ( 'NONE', #942, #3209, #3203, .T. ) ;
#1473 = SURFACE_SIDE_STYLE ('',( #4336 ) ) ;
#1474 =( NAMED_UNIT ( * ) SI_UNIT ( $, .STERADIAN. ) SOLID_ANGLE_UNIT ( ) );
#1475 =( NAMED_UNIT ( * ) PLANE_ANGLE_UNIT ( ) SI_UNIT ( $, .RADIAN. ) );
#1476 = CARTESIAN_POINT ( 'NONE',  ( 24.60000000000000100, -21.99999999999999600, 4.000000000000000000 ) ) ;
#1477 =( NAMED_UNIT ( * ) PLANE_ANGLE_UNIT ( ) SI_UNIT ( $, .RADIAN. ) );
#1478 = DIRECTION ( 'NONE',  ( 0.0000000000000000000, 0.0000000000000000000, -1.000000000000000000 ) ) ;
#1479 = DIRECTION ( 'NONE',  ( 1.000000000000000000, 0.0000000000000000000, 0.0000000000000000000 ) ) ;
#1480 = FILL_AREA_STYLE_COLOUR ( '', #849 ) ;
#1481 = PRESENTATION_LAYER_ASSIGNMENT (  '', '', ( #915 ) ) ;
#1482 = VERTEX_POINT ( 'NONE', #2138 ) ;
#1483 = EDGE_CURVE ( 'NONE', #2090, #5038, #3339, .T. ) ;
#1484 = ORIENTED_EDGE ( 'NONE', *, *, #5370, .T. ) ;
#1485 = VERTEX_POINT ( 'NONE', #5057 ) ;
#1486 = FACE_OUTER_BOUND ( 'NONE', #1552, .T. ) ;
#1487 = DIRECTION ( 'NONE',  ( 0.0000000000000000000, 1.000000000000000000, 0.0000000000000000000 ) ) ;
#1488 = CARTESIAN_POINT ( 'NONE',  ( -2.297195582194135000, -85.49999999999998600, 3.499999999999999600 ) ) ;
#1489 = EDGE_LOOP ( 'NONE', ( #2904, #948, #4952, #234, #2150, #177 ) ) ;
#1490 = ORIENTED_EDGE ( 'NONE', *, *, #2656, .F. ) ;
#1491 = CARTESIAN_POINT ( 'NONE',  ( 23.09999999999999800, -12.28999999999999600, 3.750000000000000000 ) ) ;
#1492 =( GEOMETRIC_REPRESENTATION_CONTEXT ( 3 ) GLOBAL_UNCERTAINTY_ASSIGNED_CONTEXT ( ( #2314 ) ) GLOBAL_UNIT_ASSIGNED_CONTEXT ( ( #1724, #840, #463 ) ) REPRESENTATION_CONTEXT ( 'NONE', 'WORKASPACE' ) );
#1493 = FILL_AREA_STYLE ('',( #1480 ) ) ;
#1494 = EDGE_CURVE ( 'NONE', #301, #197, #972, .T. ) ;
#1495 = VERTEX_POINT ( 'NONE', #1262 ) ;
#1496 = ORIENTED_EDGE ( 'NONE', *, *, #2051, .T. ) ;
#1497 = CARTESIAN_POINT ( 'NONE',  ( -6.899999999999996800, -23.19999999999999200, 3.499999999999999600 ) ) ;
#1498 = FILL_AREA_STYLE_COLOUR ( '', #3331 ) ;
#1499 = DIRECTION ( 'NONE',  ( -1.000000000000000000, 0.0000000000000000000, 0.0000000000000000000 ) ) ;
#1500 = DIRECTION ( 'NONE',  ( 1.000000000000000000, 0.0000000000000000000, 0.0000000000000000000 ) ) ;
#1501 = CARTESIAN_POINT ( 'NONE',  ( 17.47651237634132900, -23.73076923076922300, 2.000000000000000000 ) ) ;
#1502 = AXIS2_PLACEMENT_3D ( 'NONE', #3383, #1315, #3400 ) ;
#1503 = LINE ( 'NONE', #2662, #496 ) ;
#1504 =( LENGTH_UNIT ( ) NAMED_UNIT ( * ) SI_UNIT ( .MILLI., .METRE. ) );
#1505 = ORIENTED_EDGE ( 'NONE', *, *, #4688, .F. ) ;
#1506 = VERTEX_POINT ( 'NONE', #3933 ) ;
#1507 =( LENGTH_UNIT ( ) NAMED_UNIT ( * ) SI_UNIT ( .MILLI., .METRE. ) );
#1508 = CARTESIAN_POINT ( 'NONE',  ( -24.59999999999999400, -14.88999999999999700, 4.000000000000000000 ) ) ;
#1509 = VECTOR ( 'NONE', #5017, 1000.000000000000000 ) ;
#1510 = DIRECTION ( 'NONE',  ( 0.0000000000000000000, 0.0000000000000000000, 1.000000000000000000 ) ) ;
#1511 = CIRCLE ( 'NONE', #4531, 1.000000000000000900 ) ;
#1512 = DIRECTION ( 'NONE',  ( 0.0000000000000000000, 0.0000000000000000000, -1.000000000000000000 ) ) ;
#1513 = ORIENTED_EDGE ( 'NONE', *, *, #2006, .F. ) ;
#1514 = SURFACE_SIDE_STYLE ('',( #44 ) ) ;
#1515 = SURFACE_STYLE_USAGE ( .BOTH. , #4432 ) ;
#1516 = COLOUR_RGB ( '',0.8039215686274510100, 0.4980392156862745200, 0.1960784313725490200 ) ;
#1517 = LINE ( 'NONE', #4869, #385 ) ;
#1518 = UNCERTAINTY_MEASURE_WITH_UNIT (LENGTH_MEASURE( 1.000000000000000100E-005 ), #3620, 'distance_accuracy_value', 'NONE');
#1519 = ORIENTED_EDGE ( 'NONE', *, *, #2908, .T. ) ;
#1520 = STYLED_ITEM ( 'NONE', ( #3329 ), #2573 ) ;
#1521 = EDGE_CURVE ( 'NONE', #4828, #2008, #2101, .T. ) ;
#1522 = FILL_AREA_STYLE_COLOUR ( '', #4340 ) ;
#1523 = VERTEX_POINT ( 'NONE', #3348 ) ;
#1524 = VECTOR ( 'NONE', #3037, 1000.000000000000000 ) ;
#1525 = ORIENTED_EDGE ( 'NONE', *, *, #72, .F. ) ;
#1526 = PRESENTATION_STYLE_ASSIGNMENT (( #2913 ) ) ;
#1527 = STYLED_ITEM ( 'NONE', ( #322 ), #3785 ) ;
#1528 = CARTESIAN_POINT ( 'NONE',  ( -2.297195582194134600, -85.49999999999998600, 3.399999999999999900 ) ) ;
#1529 = MECHANICAL_DESIGN_GEOMETRIC_PRESENTATION_REPRESENTATION (  '', ( #675 ), #1825 ) ;
#1530 = DIRECTION ( 'NONE',  ( 0.0000000000000000000, -1.000000000000000000, 0.0000000000000000000 ) ) ;
#1531 = EDGE_CURVE ( 'NONE', #3586, #2496, #3478, .T. ) ;
#1532 = DIRECTION ( 'NONE',  ( -0.0000000000000000000, -0.0000000000000000000, -1.000000000000000000 ) ) ;
#1533 = LINE ( 'NONE', #1070, #1402 ) ;
#1534 = FILL_AREA_STYLE ('',( #2385 ) ) ;
#1535 = ADVANCED_FACE ( 'NONE', ( #5172 ), #5018, .T. ) ;
#1536 = PRODUCT_RELATED_PRODUCT_CATEGORY ( 'part', '', ( #4186 ) ) ;
#1537 = EDGE_CURVE ( 'NONE', #4989, #1621, #2572, .T. ) ;
#1538 = AXIS2_PLACEMENT_3D ( 'NONE', #4645, #2539, #2 ) ;
#1539 = PLANE ( 'NONE',  #831 ) ;
#1540 = VERTEX_POINT ( 'NONE', #4821 ) ;
#1541 = VECTOR ( 'NONE', #3230, 1000.000000000000100 ) ;
#1542 = DIRECTION ( 'NONE',  ( 0.0000000000000000000, 1.000000000000000000, 0.0000000000000000000 ) ) ;
#1543 = DIRECTION ( 'NONE',  ( 0.0000000000000000000, 0.0000000000000000000, 1.000000000000000000 ) ) ;
#1544 =( NAMED_UNIT ( * ) PLANE_ANGLE_UNIT ( ) SI_UNIT ( $, .RADIAN. ) );
#1545 = CARTESIAN_POINT ( 'NONE',  ( -24.59999999999999800, 23.00000000000000400, 4.000000000000000000 ) ) ;
#1546 = CARTESIAN_POINT ( 'NONE',  ( -5.899999999999995900, -14.88999999999999700, 3.499999999999999600 ) ) ;
#1547 = DIRECTION ( 'NONE',  ( -1.000000000000000000, 0.0000000000000000000, 0.0000000000000000000 ) ) ;
#1548 = UNCERTAINTY_MEASURE_WITH_UNIT (LENGTH_MEASURE( 1.000000000000000100E-005 ), #1336, 'distance_accuracy_value', 'NONE');
#1549 = CARTESIAN_POINT ( 'NONE',  ( 0.0000000000000000000, 0.0000000000000000000, 4.000000000000000000 ) ) ;
#1550 = ORIENTED_EDGE ( 'NONE', *, *, #4444, .T. ) ;
#1551 = SURFACE_SIDE_STYLE ('',( #4514 ) ) ;
#1552 = EDGE_LOOP ( 'NONE', ( #1617, #3550, #4902, #3524 ) ) ;
#1553 = ORIENTED_EDGE ( 'NONE', *, *, #1341, .T. ) ;
#1554 = DIRECTION ( 'NONE',  ( -0.0000000000000000000, -0.0000000000000000000, -1.000000000000000000 ) ) ;
#1555 = CARTESIAN_POINT ( 'NONE',  ( -2.297195582194134600, -82.49999999999998600, 3.399999999999999900 ) ) ;
#1556 = SURFACE_STYLE_FILL_AREA ( #2731 ) ;
#1557 = VERTEX_POINT ( 'NONE', #5240 ) ;
#1558 = ORIENTED_EDGE ( 'NONE', *, *, #4861, .F. ) ;
#1559 = VERTEX_POINT ( 'NONE', #2322 ) ;
#1560 = DIRECTION ( 'NONE',  ( 1.000000000000000000, 0.0000000000000000000, 0.0000000000000000000 ) ) ;
#1561 = CARTESIAN_POINT ( 'NONE',  ( -6.899999999999996800, -21.99999999999999600, 4.000000000000000000 ) ) ;
#1562 = ORIENTED_EDGE ( 'NONE', *, *, #4861, .T. ) ;
#1563 = VECTOR ( 'NONE', #551, 1000.000000000000000 ) ;
#1564 =( LENGTH_UNIT ( ) NAMED_UNIT ( * ) SI_UNIT ( .MILLI., .METRE. ) );
#1565 = PLANE ( 'NONE',  #4860 ) ;
#1566 = EDGE_CURVE ( 'NONE', #1118, #5065, #310, .T. ) ;
#1567 = LINE ( 'NONE', #4073, #4654 ) ;
#1568 = STYLED_ITEM ( 'NONE', ( #2875 ), #5030 ) ;
#1569 = DIRECTION ( 'NONE',  ( -0.0000000000000000000, -0.0000000000000000000, 1.000000000000000000 ) ) ;
#1570 = VECTOR ( 'NONE', #3951, 1000.000000000000000 ) ;
#1571 = EDGE_LOOP ( 'NONE', ( #5208, #4658, #3120, #5410 ) ) ;
#1572 = VECTOR ( 'NONE', #669, 1000.000000000000000 ) ;
#1573 = VECTOR ( 'NONE', #3501, 1000.000000000000000 ) ;
#1574 = UNCERTAINTY_MEASURE_WITH_UNIT (LENGTH_MEASURE( 1.000000000000000100E-005 ), #207, 'distance_accuracy_value', 'NONE');
#1575 = DIRECTION ( 'NONE',  ( -1.445602896647337900E-016, -1.000000000000000000, 0.0000000000000000000 ) ) ;
#1576 = CARTESIAN_POINT ( 'NONE',  ( 4.450000000000002800, -23.19999999999999200, 3.699999999999999300 ) ) ;
#1577 = EDGE_CURVE ( 'NONE', #4992, #942, #440, .T. ) ;
#1578 = LINE ( 'NONE', #2682, #3670 ) ;
#1579 = EDGE_LOOP ( 'NONE', ( #1685, #3319, #3928, #5097 ) ) ;
#1580 = DIRECTION ( 'NONE',  ( 9.156629590798664600E-017, -1.000000000000000000, 0.0000000000000000000 ) ) ;
#1581 = VECTOR ( 'NONE', #1257, 1000.000000000000000 ) ;
#1582 = VECTOR ( 'NONE', #4374, 1000.000000000000000 ) ;
#1583 = LINE ( 'NONE', #537, #3677 ) ;
#1584 = VECTOR ( 'NONE', #1319, 1000.000000000000000 ) ;
#1585 =( LENGTH_UNIT ( ) NAMED_UNIT ( * ) SI_UNIT ( .MILLI., .METRE. ) );
#1586 = UNCERTAINTY_MEASURE_WITH_UNIT (LENGTH_MEASURE( 1.000000000000000100E-005 ), #3226, 'distance_accuracy_value', 'NONE');
#1587 = ORIENTED_EDGE ( 'NONE', *, *, #13, .F. ) ;
#1588 = SURFACE_SIDE_STYLE ('',( #3880 ) ) ;
#1589 = CARTESIAN_POINT ( 'NONE',  ( 18.54999999999999700, -23.64999999999999900, -58.50000000000000000 ) ) ;
#1590 = LINE ( 'NONE', #3163, #459 ) ;
#1591 = DIRECTION ( 'NONE',  ( 0.0000000000000000000, 1.000000000000000000, 0.0000000000000000000 ) ) ;
#1592 = MECHANICAL_DESIGN_GEOMETRIC_PRESENTATION_REPRESENTATION (  '', ( #1010 ), #1879 ) ;
#1593 = EDGE_CURVE ( 'NONE', #3142, #3155, #1440, .T. ) ;
#1594 = FACE_OUTER_BOUND ( 'NONE', #2820, .T. ) ;
#1595 = UNCERTAINTY_MEASURE_WITH_UNIT (LENGTH_MEASURE( 1.000000000000000100E-005 ), #1504, 'distance_accuracy_value', 'NONE');
#1596 = FILL_AREA_STYLE_COLOUR ( '', #1275 ) ;
#1597 = MECHANICAL_DESIGN_GEOMETRIC_PRESENTATION_REPRESENTATION (  '', ( #735 ), #1884 ) ;
#1598 =( LENGTH_UNIT ( ) NAMED_UNIT ( * ) SI_UNIT ( .MILLI., .METRE. ) );
#1599 = FACE_OUTER_BOUND ( 'NONE', #1421, .T. ) ;
#1600 = EDGE_CURVE ( 'NONE', #4286, #2778, #3534, .T. ) ;
#1601 = AXIS2_PLACEMENT_3D ( 'NONE', #4469, #1543, #4056 ) ;
#1602 = AXIS2_PLACEMENT_3D ( 'NONE', #1549, #1130, #1500 ) ;
#1603 = DIRECTION ( 'NONE',  ( -1.000000000000000000, 0.0000000000000000000, 0.0000000000000000000 ) ) ;
#1604 = UNCERTAINTY_MEASURE_WITH_UNIT (LENGTH_MEASURE( 1.000000000000000100E-005 ), #3701, 'distance_accuracy_value', 'NONE');
#1605 = SURFACE_STYLE_USAGE ( .BOTH. , #4529 ) ;
#1606 = DIRECTION ( 'NONE',  ( 0.0000000000000000000, 0.0000000000000000000, -1.000000000000000000 ) ) ;
#1607 = DIRECTION ( 'NONE',  ( 0.0000000000000000000, 0.0000000000000000000, -1.000000000000000000 ) ) ;
#1608 = ORIENTED_EDGE ( 'NONE', *, *, #2710, .F. ) ;
#1609 = DIRECTION ( 'NONE',  ( 1.000000000000000000, 0.0000000000000000000, 0.0000000000000000000 ) ) ;
#1610 =( LENGTH_UNIT ( ) NAMED_UNIT ( * ) SI_UNIT ( .MILLI., .METRE. ) );
#1611 = STYLED_ITEM ( 'NONE', ( #4031 ), #803 ) ;
#1612 = FILL_AREA_STYLE_COLOUR ( '', #227 ) ;
#1613 = ORIENTED_EDGE ( 'NONE', *, *, #4827, .T. ) ;
#1614 = ORIENTED_EDGE ( 'NONE', *, *, #5043, .T. ) ;
#1615 = LINE ( 'NONE', #5184, #2613 ) ;
#1616 = CARTESIAN_POINT ( 'NONE',  ( 0.9728044178058776700, -1.406288884251503900E-016, 3.399999999999999900 ) ) ;
#1617 = ORIENTED_EDGE ( 'NONE', *, *, #1820, .F. ) ;
#1618 = AXIS2_PLACEMENT_3D ( 'NONE', #1063, #3575, #3929 ) ;
#1619 = ORIENTED_EDGE ( 'NONE', *, *, #599, .T. ) ;
#1620 = CARTESIAN_POINT ( 'NONE',  ( 20.10000000000000100, -23.64999999999999900, 0.0000000000000000000 ) ) ;
#1621 = VERTEX_POINT ( 'NONE', #1362 ) ;
#1622 = EDGE_CURVE ( 'NONE', #2967, #2934, #2291, .T. ) ;
#1623 = CARTESIAN_POINT ( 'NONE',  ( -24.59999999999999800, 23.80000000000000100, 2.250000000000000000 ) ) ;
#1624 = CARTESIAN_POINT ( 'NONE',  ( -2.597195582194134800, -85.49999999999998600, 3.499999999999999600 ) ) ;
#1625 =( GEOMETRIC_REPRESENTATION_CONTEXT ( 3 ) GLOBAL_UNCERTAINTY_ASSIGNED_CONTEXT ( ( #3258 ) ) GLOBAL_UNIT_ASSIGNED_CONTEXT ( ( #404, #3362, #839 ) ) REPRESENTATION_CONTEXT ( 'NONE', 'WORKASPACE' ) );
#1626 =( GEOMETRIC_REPRESENTATION_CONTEXT ( 3 ) GLOBAL_UNCERTAINTY_ASSIGNED_CONTEXT ( ( #4275 ) ) GLOBAL_UNIT_ASSIGNED_CONTEXT ( ( #1670, #1227, #3751 ) ) REPRESENTATION_CONTEXT ( 'NONE', 'WORKASPACE' ) );
#1627 = EDGE_CURVE ( 'NONE', #2865, #1082, #2424, .T. ) ;
#1628 = PRESENTATION_STYLE_ASSIGNMENT (( #2100 ) ) ;
#1629 = DIRECTION ( 'NONE',  ( -0.0000000000000000000, -0.0000000000000000000, 1.000000000000000000 ) ) ;
#1630 = ORIENTED_EDGE ( 'NONE', *, *, #997, .T. ) ;
#1631 = DIRECTION ( 'NONE',  ( 0.0000000000000000000, 1.000000000000000000, 0.0000000000000000000 ) ) ;
#1632 = ORIENTED_EDGE ( 'NONE', *, *, #3612, .F. ) ;
#1633 = COLOUR_RGB ( '',0.8039215686274510100, 0.4980392156862745200, 0.1960784313725490200 ) ;
#1634 = COLOUR_RGB ( '',0.0000000000000000000, 0.5607843137254902000, 1.000000000000000000 ) ;
#1635 = LINE ( 'NONE', #805, #4844 ) ;
#1636 = EDGE_CURVE ( 'NONE', #3215, #3180, #172, .T. ) ;
#1637 = VECTOR ( 'NONE', #918, 1000.000000000000000 ) ;
#1638 = CARTESIAN_POINT ( 'NONE',  ( 1.272804417805865700, 0.0000000000000000000, 3.399999999999999900 ) ) ;
#1639 = MECHANICAL_DESIGN_GEOMETRIC_PRESENTATION_REPRESENTATION (  '', ( #782 ), #1928 ) ;
#1640 = LINE ( 'NONE', #4141, #59 ) ;
#1641 = PLANE ( 'NONE',  #1886 ) ;
#1642 = LINE ( 'NONE', #5132, #511 ) ;
#1643 = ADVANCED_FACE ( 'NONE', ( #1034 ), #353, .T. ) ;
#1644 = DIRECTION ( 'NONE',  ( 0.0000000000000000000, 0.0000000000000000000, -1.000000000000000000 ) ) ;
#1645 = DIRECTION ( 'NONE',  ( 0.0000000000000000000, -1.000000000000000000, 0.0000000000000000000 ) ) ;
#1646 = DIRECTION ( 'NONE',  ( 0.0000000000000000000, 0.0000000000000000000, -1.000000000000000000 ) ) ;
#1647 = VECTOR ( 'NONE', #640, 1000.000000000000000 ) ;
#1648 = VECTOR ( 'NONE', #4627, 1000.000000000000000 ) ;
#1649 = DIRECTION ( 'NONE',  ( 0.0000000000000000000, -1.000000000000000000, 0.0000000000000000000 ) ) ;
#1650 = DIRECTION ( 'NONE',  ( 1.000000000000000000, 1.569885498621545200E-016, -0.0000000000000000000 ) ) ;
#1651 = EDGE_CURVE ( 'NONE', #423, #5390, #642, .T. ) ;
#1652 = LINE ( 'NONE', #4035, #2640 ) ;
#1653 = ORIENTED_EDGE ( 'NONE', *, *, #5376, .T. ) ;
#1654 = PLANE ( 'NONE',  #1902 ) ;
#1655 = ADVANCED_FACE ( 'NONE', ( #3993 ), #324, .T. ) ;
#1656 = CARTESIAN_POINT ( 'NONE',  ( -2.597195582194134800, -85.49999999999998600, 3.399999999999999900 ) ) ;
#1657 = LINE ( 'NONE', #3427, #3891 ) ;
#1658 = UNCERTAINTY_MEASURE_WITH_UNIT (LENGTH_MEASURE( 1.000000000000000100E-005 ), #3526, 'distance_accuracy_value', 'NONE');
#1659 = ORIENTED_EDGE ( 'NONE', *, *, #923, .F. ) ;
#1660 = FACE_OUTER_BOUND ( 'NONE', #3911, .T. ) ;
#1661 = AXIS2_PLACEMENT_3D ( 'NONE', #3169, #2764, #4840 ) ;
#1662 = SURFACE_STYLE_USAGE ( .BOTH. , #4180 ) ;
#1663 =( LENGTH_UNIT ( ) NAMED_UNIT ( * ) SI_UNIT ( .MILLI., .METRE. ) );
#1664 = DIRECTION ( 'NONE',  ( 0.0000000000000000000, -1.000000000000000000, -0.0000000000000000000 ) ) ;
#1665 = FILL_AREA_STYLE_COLOUR ( '', #1048 ) ;
#1666 =( LENGTH_UNIT ( ) NAMED_UNIT ( * ) SI_UNIT ( .MILLI., .METRE. ) );
#1667 = PRESENTATION_LAYER_ASSIGNMENT (  '', '', ( #1089 ) ) ;
#1668 = EDGE_CURVE ( 'NONE', #4956, #301, #4583, .T. ) ;
#1669 = SURFACE_SIDE_STYLE ('',( #1064 ) ) ;
#1670 =( LENGTH_UNIT ( ) NAMED_UNIT ( * ) SI_UNIT ( .MILLI., .METRE. ) );
#1671 = CARTESIAN_POINT ( 'NONE',  ( 21.59999999999999400, -22.24999999999999600, -58.50000000000000000 ) ) ;
#1672 = PRESENTATION_LAYER_ASSIGNMENT (  '', '', ( #1098 ) ) ;
#1673 = CARTESIAN_POINT ( 'NONE',  ( 3.597804417805865900, -85.49999999999998600, 3.699999999999999300 ) ) ;
#1674 = EDGE_CURVE ( 'NONE', #2778, #2174, #3474, .T. ) ;
#1675 = CIRCLE ( 'NONE', #2286, 1.000000000000000900 ) ;
#1676 = STYLED_ITEM ( 'NONE', ( #902 ), #4730 ) ;
#1677 =( LENGTH_UNIT ( ) NAMED_UNIT ( * ) SI_UNIT ( .MILLI., .METRE. ) );
#1678 = DIRECTION ( 'NONE',  ( 0.0000000000000000000, -0.0000000000000000000, 1.000000000000000000 ) ) ;
#1679 = PLANE ( 'NONE',  #166 ) ;
#1680 = ADVANCED_FACE ( 'NONE', ( #4442 ), #4838, .F. ) ;
#1681 = DIRECTION ( 'NONE',  ( -1.445602896647337900E-016, -1.000000000000000000, 0.0000000000000000000 ) ) ;
#1682 = DIRECTION ( 'NONE',  ( -0.0000000000000000000, -0.0000000000000000000, 1.000000000000000000 ) ) ;
#1683 = ORIENTED_EDGE ( 'NONE', *, *, #3735, .F. ) ;
#1684 = CARTESIAN_POINT ( 'NONE',  ( 2.292804417805865700, -82.49999999999998600, 3.399999999999999900 ) ) ;
#1685 = ORIENTED_EDGE ( 'NONE', *, *, #4816, .F. ) ;
#1686 = ADVANCED_FACE ( 'NONE', ( #2358 ), #1066, .F. ) ;
#1687 = MECHANICAL_DESIGN_GEOMETRIC_PRESENTATION_REPRESENTATION (  '', ( #1114 ), #1966 ) ;
#1688 = ORIENTED_EDGE ( 'NONE', *, *, #160, .T. ) ;
#1689 = CARTESIAN_POINT ( 'NONE',  ( 24.60000000000000100, 23.00000000000000700, 4.000000000000000000 ) ) ;
#1690 = CARTESIAN_POINT ( 'NONE',  ( -23.09999999999999400, 19.59999999999999800, 4.000000000000000000 ) ) ;
#1691 = VERTEX_POINT ( 'NONE', #228 ) ;
#1692 = ORIENTED_EDGE ( 'NONE', *, *, #3446, .F. ) ;
#1693 = ORIENTED_EDGE ( 'NONE', *, *, #5181, .T. ) ;
#1694 = ORIENTED_EDGE ( 'NONE', *, *, #4643, .F. ) ;
#1695 = DIRECTION ( 'NONE',  ( 0.0000000000000000000, 1.000000000000000000, 0.0000000000000000000 ) ) ;
#1696 = ORIENTED_EDGE ( 'NONE', *, *, #3894, .F. ) ;
#1697 = CARTESIAN_POINT ( 'NONE',  ( -21.79999999999999000, -23.19999999999999600, 2.250000000000000000 ) ) ;
#1698 = PLANE ( 'NONE',  #2099 ) ;
#1699 = DIRECTION ( 'NONE',  ( 1.000000000000000000, -0.0000000000000000000, 0.0000000000000000000 ) ) ;
#1700 = MECHANICAL_DESIGN_GEOMETRIC_PRESENTATION_REPRESENTATION (  '', ( #842 ), #1981 ) ;
#1701 = EDGE_CURVE ( 'NONE', #904, #2510, #4060, .T. ) ;
#1702 = ADVANCED_FACE ( 'NONE', ( #836 ), #2604, .T. ) ;
#1703 = DIRECTION ( 'NONE',  ( 0.0000000000000000000, 1.000000000000000000, 0.0000000000000000000 ) ) ;
#1704 =( NAMED_UNIT ( * ) PLANE_ANGLE_UNIT ( ) SI_UNIT ( $, .RADIAN. ) );
#1705 = ORIENTED_EDGE ( 'NONE', *, *, #959, .F. ) ;
#1706 = UNCERTAINTY_MEASURE_WITH_UNIT (LENGTH_MEASURE( 1.000000000000000100E-005 ), #5299, 'distance_accuracy_value', 'NONE');
#1707 = DIRECTION ( 'NONE',  ( -1.445602896647337900E-016, -1.000000000000000000, 0.0000000000000000000 ) ) ;
#1708 = CARTESIAN_POINT ( 'NONE',  ( -0.0000000000000000000, -82.49999999999998600, 3.499999999999999600 ) ) ;
#1709 = CARTESIAN_POINT ( 'NONE',  ( -22.09999999999999400, 19.59999999999999800, 4.000000000000000000 ) ) ;
#1710 = AXIS2_PLACEMENT_3D ( 'NONE', #2872, #3255, #1606 ) ;
#1711 = LINE ( 'NONE', #4819, #3789 ) ;
#1712 = PRESENTATION_STYLE_ASSIGNMENT (( #3433 ) ) ;
#1713 = CARTESIAN_POINT ( 'NONE',  ( -5.899999999999995900, -29.19999999999999600, 3.599999999999999600 ) ) ;
#1714 =( NAMED_UNIT ( * ) PLANE_ANGLE_UNIT ( ) SI_UNIT ( $, .RADIAN. ) );
#1715 = ADVANCED_FACE ( 'NONE', ( #3659 ), #2590, .T. ) ;
#1716 = VECTOR ( 'NONE', #1226, 1000.000000000000000 ) ;
#1717 = FACE_OUTER_BOUND ( 'NONE', #263, .T. ) ;
#1718 = VECTOR ( 'NONE', #1153, 1000.000000000000000 ) ;
#1719 = CARTESIAN_POINT ( 'NONE',  ( 0.0000000000000000000, 0.0000000000000000000, 4.000000000000000000 ) ) ;
#1720 = SURFACE_STYLE_FILL_AREA ( #2098 ) ;
#1721 = VERTEX_POINT ( 'NONE', #4686 ) ;
#1722 = VECTOR ( 'NONE', #4615, 1000.000000000000000 ) ;
#1723 = EDGE_CURVE ( 'NONE', #5393, #1773, #1027, .T. ) ;
#1724 =( LENGTH_UNIT ( ) NAMED_UNIT ( * ) SI_UNIT ( .MILLI., .METRE. ) );
#1725 = CARTESIAN_POINT ( 'NONE',  ( 1.992804417805865700, -82.49999999999998600, 3.499999999999999600 ) ) ;
#1726 = COLOUR_RGB ( '',0.8039215686274510100, 0.4980392156862745200, 0.1960784313725490200 ) ;
#1727 =( NAMED_UNIT ( * ) PLANE_ANGLE_UNIT ( ) SI_UNIT ( $, .RADIAN. ) );
#1728 = COLOUR_RGB ( '',0.8039215686274510100, 0.4980392156862745200, 0.1960784313725490200 ) ;
#1729 = CARTESIAN_POINT ( 'NONE',  ( -0.0000000000000000000, -82.49999999999998600, 3.499999999999999600 ) ) ;
#1730 = PRESENTATION_STYLE_ASSIGNMENT (( #3403 ) ) ;
#1731 = UNCERTAINTY_MEASURE_WITH_UNIT (LENGTH_MEASURE( 1.000000000000000100E-005 ), #439, 'distance_accuracy_value', 'NONE');
#1733 = VERTEX_POINT ( 'NONE', #16 ) ;
#1732 = CARTESIAN_POINT ( 'NONE',  ( -1.277195582194134500, 0.0000000000000000000, 3.399999999999999900 ) ) ;
#1734 = DIRECTION ( 'NONE',  ( -1.445602896647337900E-016, -1.000000000000000000, 0.0000000000000000000 ) ) ;
#1735 = CARTESIAN_POINT ( 'NONE',  ( -23.09999999999999400, -12.29000000000000300, 4.000000000000000000 ) ) ;
#1736 = FACE_OUTER_BOUND ( 'NONE', #3648, .T. ) ;
#1737 = LINE ( 'NONE', #690, #3439 ) ;
#1738 = VECTOR ( 'NONE', #3302, 1000.000000000000000 ) ;
#1739 = CARTESIAN_POINT ( 'NONE',  ( 0.0000000000000000000, -82.49999999999998600, 3.399999999999999900 ) ) ;
#1740 =( GEOMETRIC_REPRESENTATION_CONTEXT ( 3 ) GLOBAL_UNCERTAINTY_ASSIGNED_CONTEXT ( ( #3674 ) ) GLOBAL_UNIT_ASSIGNED_CONTEXT ( ( #4520, #318, #4924 ) ) REPRESENTATION_CONTEXT ( 'NONE', 'WORKASPACE' ) );
#1741 = EDGE_CURVE ( 'NONE', #2090, #3142, #5339, .T. ) ;
#1742 =( LENGTH_UNIT ( ) NAMED_UNIT ( * ) SI_UNIT ( .MILLI., .METRE. ) );
#1743 = ADVANCED_FACE ( 'NONE', ( #3252 ), #4225, .T. ) ;
#1744 = PLANE ( 'NONE',  #4490 ) ;
#1745 = AXIS2_PLACEMENT_3D ( 'NONE', #4875, #2386, #2929 ) ;
#1746 = PRESENTATION_STYLE_ASSIGNMENT (( #3808 ) ) ;
#1747 =( GEOMETRIC_REPRESENTATION_CONTEXT ( 3 ) GLOBAL_UNCERTAINTY_ASSIGNED_CONTEXT ( ( #1785 ) ) GLOBAL_UNIT_ASSIGNED_CONTEXT ( ( #102, #3055, #531 ) ) REPRESENTATION_CONTEXT ( 'NONE', 'WORKASPACE' ) );
#1748 = FILL_AREA_STYLE_COLOUR ( '', #2826 ) ;
#1749 = EDGE_CURVE ( 'NONE', #5271, #2498, #495, .T. ) ;
#1750 = CARTESIAN_POINT ( 'NONE',  ( -0.2571955821941344600, -85.49999999999998600, 3.399999999999999900 ) ) ;
#1751 = FILL_AREA_STYLE_COLOUR ( '', #1930 ) ;
#1752 = DIRECTION ( 'NONE',  ( -0.0000000000000000000, -0.0000000000000000000, -1.000000000000000000 ) ) ;
#1753 = DIRECTION ( 'NONE',  ( -1.000000000000000000, 0.0000000000000000000, 0.0000000000000000000 ) ) ;
#1754 = VERTEX_POINT ( 'NONE', #2974 ) ;
#1755 = SURFACE_STYLE_FILL_AREA ( #1899 ) ;
#1756 = ADVANCED_FACE ( 'NONE', ( #3859, #2623 ), #5431, .T. ) ;
#1757 = SURFACE_SIDE_STYLE ('',( #3035 ) ) ;
#1758 =( GEOMETRIC_REPRESENTATION_CONTEXT ( 3 ) GLOBAL_UNCERTAINTY_ASSIGNED_CONTEXT ( ( #5164 ) ) GLOBAL_UNIT_ASSIGNED_CONTEXT ( ( #658, #3159, #221 ) ) REPRESENTATION_CONTEXT ( 'NONE', 'WORKASPACE' ) );
#1759 = SURFACE_STYLE_FILL_AREA ( #5007 ) ;
#1760 = CARTESIAN_POINT ( 'NONE',  ( -23.09999999999999400, 19.59999999999999800, 3.750000000000000000 ) ) ;
#1761 = CARTESIAN_POINT ( 'NONE',  ( 3.597804417805865900, -85.49999999999998600, 3.499999999999999600 ) ) ;
#1762 =( LENGTH_UNIT ( ) NAMED_UNIT ( * ) SI_UNIT ( .MILLI., .METRE. ) );
#1763 = ORIENTED_EDGE ( 'NONE', *, *, #3418, .T. ) ;
#1764 = ORIENTED_EDGE ( 'NONE', *, *, #2239, .T. ) ;
#1765 = ORIENTED_EDGE ( 'NONE', *, *, #4057, .T. ) ;
#1766 = PLANE ( 'NONE',  #1218 ) ;
#1767 = LINE ( 'NONE', #3947, #2867 ) ;
#1768 = EDGE_CURVE ( 'NONE', #2409, #83, #4435, .T. ) ;
#1769 = VERTEX_POINT ( 'NONE', #863 ) ;
#1770 = ORIENTED_EDGE ( 'NONE', *, *, #4726, .F. ) ;
#1771 = DIRECTION ( 'NONE',  ( -0.7931936517143286500, 0.6089694827165711400, 0.0000000000000000000 ) ) ;
#1772 = DIRECTION ( 'NONE',  ( -0.0000000000000000000, -0.0000000000000000000, 1.000000000000000000 ) ) ;
#1773 = VERTEX_POINT ( 'NONE', #4183 ) ;
#1774 = PLANE ( 'NONE',  #730 ) ;
#1775 = ORIENTED_EDGE ( 'NONE', *, *, #4473, .T. ) ;
#1776 = LINE ( 'NONE', #366, #2022 ) ;
#1777 = FILL_AREA_STYLE_COLOUR ( '', #1470 ) ;
#1778 = ADVANCED_FACE ( 'NONE', ( #3326 ), #1679, .T. ) ;
#1779 = CARTESIAN_POINT ( 'NONE',  ( 18.54999999999999700, -23.64999999999999900, 1.000000000000000000 ) ) ;
#1780 = EDGE_LOOP ( 'NONE', ( #35, #2775, #819, #1213, #645, #2018, #1325, #4843, #4244, #3640, #3332, #1814, #828, #1148 ) ) ;
#1781 = LINE ( 'NONE', #1188, #3990 ) ;
#1782 = FILL_AREA_STYLE ('',( #3471 ) ) ;
#1783 = EDGE_LOOP ( 'NONE', ( #4562, #2804, #2639, #2729 ) ) ;
#1784 =( LENGTH_UNIT ( ) NAMED_UNIT ( * ) SI_UNIT ( .MILLI., .METRE. ) );
#1785 = UNCERTAINTY_MEASURE_WITH_UNIT (LENGTH_MEASURE( 1.000000000000000100E-005 ), #102, 'distance_accuracy_value', 'NONE');
#1786 = MECHANICAL_DESIGN_GEOMETRIC_PRESENTATION_REPRESENTATION (  '', ( #915 ), #2044 ) ;
#1787 = EDGE_CURVE ( 'NONE', #4286, #2548, #5040, .T. ) ;
#1788 = SURFACE_STYLE_FILL_AREA ( #2027 ) ;
#1789 = SURFACE_STYLE_FILL_AREA ( #4808 ) ;
#1790 = ORIENTED_EDGE ( 'NONE', *, *, #939, .T. ) ;
#1791 = CARTESIAN_POINT ( 'NONE',  ( 4.450000000000004600, -14.88999999999999500, 3.599999999999999600 ) ) ;
#1792 = PRODUCT_DEFINITION_SHAPE ( 'NONE', 'NONE',  #957 ) ;
#1793 = LINE ( 'NONE', #2933, #2756 ) ;
#1794 = LINE ( 'NONE', #2718, #3413 ) ;
#1795 =( NAMED_UNIT ( * ) SI_UNIT ( $, .STERADIAN. ) SOLID_ANGLE_UNIT ( ) );
#1796 = LINE ( 'NONE', #3289, #4001 ) ;
#1797 = ORIENTED_EDGE ( 'NONE', *, *, #1674, .F. ) ;
#1798 = EDGE_CURVE ( 'NONE', #3935, #4412, #2951, .T. ) ;
#1799 = STYLED_ITEM ( 'NONE', ( #2897 ), #2075 ) ;
#1800 = FACE_OUTER_BOUND ( 'NONE', #2871, .T. ) ;
#1801 = SURFACE_STYLE_FILL_AREA ( #137 ) ;
#1802 = PRESENTATION_LAYER_ASSIGNMENT (  '', '', ( #1199 ) ) ;
#1803 = VERTEX_POINT ( 'NONE', #4142 ) ;
#1804 = FACE_OUTER_BOUND ( 'NONE', #189, .T. ) ;
#1805 = ORIENTED_EDGE ( 'NONE', *, *, #2051, .F. ) ;
#1806 = VECTOR ( 'NONE', #757, 1000.000000000000000 ) ;
#1807 = COLOUR_RGB ( '',0.8039215686274510100, 0.4980392156862745200, 0.1960784313725490200 ) ;
#1808 = FILL_AREA_STYLE ('',( #2206 ) ) ;
#1809 = ORIENTED_EDGE ( 'NONE', *, *, #875, .F. ) ;
#1810 = CARTESIAN_POINT ( 'NONE',  ( -24.59999999999999800, 23.00000000000000400, 3.499999999999999600 ) ) ;
#1811 = VERTEX_POINT ( 'NONE', #802 ) ;
#1812 = PLANE ( 'NONE',  #5146 ) ;
#1813 = ADVANCED_FACE ( 'NONE', ( #5361 ), #1641, .T. ) ;
#1814 = ORIENTED_EDGE ( 'NONE', *, *, #2212, .T. ) ;
#1815 = AXIS2_PLACEMENT_3D ( 'NONE', #2707, #508, #5192 ) ;
#1816 = CARTESIAN_POINT ( 'NONE',  ( 2.292804417805865700, -85.49999999999998600, 3.399999999999999900 ) ) ;
#1817 = COLOUR_RGB ( '',0.8039215686274510100, 0.4980392156862745200, 0.1960784313725490200 ) ;
#1818 = UNCERTAINTY_MEASURE_WITH_UNIT (LENGTH_MEASURE( 1.000000000000000100E-005 ), #5306, 'distance_accuracy_value', 'NONE');
#1819 = AXIS2_PLACEMENT_3D ( 'NONE', #1623, #376, #822 ) ;
#1820 = EDGE_CURVE ( 'NONE', #2677, #2777, #4987, .T. ) ;
#1821 = CARTESIAN_POINT ( 'NONE',  ( -0.5571955821941343400, -82.49999999999998600, 3.399999999999999900 ) ) ;
#1822 = LINE ( 'NONE', #2830, #1541 ) ;
#1823 =( LENGTH_UNIT ( ) NAMED_UNIT ( * ) SI_UNIT ( .MILLI., .METRE. ) );
#1824 = AXIS2_PLACEMENT_3D ( 'NONE', #1719, #1076, #1935 ) ;
#1825 =( GEOMETRIC_REPRESENTATION_CONTEXT ( 3 ) GLOBAL_UNCERTAINTY_ASSIGNED_CONTEXT ( ( #1467 ) ) GLOBAL_UNIT_ASSIGNED_CONTEXT ( ( #1784, #4700, #2198 ) ) REPRESENTATION_CONTEXT ( 'NONE', 'WORKASPACE' ) );
#1826 = EDGE_CURVE ( 'NONE', #3778, #4992, #3886, .T. ) ;
#1827 = DIRECTION ( 'NONE',  ( 0.0000000000000000000, -0.0000000000000000000, 1.000000000000000000 ) ) ;
#1828 = SURFACE_SIDE_STYLE ('',( #1789 ) ) ;
#1829 = FILL_AREA_STYLE_COLOUR ( '', #2958 ) ;
#1830 = ORIENTED_EDGE ( 'NONE', *, *, #1723, .F. ) ;
#1831 = ORIENTED_EDGE ( 'NONE', *, *, #4335, .F. ) ;
#1832 = VECTOR ( 'NONE', #499, 1000.000000000000000 ) ;
#1833 = EDGE_CURVE ( 'NONE', #663, #1141, #519, .T. ) ;
#1834 = ORIENTED_EDGE ( 'NONE', *, *, #3900, .T. ) ;
#1835 =( GEOMETRIC_REPRESENTATION_CONTEXT ( 3 ) GLOBAL_UNCERTAINTY_ASSIGNED_CONTEXT ( ( #3089 ) ) GLOBAL_UNIT_ASSIGNED_CONTEXT ( ( #641, #2819, #4889 ) ) REPRESENTATION_CONTEXT ( 'NONE', 'WORKASPACE' ) );
#1836 = ORIENTED_EDGE ( 'NONE', *, *, #1951, .F. ) ;
#1837 = FILL_AREA_STYLE ('',( #2664 ) ) ;
#1838 =( LENGTH_UNIT ( ) NAMED_UNIT ( * ) SI_UNIT ( .MILLI., .METRE. ) );
#1839 = ORIENTED_EDGE ( 'NONE', *, *, #2318, .T. ) ;
#1840 = CARTESIAN_POINT ( 'NONE',  ( -24.59999999999999800, 23.80000000000000100, 2.250000000000000000 ) ) ;
#1841 = ORIENTED_EDGE ( 'NONE', *, *, #1798, .F. ) ;
#1842 = VECTOR ( 'NONE', #372, 1000.000000000000000 ) ;
#1843 = CARTESIAN_POINT ( 'NONE',  ( 20.10000000000000100, -23.64999999999999900, -58.50000000000000000 ) ) ;
#1844 = EDGE_LOOP ( 'NONE', ( #4771, #2264, #3657, #4716, #2216, #1976, #3173, #4241 ) ) ;
#1845 = FACE_OUTER_BOUND ( 'NONE', #3006, .T. ) ;
#1846 = COLOUR_RGB ( '',0.8039215686274510100, 0.4980392156862745200, 0.1960784313725490200 ) ;
#1847 = ORIENTED_EDGE ( 'NONE', *, *, #1348, .F. ) ;
#1848 = STYLED_ITEM ( 'NONE', ( #1001 ), #426 ) ;
#1849 = FACE_OUTER_BOUND ( 'NONE', #2148, .T. ) ;
#1850 = VECTOR ( 'NONE', #2704, 1000.000000000000000 ) ;
#1851 = ORIENTED_EDGE ( 'NONE', *, *, #344, .F. ) ;
#1852 = FACE_OUTER_BOUND ( 'NONE', #4897, .T. ) ;
#1853 = DIRECTION ( 'NONE',  ( -0.0000000000000000000, -1.000000000000000000, -0.0000000000000000000 ) ) ;
#1854 = CIRCLE ( 'NONE', #5400, 2.069230769230771200 ) ;
#1855 = PLANE ( 'NONE',  #2052 ) ;
#1856 = LINE ( 'NONE', #3678, #4907 ) ;
#1857 = ORIENTED_EDGE ( 'NONE', *, *, #3129, .T. ) ;
#1858 = CYLINDRICAL_SURFACE ( 'NONE', #3387, 1.000000000000000900 ) ;
#1859 = VECTOR ( 'NONE', #393, 1000.000000000000000 ) ;
#1860 = DIRECTION ( 'NONE',  ( -0.0000000000000000000, -0.0000000000000000000, 1.000000000000000000 ) ) ;
#1861 = VECTOR ( 'NONE', #1330, 1000.000000000000000 ) ;
#1862 = COLOUR_RGB ( '',1.000000000000000000, 0.0000000000000000000, 0.0000000000000000000 ) ;
#1863 = ORIENTED_EDGE ( 'NONE', *, *, #4833, .F. ) ;
#1864 = CARTESIAN_POINT ( 'NONE',  ( -3.107195582194134600, -82.49999999999998600, 3.399999999999999900 ) ) ;
#1865 = EDGE_CURVE ( 'NONE', #483, #2225, #1652, .T. ) ;
#1866 = VERTEX_POINT ( 'NONE', #1093 ) ;
#1867 = AXIS2_PLACEMENT_3D ( 'NONE', #2614, #5042, #2114 ) ;
#1868 = ORIENTED_EDGE ( 'NONE', *, *, #3605, .F. ) ;
#1869 = LINE ( 'NONE', #262, #3959 ) ;
#1870 = EDGE_CURVE ( 'NONE', #697, #83, #3741, .T. ) ;
#1871 = SURFACE_SIDE_STYLE ('',( #3807 ) ) ;
#1872 =( NAMED_UNIT ( * ) SI_UNIT ( $, .STERADIAN. ) SOLID_ANGLE_UNIT ( ) );
#1873 = CARTESIAN_POINT ( 'NONE',  ( 0.2528044178058655400, -0.0000000000000000000, 3.499999999999999600 ) ) ;
#1874 = FILL_AREA_STYLE ('',( #1025 ) ) ;
#1875 =( NAMED_UNIT ( * ) PLANE_ANGLE_UNIT ( ) SI_UNIT ( $, .RADIAN. ) );
#1876 = VECTOR ( 'NONE', #4559, 1000.000000000000000 ) ;
#1877 = PLANE ( 'NONE',  #4036 ) ;
#1878 = CARTESIAN_POINT ( 'NONE',  ( -3.317195582194134600, -85.49999999999998600, 3.399999999999999900 ) ) ;
#1879 =( GEOMETRIC_REPRESENTATION_CONTEXT ( 3 ) GLOBAL_UNCERTAINTY_ASSIGNED_CONTEXT ( ( #4848 ) ) GLOBAL_UNIT_ASSIGNED_CONTEXT ( ( #30, #2140, #5080 ) ) REPRESENTATION_CONTEXT ( 'NONE', 'WORKASPACE' ) );
#1880 = EDGE_CURVE ( 'NONE', #775, #329, #1517, .T. ) ;
#1881 = FILL_AREA_STYLE ('',( #610 ) ) ;
#1882 = CARTESIAN_POINT ( 'NONE',  ( 2.292804417805865700, -85.49999999999998600, 3.399999999999999900 ) ) ;
#1883 = VECTOR ( 'NONE', #405, 1000.000000000000000 ) ;
#1884 =( GEOMETRIC_REPRESENTATION_CONTEXT ( 3 ) GLOBAL_UNCERTAINTY_ASSIGNED_CONTEXT ( ( #3049 ) ) GLOBAL_UNIT_ASSIGNED_CONTEXT ( ( #579, #3523, #3955 ) ) REPRESENTATION_CONTEXT ( 'NONE', 'WORKASPACE' ) );
#1885 = EDGE_CURVE ( 'NONE', #1523, #5390, #3615, .T. ) ;
#1886 = AXIS2_PLACEMENT_3D ( 'NONE', #702, #3224, #1112 ) ;
#1887 = CARTESIAN_POINT ( 'NONE',  ( 2.292804417805865700, -82.49999999999998600, 3.399999999999999900 ) ) ;
#1888 =( NAMED_UNIT ( * ) PLANE_ANGLE_UNIT ( ) SI_UNIT ( $, .RADIAN. ) );
#1889 = ORIENTED_EDGE ( 'NONE', *, *, #1068, .T. ) ;
#1890 = ORIENTED_EDGE ( 'NONE', *, *, #2696, .T. ) ;
#1891 =( NAMED_UNIT ( * ) SI_UNIT ( $, .STERADIAN. ) SOLID_ANGLE_UNIT ( ) );
#1892 = ORIENTED_EDGE ( 'NONE', *, *, #4122, .T. ) ;
#1893 = ORIENTED_EDGE ( 'NONE', *, *, #2900, .F. ) ;
#1894 = CARTESIAN_POINT ( 'NONE',  ( 16.59999999999999400, -22.24999999999999600, -63.50000000000000000 ) ) ;
#1895 = ORIENTED_EDGE ( 'NONE', *, *, #1099, .T. ) ;
#1896 =( LENGTH_UNIT ( ) NAMED_UNIT ( * ) SI_UNIT ( .MILLI., .METRE. ) );
#1897 = CYLINDRICAL_SURFACE ( 'NONE', #2410, 2.069230769230771200 ) ;
#1898 = ORIENTED_EDGE ( 'NONE', *, *, #3146, .T. ) ;
#1899 = FILL_AREA_STYLE ('',( #3557 ) ) ;
#1900 =( NAMED_UNIT ( * ) PLANE_ANGLE_UNIT ( ) SI_UNIT ( $, .RADIAN. ) );
#1901 = ORIENTED_EDGE ( 'NONE', *, *, #3561, .T. ) ;
#1902 = AXIS2_PLACEMENT_3D ( 'NONE', #400, #3354, #832 ) ;
#1903 =( LENGTH_UNIT ( ) NAMED_UNIT ( * ) SI_UNIT ( .MILLI., .METRE. ) );
#1904 = SURFACE_STYLE_USAGE ( .BOTH. , #2320 ) ;
#1905 = UNCERTAINTY_MEASURE_WITH_UNIT (LENGTH_MEASURE( 1.000000000000000100E-005 ), #4930, 'distance_accuracy_value', 'NONE');
#1906 = CARTESIAN_POINT ( 'NONE',  ( 5.450000000000005500, -23.19999999999999200, 4.000000000000000000 ) ) ;
#1907 = SURFACE_STYLE_USAGE ( .BOTH. , #4822 ) ;
#1908 = PLANE ( 'NONE',  #1455 ) ;
#1909 = VECTOR ( 'NONE', #3004, 1000.000000000000000 ) ;
#1910 = PRESENTATION_LAYER_ASSIGNMENT (  '', '', ( #1340 ) ) ;
#1911 =( NAMED_UNIT ( * ) SI_UNIT ( $, .STERADIAN. ) SOLID_ANGLE_UNIT ( ) );
#1912 = EDGE_CURVE ( 'NONE', #525, #2947, #661, .T. ) ;
#1913 = PLANE ( 'NONE',  #590 ) ;
#1914 = CARTESIAN_POINT ( 'NONE',  ( -24.59999999999999400, -14.88999999999999700, 4.000000000000000000 ) ) ;
#1915 = EDGE_LOOP ( 'NONE', ( #3745, #4566, #15, #965 ) ) ;
#1916 = CIRCLE ( 'NONE', #4114, 1.000000000000000900 ) ;
#1917 = DIRECTION ( 'NONE',  ( -0.0000000000000000000, -0.0000000000000000000, -1.000000000000000000 ) ) ;
#1918 = EDGE_CURVE ( 'NONE', #3330, #927, #2500, .T. ) ;
#1919 = VERTEX_POINT ( 'NONE', #3161 ) ;
#1920 = CARTESIAN_POINT ( 'NONE',  ( 18.09999999999999800, -23.64999999999999900, 0.0000000000000000000 ) ) ;
#1921 = VECTOR ( 'NONE', #1649, 1000.000000000000000 ) ;
#1922 = CARTESIAN_POINT ( 'NONE',  ( 19.54574314557210000, -23.73076923076922300, 0.0000000000000000000 ) ) ;
#1923 = DIRECTION ( 'NONE',  ( 0.0000000000000000000, -1.000000000000000000, 0.0000000000000000000 ) ) ;
#1924 = SURFACE_SIDE_STYLE ('',( #1759 ) ) ;
#1925 = CARTESIAN_POINT ( 'NONE',  ( 0.0000000000000000000, -82.49999999999998600, 3.399999999999999900 ) ) ;
#1926 = ORIENTED_EDGE ( 'NONE', *, *, #475, .F. ) ;
#1927 = EDGE_CURVE ( 'NONE', #428, #2145, #124, .T. ) ;
#1928 =( GEOMETRIC_REPRESENTATION_CONTEXT ( 3 ) GLOBAL_UNCERTAINTY_ASSIGNED_CONTEXT ( ( #3532 ) ) GLOBAL_UNIT_ASSIGNED_CONTEXT ( ( #3907, #963, #3492 ) ) REPRESENTATION_CONTEXT ( 'NONE', 'WORKASPACE' ) );
#1929 =( NAMED_UNIT ( * ) SI_UNIT ( $, .STERADIAN. ) SOLID_ANGLE_UNIT ( ) );
#1930 = COLOUR_RGB ( '',0.5019607843137254800, 0.5019607843137254800, 0.5019607843137254800 ) ;
#1931 = ORIENTED_EDGE ( 'NONE', *, *, #3274, .T. ) ;
#1932 =( NAMED_UNIT ( * ) PLANE_ANGLE_UNIT ( ) SI_UNIT ( $, .RADIAN. ) );
#1933 = LINE ( 'NONE', #2532, #2922 ) ;
#1934 = EDGE_CURVE ( 'NONE', #927, #2409, #1250, .T. ) ;
#1935 = DIRECTION ( 'NONE',  ( 1.000000000000000000, 0.0000000000000000000, 0.0000000000000000000 ) ) ;
#1936 = CARTESIAN_POINT ( 'NONE',  ( -22.09999999999999400, 19.59999999999999800, 3.750000000000000000 ) ) ;
#1937 = DIRECTION ( 'NONE',  ( -1.000000000000000000, 0.0000000000000000000, 0.0000000000000000000 ) ) ;
#1938 = DIRECTION ( 'NONE',  ( 0.0000000000000000000, 1.000000000000000000, 0.0000000000000000000 ) ) ;
#1939 = PRESENTATION_LAYER_ASSIGNMENT (  '', '', ( #1373 ) ) ;
#1940 = CARTESIAN_POINT ( 'NONE',  ( -24.59999999999999800, 23.80000000000000100, 0.0000000000000000000 ) ) ;
#1941 = MECHANICAL_DESIGN_GEOMETRIC_PRESENTATION_REPRESENTATION (  '', ( #1089 ), #2228 ) ;
#1942 = VERTEX_POINT ( 'NONE', #1488 ) ;
#1943 = EDGE_CURVE ( 'NONE', #969, #4532, #3487, .T. ) ;
#1944 = SURFACE_SIDE_STYLE ('',( #4555 ) ) ;
#1945 = LINE ( 'NONE', #77, #5022 ) ;
#1946 = CARTESIAN_POINT ( 'NONE',  ( -3.317195582194134600, 0.0000000000000000000, 3.399999999999999900 ) ) ;
#1947 = ORIENTED_EDGE ( 'NONE', *, *, #431, .T. ) ;
#1948 = EDGE_LOOP ( 'NONE', ( #3183, #41, #893, #520 ) ) ;
#1949 = SURFACE_SIDE_STYLE ('',( #1054 ) ) ;
#1950 = MECHANICAL_DESIGN_GEOMETRIC_PRESENTATION_REPRESENTATION (  '', ( #1098 ), #2238 ) ;
#1951 = EDGE_CURVE ( 'NONE', #3935, #2209, #3352, .T. ) ;
#1952 = ORIENTED_EDGE ( 'NONE', *, *, #4227, .T. ) ;
#1953 = FACE_OUTER_BOUND ( 'NONE', #4440, .T. ) ;
#1954 = PLANE ( 'NONE',  #5378 ) ;
#1955 = FILL_AREA_STYLE_COLOUR ( '', #938 ) ;
#1956 = AXIS2_PLACEMENT_3D ( 'NONE', #3627, #686, #3199 ) ;
#1957 = ORIENTED_EDGE ( 'NONE', *, *, #3378, .T. ) ;
#1958 = VERTEX_POINT ( 'NONE', #2319 ) ;
#1959 = CARTESIAN_POINT ( 'NONE',  ( 3.597804417805865900, -29.49999999999999300, 3.499999999999999600 ) ) ;
#1960 = ORIENTED_EDGE ( 'NONE', *, *, #3915, .F. ) ;
#1961 = ORIENTED_EDGE ( 'NONE', *, *, #5303, .T. ) ;
#1962 = VECTOR ( 'NONE', #4757, 1000.000000000000000 ) ;
#1963 = FACE_OUTER_BOUND ( 'NONE', #1783, .T. ) ;
#1964 = DIRECTION ( 'NONE',  ( -0.0000000000000000000, -0.0000000000000000000, 1.000000000000000000 ) ) ;
#1965 = SURFACE_STYLE_USAGE ( .BOTH. , #4882 ) ;
#1966 =( GEOMETRIC_REPRESENTATION_CONTEXT ( 3 ) GLOBAL_UNCERTAINTY_ASSIGNED_CONTEXT ( ( #4817 ) ) GLOBAL_UNIT_ASSIGNED_CONTEXT ( ( #3122, #3989, #1911 ) ) REPRESENTATION_CONTEXT ( 'NONE', 'WORKASPACE' ) );
#1967 = SURFACE_STYLE_FILL_AREA ( #4166 ) ;
#1968 = LINE ( 'NONE', #2201, #4199 ) ;
#1969 = CARTESIAN_POINT ( 'NONE',  ( 22.09999999999999400, 20.60000000000000100, 3.750000000000000000 ) ) ;
#1970 = ORIENTED_EDGE ( 'NONE', *, *, #636, .F. ) ;
#1971 = VECTOR ( 'NONE', #1047, 1000.000000000000000 ) ;
#1972 =( NAMED_UNIT ( * ) SI_UNIT ( $, .STERADIAN. ) SOLID_ANGLE_UNIT ( ) );
#1973 = VECTOR ( 'NONE', #5222, 1000.000000000000000 ) ;
#1974 = APPLICATION_PROTOCOL_DEFINITION ( 'draft international standard', 'automotive_design', 1998, #4416 ) ;
#1975 = ORIENTED_EDGE ( 'NONE', *, *, #4358, .T. ) ;
#1976 = ORIENTED_EDGE ( 'NONE', *, *, #4811, .T. ) ;
#1977 = ADVANCED_FACE ( 'NONE', ( #3213 ), #633, .T. ) ;
#1978 = VERTEX_POINT ( 'NONE', #4815 ) ;
#1979 = PLANE ( 'NONE',  #3625 ) ;
#1980 = ORIENTED_EDGE ( 'NONE', *, *, #4949, .F. ) ;
#1981 =( GEOMETRIC_REPRESENTATION_CONTEXT ( 3 ) GLOBAL_UNCERTAINTY_ASSIGNED_CONTEXT ( ( #37 ) ) GLOBAL_UNIT_ASSIGNED_CONTEXT ( ( #4287, #3795, #3368 ) ) REPRESENTATION_CONTEXT ( 'NONE', 'WORKASPACE' ) );
#1982 = EDGE_CURVE ( 'NONE', #3189, #3522, #3944, .T. ) ;
#1983 =( LENGTH_UNIT ( ) NAMED_UNIT ( * ) SI_UNIT ( .MILLI., .METRE. ) );
#1984 = ORIENTED_EDGE ( 'NONE', *, *, #2596, .F. ) ;
#1985 = ORIENTED_EDGE ( 'NONE', *, *, #1472, .T. ) ;
#1986 = DIRECTION ( 'NONE',  ( 0.0000000000000000000, 1.000000000000000000, 0.0000000000000000000 ) ) ;
#1987 = PRESENTATION_LAYER_ASSIGNMENT (  '', '', ( #1416 ) ) ;
#1988 = DIRECTION ( 'NONE',  ( 0.0000000000000000000, 0.0000000000000000000, 1.000000000000000000 ) ) ;
#1989 = STYLED_ITEM ( 'NONE', ( #1628 ), #1756 ) ;
#1990 =( NAMED_UNIT ( * ) PLANE_ANGLE_UNIT ( ) SI_UNIT ( $, .RADIAN. ) );
#1991 = CARTESIAN_POINT ( 'NONE',  ( 19.54574314557210000, -23.73076923076922300, 0.0000000000000000000 ) ) ;
#1992 = DIRECTION ( 'NONE',  ( 0.0000000000000000000, 0.0000000000000000000, 1.000000000000000000 ) ) ;
#1993 = ADVANCED_BREP_SHAPE_REPRESENTATION ( 'NHD-C160100DiZ', ( #1033, #4037, #681 ), #1835 ) ;
#1994 =( NAMED_UNIT ( * ) PLANE_ANGLE_UNIT ( ) SI_UNIT ( $, .RADIAN. ) );
#1995 = PLANE ( 'NONE',  #4178 ) ;
#1996 = SURFACE_STYLE_USAGE ( .BOTH. , #4917 ) ;
#1997 = LINE ( 'NONE', #3710, #1876 ) ;
#1998 = DIRECTION ( 'NONE',  ( -0.0000000000000000000, -0.0000000000000000000, 1.000000000000000000 ) ) ;
#1999 = CARTESIAN_POINT ( 'NONE',  ( -3.317195582194135000, -85.49999999999998600, 3.499999999999999600 ) ) ;
#2000 = DIRECTION ( 'NONE',  ( -0.0000000000000000000, -0.0000000000000000000, -1.000000000000000000 ) ) ;
#2001 = DIRECTION ( 'NONE',  ( 0.0000000000000000000, 1.000000000000000000, 0.0000000000000000000 ) ) ;
#2002 = UNCERTAINTY_MEASURE_WITH_UNIT (LENGTH_MEASURE( 1.000000000000000100E-005 ), #5006, 'distance_accuracy_value', 'NONE');
#2003 =( NAMED_UNIT ( * ) PLANE_ANGLE_UNIT ( ) SI_UNIT ( $, .RADIAN. ) );
#2004 = AXIS2_PLACEMENT_3D ( 'NONE', #2437, #454, #1005 ) ;
#2005 = LINE ( 'NONE', #2259, #4239 ) ;
#2006 = EDGE_CURVE ( 'NONE', #3712, #4738, #2836, .T. ) ;
#2007 = CARTESIAN_POINT ( 'NONE',  ( 21.59999999999999400, -22.24999999999999600, -63.50000000000000000 ) ) ;
#2008 = VERTEX_POINT ( 'NONE', #598 ) ;
#2009 = CARTESIAN_POINT ( 'NONE',  ( 19.54574314557210000, -23.73076923076922300, 2.000000000000000000 ) ) ;
#2010 = ORIENTED_EDGE ( 'NONE', *, *, #3073, .F. ) ;
#2011 = CARTESIAN_POINT ( 'NONE',  ( 0.0000000000000000000, -85.49999999999998600, 3.399999999999999900 ) ) ;
#2012 = FILL_AREA_STYLE_COLOUR ( '', #2705 ) ;
#2013 = EDGE_LOOP ( 'NONE', ( #2066, #489, #1181, #3484 ) ) ;
#2014 = AXIS2_PLACEMENT_3D ( 'NONE', #1249, #3139, #541 ) ;
#2015 = AXIS2_PLACEMENT_3D ( 'NONE', #1843, #2657, #4728 ) ;
#2016 = EDGE_CURVE ( 'NONE', #1773, #1422, #2692, .T. ) ;
#2017 = ORIENTED_EDGE ( 'NONE', *, *, #533, .T. ) ;
#2018 = ORIENTED_EDGE ( 'NONE', *, *, #4391, .F. ) ;
#2019 = DIRECTION ( 'NONE',  ( -0.0000000000000000000, -0.0000000000000000000, -1.000000000000000000 ) ) ;
#2020 = SURFACE_SIDE_STYLE ('',( #2345 ) ) ;
#2021 = ORIENTED_EDGE ( 'NONE', *, *, #3462, .F. ) ;
#2022 = VECTOR ( 'NONE', #2907, 1000.000000000000000 ) ;
#2023 = ORIENTED_EDGE ( 'NONE', *, *, #4833, .T. ) ;
#2024 = ORIENTED_EDGE ( 'NONE', *, *, #1749, .T. ) ;
#2025 = VECTOR ( 'NONE', #1285, 1000.000000000000000 ) ;
#2026 = LINE ( 'NONE', #2376, #3131 ) ;
#2027 = FILL_AREA_STYLE ('',( #4104 ) ) ;
#2028 = ORIENTED_EDGE ( 'NONE', *, *, #721, .T. ) ;
#2029 = ADVANCED_FACE ( 'NONE', ( #447 ), #2278, .T. ) ;
#2030 = UNCERTAINTY_MEASURE_WITH_UNIT (LENGTH_MEASURE( 1.000000000000000100E-005 ), #1598, 'distance_accuracy_value', 'NONE');
#2031 = FACE_OUTER_BOUND ( 'NONE', #3734, .T. ) ;
#2032 = SURFACE_STYLE_USAGE ( .BOTH. , #4541 ) ;
#2033 = EDGE_CURVE ( 'NONE', #630, #1485, #58, .T. ) ;
#2034 = ORIENTED_EDGE ( 'NONE', *, *, #109, .F. ) ;
#2035 = DIRECTION ( 'NONE',  ( 0.0000000000000000000, 1.000000000000000000, 0.0000000000000000000 ) ) ;
#2036 = DIRECTION ( 'NONE',  ( -1.000000000000000000, 1.445602896647337900E-016, 0.0000000000000000000 ) ) ;
#2037 = ORIENTED_EDGE ( 'NONE', *, *, #1320, .F. ) ;
#2038 = FACE_OUTER_BOUND ( 'NONE', #1372, .T. ) ;
#2039 = CARTESIAN_POINT ( 'NONE',  ( -3.902195582194141200, -31.43802982736946600, 3.499999999999999600 ) ) ;
#2040 = ORIENTED_EDGE ( 'NONE', *, *, #4400, .T. ) ;
#2041 = VECTOR ( 'NONE', #4152, 1000.000000000000000 ) ;
#2042 = CARTESIAN_POINT ( 'NONE',  ( 0.0000000000000000000, -82.49999999999998600, 3.399999999999999900 ) ) ;
#2043 = PRESENTATION_STYLE_ASSIGNMENT (( #1097 ) ) ;
#2044 =( GEOMETRIC_REPRESENTATION_CONTEXT ( 3 ) GLOBAL_UNCERTAINTY_ASSIGNED_CONTEXT ( ( #5073 ) ) GLOBAL_UNIT_ASSIGNED_CONTEXT ( ( #3512, #1875, #585 ) ) REPRESENTATION_CONTEXT ( 'NONE', 'WORKASPACE' ) );
#2045 = EDGE_CURVE ( 'NONE', #2430, #4532, #3422, .T. ) ;
#2047 = ORIENTED_EDGE ( 'NONE', *, *, #13, .T. ) ;
#2046 = CARTESIAN_POINT ( 'NONE',  ( 23.09999999999999100, 19.59999999999999800, 3.750000000000000000 ) ) ;
#2048 = CARTESIAN_POINT ( 'NONE',  ( 22.10000000000000500, -23.19999999999998900, 0.0000000000000000000 ) ) ;
#2049 = STYLED_ITEM ( 'NONE', ( #577 ), #4211 ) ;
#2050 = LINE ( 'NONE', #3347, #3294 ) ;
#2051 = EDGE_CURVE ( 'NONE', #4498, #4675, #4389, .T. ) ;
#2052 = AXIS2_PLACEMENT_3D ( 'NONE', #967, #2665, #5167 ) ;
#2053 = MECHANICAL_DESIGN_GEOMETRIC_PRESENTATION_REPRESENTATION (  '', ( #1199 ), #2338 ) ;
#2054 = VECTOR ( 'NONE', #4620, 1000.000000000000000 ) ;
#2055 = CARTESIAN_POINT ( 'NONE',  ( -24.59999999999999400, -14.88999999999999700, 3.750000000000000000 ) ) ;
#2056 = DIRECTION ( 'NONE',  ( -0.0000000000000000000, -0.0000000000000000000, 1.000000000000000000 ) ) ;
#2057 = ADVANCED_FACE ( 'NONE', ( #3276 ), #1855, .T. ) ;
#2058 = PLANE ( 'NONE',  #3489 ) ;
#2059 = UNCERTAINTY_MEASURE_WITH_UNIT (LENGTH_MEASURE( 1.000000000000000100E-005 ), #2990, 'distance_accuracy_value', 'NONE');
#2060 = DIRECTION ( 'NONE',  ( -0.0000000000000000000, -0.0000000000000000000, 1.000000000000000000 ) ) ;
#2061 = SURFACE_STYLE_USAGE ( .BOTH. , #5388 ) ;
#2062 = CARTESIAN_POINT ( 'NONE',  ( 0.7628044178058656100, 0.0000000000000000000, 3.399999999999999900 ) ) ;
#2063 = STYLED_ITEM ( 'NONE', ( #332 ), #878 ) ;
#2064 = UNCERTAINTY_MEASURE_WITH_UNIT (LENGTH_MEASURE( 1.000000000000000100E-005 ), #5407, 'distance_accuracy_value', 'NONE');
#2065 = DIRECTION ( 'NONE',  ( -1.000000000000000000, 0.0000000000000000000, 0.0000000000000000000 ) ) ;
#2066 = ORIENTED_EDGE ( 'NONE', *, *, #899, .F. ) ;
#2067 = EDGE_LOOP ( 'NONE', ( #1693, #1513, #3587, #2387 ) ) ;
#2068 = CYLINDRICAL_SURFACE ( 'NONE', #2772, 1.000000000000000900 ) ;
#2069 = DIRECTION ( 'NONE',  ( 0.0000000000000000000, -1.000000000000000000, 0.0000000000000000000 ) ) ;
#2070 = DIRECTION ( 'NONE',  ( 0.0000000000000000000, 1.000000000000000000, 0.0000000000000000000 ) ) ;
#2071 = ORIENTED_EDGE ( 'NONE', *, *, #3054, .T. ) ;
#2072 = FILL_AREA_STYLE_COLOUR ( '', #2222 ) ;
#2073 = PRESENTATION_LAYER_ASSIGNMENT (  '', '', ( #1520 ) ) ;
#2074 = ORIENTED_EDGE ( 'NONE', *, *, #4949, .T. ) ;
#2075 = ADVANCED_FACE ( 'NONE', ( #4982 ), #3482, .T. ) ;
#2076 = FILL_AREA_STYLE_COLOUR ( '', #3269 ) ;
#2077 = ORIENTED_EDGE ( 'NONE', *, *, #3001, .F. ) ;
#2078 = VERTEX_POINT ( 'NONE', #3051 ) ;
#2079 = EDGE_CURVE ( 'NONE', #2967, #775, #252, .T. ) ;
#2080 = CARTESIAN_POINT ( 'NONE',  ( -24.59999999999999400, -14.88999999999999700, 3.750000000000000000 ) ) ;
#2081 =( NAMED_UNIT ( * ) SI_UNIT ( $, .STERADIAN. ) SOLID_ANGLE_UNIT ( ) );
#2082 = CARTESIAN_POINT ( 'NONE',  ( 24.60000000000000100, 23.00000000000000700, 3.750000000000000000 ) ) ;
#2083 = SURFACE_SIDE_STYLE ('',( #594 ) ) ;
#2084 = ORIENTED_EDGE ( 'NONE', *, *, #141, .F. ) ;
#2085 = PRESENTATION_LAYER_ASSIGNMENT (  '', '', ( #1527 ) ) ;
#2086 = DIRECTION ( 'NONE',  ( 0.0000000000000000000, 0.0000000000000000000, -1.000000000000000000 ) ) ;
#2087 = ORIENTED_EDGE ( 'NONE', *, *, #1826, .F. ) ;
#2088 = EDGE_CURVE ( 'NONE', #3330, #3221, #4595, .T. ) ;
#2089 = VECTOR ( 'NONE', #133, 1000.000000000000000 ) ;
#2090 = VERTEX_POINT ( 'NONE', #5138 ) ;
#2091 = SURFACE_STYLE_USAGE ( .BOTH. , #4604 ) ;
#2092 = ADVANCED_FACE ( 'NONE', ( #4450 ), #1812, .F. ) ;
#2093 = DIRECTION ( 'NONE',  ( 1.000000000000000000, -0.0000000000000000000, -0.0000000000000000000 ) ) ;
#2094 = VECTOR ( 'NONE', #971, 1000.000000000000000 ) ;
#2095 = SURFACE_STYLE_FILL_AREA ( #5069 ) ;
#2096 = DIRECTION ( 'NONE',  ( -0.0000000000000000000, -0.0000000000000000000, -1.000000000000000000 ) ) ;
#2097 = EDGE_CURVE ( 'NONE', #3513, #1506, #4066, .T. ) ;
#2098 = FILL_AREA_STYLE ('',( #4102 ) ) ;
#2099 = AXIS2_PLACEMENT_3D ( 'NONE', #2120, #3185, #1478 ) ;
#2100 = SURFACE_STYLE_USAGE ( .BOTH. , #5028 ) ;
#2101 = LINE ( 'NONE', #826, #4198 ) ;
#2102 = LINE ( 'NONE', #2766, #1850 ) ;
#2103 = CARTESIAN_POINT ( 'NONE',  ( -1.787195582194134500, -82.49999999999998600, 3.499999999999999600 ) ) ;
#2104 = LINE ( 'NONE', #1873, #1973 ) ;
#2105 = ORIENTED_EDGE ( 'NONE', *, *, #3654, .T. ) ;
#2106 = CARTESIAN_POINT ( 'NONE',  ( -3.107195582194123100, 4.491770934069635000E-016, 3.399999999999999900 ) ) ;
#2107 =( NAMED_UNIT ( * ) SI_UNIT ( $, .STERADIAN. ) SOLID_ANGLE_UNIT ( ) );
#2108 = CARTESIAN_POINT ( 'NONE',  ( -6.899999999999996800, -23.19999999999999200, 4.000000000000000000 ) ) ;
#2109 =( NAMED_UNIT ( * ) SI_UNIT ( $, .STERADIAN. ) SOLID_ANGLE_UNIT ( ) );
#2110 = DIRECTION ( 'NONE',  ( 0.0000000000000000000, 0.0000000000000000000, 1.000000000000000000 ) ) ;
#2111 = PRESENTATION_STYLE_ASSIGNMENT (( #3147 ) ) ;
#2112 = ORIENTED_EDGE ( 'NONE', *, *, #1052, .F. ) ;
#2113 = FACE_OUTER_BOUND ( 'NONE', #4957, .T. ) ;
#2114 = DIRECTION ( 'NONE',  ( 2.175883946035506500E-016, -1.000000000000000000, 0.0000000000000000000 ) ) ;
#2115 = ORIENTED_EDGE ( 'NONE', *, *, #1307, .F. ) ;
#2116 = SURFACE_STYLE_FILL_AREA ( #4746 ) ;
#2117 = ORIENTED_EDGE ( 'NONE', *, *, #4473, .F. ) ;
#2118 = AXIS2_PLACEMENT_3D ( 'NONE', #2106, #2528, #5035 ) ;
#2119 = CARTESIAN_POINT ( 'NONE',  ( 3.597804417805865900, -85.49999999999998600, 3.499999999999999600 ) ) ;
#2120 = CARTESIAN_POINT ( 'NONE',  ( 22.10000000000000500, -23.80000000000000100, 2.250000000000000000 ) ) ;
#2121 = SURFACE_STYLE_FILL_AREA ( #678 ) ;
#2122 = ADVANCED_FACE ( 'NONE', ( #2965 ), #2575, .T. ) ;
#2123 = DIRECTION ( 'NONE',  ( -0.0000000000000000000, -0.0000000000000000000, 1.000000000000000000 ) ) ;
#2124 = DIRECTION ( 'NONE',  ( 1.000000000000000000, -0.0000000000000000000, -0.0000000000000000000 ) ) ;
#2125 = CARTESIAN_POINT ( 'NONE',  ( 0.9728044178058776700, -1.406288884251503900E-016, 3.499999999999999600 ) ) ;
#2126 = SURFACE_STYLE_FILL_AREA ( #5177 ) ;
#2127 =( NAMED_UNIT ( * ) PLANE_ANGLE_UNIT ( ) SI_UNIT ( $, .RADIAN. ) );
#2128 = DIRECTION ( 'NONE',  ( 1.000000000000000000, 0.0000000000000000000, 0.0000000000000000000 ) ) ;
#2129 = EDGE_CURVE ( 'NONE', #1691, #4016, #1854, .T. ) ;
#2130 = FILL_AREA_STYLE ('',( #861 ) ) ;
#2131 = UNCERTAINTY_MEASURE_WITH_UNIT (LENGTH_MEASURE( 1.000000000000000100E-005 ), #1838, 'distance_accuracy_value', 'NONE');
#2132 = SURFACE_STYLE_FILL_AREA ( #2878 ) ;
#2133 = SURFACE_STYLE_USAGE ( .BOTH. , #427 ) ;
#2134 = EDGE_CURVE ( 'NONE', #2078, #4709, #708, .T. ) ;
#2135 = CARTESIAN_POINT ( 'NONE',  ( -21.79999999999999000, -23.19999999999999600, 2.250000000000000000 ) ) ;
#2136 = PLANE ( 'NONE',  #403 ) ;
#2137 = CARTESIAN_POINT ( 'NONE',  ( -24.59999999999999800, -21.99999999999999600, 3.499999999999999600 ) ) ;
#2138 = CARTESIAN_POINT ( 'NONE',  ( -0.5571955821941343400, -82.49999999999998600, 3.399999999999999900 ) ) ;
#2139 = VECTOR ( 'NONE', #3086, 1000.000000000000000 ) ;
#2140 =( NAMED_UNIT ( * ) PLANE_ANGLE_UNIT ( ) SI_UNIT ( $, .RADIAN. ) );
#2141 = ORIENTED_EDGE ( 'NONE', *, *, #2932, .F. ) ;
#2142 = ORIENTED_EDGE ( 'NONE', *, *, #811, .F. ) ;
#2143 = CARTESIAN_POINT ( 'NONE',  ( 3.597804417805865900, -85.49999999999998600, 3.499999999999999600 ) ) ;
#2144 = ADVANCED_FACE ( 'NONE', ( #3937 ), #3498, .T. ) ;
#2145 = VERTEX_POINT ( 'NONE', #3692 ) ;
#2146 = COLOUR_RGB ( '',0.8039215686274510100, 0.4980392156862745200, 0.1960784313725490200 ) ;
#2147 = DIRECTION ( 'NONE',  ( 1.000000000000000000, -0.0000000000000000000, -0.0000000000000000000 ) ) ;
#2148 = EDGE_LOOP ( 'NONE', ( #1423, #5207, #553, #4303 ) ) ;
#2149 = SURFACE_SIDE_STYLE ('',( #1454 ) ) ;
#2150 = ORIENTED_EDGE ( 'NONE', *, *, #209, .T. ) ;
#2151 = VECTOR ( 'NONE', #4121, 1000.000000000000000 ) ;
#2152 = SURFACE_SIDE_STYLE ('',( #1432 ) ) ;
#2153 = EDGE_CURVE ( 'NONE', #904, #3935, #4663, .T. ) ;
#2154 = DIRECTION ( 'NONE',  ( -0.0000000000000000000, -0.0000000000000000000, -1.000000000000000000 ) ) ;
#2155 = VERTEX_POINT ( 'NONE', #1256 ) ;
#2156 = PRESENTATION_STYLE_ASSIGNMENT (( #2133 ) ) ;
#2157 = UNCERTAINTY_MEASURE_WITH_UNIT (LENGTH_MEASURE( 1.000000000000000100E-005 ), #4814, 'distance_accuracy_value', 'NONE');
#2158 = DIRECTION ( 'NONE',  ( 1.000000000000000000, -0.0000000000000000000, -0.0000000000000000000 ) ) ;
#2159 = DIRECTION ( 'NONE',  ( 0.0000000000000000000, -1.000000000000000000, 0.0000000000000000000 ) ) ;
#2160 = CARTESIAN_POINT ( 'NONE',  ( 22.09999999999999400, 20.60000000000000100, 3.750000000000000000 ) ) ;
#2161 = STYLED_ITEM ( 'NONE', ( #1175 ), #4086 ) ;
#2162 = CARTESIAN_POINT ( 'NONE',  ( 22.09999999999999800, -12.28999999999999600, 4.000000000000000000 ) ) ;
#2163 = EDGE_CURVE ( 'NONE', #2674, #1155, #314, .T. ) ;
#2164 = STYLED_ITEM ( 'NONE', ( #2111 ), #1977 ) ;
#2165 = FACE_OUTER_BOUND ( 'NONE', #3893, .T. ) ;
#2166 = ORIENTED_EDGE ( 'NONE', *, *, #1880, .T. ) ;
#2167 = VECTOR ( 'NONE', #2416, 1000.000000000000000 ) ;
#2168 = COLOUR_RGB ( '',0.0000000000000000000, 0.5607843137254902000, 1.000000000000000000 ) ;
#2169 = PRESENTATION_STYLE_ASSIGNMENT (( #1439 ) ) ;
#2170 = AXIS2_PLACEMENT_3D ( 'NONE', #3043, #817, #3321 ) ;
#2171 = ORIENTED_EDGE ( 'NONE', *, *, #3229, .T. ) ;
#2172 = FACE_OUTER_BOUND ( 'NONE', #476, .T. ) ;
#2173 = COLOUR_RGB ( '',0.8039215686274510100, 0.4980392156862745200, 0.1960784313725490200 ) ;
#2174 = VERTEX_POINT ( 'NONE', #4895 ) ;
#2175 = CARTESIAN_POINT ( 'NONE',  ( 21.59999999999999400, -25.04999999999999700, -58.50000000000000000 ) ) ;
#2176 = VECTOR ( 'NONE', #3927, 1000.000000000000100 ) ;
#2177 = FILL_AREA_STYLE_COLOUR ( '', #304 ) ;
#2178 = ADVANCED_FACE ( 'NONE', ( #175 ), #409, .T. ) ;
#2179 = SURFACE_STYLE_FILL_AREA ( #804 ) ;
#2180 = DIRECTION ( 'NONE',  ( 0.0000000000000000000, -0.0000000000000000000, 1.000000000000000000 ) ) ;
#2181 =( NAMED_UNIT ( * ) SI_UNIT ( $, .STERADIAN. ) SOLID_ANGLE_UNIT ( ) );
#2182 = ORIENTED_EDGE ( 'NONE', *, *, #4894, .F. ) ;
#2183 = PRESENTATION_LAYER_ASSIGNMENT (  '', '', ( #1611 ) ) ;
#2184 = ORIENTED_EDGE ( 'NONE', *, *, #1865, .F. ) ;
#2185 = CARTESIAN_POINT ( 'NONE',  ( -22.09999999999999400, 20.60000000000000100, 4.000000000000000000 ) ) ;
#2186 = CARTESIAN_POINT ( 'NONE',  ( 1.992804417805865300, -85.49999999999998600, 3.499999999999999600 ) ) ;
#2187 = VECTOR ( 'NONE', #618, 1000.000000000000000 ) ;
#2188 = DIRECTION ( 'NONE',  ( 0.0000000000000000000, 1.000000000000000000, 0.0000000000000000000 ) ) ;
#2189 = VECTOR ( 'NONE', #479, 1000.000000000000000 ) ;
#2190 =( LENGTH_UNIT ( ) NAMED_UNIT ( * ) SI_UNIT ( .MILLI., .METRE. ) );
#2191 = ORIENTED_EDGE ( 'NONE', *, *, #47, .F. ) ;
#2192 = ORIENTED_EDGE ( 'NONE', *, *, #4094, .T. ) ;
#2193 = CARTESIAN_POINT ( 'NONE',  ( -24.59999999999999400, -14.88999999999999700, 3.499999999999999600 ) ) ;
#2194 = MECHANICAL_DESIGN_GEOMETRIC_PRESENTATION_REPRESENTATION (  '', ( #1340 ), #2460 ) ;
#2195 = VECTOR ( 'NONE', #4461, 1000.000000000000000 ) ;
#2196 = EDGE_CURVE ( 'NONE', #608, #2411, #2428, .T. ) ;
#2197 = PLANE ( 'NONE',  #4159 ) ;
#2198 =( NAMED_UNIT ( * ) SI_UNIT ( $, .STERADIAN. ) SOLID_ANGLE_UNIT ( ) );
#2199 = STYLED_ITEM ( 'NONE', ( #4380 ), #1643 ) ;
#2200 = EDGE_CURVE ( 'NONE', #4634, #197, #5233, .T. ) ;
#2201 = CARTESIAN_POINT ( 'NONE',  ( -6.899999999999996800, -23.19999999999999200, 3.499999999999999600 ) ) ;
#2202 = SURFACE_SIDE_STYLE ('',( #3075 ) ) ;
#2203 = VECTOR ( 'NONE', #3608, 1000.000000000000000 ) ;
#2204 = ADVANCED_FACE ( 'NONE', ( #4126 ), #2888, .T. ) ;
#2205 = EDGE_CURVE ( 'NONE', #4722, #1942, #770, .T. ) ;
#2206 = FILL_AREA_STYLE_COLOUR ( '', #2561 ) ;
#2207 = PRESENTATION_LAYER_ASSIGNMENT (  '', '', ( #2483 ) ) ;
#2208 = DIRECTION ( 'NONE',  ( -1.445602896647337900E-016, -1.000000000000000000, 0.0000000000000000000 ) ) ;
#2209 = VERTEX_POINT ( 'NONE', #5087 ) ;
#2210 = VERTEX_POINT ( 'NONE', #4229 ) ;
#2211 = CARTESIAN_POINT ( 'NONE',  ( 17.47651237634132900, -23.73076923076922300, 0.0000000000000000000 ) ) ;
#2212 = EDGE_CURVE ( 'NONE', #4709, #4045, #4973, .T. ) ;
#2213 = ORIENTED_EDGE ( 'NONE', *, *, #4626, .T. ) ;
#2214 = DIRECTION ( 'NONE',  ( -0.0000000000000000000, -0.0000000000000000000, 1.000000000000000000 ) ) ;
#2215 = PLANE ( 'NONE',  #3695 ) ;
#2216 = ORIENTED_EDGE ( 'NONE', *, *, #4571, .T. ) ;
#2217 = ORIENTED_EDGE ( 'NONE', *, *, #772, .T. ) ;
#2218 = MECHANICAL_DESIGN_GEOMETRIC_PRESENTATION_REPRESENTATION (  '', ( #1373 ), #2497 ) ;
#2219 = ORIENTED_EDGE ( 'NONE', *, *, #1787, .F. ) ;
#2220 = DIRECTION ( 'NONE',  ( -1.000000000000000000, 1.445602896647337900E-016, 0.0000000000000000000 ) ) ;
#2221 = DIRECTION ( 'NONE',  ( 0.0000000000000000000, 0.0000000000000000000, -1.000000000000000000 ) ) ;
#2222 = COLOUR_RGB ( '',0.8039215686274510100, 0.4980392156862745200, 0.1960784313725490200 ) ;
#2223 = LINE ( 'NONE', #3082, #1095 ) ;
#2224 = ORIENTED_EDGE ( 'NONE', *, *, #99, .F. ) ;
#2225 = VERTEX_POINT ( 'NONE', #5436 ) ;
#2226 = CIRCLE ( 'NONE', #2015, 0.4499999999999990100 ) ;
#2227 = SURFACE_SIDE_STYLE ('',( #1801 ) ) ;
#2228 =( GEOMETRIC_REPRESENTATION_CONTEXT ( 3 ) GLOBAL_UNCERTAINTY_ASSIGNED_CONTEXT ( ( #1595 ) ) GLOBAL_UNIT_ASSIGNED_CONTEXT ( ( #1504, #4418, #1929 ) ) REPRESENTATION_CONTEXT ( 'NONE', 'WORKASPACE' ) );
#2229 = EDGE_CURVE ( 'NONE', #5408, #2381, #3024, .T. ) ;
#2230 = EDGE_LOOP ( 'NONE', ( #4179, #2806, #4489, #2074 ) ) ;
#2231 =( LENGTH_UNIT ( ) NAMED_UNIT ( * ) SI_UNIT ( .MILLI., .METRE. ) );
#2232 = COLOUR_RGB ( '',0.8039215686274510100, 0.4980392156862745200, 0.1960784313725490200 ) ;
#2233 = CARTESIAN_POINT ( 'NONE',  ( -6.899999999999996800, -23.19999999999999200, 4.000000000000000000 ) ) ;
#2234 = CARTESIAN_POINT ( 'NONE',  ( -23.09999999999999400, 19.59999999999999800, 3.750000000000000000 ) ) ;
#2235 = PLANE ( 'NONE',  #5359 ) ;
#2236 = VECTOR ( 'NONE', #2993, 1000.000000000000000 ) ;
#2237 = LINE ( 'NONE', #2752, #973 ) ;
#2238 =( GEOMETRIC_REPRESENTATION_CONTEXT ( 3 ) GLOBAL_UNCERTAINTY_ASSIGNED_CONTEXT ( ( #550 ) ) GLOBAL_UNIT_ASSIGNED_CONTEXT ( ( #3813, #2534, #4221 ) ) REPRESENTATION_CONTEXT ( 'NONE', 'WORKASPACE' ) );
#2239 = EDGE_CURVE ( 'NONE', #3215, #4856, #1793, .T. ) ;
#2240 = CARTESIAN_POINT ( 'NONE',  ( 4.450000000000008200, -28.38999999999999700, 3.499999999999999600 ) ) ;
#2241 = VECTOR ( 'NONE', #169, 1000.000000000000000 ) ;
#2242 = PRESENTATION_LAYER_ASSIGNMENT (  '', '', ( #1676 ) ) ;
#2243 = VERTEX_POINT ( 'NONE', #4592 ) ;
#2244 = EDGE_LOOP ( 'NONE', ( #5137, #5252, #705, #1007 ) ) ;
#2245 = SURFACE_STYLE_FILL_AREA ( #2130 ) ;
#2246 = ORIENTED_EDGE ( 'NONE', *, *, #3594, .F. ) ;
#2247 = COLOUR_RGB ( '',1.000000000000000000, 0.0000000000000000000, 0.0000000000000000000 ) ;
#2248 = COLOUR_RGB ( '',0.8039215686274510100, 0.4980392156862745200, 0.1960784313725490200 ) ;
#2249 = ORIENTED_EDGE ( 'NONE', *, *, #2045, .F. ) ;
#2250 = VECTOR ( 'NONE', #2147, 1000.000000000000000 ) ;
#2251 = CARTESIAN_POINT ( 'NONE',  ( 24.60000000000000100, -14.88999999999999700, 3.499999999999999600 ) ) ;
#2252 = ORIENTED_EDGE ( 'NONE', *, *, #4353, .F. ) ;
#2253 = DIRECTION ( 'NONE',  ( 0.0000000000000000000, 0.0000000000000000000, -1.000000000000000000 ) ) ;
#2254 = ORIENTED_EDGE ( 'NONE', *, *, #5352, .T. ) ;
#2255 = CARTESIAN_POINT ( 'NONE',  ( -1.787195582194135000, -85.49999999999998600, 3.499999999999999600 ) ) ;
#2256 = LINE ( 'NONE', #1501, #3361 ) ;
#2257 = VECTOR ( 'NONE', #2976, 1000.000000000000000 ) ;
#2258 = AXIS2_PLACEMENT_3D ( 'NONE', #4046, #2805, #4616 ) ;
#2259 = CARTESIAN_POINT ( 'NONE',  ( -0.0000000000000000000, -82.49999999999998600, 3.499999999999999600 ) ) ;
#2260 = CARTESIAN_POINT ( 'NONE',  ( -24.59999999999999400, -14.88999999999999700, 3.750000000000000000 ) ) ;
#2261 = PRESENTATION_STYLE_ASSIGNMENT (( #4133 ) ) ;
#2262 = SURFACE_SIDE_STYLE ('',( #389 ) ) ;
#2263 = EDGE_CURVE ( 'NONE', #386, #4286, #1635, .T. ) ;
#2264 = ORIENTED_EDGE ( 'NONE', *, *, #2782, .T. ) ;
#2265 = FILL_AREA_STYLE_COLOUR ( '', #1045 ) ;
#2266 = PLANE ( 'NONE',  #275 ) ;
#2267 = MECHANICAL_DESIGN_GEOMETRIC_PRESENTATION_REPRESENTATION (  '', ( #1416 ), #2557 ) ;
#2268 = UNCERTAINTY_MEASURE_WITH_UNIT (LENGTH_MEASURE( 1.000000000000000100E-005 ), #4646, 'distance_accuracy_value', 'NONE');
#2269 = AXIS2_PLACEMENT_3D ( 'NONE', #4628, #1699, #4209 ) ;
#2270 = COLOUR_RGB ( '',0.0000000000000000000, 0.5607843137254902000, 1.000000000000000000 ) ;
#2271 = CARTESIAN_POINT ( 'NONE',  ( -3.617195582194134400, -82.49999999999998600, 3.399999999999999900 ) ) ;
#2272 = ORIENTED_EDGE ( 'NONE', *, *, #417, .F. ) ;
#2273 = VECTOR ( 'NONE', #2997, 1000.000000000000000 ) ;
#2274 = ORIENTED_EDGE ( 'NONE', *, *, #72, .T. ) ;
#2275 = EDGE_LOOP ( 'NONE', ( #1688, #2339, #591, #3556 ) ) ;
#2276 = VERTEX_POINT ( 'NONE', #4554 ) ;
#2277 = DIRECTION ( 'NONE',  ( 0.0000000000000000000, -0.0000000000000000000, 1.000000000000000000 ) ) ;
#2278 = PLANE ( 'NONE',  #73 ) ;
#2279 = ORIENTED_EDGE ( 'NONE', *, *, #1247, .F. ) ;
#2280 = EDGE_LOOP ( 'NONE', ( #289, #2418, #557, #2024 ) ) ;
#2281 = CARTESIAN_POINT ( 'NONE',  ( 16.59999999999999400, -22.24999999999999600, -63.50000000000000000 ) ) ;
#2282 = SURFACE_SIDE_STYLE ('',( #507 ) ) ;
#2283 = ORIENTED_EDGE ( 'NONE', *, *, #99, .T. ) ;
#2284 = CARTESIAN_POINT ( 'NONE',  ( 1.482804417805865700, -82.49999999999998600, 3.499999999999999600 ) ) ;
#2285 = AXIS2_PLACEMENT_3D ( 'NONE', #4360, #528, #3171 ) ;
#2286 = AXIS2_PLACEMENT_3D ( 'NONE', #1123, #4071, #1560 ) ;
#2287 = CARTESIAN_POINT ( 'NONE',  ( 17.54574314557210400, -23.19999999999998900, 2.000000000000000000 ) ) ;
#2288 = EDGE_CURVE ( 'NONE', #4956, #4634, #3998, .T. ) ;
#2289 = LINE ( 'NONE', #2331, #3404 ) ;
#2290 = EDGE_LOOP ( 'NONE', ( #5272, #4887, #3611, #4117, #422, #4896 ) ) ;
#2291 = LINE ( 'NONE', #5221, #1159 ) ;
#2292 = COLOUR_RGB ( '',0.8039215686274510100, 0.4980392156862745200, 0.1960784313725490200 ) ;
#2293 = DIRECTION ( 'NONE',  ( 0.0000000000000000000, 1.000000000000000000, 0.0000000000000000000 ) ) ;
#2294 = DIRECTION ( 'NONE',  ( -0.0000000000000000000, -0.0000000000000000000, 1.000000000000000000 ) ) ;
#2295 = FILL_AREA_STYLE_COLOUR ( '', #654 ) ;
#2296 = LINE ( 'NONE', #565, #48 ) ;
#2297 = EDGE_CURVE ( 'NONE', #5432, #2865, #3728, .T. ) ;
#2298 = VECTOR ( 'NONE', #2123, 1000.000000000000000 ) ;
#2299 = FACE_OUTER_BOUND ( 'NONE', #2415, .T. ) ;
#2300 = CARTESIAN_POINT ( 'NONE',  ( 17.47651237634132900, -23.73076923076922300, 2.000000000000000000 ) ) ;
#2301 = LINE ( 'NONE', #1940, #1170 ) ;
#2302 = FILL_AREA_STYLE ('',( #2177 ) ) ;
#2303 = VECTOR ( 'NONE', #998, 1000.000000000000000 ) ;
#2304 = SURFACE_STYLE_USAGE ( .BOTH. , #1828 ) ;
#2305 = VECTOR ( 'NONE', #1435, 1000.000000000000000 ) ;
#2306 = CARTESIAN_POINT ( 'NONE',  ( -0.7671955821941345300, -82.49999999999998600, 3.399999999999999900 ) ) ;
#2307 = DIRECTION ( 'NONE',  ( 1.000000000000000000, 0.0000000000000000000, -0.0000000000000000000 ) ) ;
#2308 = STYLED_ITEM ( 'NONE', ( #4763 ), #5070 ) ;
#2309 = ORIENTED_EDGE ( 'NONE', *, *, #3798, .T. ) ;
#2310 = EDGE_LOOP ( 'NONE', ( #2505, #4080, #3005, #4979 ) ) ;
#2311 = FACE_OUTER_BOUND ( 'NONE', #1780, .T. ) ;
#2312 = ORIENTED_EDGE ( 'NONE', *, *, #213, .F. ) ;
#2313 = FACE_OUTER_BOUND ( 'NONE', #4503, .T. ) ;
#2314 = UNCERTAINTY_MEASURE_WITH_UNIT (LENGTH_MEASURE( 1.000000000000000100E-005 ), #1724, 'distance_accuracy_value', 'NONE');
#2315 = ORIENTED_EDGE ( 'NONE', *, *, #1052, .T. ) ;
#2316 = SURFACE_STYLE_USAGE ( .BOTH. , #4812 ) ;
#2317 = SURFACE_STYLE_USAGE ( .BOTH. , #5232 ) ;
#2318 = EDGE_CURVE ( 'NONE', #4396, #1086, #505, .T. ) ;
#2319 = CARTESIAN_POINT ( 'NONE',  ( 22.09999999999999400, 20.60000000000000100, 4.000000000000000000 ) ) ;
#2320 = SURFACE_SIDE_STYLE ('',( #4385 ) ) ;
#2321 = DIRECTION ( 'NONE',  ( 0.0000000000000000000, -0.0000000000000000000, 1.000000000000000000 ) ) ;
#2322 = CARTESIAN_POINT ( 'NONE',  ( -2.597195582194134400, -82.49999999999998600, 3.499999999999999600 ) ) ;
#2323 = FILL_AREA_STYLE ('',( #3153 ) ) ;
#2324 = DIRECTION ( 'NONE',  ( 0.0000000000000000000, 0.0000000000000000000, 1.000000000000000000 ) ) ;
#2325 = DIRECTION ( 'NONE',  ( -0.0000000000000000000, -0.0000000000000000000, -1.000000000000000000 ) ) ;
#2326 = COLOUR_RGB ( '',0.8039215686274510100, 0.4980392156862745200, 0.1960784313725490200 ) ;
#2327 = EDGE_CURVE ( 'NONE', #1866, #4856, #1511, .T. ) ;
#2328 = DIRECTION ( 'NONE',  ( 1.000000000000000000, -0.0000000000000000000, -0.0000000000000000000 ) ) ;
#2329 = DIRECTION ( 'NONE',  ( -0.0000000000000000000, 0.0000000000000000000, -1.000000000000000000 ) ) ;
#2330 = DIRECTION ( 'NONE',  ( 0.0000000000000000000, 0.0000000000000000000, -1.000000000000000000 ) ) ;
#2331 = CARTESIAN_POINT ( 'NONE',  ( 0.0000000000000000000, -82.49999999999998600, 3.399999999999999900 ) ) ;
#2332 = AXIS2_PLACEMENT_3D ( 'NONE', #1616, #1329, #896 ) ;
#2333 = EDGE_CURVE ( 'NONE', #1523, #3914, #2492, .T. ) ;
#2334 = PRESENTATION_LAYER_ASSIGNMENT (  '', '', ( #1799 ) ) ;
#2335 = CARTESIAN_POINT ( 'NONE',  ( -5.899999999999995900, -14.88999999999999700, 3.499999999999999600 ) ) ;
#2336 = ORIENTED_EDGE ( 'NONE', *, *, #4549, .T. ) ;
#2337 = CARTESIAN_POINT ( 'NONE',  ( -0.7671955821941345300, -85.49999999999998600, 3.399999999999999900 ) ) ;
#2338 =( GEOMETRIC_REPRESENTATION_CONTEXT ( 3 ) GLOBAL_UNCERTAINTY_ASSIGNED_CONTEXT ( ( #1658 ) ) GLOBAL_UNIT_ASSIGNED_CONTEXT ( ( #3526, #1003, #3103 ) ) REPRESENTATION_CONTEXT ( 'NONE', 'WORKASPACE' ) );
#2339 = ORIENTED_EDGE ( 'NONE', *, *, #916, .F. ) ;
#2340 = ORIENTED_EDGE ( 'NONE', *, *, #2417, .T. ) ;
#2341 = CARTESIAN_POINT ( 'NONE',  ( -1.277195582194134500, 0.0000000000000000000, 3.399999999999999900 ) ) ;
#2342 = ORIENTED_EDGE ( 'NONE', *, *, #3211, .F. ) ;
#2343 = CARTESIAN_POINT ( 'NONE',  ( -23.09999999999999400, -12.29000000000000300, 3.750000000000000000 ) ) ;
#2344 = ORIENTED_EDGE ( 'NONE', *, *, #4358, .F. ) ;
#2345 = SURFACE_STYLE_FILL_AREA ( #2792 ) ;
#2346 = DIRECTION ( 'NONE',  ( -1.445602896647337900E-016, -1.000000000000000000, 0.0000000000000000000 ) ) ;
#2347 =( LENGTH_UNIT ( ) NAMED_UNIT ( * ) SI_UNIT ( .MILLI., .METRE. ) );
#2348 = DIRECTION ( 'NONE',  ( -0.0000000000000000000, -0.0000000000000000000, -1.000000000000000000 ) ) ;
#2349 = CIRCLE ( 'NONE', #3359, 2.069230769230771200 ) ;
#2350 = AXIS2_PLACEMENT_3D ( 'NONE', #5413, #5112, #1444 ) ;
#2351 = VERTEX_POINT ( 'NONE', #4945 ) ;
#2352 = DIRECTION ( 'NONE',  ( 0.0000000000000000000, 1.000000000000000000, 0.0000000000000000000 ) ) ;
#2353 = LINE ( 'NONE', #2414, #1223 ) ;
#2354 = ORIENTED_EDGE ( 'NONE', *, *, #3997, .F. ) ;
#2355 = CARTESIAN_POINT ( 'NONE',  ( 1.992804417805865700, -82.49999999999998600, 3.399999999999999900 ) ) ;
#2356 = DIRECTION ( 'NONE',  ( -1.000000000000000000, 0.0000000000000000000, -0.0000000000000000000 ) ) ;
#2357 = CARTESIAN_POINT ( 'NONE',  ( -0.2571955821941344600, -85.49999999999998600, 3.399999999999999900 ) ) ;
#2358 = FACE_OUTER_BOUND ( 'NONE', #4564, .T. ) ;
#2359 = ORIENTED_EDGE ( 'NONE', *, *, #811, .T. ) ;
#2360 = LINE ( 'NONE', #743, #3334 ) ;
#2361 = DIRECTION ( 'NONE',  ( -1.000000000000000000, 0.0000000000000000000, 0.0000000000000000000 ) ) ;
#2362 = MECHANICAL_DESIGN_GEOMETRIC_PRESENTATION_REPRESENTATION (  '', ( #1520 ), #2649 ) ;
#2363 = VECTOR ( 'NONE', #2626, 1000.000000000000000 ) ;
#2364 = LINE ( 'NONE', #907, #114 ) ;
#2365 = FILL_AREA_STYLE_COLOUR ( '', #1437 ) ;
#2366 = EDGE_CURVE ( 'NONE', #4308, #1424, #4725, .T. ) ;
#2367 = COLOUR_RGB ( '',0.8039215686274510100, 0.4980392156862745200, 0.1960784313725490200 ) ;
#2368 = CARTESIAN_POINT ( 'NONE',  ( 16.59999999999999400, -22.24999999999999600, -58.50000000000000000 ) ) ;
#2369 = VECTOR ( 'NONE', #117, 1000.000000000000000 ) ;
#2370 = ORIENTED_EDGE ( 'NONE', *, *, #1425, .T. ) ;
#2371 = LINE ( 'NONE', #3776, #4598 ) ;
#2372 = CARTESIAN_POINT ( 'NONE',  ( -1.577195582194122600, 2.279998502199208000E-016, 3.399999999999999900 ) ) ;
#2373 = ORIENTED_EDGE ( 'NONE', *, *, #5043, .F. ) ;
#2374 = PRESENTATION_STYLE_ASSIGNMENT (( #4224 ) ) ;
#2375 = MECHANICAL_DESIGN_GEOMETRIC_PRESENTATION_REPRESENTATION (  '', ( #1527 ), #2654 ) ;
#2376 = CARTESIAN_POINT ( 'NONE',  ( 0.0000000000000000000, -85.49999999999998600, 3.399999999999999900 ) ) ;
#2377 = STYLED_ITEM ( 'NONE', ( #698 ), #1702 ) ;
#2378 = LINE ( 'NONE', #808, #3351 ) ;
#2379 = EDGE_CURVE ( 'NONE', #790, #630, #1374, .T. ) ;
#2380 = VECTOR ( 'NONE', #223, 1000.000000000000000 ) ;
#2381 = VERTEX_POINT ( 'NONE', #3691 ) ;
#2382 = DIRECTION ( 'NONE',  ( 0.0000000000000000000, 1.000000000000000000, 0.0000000000000000000 ) ) ;
#2383 = LINE ( 'NONE', #89, #1252 ) ;
#2384 = CARTESIAN_POINT ( 'NONE',  ( -0.5571955821941224600, 8.054835476189233000E-017, 3.499999999999999600 ) ) ;
#2385 = FILL_AREA_STYLE_COLOUR ( '', #2439 ) ;
#2386 = DIRECTION ( 'NONE',  ( 0.0000000000000000000, 0.0000000000000000000, -1.000000000000000000 ) ) ;
#2387 = ORIENTED_EDGE ( 'NONE', *, *, #2900, .T. ) ;
#2388 = EDGE_CURVE ( 'NONE', #5393, #2209, #2360, .T. ) ;
#2389 = CARTESIAN_POINT ( 'NONE',  ( -0.0000000000000000000, -82.49999999999998600, 3.499999999999999600 ) ) ;
#2390 = VECTOR ( 'NONE', #5357, 1000.000000000000000 ) ;
#2391 = CARTESIAN_POINT ( 'NONE',  ( 22.09999999999999400, 20.60000000000000100, 4.000000000000000000 ) ) ;
#2392 = ADVANCED_FACE ( 'NONE', ( #108 ), #5334, .F. ) ;
#2393 = FILL_AREA_STYLE ('',( #3231 ) ) ;
#2394 =( NAMED_UNIT ( * ) PLANE_ANGLE_UNIT ( ) SI_UNIT ( $, .RADIAN. ) );
#2395 = VECTOR ( 'NONE', #2019, 1000.000000000000000 ) ;
#2396 = DIRECTION ( 'NONE',  ( -1.000000000000000000, 0.0000000000000000000, 0.0000000000000000000 ) ) ;
#2397 = PRESENTATION_LAYER_ASSIGNMENT (  '', '', ( #1848 ) ) ;
#2398 = CARTESIAN_POINT ( 'NONE',  ( -22.09999999999999400, -13.29000000000000100, 3.750000000000000000 ) ) ;
#2399 = CARTESIAN_POINT ( 'NONE',  ( -2.297195582194134600, 0.0000000000000000000, 3.499999999999999600 ) ) ;
#2400 = ORIENTED_EDGE ( 'NONE', *, *, #2759, .T. ) ;
#2401 = LINE ( 'NONE', #4685, #4632 ) ;
#2402 = CARTESIAN_POINT ( 'NONE',  ( 19.54574314557210000, -23.73076923076922300, 2.000000000000000000 ) ) ;
#2403 = ORIENTED_EDGE ( 'NONE', *, *, #3876, .F. ) ;
#2404 = ORIENTED_EDGE ( 'NONE', *, *, #1880, .F. ) ;
#2405 = SURFACE_STYLE_USAGE ( .BOTH. , #299 ) ;
#2406 = ORIENTED_EDGE ( 'NONE', *, *, #4426, .T. ) ;
#2407 = CARTESIAN_POINT ( 'NONE',  ( 18.09999999999999800, -23.64999999999999900, 1.000000000000000000 ) ) ;
#2408 =( NAMED_UNIT ( * ) SI_UNIT ( $, .STERADIAN. ) SOLID_ANGLE_UNIT ( ) );
#2409 = VERTEX_POINT ( 'NONE', #2007 ) ;
#2410 = AXIS2_PLACEMENT_3D ( 'NONE', #5421, #2944, #2476 ) ;
#2411 = VERTEX_POINT ( 'NONE', #4507 ) ;
#2412 = ADVANCED_FACE ( 'NONE', ( #4584 ), #3256, .F. ) ;
#2413 = EDGE_LOOP ( 'NONE', ( #5298, #2112, #3472, #159 ) ) ;
#2414 = CARTESIAN_POINT ( 'NONE',  ( -23.09999999999999400, 19.59999999999999800, 4.000000000000000000 ) ) ;
#2415 = EDGE_LOOP ( 'NONE', ( #3667, #3704, #4603, #1952 ) ) ;
#2416 = DIRECTION ( 'NONE',  ( -0.0000000000000000000, -1.000000000000000000, -0.0000000000000000000 ) ) ;
#2417 = EDGE_CURVE ( 'NONE', #2225, #1754, #701, .T. ) ;
#2418 = ORIENTED_EDGE ( 'NONE', *, *, #524, .F. ) ;
#2419 = PRESENTATION_STYLE_ASSIGNMENT (( #1965 ) ) ;
#2420 = ORIENTED_EDGE ( 'NONE', *, *, #2441, .T. ) ;
#2421 = DIRECTION ( 'NONE',  ( -0.0000000000000000000, -0.0000000000000000000, 1.000000000000000000 ) ) ;
#2422 = DIRECTION ( 'NONE',  ( -0.0000000000000000000, -0.0000000000000000000, 1.000000000000000000 ) ) ;
#2423 = UNCERTAINTY_MEASURE_WITH_UNIT (LENGTH_MEASURE( 1.000000000000000100E-005 ), #4777, 'distance_accuracy_value', 'NONE');
#2424 = LINE ( 'NONE', #3564, #3406 ) ;
#2425 = LINE ( 'NONE', #1409, #1441 ) ;
#2426 = FACE_OUTER_BOUND ( 'NONE', #2230, .T. ) ;
#2427 = DIRECTION ( 'NONE',  ( 0.0000000000000000000, 0.0000000000000000000, 1.000000000000000000 ) ) ;
#2428 = LINE ( 'NONE', #291, #910 ) ;
#2429 = VECTOR ( 'NONE', #1258, 1000.000000000000000 ) ;
#2430 = VERTEX_POINT ( 'NONE', #1589 ) ;
#2431 = VECTOR ( 'NONE', #4228, 1000.000000000000000 ) ;
#2432 = CARTESIAN_POINT ( 'NONE',  ( 0.9728044178058656800, -82.49999999999998600, 3.399999999999999900 ) ) ;
#2433 = CIRCLE ( 'NONE', #3732, 2.069230769230771200 ) ;
#2434 =( LENGTH_UNIT ( ) NAMED_UNIT ( * ) SI_UNIT ( .MILLI., .METRE. ) );
#2435 = DIRECTION ( 'NONE',  ( 0.0000000000000000000, -1.000000000000000000, 0.0000000000000000000 ) ) ;
#2436 = FACE_BOUND ( 'NONE', #420, .T. ) ;
#2437 = CARTESIAN_POINT ( 'NONE',  ( 19.54574314557210000, -23.73076923076922300, 0.0000000000000000000 ) ) ;
#2438 = DIRECTION ( 'NONE',  ( 1.000000000000000000, 0.0000000000000000000, 0.0000000000000000000 ) ) ;
#2439 = COLOUR_RGB ( '',0.8039215686274510100, 0.4980392156862745200, 0.1960784313725490200 ) ;
#2440 = STYLED_ITEM ( 'NONE', ( #1178 ), #2982 ) ;
#2441 = EDGE_CURVE ( 'NONE', #4856, #2677, #3930, .T. ) ;
#2442 = UNCERTAINTY_MEASURE_WITH_UNIT (LENGTH_MEASURE( 1.000000000000000100E-005 ), #4807, 'distance_accuracy_value', 'NONE');
#2443 = VERTEX_POINT ( 'NONE', #210 ) ;
#2444 = ORIENTED_EDGE ( 'NONE', *, *, #4288, .F. ) ;
#2445 = VECTOR ( 'NONE', #4025, 1000.000000000000000 ) ;
#2446 = PRESENTATION_LAYER_ASSIGNMENT (  '', '', ( #2161 ) ) ;
#2447 = DIRECTION ( 'NONE',  ( 0.0000000000000000000, 0.0000000000000000000, -1.000000000000000000 ) ) ;
#2448 = EDGE_CURVE ( 'NONE', #4173, #3488, #1104, .T. ) ;
#2449 = PRESENTATION_LAYER_ASSIGNMENT (  '', '', ( #2164 ) ) ;
#2450 = VECTOR ( 'NONE', #430, 1000.000000000000000 ) ;
#2451 = AXIS2_PLACEMENT_3D ( 'NONE', #950, #3862, #2625 ) ;
#2452 = VERTEX_POINT ( 'NONE', #122 ) ;
#2453 =( NAMED_UNIT ( * ) SI_UNIT ( $, .STERADIAN. ) SOLID_ANGLE_UNIT ( ) );
#2454 = CARTESIAN_POINT ( 'NONE',  ( 0.4628044178058654500, -85.49999999999998600, 3.399999999999999900 ) ) ;
#2455 = CIRCLE ( 'NONE', #5088, 1.000000000000000900 ) ;
#2456 = MECHANICAL_DESIGN_GEOMETRIC_PRESENTATION_REPRESENTATION (  '', ( #1611 ), #2734 ) ;
#2457 = CARTESIAN_POINT ( 'NONE',  ( 4.450000000000002800, -23.19999999999999200, 3.599999999999999600 ) ) ;
#2458 = FILL_AREA_STYLE ('',( #1268 ) ) ;
#2459 = DIRECTION ( 'NONE',  ( -0.0000000000000000000, -0.0000000000000000000, -1.000000000000000000 ) ) ;
#2460 =( GEOMETRIC_REPRESENTATION_CONTEXT ( 3 ) GLOBAL_UNCERTAINTY_ASSIGNED_CONTEXT ( ( #2059 ) ) GLOBAL_UNIT_ASSIGNED_CONTEXT ( ( #2990, #1704, #4311 ) ) REPRESENTATION_CONTEXT ( 'NONE', 'WORKASPACE' ) );
#2461 = ORIENTED_EDGE ( 'NONE', *, *, #1701, .F. ) ;
#2462 = FILL_AREA_STYLE_COLOUR ( '', #4451 ) ;
#2463 = EDGE_CURVE ( 'NONE', #4366, #4828, #1711, .T. ) ;
#2464 =( NAMED_UNIT ( * ) SI_UNIT ( $, .STERADIAN. ) SOLID_ANGLE_UNIT ( ) );
#2465 = VERTEX_POINT ( 'NONE', #614 ) ;
#2466 = CARTESIAN_POINT ( 'NONE',  ( 2.802804417805865500, -85.49999999999998600, 3.499999999999999600 ) ) ;
#2467 = EDGE_LOOP ( 'NONE', ( #87, #1614, #2551, #2115 ) ) ;
#2468 = AXIS2_PLACEMENT_3D ( 'NONE', #4206, #1695, #4625 ) ;
#2469 = AXIS2_PLACEMENT_3D ( 'NONE', #3322, #2921, #2757 ) ;
#2470 = ORIENTED_EDGE ( 'NONE', *, *, #4015, .T. ) ;
#2471 = EDGE_CURVE ( 'NONE', #630, #2078, #4901, .T. ) ;
#2472 = ORIENTED_EDGE ( 'NONE', *, *, #3431, .F. ) ;
#2473 = ORIENTED_EDGE ( 'NONE', *, *, #450, .T. ) ;
#2474 = FILL_AREA_STYLE_COLOUR ( '', #732 ) ;
#2475 = ADVANCED_FACE ( 'NONE', ( #1849 ), #3822, .T. ) ;
#2476 = DIRECTION ( 'NONE',  ( -1.000000000000000000, 0.0000000000000000000, 0.0000000000000000000 ) ) ;
#2477 = ORIENTED_EDGE ( 'NONE', *, *, #484, .F. ) ;
#2478 = ORIENTED_EDGE ( 'NONE', *, *, #569, .T. ) ;
#2479 = PLANE ( 'NONE',  #3040 ) ;
#2480 = EDGE_CURVE ( 'NONE', #2276, #3062, #2289, .T. ) ;
#2481 = CARTESIAN_POINT ( 'NONE',  ( -2.297195582194134600, -82.49999999999998600, 3.499999999999999600 ) ) ;
#2482 = LINE ( 'NONE', #2754, #3595 ) ;
#2483 = STYLED_ITEM ( 'NONE', ( #2801 ), #5257 ) ;
#2484 = DIRECTION ( 'NONE',  ( 1.000000000000000000, -0.0000000000000000000, 0.0000000000000000000 ) ) ;
#2485 = CARTESIAN_POINT ( 'NONE',  ( -2.807195582194134800, 0.0000000000000000000, 3.399999999999999900 ) ) ;
#2486 = ORIENTED_EDGE ( 'NONE', *, *, #4492, .F. ) ;
#2487 = CARTESIAN_POINT ( 'NONE',  ( 0.0000000000000000000, 0.0000000000000000000, 3.399999999999999900 ) ) ;
#2488 = COLOUR_RGB ( '',0.8039215686274510100, 0.4980392156862745200, 0.1960784313725490200 ) ;
#2489 = DIRECTION ( 'NONE',  ( 0.0000000000000000000, 0.0000000000000000000, 1.000000000000000000 ) ) ;
#2490 = CARTESIAN_POINT ( 'NONE',  ( 18.09999999999999800, -23.64999999999999900, 1.000000000000000000 ) ) ;
#2491 = EDGE_CURVE ( 'NONE', #3643, #5447, #38, .T. ) ;
#2492 = LINE ( 'NONE', #2042, #242 ) ;
#2493 = VECTOR ( 'NONE', #3435, 1000.000000000000000 ) ;
#2494 = VERTEX_POINT ( 'NONE', #601 ) ;
#2495 = SURFACE_STYLE_FILL_AREA ( #4310 ) ;
#2496 = VERTEX_POINT ( 'NONE', #1882 ) ;
#2497 =( GEOMETRIC_REPRESENTATION_CONTEXT ( 3 ) GLOBAL_UNCERTAINTY_ASSIGNED_CONTEXT ( ( #726 ) ) GLOBAL_UNIT_ASSIGNED_CONTEXT ( ( #4405, #1477, #3984 ) ) REPRESENTATION_CONTEXT ( 'NONE', 'WORKASPACE' ) );
#2498 = VERTEX_POINT ( 'NONE', #4802 ) ;
#2499 = VECTOR ( 'NONE', #4169, 1000.000000000000000 ) ;
#2500 = LINE ( 'NONE', #3178, #2380 ) ;
#2501 =( NAMED_UNIT ( * ) PLANE_ANGLE_UNIT ( ) SI_UNIT ( $, .RADIAN. ) );
#2502 = ORIENTED_EDGE ( 'NONE', *, *, #237, .T. ) ;
#2503 = ADVANCED_FACE ( 'NONE', ( #2165 ), #3964, .T. ) ;
#2504 = LINE ( 'NONE', #1779, #4736 ) ;
#2505 = ORIENTED_EDGE ( 'NONE', *, *, #5320, .F. ) ;
#2506 = COLOUR_RGB ( '',0.8039215686274510100, 0.4980392156862745200, 0.1960784313725490200 ) ;
#2507 = DIRECTION ( 'NONE',  ( 1.000000000000000000, 1.569885498621545200E-016, 0.0000000000000000000 ) ) ;
#2508 = EDGE_CURVE ( 'NONE', #4722, #3063, #1781, .T. ) ;
#2509 = PLANE ( 'NONE',  #2118 ) ;
#2510 = VERTEX_POINT ( 'NONE', #4109 ) ;
#2511 = CARTESIAN_POINT ( 'NONE',  ( -3.902195582194141200, -31.43802982736946600, 3.499999999999999600 ) ) ;
#2512 = FILL_AREA_STYLE ('',( #5084 ) ) ;
#2513 = ORIENTED_EDGE ( 'NONE', *, *, #1668, .F. ) ;
#2514 = CARTESIAN_POINT ( 'NONE',  ( 0.2528044178058655400, 0.0000000000000000000, 3.399999999999999900 ) ) ;
#2515 =( NAMED_UNIT ( * ) PLANE_ANGLE_UNIT ( ) SI_UNIT ( $, .RADIAN. ) );
#2516 = VECTOR ( 'NONE', #2158, 1000.000000000000000 ) ;
#2517 = EDGE_CURVE ( 'NONE', #4597, #5155, #3864, .T. ) ;
#2518 = MECHANICAL_DESIGN_GEOMETRIC_PRESENTATION_REPRESENTATION (  '', ( #1676 ), #2798 ) ;
#2519 = FILL_AREA_STYLE ('',( #5301 ) ) ;
#2520 = SURFACE_STYLE_FILL_AREA ( #33 ) ;
#2521 =( NAMED_UNIT ( * ) PLANE_ANGLE_UNIT ( ) SI_UNIT ( $, .RADIAN. ) );
#2522 = CARTESIAN_POINT ( 'NONE',  ( 1.272804417805865700, -0.0000000000000000000, 3.499999999999999600 ) ) ;
#2523 = FILL_AREA_STYLE ('',( #1273 ) ) ;
#2524 = ORIENTED_EDGE ( 'NONE', *, *, #308, .T. ) ;
#2525 = FACE_OUTER_BOUND ( 'NONE', #3644, .T. ) ;
#2526 = DIRECTION ( 'NONE',  ( -0.0000000000000000000, -0.0000000000000000000, -1.000000000000000000 ) ) ;
#2527 = UNCERTAINTY_MEASURE_WITH_UNIT (LENGTH_MEASURE( 1.000000000000000100E-005 ), #928, 'distance_accuracy_value', 'NONE');
#2528 = DIRECTION ( 'NONE',  ( -1.000000000000000000, 1.445602896647337900E-016, 0.0000000000000000000 ) ) ;
#2529 = PLANE ( 'NONE',  #1229 ) ;
#2530 = DIRECTION ( 'NONE',  ( -1.445602896647337900E-016, -1.000000000000000000, 0.0000000000000000000 ) ) ;
#2531 = STYLED_ITEM ( 'NONE', ( #461 ), #1110 ) ;
#2532 = CARTESIAN_POINT ( 'NONE',  ( -24.59999999999999400, -14.88999999999999700, 4.000000000000000000 ) ) ;
#2533 = ADVANCED_FACE ( 'NONE', ( #4967 ), #1766, .T. ) ;
#2534 =( NAMED_UNIT ( * ) PLANE_ANGLE_UNIT ( ) SI_UNIT ( $, .RADIAN. ) );
#2535 = DIRECTION ( 'NONE',  ( 0.0000000000000000000, -1.000000000000000000, 0.0000000000000000000 ) ) ;
#2536 = ORIENTED_EDGE ( 'NONE', *, *, #3707, .T. ) ;
#2537 = CARTESIAN_POINT ( 'NONE',  ( 3.597804417805865900, -85.49999999999998600, 3.499999999999999600 ) ) ;
#2538 = FILL_AREA_STYLE ('',( #1271 ) ) ;
#2539 = DIRECTION ( 'NONE',  ( 0.7460099424564891100, 0.6659348059352850900, -0.0000000000000000000 ) ) ;
#2540 = VERTEX_POINT ( 'NONE', #3342 ) ;
#2541 = ADVANCED_FACE ( 'NONE', ( #3470 ), #2916, .F. ) ;
#2542 = CARTESIAN_POINT ( 'NONE',  ( -1.277195582194134500, -82.49999999999998600, 3.399999999999999900 ) ) ;
#2543 = STYLED_ITEM ( 'NONE', ( #1397 ), #2914 ) ;
#2544 = ORIENTED_EDGE ( 'NONE', *, *, #4731, .T. ) ;
#2545 = EDGE_CURVE ( 'NONE', #3791, #1495, #2353, .T. ) ;
#2546 = DIRECTION ( 'NONE',  ( 0.0000000000000000000, 1.000000000000000000, -0.0000000000000000000 ) ) ;
#2547 = ORIENTED_EDGE ( 'NONE', *, *, #1521, .T. ) ;
#2548 = VERTEX_POINT ( 'NONE', #5 ) ;
#2549 = CARTESIAN_POINT ( 'NONE',  ( 0.0000000000000000000, 0.0000000000000000000, 3.399999999999999900 ) ) ;
#2550 = DIRECTION ( 'NONE',  ( -0.0000000000000000000, -0.0000000000000000000, 1.000000000000000000 ) ) ;
#2551 = ORIENTED_EDGE ( 'NONE', *, *, #1927, .T. ) ;
#2552 = VERTEX_POINT ( 'NONE', #4185 ) ;
#2553 = DIRECTION ( 'NONE',  ( -0.0000000000000000000, -0.0000000000000000000, 1.000000000000000000 ) ) ;
#2554 = DIRECTION ( 'NONE',  ( 1.000000000000000000, 0.0000000000000000000, 0.0000000000000000000 ) ) ;
#2555 = CARTESIAN_POINT ( 'NONE',  ( 22.09999999999999800, -13.28999999999999400, 4.000000000000000000 ) ) ;
#2556 = ORIENTED_EDGE ( 'NONE', *, *, #4743, .F. ) ;
#2557 =( GEOMETRIC_REPRESENTATION_CONTEXT ( 3 ) GLOBAL_UNCERTAINTY_ASSIGNED_CONTEXT ( ( #443 ) ) GLOBAL_UNIT_ASSIGNED_CONTEXT ( ( #5372, #1288, #4212 ) ) REPRESENTATION_CONTEXT ( 'NONE', 'WORKASPACE' ) );
#2558 = SURFACE_STYLE_USAGE ( .BOTH. , #5059 ) ;
#2559 = PRESENTATION_LAYER_ASSIGNMENT (  '', '', ( #1989 ) ) ;
#2560 = ORIENTED_EDGE ( 'NONE', *, *, #1450, .T. ) ;
#2561 = COLOUR_RGB ( '',0.0000000000000000000, 0.5607843137254902000, 1.000000000000000000 ) ;
#2562 = ORIENTED_EDGE ( 'NONE', *, *, #4057, .F. ) ;
#2563 = PLANE ( 'NONE',  #3573 ) ;
#2564 = VECTOR ( 'NONE', #920, 1000.000000000000000 ) ;
#2565 = DIRECTION ( 'NONE',  ( 0.0000000000000000000, 1.000000000000000000, 0.0000000000000000000 ) ) ;
#2566 = PRESENTATION_STYLE_ASSIGNMENT (( #4672 ) ) ;
#2567 = VECTOR ( 'NONE', #2421, 1000.000000000000000 ) ;
#2568 = ORIENTED_EDGE ( 'NONE', *, *, #1566, .F. ) ;
#2569 = PLANE ( 'NONE',  #4733 ) ;
#2570 = ORIENTED_EDGE ( 'NONE', *, *, #762, .F. ) ;
#2571 = FACE_OUTER_BOUND ( 'NONE', #2770, .T. ) ;
#2572 = LINE ( 'NONE', #1906, #4783 ) ;
#2573 = ADVANCED_FACE ( 'NONE', ( #4438 ), #2058, .T. ) ;
#2574 = VECTOR ( 'NONE', #53, 1000.000000000000000 ) ;
#2575 = PLANE ( 'NONE',  #249 ) ;
#2576 = VECTOR ( 'NONE', #3901, 1000.000000000000000 ) ;
#2577 = LINE ( 'NONE', #3700, #2431 ) ;
#2578 = UNCERTAINTY_MEASURE_WITH_UNIT (LENGTH_MEASURE( 1.000000000000000100E-005 ), #3855, 'distance_accuracy_value', 'NONE');
#2579 = PLANE ( 'NONE',  #3170 ) ;
#2580 = ORIENTED_EDGE ( 'NONE', *, *, #3310, .F. ) ;
#2581 = VECTOR ( 'NONE', #2526, 1000.000000000000000 ) ;
#2582 = SURFACE_STYLE_FILL_AREA ( #1534 ) ;
#2583 = PRESENTATION_STYLE_ASSIGNMENT (( #4162 ) ) ;
#2584 = EDGE_LOOP ( 'NONE', ( #3434, #352, #3799, #2632, #4891, #2219, #977 ) ) ;
#2585 = STYLED_ITEM ( 'NONE', ( #3409 ), #2178 ) ;
#2586 = AXIS2_PLACEMENT_3D ( 'NONE', #2372, #5283, #2791 ) ;
#2587 = EDGE_CURVE ( 'NONE', #969, #4249, #4470, .T. ) ;
#2588 = DIRECTION ( 'NONE',  ( -0.0000000000000000000, -0.0000000000000000000, -1.000000000000000000 ) ) ;
#2589 = VECTOR ( 'NONE', #3475, 1000.000000000000000 ) ;
#2590 = PLANE ( 'NONE',  #562 ) ;
#2591 = UNCERTAINTY_MEASURE_WITH_UNIT (LENGTH_MEASURE( 1.000000000000000100E-005 ), #3965, 'distance_accuracy_value', 'NONE');
#2592 = EDGE_LOOP ( 'NONE', ( #4268, #2191, #365, #118, #2184, #224, #1857, #1970, #2556, #1895 ) ) ;
#2593 = DIRECTION ( 'NONE',  ( -1.000000000000000000, 0.0000000000000000000, 0.0000000000000000000 ) ) ;
#2594 = STYLED_ITEM ( 'NONE', ( #1526 ), #3407 ) ;
#2595 = AXIS2_PLACEMENT_3D ( 'NONE', #70, #951, #3527 ) ;
#2596 = EDGE_CURVE ( 'NONE', #927, #697, #134, .T. ) ;
#2597 = CARTESIAN_POINT ( 'NONE',  ( 3.597804417805865900, -85.49999999999998600, 3.499999999999999600 ) ) ;
#2598 = CARTESIAN_POINT ( 'NONE',  ( 18.09999999999999800, -23.64999999999999900, -58.50000000000000000 ) ) ;
#2599 = DIRECTION ( 'NONE',  ( -1.000000000000000000, 0.0000000000000000000, 0.0000000000000000000 ) ) ;
#2600 = LINE ( 'NONE', #75, #4803 ) ;
#2601 = ADVANCED_FACE ( 'NONE', ( #5446 ), #3225, .T. ) ;
#2602 = AXIS2_PLACEMENT_3D ( 'NONE', #1914, #1487, #3996 ) ;
#2603 = DIRECTION ( 'NONE',  ( 0.0000000000000000000, 0.0000000000000000000, -1.000000000000000000 ) ) ;
#2604 = PLANE ( 'NONE',  #4334 ) ;
#2605 =( NAMED_UNIT ( * ) PLANE_ANGLE_UNIT ( ) SI_UNIT ( $, .RADIAN. ) );
#2606 = EDGE_CURVE ( 'NONE', #3393, #1108, #1120, .T. ) ;
#2607 =( LENGTH_UNIT ( ) NAMED_UNIT ( * ) SI_UNIT ( .MILLI., .METRE. ) );
#2608 = CARTESIAN_POINT ( 'NONE',  ( -1.577195582194122600, 2.279998502199208000E-016, 3.399999999999999900 ) ) ;
#2609 = ORIENTED_EDGE ( 'NONE', *, *, #4156, .T. ) ;
#2610 =( LENGTH_UNIT ( ) NAMED_UNIT ( * ) SI_UNIT ( .MILLI., .METRE. ) );
#2611 = VERTEX_POINT ( 'NONE', #2956 ) ;
#2612 = VERTEX_POINT ( 'NONE', #408 ) ;
#2613 = VECTOR ( 'NONE', #2676, 1000.000000000000000 ) ;
#2614 = CARTESIAN_POINT ( 'NONE',  ( 23.09999999999999800, -12.28999999999999600, 4.000000000000000000 ) ) ;
#2615 = ORIENTED_EDGE ( 'NONE', *, *, #2628, .T. ) ;
#2616 = ORIENTED_EDGE ( 'NONE', *, *, #569, .F. ) ;
#2617 = DIRECTION ( 'NONE',  ( -0.0000000000000000000, -0.0000000000000000000, -1.000000000000000000 ) ) ;
#2618 = FILL_AREA_STYLE ('',( #3444 ) ) ;
#2619 = AXIS2_PLACEMENT_3D ( 'NONE', #2009, #4935, #2438 ) ;
#2620 = EDGE_CURVE ( 'NONE', #5393, #904, #4346, .T. ) ;
#2621 = ADVANCED_FACE ( 'NONE', ( #4218 ), #2266, .T. ) ;
#2622 = DIRECTION ( 'NONE',  ( 1.000000000000000000, 1.580613645536954300E-016, 0.0000000000000000000 ) ) ;
#2623 = FACE_BOUND ( 'NONE', #2690, .T. ) ;
#2624 = LINE ( 'NONE', #1140, #4836 ) ;
#2625 = DIRECTION ( 'NONE',  ( -0.0000000000000000000, 0.0000000000000000000, 1.000000000000000000 ) ) ;
#2626 = DIRECTION ( 'NONE',  ( 0.0000000000000000000, 1.000000000000000000, 0.0000000000000000000 ) ) ;
#2627 = PRESENTATION_LAYER_ASSIGNMENT (  '', '', ( #2049 ) ) ;
#2628 = EDGE_CURVE ( 'NONE', #1161, #4634, #3818, .T. ) ;
#2629 = VERTEX_POINT ( 'NONE', #2255 ) ;
#2630 = MECHANICAL_DESIGN_GEOMETRIC_PRESENTATION_REPRESENTATION (  '', ( #1799 ), #2909 ) ;
#2631 = SURFACE_STYLE_FILL_AREA ( #3839 ) ;
#2632 = ORIENTED_EDGE ( 'NONE', *, *, #3262, .F. ) ;
#2633 = VECTOR ( 'NONE', #1203, 1000.000000000000000 ) ;
#2634 = CARTESIAN_POINT ( 'NONE',  ( -1.577195582194134400, -82.49999999999998600, 3.399999999999999900 ) ) ;
#2635 = PRESENTATION_STYLE_ASSIGNMENT (( #4793 ) ) ;
#2636 = ORIENTED_EDGE ( 'NONE', *, *, #5019, .T. ) ;
#2637 = VECTOR ( 'NONE', #1499, 1000.000000000000000 ) ;
#2638 = CARTESIAN_POINT ( 'NONE',  ( 23.09999999999999400, 19.59999999999999800, 3.750000000000000000 ) ) ;
#2639 = ORIENTED_EDGE ( 'NONE', *, *, #780, .T. ) ;
#2640 = VECTOR ( 'NONE', #1530, 1000.000000000000000 ) ;
#2641 = PRESENTATION_LAYER_ASSIGNMENT (  '', '', ( #2063 ) ) ;
#2642 = ORIENTED_EDGE ( 'NONE', *, *, #3306, .T. ) ;
#2643 = CARTESIAN_POINT ( 'NONE',  ( -0.2571955821941344600, 0.0000000000000000000, 3.399999999999999900 ) ) ;
#2644 = SURFACE_STYLE_USAGE ( .BOTH. , #1337 ) ;
#2645 = VECTOR ( 'NONE', #2617, 1000.000000000000000 ) ;
#2646 = VERTEX_POINT ( 'NONE', #543 ) ;
#2647 = VECTOR ( 'NONE', #230, 1000.000000000000000 ) ;
#2648 = FILL_AREA_STYLE ('',( #1522 ) ) ;
#2649 =( GEOMETRIC_REPRESENTATION_CONTEXT ( 3 ) GLOBAL_UNCERTAINTY_ASSIGNED_CONTEXT ( ( #1604 ) ) GLOBAL_UNIT_ASSIGNED_CONTEXT ( ( #3701, #2605, #69 ) ) REPRESENTATION_CONTEXT ( 'NONE', 'WORKASPACE' ) );
#2650 = LINE ( 'NONE', #338, #3503 ) ;
#2651 = EDGE_CURVE ( 'NONE', #2276, #3782, #1590, .T. ) ;
#2652 = CARTESIAN_POINT ( 'NONE',  ( 20.10000000000000100, -23.64999999999999900, 1.000000000000000000 ) ) ;
#2653 = CARTESIAN_POINT ( 'NONE',  ( 19.54574314557210000, -23.73076923076922300, 2.000000000000000000 ) ) ;
#2654 =( GEOMETRIC_REPRESENTATION_CONTEXT ( 3 ) GLOBAL_UNCERTAINTY_ASSIGNED_CONTEXT ( ( #3236 ) ) GLOBAL_UNIT_ASSIGNED_CONTEXT ( ( #1241, #5423, #741 ) ) REPRESENTATION_CONTEXT ( 'NONE', 'WORKASPACE' ) );
#2655 = AXIS2_PLACEMENT_3D ( 'NONE', #5122, #1343, #913 ) ;
#2656 = EDGE_CURVE ( 'NONE', #483, #3519, #4926, .T. ) ;
#2657 = DIRECTION ( 'NONE',  ( 0.0000000000000000000, 0.0000000000000000000, -1.000000000000000000 ) ) ;
#2658 = PRODUCT_DEFINITION_CONTEXT ( 'detailed design', #3296, 'design' ) ;
#2659 = DIRECTION ( 'NONE',  ( 1.000000000000000000, -0.0000000000000000000, 0.0000000000000000000 ) ) ;
#2660 = VECTOR ( 'NONE', #3681, 1000.000000000000000 ) ;
#2661 = EDGE_CURVE ( 'NONE', #2443, #198, #4799, .T. ) ;
#2662 = CARTESIAN_POINT ( 'NONE',  ( -21.79999999999999000, -23.19999999999999600, 0.0000000000000000000 ) ) ;
#2663 = STYLED_ITEM ( 'NONE', ( #4163 ), #1993 ) ;
#2664 = FILL_AREA_STYLE_COLOUR ( '', #4705 ) ;
#2665 = DIRECTION ( 'NONE',  ( 0.0000000000000000000, 0.0000000000000000000, -1.000000000000000000 ) ) ;
#2666 = CARTESIAN_POINT ( 'NONE',  ( 0.0000000000000000000, -85.49999999999998600, 3.399999999999999900 ) ) ;
#2667 = EDGE_LOOP ( 'NONE', ( #3061, #5394, #4735, #3249 ) ) ;
#2668 = CARTESIAN_POINT ( 'NONE',  ( -2.087195582194122600, 3.017255979489350500E-016, 3.499999999999999600 ) ) ;
#2669 = DIRECTION ( 'NONE',  ( -1.000000000000000000, -7.051721447060192400E-017, 0.0000000000000000000 ) ) ;
#2670 = ORIENTED_EDGE ( 'NONE', *, *, #1221, .T. ) ;
#2671 = VERTEX_POINT ( 'NONE', #943 ) ;
#2672 = UNCERTAINTY_MEASURE_WITH_UNIT (LENGTH_MEASURE( 1.000000000000000100E-005 ), #3380, 'distance_accuracy_value', 'NONE');
#2673 = ORIENTED_EDGE ( 'NONE', *, *, #3014, .F. ) ;
#2674 = VERTEX_POINT ( 'NONE', #2211 ) ;
#2675 = MECHANICAL_DESIGN_GEOMETRIC_PRESENTATION_REPRESENTATION (  '', ( #1848 ), #2971 ) ;
#2676 = DIRECTION ( 'NONE',  ( 1.000000000000000000, 1.811721645928780800E-016, 0.0000000000000000000 ) ) ;
#2677 = VERTEX_POINT ( 'NONE', #2638 ) ;
#2678 = LINE ( 'NONE', #5324, #4898 ) ;
#2679 = CARTESIAN_POINT ( 'NONE',  ( 23.09999999999999100, 19.59999999999999800, 4.000000000000000000 ) ) ;
#2680 = SURFACE_STYLE_FILL_AREA ( #3284 ) ;
#2681 = LINE ( 'NONE', #5279, #1572 ) ;
#2682 = CARTESIAN_POINT ( 'NONE',  ( 3.597804417805865900, -85.49999999999998600, 3.499999999999999600 ) ) ;
#2683 = DIRECTION ( 'NONE',  ( -0.0000000000000000000, 0.0000000000000000000, -1.000000000000000000 ) ) ;
#2684 = SURFACE_SIDE_STYLE ('',( #1967 ) ) ;
#2685 = FACE_OUTER_BOUND ( 'NONE', #859, .T. ) ;
#2686 = DIRECTION ( 'NONE',  ( -1.000000000000000000, 0.0000000000000000000, 0.0000000000000000000 ) ) ;
#2687 = VECTOR ( 'NONE', #4936, 1000.000000000000000 ) ;
#2688 = DIRECTION ( 'NONE',  ( 2.569960705150824900E-016, -1.000000000000000000, 0.0000000000000000000 ) ) ;
#2689 = AXIS2_PLACEMENT_3D ( 'NONE', #4580, #4157, #1212 ) ;
#2690 = EDGE_LOOP ( 'NONE', ( #4171, #2077, #226, #3871, #5300, #4459, #1831, #260 ) ) ;
#2691 = LINE ( 'NONE', #5015, #1581 ) ;
#2692 = LINE ( 'NONE', #1015, #1582 ) ;
#2693 = VERTEX_POINT ( 'NONE', #4297 ) ;
#2694 = LINE ( 'NONE', #2848, #3946 ) ;
#2695 = CARTESIAN_POINT ( 'NONE',  ( 0.0000000000000000000, -82.49999999999998600, 3.399999999999999900 ) ) ;
#2696 = EDGE_CURVE ( 'NONE', #628, #5065, #3553, .T. ) ;
#2697 = LINE ( 'NONE', #3013, #1584 ) ;
#2698 = ORIENTED_EDGE ( 'NONE', *, *, #1074, .F. ) ;
#2699 = DIRECTION ( 'NONE',  ( 0.0000000000000000000, -0.0000000000000000000, -1.000000000000000000 ) ) ;
#2700 = CARTESIAN_POINT ( 'NONE',  ( 0.0000000000000000000, -82.49999999999998600, 3.399999999999999900 ) ) ;
#2701 = CARTESIAN_POINT ( 'NONE',  ( -0.5571955821941345600, -85.49999999999998600, 3.499999999999999600 ) ) ;
#2702 = VECTOR ( 'NONE', #526, 1000.000000000000000 ) ;
#2703 = CARTESIAN_POINT ( 'NONE',  ( 22.10000000000000500, -23.80000000000000100, 0.0000000000000000000 ) ) ;
#2704 = DIRECTION ( 'NONE',  ( 0.0000000000000000000, 1.000000000000000000, 0.0000000000000000000 ) ) ;
#2705 = COLOUR_RGB ( '',0.0000000000000000000, 0.5607843137254902000, 1.000000000000000000 ) ;
#2706 = SURFACE_SIDE_STYLE ('',( #4456 ) ) ;
#2707 = CARTESIAN_POINT ( 'NONE',  ( -3.902195582194141200, -31.43802982736946600, 3.599999999999999600 ) ) ;
#2708 = FACE_BOUND ( 'NONE', #1260, .T. ) ;
#2709 = AXIS2_PLACEMENT_3D ( 'NONE', #4659, #1299, #4234 ) ;
#2710 = EDGE_CURVE ( 'NONE', #4675, #435, #4681, .T. ) ;
#2711 = UNCERTAINTY_MEASURE_WITH_UNIT (LENGTH_MEASURE( 1.000000000000000100E-005 ), #3350, 'distance_accuracy_value', 'NONE');
#2712 = CARTESIAN_POINT ( 'NONE',  ( 4.450000000000006400, -23.19999999999999200, 3.599999999999999600 ) ) ;
#2713 = DIRECTION ( 'NONE',  ( 0.0000000000000000000, 0.0000000000000000000, -1.000000000000000000 ) ) ;
#2714 = FILL_AREA_STYLE_COLOUR ( '', #436 ) ;
#2715 = MECHANICAL_DESIGN_GEOMETRIC_PRESENTATION_REPRESENTATION (  '', ( #2161 ), #3011 ) ;
#2716 = EDGE_CURVE ( 'NONE', #3191, #1721, #1331, .T. ) ;
#2717 = MECHANICAL_DESIGN_GEOMETRIC_PRESENTATION_REPRESENTATION (  '', ( #2164 ), #3015 ) ;
#2718 = CARTESIAN_POINT ( 'NONE',  ( -0.2571955821941344600, 0.0000000000000000000, 3.499999999999999600 ) ) ;
#2719 = FACE_OUTER_BOUND ( 'NONE', #563, .T. ) ;
#2720 = CARTESIAN_POINT ( 'NONE',  ( 3.597804417805865900, -85.49999999999998600, 3.499999999999999600 ) ) ;
#2721 = CARTESIAN_POINT ( 'NONE',  ( -23.09999999999999400, -12.29000000000000300, 3.750000000000000000 ) ) ;
#2722 = AXIS2_PLACEMENT_3D ( 'NONE', #3548, #3967, #4362 ) ;
#2723 = VERTEX_POINT ( 'NONE', #4648 ) ;
#2724 = CARTESIAN_POINT ( 'NONE',  ( 3.012804417805865900, -82.49999999999998600, 3.499999999999999600 ) ) ;
#2725 =( NAMED_UNIT ( * ) PLANE_ANGLE_UNIT ( ) SI_UNIT ( $, .RADIAN. ) );
#2726 = EDGE_LOOP ( 'NONE', ( #1357, #3280, #5094, #4837 ) ) ;
#2727 =( LENGTH_UNIT ( ) NAMED_UNIT ( * ) SI_UNIT ( .MILLI., .METRE. ) );
#2728 = ORIENTED_EDGE ( 'NONE', *, *, #2480, .F. ) ;
#2729 = ORIENTED_EDGE ( 'NONE', *, *, #1912, .T. ) ;
#2730 = VECTOR ( 'NONE', #996, 1000.000000000000000 ) ;
#2731 = FILL_AREA_STYLE ('',( #1058 ) ) ;
#2732 =( NAMED_UNIT ( * ) PLANE_ANGLE_UNIT ( ) SI_UNIT ( $, .RADIAN. ) );
#2733 = ORIENTED_EDGE ( 'NONE', *, *, #3997, .T. ) ;
#2734 =( GEOMETRIC_REPRESENTATION_CONTEXT ( 3 ) GLOBAL_UNCERTAINTY_ASSIGNED_CONTEXT ( ( #4030 ) ) GLOBAL_UNIT_ASSIGNED_CONTEXT ( ( #870, #1301, #25 ) ) REPRESENTATION_CONTEXT ( 'NONE', 'WORKASPACE' ) );
#2735 = ORIENTED_EDGE ( 'NONE', *, *, #2596, .T. ) ;
#2736 = DIRECTION ( 'NONE',  ( -2.175883946035506300E-016, 1.000000000000000000, 0.0000000000000000000 ) ) ;
#2737 = ORIENTED_EDGE ( 'NONE', *, *, #611, .T. ) ;
#2738 = COLOUR_RGB ( '',0.8039215686274510100, 0.4980392156862745200, 0.1960784313725490200 ) ;
#2739 = CARTESIAN_POINT ( 'NONE',  ( -0.0000000000000000000, -82.49999999999998600, 3.499999999999999600 ) ) ;
#2740 = DIRECTION ( 'NONE',  ( 1.000000000000000000, -0.0000000000000000000, -0.0000000000000000000 ) ) ;
#2741 =( LENGTH_UNIT ( ) NAMED_UNIT ( * ) SI_UNIT ( .MILLI., .METRE. ) );
#2742 = SURFACE_STYLE_USAGE ( .BOTH. , #4824 ) ;
#2743 = SURFACE_SIDE_STYLE ('',( #2126 ) ) ;
#2744 =( NAMED_UNIT ( * ) PLANE_ANGLE_UNIT ( ) SI_UNIT ( $, .RADIAN. ) );
#2745 = VECTOR ( 'NONE', #406, 1000.000000000000000 ) ;
#2746 = ORIENTED_EDGE ( 'NONE', *, *, #3299, .T. ) ;
#2747 = EDGE_CURVE ( 'NONE', #3522, #4204, #3683, .T. ) ;
#2748 = VECTOR ( 'NONE', #4629, 1000.000000000000000 ) ;
#2749 = DIRECTION ( 'NONE',  ( -1.000000000000000000, 0.0000000000000000000, 0.0000000000000000000 ) ) ;
#2750 = ORIENTED_EDGE ( 'NONE', *, *, #5399, .T. ) ;
#2751 = VECTOR ( 'NONE', #4878, 1000.000000000000000 ) ;
#2752 = CARTESIAN_POINT ( 'NONE',  ( 5.450000000000005500, -21.99999999999999600, 4.000000000000000000 ) ) ;
#2753 = AXIS2_PLACEMENT_3D ( 'NONE', #3685, #2427, #1603 ) ;
#2754 = CARTESIAN_POINT ( 'NONE',  ( 3.597804417805865900, -85.49999999999998600, 3.499999999999999600 ) ) ;
#2755 = PRESENTATION_LAYER_ASSIGNMENT (  '', '', ( #2199 ) ) ;
#2756 = VECTOR ( 'NONE', #79, 1000.000000000000000 ) ;
#2757 = DIRECTION ( 'NONE',  ( 0.0000000000000000000, 0.0000000000000000000, -1.000000000000000000 ) ) ;
#2758 = LINE ( 'NONE', #1295, #1637 ) ;
#2759 = EDGE_CURVE ( 'NONE', #3479, #1453, #1737, .T. ) ;
#2760 = VECTOR ( 'NONE', #5217, 1000.000000000000000 ) ;
#2761 = PRESENTATION_STYLE_ASSIGNMENT (( #105 ) ) ;
#2762 = CARTESIAN_POINT ( 'NONE',  ( 22.10000000000000500, -23.80000000000000100, 0.0000000000000000000 ) ) ;
#2763 = ORIENTED_EDGE ( 'NONE', *, *, #3201, .F. ) ;
#2764 = DIRECTION ( 'NONE',  ( -1.000000000000000000, 1.445602896647337900E-016, 0.0000000000000000000 ) ) ;
#2765 = LINE ( 'NONE', #4006, #2637 ) ;
#2766 = CARTESIAN_POINT ( 'NONE',  ( 0.2528044178058655400, 0.0000000000000000000, 3.399999999999999900 ) ) ;
#2767 = PLANE ( 'NONE',  #2860 ) ;
#2768 = PRESENTATION_STYLE_ASSIGNMENT (( #2843 ) ) ;
#2769 = VECTOR ( 'NONE', #284, 1000.000000000000000 ) ;
#2770 = EDGE_LOOP ( 'NONE', ( #1142, #2763, #982, #3247 ) ) ;
#2771 = EDGE_CURVE ( 'NONE', #4498, #3287, #193, .T. ) ;
#2772 = AXIS2_PLACEMENT_3D ( 'NONE', #136, #4751, #3065 ) ;
#2773 = VECTOR ( 'NONE', #687, 1000.000000000000000 ) ;
#2774 = FILL_AREA_STYLE ('',( #5292 ) ) ;
#2775 = ORIENTED_EDGE ( 'NONE', *, *, #4758, .T. ) ;
#2776 = FILL_AREA_STYLE_COLOUR ( '', #1032 ) ;
#2777 = VERTEX_POINT ( 'NONE', #1969 ) ;
#2778 = VERTEX_POINT ( 'NONE', #1546 ) ;
#2779 = LINE ( 'NONE', #4871, #4863 ) ;
#2780 = ORIENTED_EDGE ( 'NONE', *, *, #1820, .T. ) ;
#2781 = SURFACE_STYLE_USAGE ( .BOTH. , #241 ) ;
#2782 = EDGE_CURVE ( 'NONE', #3479, #4396, #4538, .T. ) ;
#2783 = DIRECTION ( 'NONE',  ( -0.0000000000000000000, -0.0000000000000000000, 1.000000000000000000 ) ) ;
#2784 = PLANE ( 'NONE',  #768 ) ;
#2785 = CARTESIAN_POINT ( 'NONE',  ( -2.807195582194134800, -85.49999999999998600, 3.399999999999999900 ) ) ;
#2786 = CARTESIAN_POINT ( 'NONE',  ( 0.0000000000000000000, 0.0000000000000000000, 3.399999999999999900 ) ) ;
#2787 = CARTESIAN_POINT ( 'NONE',  ( 1.782804417805865700, -85.49999999999998600, 3.399999999999999900 ) ) ;
#2788 = CARTESIAN_POINT ( 'NONE',  ( 22.09999999999999400, 19.59999999999999800, 4.000000000000000000 ) ) ;
#2789 = PLANE ( 'NONE',  #5000 ) ;
#2790 = LINE ( 'NONE', #2399, #3761 ) ;
#2791 = DIRECTION ( 'NONE',  ( -1.445602896647337900E-016, -1.000000000000000000, 0.0000000000000000000 ) ) ;
#2792 = FILL_AREA_STYLE ('',( #1612 ) ) ;
#2793 = DIRECTION ( 'NONE',  ( -1.000000000000000000, -0.0000000000000000000, -0.0000000000000000000 ) ) ;
#2794 = DIRECTION ( 'NONE',  ( 0.0000000000000000000, 0.0000000000000000000, 1.000000000000000000 ) ) ;
#2795 = AXIS2_PLACEMENT_3D ( 'NONE', #1398, #955, #4293 ) ;
#2796 = EDGE_CURVE ( 'NONE', #3191, #1523, #65, .T. ) ;
#2797 = CARTESIAN_POINT ( 'NONE',  ( -1.067195582194134600, -85.49999999999998600, 3.399999999999999900 ) ) ;
#2798 =( GEOMETRIC_REPRESENTATION_CONTEXT ( 3 ) GLOBAL_UNCERTAINTY_ASSIGNED_CONTEXT ( ( #555 ) ) GLOBAL_UNIT_ASSIGNED_CONTEXT ( ( #2347, #1932, #4423 ) ) REPRESENTATION_CONTEXT ( 'NONE', 'WORKASPACE' ) );
#2799 = ORIENTED_EDGE ( 'NONE', *, *, #2759, .F. ) ;
#2800 = ADVANCED_FACE ( 'NONE', ( #2313 ), #3205, .F. ) ;
#2801 = PRESENTATION_STYLE_ASSIGNMENT (( #1342 ) ) ;
#2802 = VERTEX_POINT ( 'NONE', #2785 ) ;
#2803 = DIRECTION ( 'NONE',  ( -1.000000000000000000, 0.0000000000000000000, 0.0000000000000000000 ) ) ;
#2804 = ORIENTED_EDGE ( 'NONE', *, *, #3630, .F. ) ;
#2805 = DIRECTION ( 'NONE',  ( 0.0000000000000000000, 0.0000000000000000000, 1.000000000000000000 ) ) ;
#2806 = ORIENTED_EDGE ( 'NONE', *, *, #5193, .F. ) ;
#2807 = ORIENTED_EDGE ( 'NONE', *, *, #2710, .T. ) ;
#2808 = ORIENTED_EDGE ( 'NONE', *, *, #1494, .T. ) ;
#2809 = DIRECTION ( 'NONE',  ( -1.000000000000000000, 0.0000000000000000000, 0.0000000000000000000 ) ) ;
#2810 = ORIENTED_EDGE ( 'NONE', *, *, #248, .T. ) ;
#2811 = ORIENTED_EDGE ( 'NONE', *, *, #5238, .F. ) ;
#2812 = SURFACE_STYLE_USAGE ( .BOTH. , #282 ) ;
#2813 = LINE ( 'NONE', #3895, #3924 ) ;
#2814 = PRESENTATION_LAYER_ASSIGNMENT (  '', '', ( #2531 ) ) ;
#2815 = ORIENTED_EDGE ( 'NONE', *, *, #5005, .F. ) ;
#2816 = FILL_AREA_STYLE ('',( #4471 ) ) ;
#2817 = ORIENTED_EDGE ( 'NONE', *, *, #4546, .F. ) ;
#2818 = SURFACE_STYLE_USAGE ( .BOTH. , #285 ) ;
#2819 =( NAMED_UNIT ( * ) PLANE_ANGLE_UNIT ( ) SI_UNIT ( $, .RADIAN. ) );
#2820 = EDGE_LOOP ( 'NONE', ( #2028, #2404, #1385, #4207 ) ) ;
#2821 = VECTOR ( 'NONE', #2736, 1000.000000000000000 ) ;
#2822 = AXIS2_PLACEMENT_3D ( 'NONE', #865, #2382, #466 ) ;
#2823 = EDGE_CURVE ( 'NONE', #1803, #1179, #5367, .T. ) ;
#2824 = VECTOR ( 'NONE', #4656, 1000.000000000000000 ) ;
#2825 = CARTESIAN_POINT ( 'NONE',  ( -3.902195582194141200, -31.43802982736946600, 3.599999999999999600 ) ) ;
#2826 = COLOUR_RGB ( '',0.8039215686274510100, 0.4980392156862745200, 0.1960784313725490200 ) ;
#2827 = PRESENTATION_STYLE_ASSIGNMENT (( #544 ) ) ;
#2828 = LINE ( 'NONE', #2011, #1718 ) ;
#2829 = ORIENTED_EDGE ( 'NONE', *, *, #1577, .T. ) ;
#2830 = CARTESIAN_POINT ( 'NONE',  ( 3.597804417805865900, -29.49999999999999300, 3.499999999999999600 ) ) ;
#2831 = COLOUR_RGB ( '',0.8039215686274510100, 0.4980392156862745200, 0.1960784313725490200 ) ;
#2832 = PRESENTATION_LAYER_ASSIGNMENT (  '', '', ( #3098 ) ) ;
#2833 = DIRECTION ( 'NONE',  ( -0.0000000000000000000, -0.0000000000000000000, -1.000000000000000000 ) ) ;
#2834 = MECHANICAL_DESIGN_GEOMETRIC_PRESENTATION_REPRESENTATION (  '', ( #1989 ), #3100 ) ;
#2835 = VECTOR ( 'NONE', #2507, 1000.000000000000000 ) ;
#2836 = LINE ( 'NONE', #3963, #5061 ) ;
#2837 = VECTOR ( 'NONE', #3179, 1000.000000000000000 ) ;
#2838 = ORIENTED_EDGE ( 'NONE', *, *, #1149, .T. ) ;
#2839 = VECTOR ( 'NONE', #56, 1000.000000000000000 ) ;
#2840 = PRODUCT_CONTEXT ( 'NONE', #4416, 'mechanical' ) ;
#2841 = ORIENTED_EDGE ( 'NONE', *, *, #4419, .F. ) ;
#2842 = COLOUR_RGB ( '',0.8039215686274510100, 0.4980392156862745200, 0.1960784313725490200 ) ;
#2843 = SURFACE_STYLE_USAGE ( .BOTH. , #1588 ) ;
#2844 =( NAMED_UNIT ( * ) PLANE_ANGLE_UNIT ( ) SI_UNIT ( $, .RADIAN. ) );
#2845 = CIRCLE ( 'NONE', #2258, 1.000000000000000900 ) ;
#2846 = CARTESIAN_POINT ( 'NONE',  ( -24.59999999999999400, -23.80000000000000100, 2.250000000000000000 ) ) ;
#2847 = DIRECTION ( 'NONE',  ( 0.0000000000000000000, 0.0000000000000000000, -1.000000000000000000 ) ) ;
#2848 = CARTESIAN_POINT ( 'NONE',  ( 21.59999999999999400, -25.04999999999999700, -63.50000000000000000 ) ) ;
#2849 = SURFACE_STYLE_FILL_AREA ( #363 ) ;
#2850 = DIRECTION ( 'NONE',  ( 0.0000000000000000000, 1.000000000000000000, 0.0000000000000000000 ) ) ;
#2851 = PRESENTATION_LAYER_ASSIGNMENT (  '', '', ( #2585 ) ) ;
#2852 = ADVANCED_FACE ( 'NONE', ( #3152 ), #245, .T. ) ;
#2853 = CARTESIAN_POINT ( 'NONE',  ( 22.09999999999999400, 20.60000000000000100, 4.000000000000000000 ) ) ;
#2854 = STYLED_ITEM ( 'NONE', ( #4623 ), #673 ) ;
#2855 = EDGE_CURVE ( 'NONE', #5368, #1769, #1657, .T. ) ;
#2856 = CARTESIAN_POINT ( 'NONE',  ( -24.59999999999999800, -21.99999999999999600, 4.000000000000000000 ) ) ;
#2857 = LINE ( 'NONE', #5439, #609 ) ;
#2858 = DIRECTION ( 'NONE',  ( 6.262539624465011800E-016, 1.000000000000000000, -0.0000000000000000000 ) ) ;
#2859 = SURFACE_STYLE_USAGE ( .BOTH. , #1669 ) ;
#2860 = AXIS2_PLACEMENT_3D ( 'NONE', #3253, #1664, #3337 ) ;
#2861 = AXIS2_PLACEMENT_3D ( 'NONE', #2260, #3511, #3502 ) ;
#2862 = EDGE_CURVE ( 'NONE', #4187, #2078, #2779, .T. ) ;
#2863 = PLANE ( 'NONE',  #4535 ) ;
#2864 = VECTOR ( 'NONE', #370, 1000.000000000000000 ) ;
#2865 = VERTEX_POINT ( 'NONE', #898 ) ;
#2866 = EDGE_LOOP ( 'NONE', ( #3596, #3353, #5441, #4508 ) ) ;
#2867 = VECTOR ( 'NONE', #930, 1000.000000000000000 ) ;
#2868 = EDGE_LOOP ( 'NONE', ( #1851, #2142, #2568, #5333, #1031, #94, #1809, #1926 ) ) ;
#2869 = PRESENTATION_LAYER_ASSIGNMENT (  '', '', ( #2308 ) ) ;
#2870 =( LENGTH_UNIT ( ) NAMED_UNIT ( * ) SI_UNIT ( .MILLI., .METRE. ) );
#2871 = EDGE_LOOP ( 'NONE', ( #4760, #3516, #2979, #552 ) ) ;
#2872 = CARTESIAN_POINT ( 'NONE',  ( 1.782804417805865700, 0.0000000000000000000, 3.399999999999999900 ) ) ;
#2873 = EDGE_LOOP ( 'NONE', ( #5186, #3033, #156, #4831, #4710, #3853, #4247, #3239, #1327, #5304, #2342, #4893 ) ) ;
#2874 = CARTESIAN_POINT ( 'NONE',  ( 22.09999999999999800, -12.28999999999999600, 3.750000000000000000 ) ) ;
#2875 = PRESENTATION_STYLE_ASSIGNMENT (( #774 ) ) ;
#2876 = UNCERTAINTY_MEASURE_WITH_UNIT (LENGTH_MEASURE( 1.000000000000000100E-005 ), #4402, 'distance_accuracy_value', 'NONE');
#2877 = CARTESIAN_POINT ( 'NONE',  ( 16.59999999999999400, -25.04999999999999700, -58.50000000000000000 ) ) ;
#2878 = FILL_AREA_STYLE ('',( #4950 ) ) ;
#2879 = DIRECTION ( 'NONE',  ( -0.0000000000000000000, -0.0000000000000000000, 1.000000000000000000 ) ) ;
#2880 = CARTESIAN_POINT ( 'NONE',  ( 0.0000000000000000000, -82.49999999999998600, 3.399999999999999900 ) ) ;
#2881 = EDGE_CURVE ( 'NONE', #4361, #18, #522, .T. ) ;
#2882 = UNCERTAINTY_MEASURE_WITH_UNIT (LENGTH_MEASURE( 1.000000000000000100E-005 ), #1350, 'distance_accuracy_value', 'NONE');
#2883 = CARTESIAN_POINT ( 'NONE',  ( 4.450000000000002800, -23.19999999999999200, 3.499999999999999600 ) ) ;
#2884 = PRESENTATION_STYLE_ASSIGNMENT (( #148 ) ) ;
#2885 = VECTOR ( 'NONE', #3254, 1000.000000000000000 ) ;
#2886 = CIRCLE ( 'NONE', #4699, 1.000000000000000900 ) ;
#2887 = ORIENTED_EDGE ( 'NONE', *, *, #1196, .T. ) ;
#2888 = CYLINDRICAL_SURFACE ( 'NONE', #4809, 1.000000000000000900 ) ;
#2889 = DIRECTION ( 'NONE',  ( 0.0000000000000000000, 0.0000000000000000000, -1.000000000000000000 ) ) ;
#2890 = LINE ( 'NONE', #3861, #647 ) ;
#2891 = COLOUR_RGB ( '',0.7529411764705882200, 0.7529411764705882200, 0.7529411764705882200 ) ;
#2892 = FILL_AREA_STYLE_COLOUR ( '', #2168 ) ;
#2893 = FACE_OUTER_BOUND ( 'NONE', #3149, .T. ) ;
#2894 = SURFACE_STYLE_USAGE ( .BOTH. , #355 ) ;
#2895 = CARTESIAN_POINT ( 'NONE',  ( 23.09999999999999100, 19.59999999999999800, 4.000000000000000000 ) ) ;
#2896 = LINE ( 'NONE', #3320, #652 ) ;
#2897 = PRESENTATION_STYLE_ASSIGNMENT (( #4740 ) ) ;
#2898 = FILL_AREA_STYLE ('',( #4111 ) ) ;
#2899 = AXIS2_PLACEMENT_3D ( 'NONE', #2490, #359, #2686 ) ;
#2900 = EDGE_CURVE ( 'NONE', #1733, #784, #4995, .T. ) ;
#2901 = LINE ( 'NONE', #738, #5123 ) ;
#2902 = FILL_AREA_STYLE ('',( #3304 ) ) ;
#2903 = FACE_OUTER_BOUND ( 'NONE', #834, .T. ) ;
#2904 = ORIENTED_EDGE ( 'NONE', *, *, #5311, .T. ) ;
#2905 = COLOUR_RGB ( '',0.8039215686274510100, 0.4980392156862745200, 0.1960784313725490200 ) ;
#2906 = MECHANICAL_DESIGN_GEOMETRIC_PRESENTATION_REPRESENTATION (  '', ( #2049 ), #3164 ) ;
#2907 = DIRECTION ( 'NONE',  ( -0.0000000000000000000, -0.0000000000000000000, 1.000000000000000000 ) ) ;
#2908 = EDGE_CURVE ( 'NONE', #4738, #2934, #3746, .T. ) ;
#2909 =( GEOMETRIC_REPRESENTATION_CONTEXT ( 3 ) GLOBAL_UNCERTAINTY_ASSIGNED_CONTEXT ( ( #63 ) ) GLOBAL_UNIT_ASSIGNED_CONTEXT ( ( #1823, #3494, #542 ) ) REPRESENTATION_CONTEXT ( 'NONE', 'WORKASPACE' ) );
#2910 = AXIS2_PLACEMENT_3D ( 'NONE', #2598, #547, #4756 ) ;
#2911 = ORIENTED_EDGE ( 'NONE', *, *, #3979, .F. ) ;
#2912 =( NAMED_UNIT ( * ) PLANE_ANGLE_UNIT ( ) SI_UNIT ( $, .RADIAN. ) );
#2913 = SURFACE_STYLE_USAGE ( .BOTH. , #371 ) ;
#2914 = ADVANCED_FACE ( 'NONE', ( #4739 ), #1744, .T. ) ;
#2915 = CARTESIAN_POINT ( 'NONE',  ( 2.502804417805865700, -82.49999999999998600, 3.399999999999999900 ) ) ;
#2916 = PLANE ( 'NONE',  #1819 ) ;
#2917 = PLANE ( 'NONE',  #1382 ) ;
#2918 = CARTESIAN_POINT ( 'NONE',  ( 2.502804417805865700, -82.49999999999998600, 3.499999999999999600 ) ) ;
#2919 = DIRECTION ( 'NONE',  ( -1.000000000000000000, 0.0000000000000000000, 0.0000000000000000000 ) ) ;
#2920 = CARTESIAN_POINT ( 'NONE',  ( -2.087195582194135000, -85.49999999999998600, 3.399999999999999900 ) ) ;
#2921 = DIRECTION ( 'NONE',  ( 1.000000000000000000, -0.0000000000000000000, 0.0000000000000000000 ) ) ;
#2922 = VECTOR ( 'NONE', #2128, 1000.000000000000000 ) ;
#2923 = CARTESIAN_POINT ( 'NONE',  ( 23.09999999999999100, 19.59999999999999800, 4.000000000000000000 ) ) ;
#2924 = MECHANICAL_DESIGN_GEOMETRIC_PRESENTATION_REPRESENTATION (  '', ( #2063 ), #3181 ) ;
#2925 = ADVANCED_FACE ( 'NONE', ( #4341 ), #1774, .T. ) ;
#2926 = DIRECTION ( 'NONE',  ( -1.000000000000000000, 0.0000000000000000000, 0.0000000000000000000 ) ) ;
#2927 = VECTOR ( 'NONE', #4051, 1000.000000000000000 ) ;
#2928 = PLANE ( 'NONE',  #2332 ) ;
#2929 = DIRECTION ( 'NONE',  ( -1.000000000000000000, 0.0000000000000000000, 0.0000000000000000000 ) ) ;
#2930 = DIRECTION ( 'NONE',  ( -0.0000000000000000000, -0.0000000000000000000, 1.000000000000000000 ) ) ;
#2931 =( NAMED_UNIT ( * ) SI_UNIT ( $, .STERADIAN. ) SOLID_ANGLE_UNIT ( ) );
#2932 = EDGE_CURVE ( 'NONE', #1205, #3287, #587, .T. ) ;
#2933 = CARTESIAN_POINT ( 'NONE',  ( 23.09999999999999800, -12.28999999999999600, 4.000000000000000000 ) ) ;
#2934 = VERTEX_POINT ( 'NONE', #1338 ) ;
#2935 = DIRECTION ( 'NONE',  ( -1.000000000000000000, 0.0000000000000000000, 0.0000000000000000000 ) ) ;
#2936 = DIRECTION ( 'NONE',  ( -1.000000000000000000, 0.0000000000000000000, 0.0000000000000000000 ) ) ;
#2937 = CARTESIAN_POINT ( 'NONE',  ( -22.09999999999999400, 20.60000000000000100, 3.750000000000000000 ) ) ;
#2938 = SURFACE_STYLE_FILL_AREA ( #1782 ) ;
#2939 =( NAMED_UNIT ( * ) SI_UNIT ( $, .STERADIAN. ) SOLID_ANGLE_UNIT ( ) );
#2940 = PRESENTATION_LAYER_ASSIGNMENT (  '', '', ( #2377 ) ) ;
#2941 = EDGE_CURVE ( 'NONE', #628, #3479, #3948, .T. ) ;
#2942 = ORIENTED_EDGE ( 'NONE', *, *, #4938, .F. ) ;
#2943 = ORIENTED_EDGE ( 'NONE', *, *, #2862, .T. ) ;
#2944 = DIRECTION ( 'NONE',  ( -0.0000000000000000000, -0.0000000000000000000, -1.000000000000000000 ) ) ;
#2945 = ORIENTED_EDGE ( 'NONE', *, *, #4434, .F. ) ;
#2946 = ORIENTED_EDGE ( 'NONE', *, *, #2297, .T. ) ;
#2947 = VERTEX_POINT ( 'NONE', #4680 ) ;
#2948 = SURFACE_STYLE_USAGE ( .BOTH. , #5426 ) ;
#2949 = ORIENTED_EDGE ( 'NONE', *, *, #875, .T. ) ;
#2950 = EDGE_CURVE ( 'NONE', #2548, #1286, #2697, .T. ) ;
#2951 = LINE ( 'NONE', #4565, #3441 ) ;
#2952 = PRESENTATION_LAYER_ASSIGNMENT (  '', '', ( #2663 ) ) ;
#2953 = CARTESIAN_POINT ( 'NONE',  ( 21.59999999999999400, -22.24999999999999600, -63.50000000000000000 ) ) ;
#2954 = ADVANCED_FACE ( 'NONE', ( #3812 ), #905, .T. ) ;
#2955 = CARTESIAN_POINT ( 'NONE',  ( -23.09999999999999400, 19.59999999999999800, 4.000000000000000000 ) ) ;
#2956 = CARTESIAN_POINT ( 'NONE',  ( -1.577195582194134600, -85.49999999999998600, 3.499999999999999600 ) ) ;
#2957 = VERTEX_POINT ( 'NONE', #3828 ) ;
#2958 = COLOUR_RGB ( '',0.0000000000000000000, 0.0000000000000000000, 0.0000000000000000000 ) ;
#2959 = SURFACE_STYLE_FILL_AREA ( #2618 ) ;
#2960 = PLANE ( 'NONE',  #3788 ) ;
#2961 = FILL_AREA_STYLE ('',( #2012 ) ) ;
#2962 = COLOUR_RGB ( '',0.8039215686274510100, 0.4980392156862745200, 0.1960784313725490200 ) ;
#2963 = LINE ( 'NONE', #170, #5048 ) ;
#2964 = SURFACE_STYLE_FILL_AREA ( #3796 ) ;
#2965 = FACE_OUTER_BOUND ( 'NONE', #756, .T. ) ;
#2966 = VECTOR ( 'NONE', #582, 1000.000000000000000 ) ;
#2967 = VERTEX_POINT ( 'NONE', #3805 ) ;
#2968 = SURFACE_STYLE_FILL_AREA ( #786 ) ;
#2969 = DIRECTION ( 'NONE',  ( -1.000000000000000000, 0.0000000000000000000, 0.0000000000000000000 ) ) ;
#2970 = ORIENTED_EDGE ( 'NONE', *, *, #1472, .F. ) ;
#2971 =( GEOMETRIC_REPRESENTATION_CONTEXT ( 3 ) GLOBAL_UNCERTAINTY_ASSIGNED_CONTEXT ( ( #4637 ) ) GLOBAL_UNIT_ASSIGNED_CONTEXT ( ( #1610, #5356, #1173 ) ) REPRESENTATION_CONTEXT ( 'NONE', 'WORKASPACE' ) );
#2972 = LINE ( 'NONE', #5412, #2835 ) ;
#2973 = CARTESIAN_POINT ( 'NONE',  ( 22.10000000000000500, -23.80000000000000100, 2.250000000000000000 ) ) ;
#2974 = CARTESIAN_POINT ( 'NONE',  ( -24.59999999999999800, 23.00000000000000400, 3.750000000000000000 ) ) ;
#2975 = CIRCLE ( 'NONE', #3759, 2.069230769230771200 ) ;
#2976 = DIRECTION ( 'NONE',  ( -0.0000000000000000000, -0.0000000000000000000, 1.000000000000000000 ) ) ;
#2977 = ORIENTED_EDGE ( 'NONE', *, *, #3735, .T. ) ;
#2979 = ORIENTED_EDGE ( 'NONE', *, *, #213, .T. ) ;
#2978 = CARTESIAN_POINT ( 'NONE',  ( 1.782804417805865700, -82.49999999999998600, 3.399999999999999900 ) ) ;
#2980 = FILL_AREA_STYLE ('',( #3388 ) ) ;
#2981 = SURFACE_SIDE_STYLE ('',( #799 ) ) ;
#2982 = ADVANCED_FACE ( 'NONE', ( #60 ), #4011, .F. ) ;
#2983 = VECTOR ( 'NONE', #5440, 1000.000000000000000 ) ;
#2984 = CARTESIAN_POINT ( 'NONE',  ( -0.7671955821941345300, 0.0000000000000000000, 3.499999999999999600 ) ) ;
#2985 = DIRECTION ( 'NONE',  ( -1.000000000000000000, 0.0000000000000000000, 0.0000000000000000000 ) ) ;
#2986 = PRESENTATION_LAYER_ASSIGNMENT (  '', '', ( #1568 ) ) ;
#2987 = CARTESIAN_POINT ( 'NONE',  ( -0.7671955821941345300, -85.49999999999998600, 3.399999999999999900 ) ) ;
#2988 = CARTESIAN_POINT ( 'NONE',  ( -3.317195582194134600, -82.49999999999998600, 3.399999999999999900 ) ) ;
#2989 = CARTESIAN_POINT ( 'NONE',  ( 24.60000000000000100, -21.99999999999999600, 4.000000000000000000 ) ) ;
#2990 =( LENGTH_UNIT ( ) NAMED_UNIT ( * ) SI_UNIT ( .MILLI., .METRE. ) );
#2991 = LINE ( 'NONE', #5363, #5082 ) ;
#2992 = EDGE_CURVE ( 'NONE', #1557, #2494, #3031, .T. ) ;
#2993 = DIRECTION ( 'NONE',  ( -1.445602896647337900E-016, -1.000000000000000000, 0.0000000000000000000 ) ) ;
#2994 = FILL_AREA_STYLE ('',( #4250 ) ) ;
#2995 = SURFACE_SIDE_STYLE ('',( #2520 ) ) ;
#2996 = VECTOR ( 'NONE', #1277, 1000.000000000000000 ) ;
#2997 = DIRECTION ( 'NONE',  ( 1.000000000000000000, -0.0000000000000000000, -0.0000000000000000000 ) ) ;
#2998 = VERTEX_POINT ( 'NONE', #3783 ) ;
#2999 = PRESENTATION_LAYER_ASSIGNMENT (  '', '', ( #2440 ) ) ;
#3000 = EDGE_LOOP ( 'NONE', ( #4497, #4317, #4337, #4103 ) ) ;
#3001 = EDGE_CURVE ( 'NONE', #5338, #3215, #1916, .T. ) ;
#3002 = ADVANCED_FACE ( 'NONE', ( #2903 ), #1278, .T. ) ;
#3003 = VERTEX_POINT ( 'NONE', #1684 ) ;
#3004 = DIRECTION ( 'NONE',  ( -0.0000000000000000000, -0.0000000000000000000, 1.000000000000000000 ) ) ;
#3005 = ORIENTED_EDGE ( 'NONE', *, *, #3165, .T. ) ;
#3006 = EDGE_LOOP ( 'NONE', ( #1797, #4363, #4567, #2887, #4139, #1931 ) ) ;
#3007 = PLANE ( 'NONE',  #12 ) ;
#3008 = CARTESIAN_POINT ( 'NONE',  ( 0.0000000000000000000, -82.49999999999998600, 3.399999999999999900 ) ) ;
#3009 = CARTESIAN_POINT ( 'NONE',  ( 0.0000000000000000000, 0.0000000000000000000, 3.499999999999999600 ) ) ;
#3010 = ORIENTED_EDGE ( 'NONE', *, *, #4345, .T. ) ;
#3011 =( GEOMETRIC_REPRESENTATION_CONTEXT ( 3 ) GLOBAL_UNCERTAINTY_ASSIGNED_CONTEXT ( ( #509 ) ) GLOBAL_UNIT_ASSIGNED_CONTEXT ( ( #1677, #2521, #4644 ) ) REPRESENTATION_CONTEXT ( 'NONE', 'WORKASPACE' ) );
#3012 = UNCERTAINTY_MEASURE_WITH_UNIT (LENGTH_MEASURE( 1.000000000000000100E-005 ), #1903, 'distance_accuracy_value', 'NONE');
#3013 = CARTESIAN_POINT ( 'NONE',  ( 4.450000000000002800, -23.19999999999999200, 3.699999999999999300 ) ) ;
#3014 = EDGE_CURVE ( 'NONE', #83, #4172, #1386, .T. ) ;
#3015 =( GEOMETRIC_REPRESENTATION_CONTEXT ( 3 ) GLOBAL_UNCERTAINTY_ASSIGNED_CONTEXT ( ( #1574 ) ) GLOBAL_UNIT_ASSIGNED_CONTEXT ( ( #207, #2732, #612 ) ) REPRESENTATION_CONTEXT ( 'NONE', 'WORKASPACE' ) );
#3016 = ORIENTED_EDGE ( 'NONE', *, *, #200, .F. ) ;
#3017 = LINE ( 'NONE', #3357, #755 ) ;
#3018 = ORIENTED_EDGE ( 'NONE', *, *, #2229, .F. ) ;
#3019 = AXIS2_PLACEMENT_3D ( 'NONE', #2555, #4338, #3510 ) ;
#3020 = CARTESIAN_POINT ( 'NONE',  ( -1.277195582194135000, -85.49999999999998600, 3.499999999999999600 ) ) ;
#3021 = COLOUR_RGB ( '',0.8039215686274510100, 0.4980392156862745200, 0.1960784313725490200 ) ;
#3022 = CARTESIAN_POINT ( 'NONE',  ( -2.297195582194134600, 0.0000000000000000000, 3.399999999999999900 ) ) ;
#3023 = ORIENTED_EDGE ( 'NONE', *, *, #392, .T. ) ;
#3024 = LINE ( 'NONE', #2080, #646 ) ;
#3025 =( NAMED_UNIT ( * ) PLANE_ANGLE_UNIT ( ) SI_UNIT ( $, .RADIAN. ) );
#3026 = CARTESIAN_POINT ( 'NONE',  ( 21.59999999999999400, -25.04999999999999700, -63.50000000000000000 ) ) ;
#3027 = ORIENTED_EDGE ( 'NONE', *, *, #2620, .T. ) ;
#3028 =( NAMED_UNIT ( * ) SI_UNIT ( $, .STERADIAN. ) SOLID_ANGLE_UNIT ( ) );
#3029 =( NAMED_UNIT ( * ) SI_UNIT ( $, .STERADIAN. ) SOLID_ANGLE_UNIT ( ) );
#3030 = ADVANCED_FACE ( 'NONE', ( #4600 ), #1230, .F. ) ;
#3031 = LINE ( 'NONE', #412, #779 ) ;
#3032 =( NAMED_UNIT ( * ) SI_UNIT ( $, .STERADIAN. ) SOLID_ANGLE_UNIT ( ) );
#3033 = ORIENTED_EDGE ( 'NONE', *, *, #2491, .F. ) ;
#3034 = STYLED_ITEM ( 'NONE', ( #1030 ), #2503 ) ;
#3035 = SURFACE_STYLE_FILL_AREA ( #5281 ) ;
#3036 = EDGE_CURVE ( 'NONE', #5104, #888, #3486, .T. ) ;
#3037 = DIRECTION ( 'NONE',  ( -1.000000000000000000, 0.0000000000000000000, 0.0000000000000000000 ) ) ;
#3038 = ORIENTED_EDGE ( 'NONE', *, *, #4115, .F. ) ;
#3039 = FILL_AREA_STYLE ('',( #4569 ) ) ;
#3040 = AXIS2_PLACEMENT_3D ( 'NONE', #1497, #798, #2321 ) ;
#3041 = MECHANICAL_DESIGN_GEOMETRIC_PRESENTATION_REPRESENTATION (  '', ( #2199 ), #3305 ) ;
#3042 = EDGE_CURVE ( 'NONE', #3939, #1442, #258, .T. ) ;
#3043 = CARTESIAN_POINT ( 'NONE',  ( 22.09999999999999800, -12.28999999999999600, 4.000000000000000000 ) ) ;
#3044 = FACE_OUTER_BOUND ( 'NONE', #1419, .T. ) ;
#3045 = VECTOR ( 'NONE', #1265, 1000.000000000000000 ) ;
#3046 = EDGE_CURVE ( 'NONE', #3972, #628, #2378, .T. ) ;
#3047 = DIRECTION ( 'NONE',  ( -1.445602896647337900E-016, -1.000000000000000000, 0.0000000000000000000 ) ) ;
#3048 = MECHANICAL_DESIGN_GEOMETRIC_PRESENTATION_REPRESENTATION (  '', ( #2483 ), #3314 ) ;
#3049 = UNCERTAINTY_MEASURE_WITH_UNIT (LENGTH_MEASURE( 1.000000000000000100E-005 ), #579, 'distance_accuracy_value', 'NONE');
#3050 = CARTESIAN_POINT ( 'NONE',  ( -3.107195582194135100, -85.49999999999998600, 3.399999999999999900 ) ) ;
#3051 = CARTESIAN_POINT ( 'NONE',  ( -21.79999999999999000, -23.80000000000000100, 0.0000000000000000000 ) ) ;
#3052 = ADVANCED_FACE ( 'NONE', ( #1111 ), #5060, .T. ) ;
#3053 = CARTESIAN_POINT ( 'NONE',  ( -3.107195582194123100, 4.491770934069635000E-016, 3.499999999999999600 ) ) ;
#3054 = EDGE_CURVE ( 'NONE', #3393, #1557, #4074, .T. ) ;
#3055 =( NAMED_UNIT ( * ) PLANE_ANGLE_UNIT ( ) SI_UNIT ( $, .RADIAN. ) );
#3056 = ORIENTED_EDGE ( 'NONE', *, *, #5274, .T. ) ;
#3057 = ORIENTED_EDGE ( 'NONE', *, *, #222, .F. ) ;
#3058 = VECTOR ( 'NONE', #940, 1000.000000000000000 ) ;
#3059 = STYLED_ITEM ( 'NONE', ( #3268 ), #364 ) ;
#3060 =( NAMED_UNIT ( * ) PLANE_ANGLE_UNIT ( ) SI_UNIT ( $, .RADIAN. ) );
#3061 = ORIENTED_EDGE ( 'NONE', *, *, #4094, .F. ) ;
#3062 = VERTEX_POINT ( 'NONE', #1864 ) ;
#3063 = VERTEX_POINT ( 'NONE', #3115 ) ;
#3064 = VECTOR ( 'NONE', #1542, 1000.000000000000000 ) ;
#3065 = DIRECTION ( 'NONE',  ( -1.000000000000000000, 0.0000000000000000000, 0.0000000000000000000 ) ) ;
#3066 = ORIENTED_EDGE ( 'NONE', *, *, #1927, .F. ) ;
#3067 = AXIS2_PLACEMENT_3D ( 'NONE', #2341, #3636, #274 ) ;
#3068 = SURFACE_SIDE_STYLE ('',( #638 ) ) ;
#3069 = EDGE_LOOP ( 'NONE', ( #5210, #919, #90, #576, #956, #3394, #2570, #2838, #4635, #2536 ) ) ;
#3070 = DIRECTION ( 'NONE',  ( -1.445602896647343800E-015, 1.000000000000000000, 0.0000000000000000000 ) ) ;
#3071 = CARTESIAN_POINT ( 'NONE',  ( -1.277195582194134500, -85.49999999999998600, 3.399999999999999900 ) ) ;
#3072 = AXIS2_PLACEMENT_3D ( 'NONE', #4504, #518, #491 ) ;
#3073 = EDGE_CURVE ( 'NONE', #775, #1733, #3943, .T. ) ;
#3074 = ORIENTED_EDGE ( 'NONE', *, *, #1247, .T. ) ;
#3075 = SURFACE_STYLE_FILL_AREA ( #4708 ) ;
#3076 = COLOUR_RGB ( '',0.8039215686274510100, 0.4980392156862745200, 0.1960784313725490200 ) ;
#3077 = FILL_AREA_STYLE_COLOUR ( '', #961 ) ;
#3078 = VECTOR ( 'NONE', #3766, 1000.000000000000000 ) ;
#3079 = LINE ( 'NONE', #1713, #845 ) ;
#3080 = CLOSED_SHELL ( 'NONE', ( #3, #4291, #2601, #4991, #1686, #1287, #3466, #810, #1344, #1324, #897, #878, #4621, #5419, #844, #2412, #67, #364, #2178, #5113, #4106, #2541, #1680, #3308, #5430, #871, #2800, #2392, #3731, #5003, #4236, #4433, #5381, #2122, #4466, #3030, #1131, #5350, #2204, #3355, #86, #4553, #1370, #925, #758, #5030, #5086, #3235, #1715, #4876, #2852, #4144, #4086, #4267, #3407, #3829, #2503, #4161, #673, #4647, #1977, #2144, #2621, #1535, #2573, #1186, #2925, #3002, #803, #4730, #3423, #2914, #451, #1702, #3785, #1778, #2029, #503, #3591, #3282, #4702, #1219, #2533, #1813, #2057, #42, #3341, #5257, #2954, #416, #1655, #3879, #4578, #5070, #3718, #3973, #34, #4211, #3445, #1743, #4589, #4242, #4682, #2075, #3052, #3820, #3270, #3317, #3379, #4522, #306, #473, #3197 ) ) ;
#3081 = LINE ( 'NONE', #3214, #5174 ) ;
#3082 = CARTESIAN_POINT ( 'NONE',  ( 1.992804417805865700, -82.49999999999998600, 3.399999999999999900 ) ) ;
#3083 = LINE ( 'NONE', #1750, #5176 ) ;
#3084 = MECHANICAL_DESIGN_GEOMETRIC_PRESENTATION_REPRESENTATION (  '', ( #2531 ), #3372 ) ;
#3085 = ORIENTED_EDGE ( 'NONE', *, *, #308, .F. ) ;
#3086 = DIRECTION ( 'NONE',  ( -1.541976423090495400E-016, 1.000000000000000000, 0.0000000000000000000 ) ) ;
#3087 = CARTESIAN_POINT ( 'NONE',  ( -3.902195582194133600, -85.49999999999998600, 3.699999999999999300 ) ) ;
#3088 = ORIENTED_EDGE ( 'NONE', *, *, #4894, .T. ) ;
#3089 = UNCERTAINTY_MEASURE_WITH_UNIT (LENGTH_MEASURE( 1.000000000000000100E-005 ), #641, 'distance_accuracy_value', 'NONE');
#3090 = CARTESIAN_POINT ( 'NONE',  ( 3.012804417805865900, -82.49999999999998600, 3.399999999999999900 ) ) ;
#3091 = VERTEX_POINT ( 'NONE', #824 ) ;
#3092 = VERTEX_POINT ( 'NONE', #4189 ) ;
#3093 = PRESENTATION_LAYER_ASSIGNMENT (  '', '', ( #2543 ) ) ;
#3094 = EDGE_CURVE ( 'NONE', #5282, #3360, #4914, .T. ) ;
#3095 = DIRECTION ( 'NONE',  ( -0.0000000000000000000, 0.0000000000000000000, 1.000000000000000000 ) ) ;
#3096 = DIRECTION ( 'NONE',  ( 0.0000000000000000000, 0.0000000000000000000, -1.000000000000000000 ) ) ;
#3097 = CARTESIAN_POINT ( 'NONE',  ( 0.0000000000000000000, -82.49999999999998600, 3.399999999999999900 ) ) ;
#3098 = STYLED_ITEM ( 'NONE', ( #851 ), #3879 ) ;
#3099 = PRESENTATION_STYLE_ASSIGNMENT (( #4276 ) ) ;
#3100 =( GEOMETRIC_REPRESENTATION_CONTEXT ( 3 ) GLOBAL_UNCERTAINTY_ASSIGNED_CONTEXT ( ( #163 ) ) GLOBAL_UNIT_ASSIGNED_CONTEXT ( ( #3774, #841, #3365 ) ) REPRESENTATION_CONTEXT ( 'NONE', 'WORKASPACE' ) );
#3101 = CARTESIAN_POINT ( 'NONE',  ( -1.067195582194134600, -85.49999999999998600, 3.399999999999999900 ) ) ;
#3102 = DIRECTION ( 'NONE',  ( 0.6659348059352849800, -0.7460099424564892200, 0.0000000000000000000 ) ) ;
#3103 =( NAMED_UNIT ( * ) SI_UNIT ( $, .STERADIAN. ) SOLID_ANGLE_UNIT ( ) );
#3104 =( LENGTH_UNIT ( ) NAMED_UNIT ( * ) SI_UNIT ( .MILLI., .METRE. ) );
#3105 = VECTOR ( 'NONE', #3292, 1000.000000000000000 ) ;
#3106 = DIRECTION ( 'NONE',  ( -0.0000000000000000000, -0.0000000000000000000, 1.000000000000000000 ) ) ;
#3107 = UNCERTAINTY_MEASURE_WITH_UNIT (LENGTH_MEASURE( 1.000000000000000100E-005 ), #1666, 'distance_accuracy_value', 'NONE');
#3108 =( NAMED_UNIT ( * ) SI_UNIT ( $, .STERADIAN. ) SOLID_ANGLE_UNIT ( ) );
#3109 = DIRECTION ( 'NONE',  ( 0.0000000000000000000, 1.000000000000000000, 0.0000000000000000000 ) ) ;
#3110 = LINE ( 'NONE', #2988, #5206 ) ;
#3111 = DIRECTION ( 'NONE',  ( -1.000000000000000000, 0.0000000000000000000, 0.0000000000000000000 ) ) ;
#3112 = FILL_AREA_STYLE_COLOUR ( '', #2891 ) ;
#3113 = ORIENTED_EDGE ( 'NONE', *, *, #4676, .T. ) ;
#3114 = ORIENTED_EDGE ( 'NONE', *, *, #2441, .F. ) ;
#3115 = CARTESIAN_POINT ( 'NONE',  ( -2.297195582194134600, -82.49999999999998600, 3.399999999999999900 ) ) ;
#3116 = ORIENTED_EDGE ( 'NONE', *, *, #288, .T. ) ;
#3117 = CARTESIAN_POINT ( 'NONE',  ( -21.79999999999999000, -23.19999999999999600, 0.0000000000000000000 ) ) ;
#3118 = ORIENTED_EDGE ( 'NONE', *, *, #4260, .F. ) ;
#3119 = MECHANICAL_DESIGN_GEOMETRIC_PRESENTATION_REPRESENTATION (  '', ( #2585 ), #3414 ) ;
#3120 = ORIENTED_EDGE ( 'NONE', *, *, #417, .T. ) ;
#3121 = PRESENTATION_LAYER_ASSIGNMENT (  '', '', ( #2854 ) ) ;
#3122 =( LENGTH_UNIT ( ) NAMED_UNIT ( * ) SI_UNIT ( .MILLI., .METRE. ) );
#3123 = EDGE_CURVE ( 'NONE', #3727, #5338, #2972, .T. ) ;
#3124 = VECTOR ( 'NONE', #4714, 1000.000000000000000 ) ;
#3125 = DIRECTION ( 'NONE',  ( -0.0000000000000000000, -0.0000000000000000000, 1.000000000000000000 ) ) ;
#3126 = PRESENTATION_LAYER_ASSIGNMENT (  '', '', ( #2594 ) ) ;
#3127 = CARTESIAN_POINT ( 'NONE',  ( -3.902195582194133600, -85.49999999999998600, 3.699999999999999300 ) ) ;
#3128 = ORIENTED_EDGE ( 'NONE', *, *, #4581, .F. ) ;
#3129 = EDGE_CURVE ( 'NONE', #3519, #4187, #2691, .T. ) ;
#3130 = SURFACE_STYLE_FILL_AREA ( #3376 ) ;
#3131 = VECTOR ( 'NONE', #5284, 1000.000000000000000 ) ;
#3132 = VERTEX_POINT ( 'NONE', #2103 ) ;
#3133 = DIRECTION ( 'NONE',  ( -1.000000000000000000, 0.0000000000000000000, 0.0000000000000000000 ) ) ;
#3134 = DIRECTION ( 'NONE',  ( 0.0000000000000000000, 0.0000000000000000000, -1.000000000000000000 ) ) ;
#3135 = DIRECTION ( 'NONE',  ( 1.000000000000000000, 1.569885498621545200E-016, -0.0000000000000000000 ) ) ;
#3136 = VECTOR ( 'NONE', #2554, 1000.000000000000000 ) ;
#3137 = DIRECTION ( 'NONE',  ( -1.000000000000000000, 0.0000000000000000000, 0.0000000000000000000 ) ) ;
#3138 = CARTESIAN_POINT ( 'NONE',  ( 3.597804417805865900, -80.49999999999998600, 3.599999999999999600 ) ) ;
#3139 = DIRECTION ( 'NONE',  ( 1.000000000000000000, 0.0000000000000000000, 0.0000000000000000000 ) ) ;
#3140 = MECHANICAL_DESIGN_GEOMETRIC_PRESENTATION_REPRESENTATION (  '', ( #2308 ), #3442 ) ;
#3141 = UNCERTAINTY_MEASURE_WITH_UNIT (LENGTH_MEASURE( 1.000000000000000100E-005 ), #5020, 'distance_accuracy_value', 'NONE');
#3142 = VERTEX_POINT ( 'NONE', #5032 ) ;
#3143 = PRESENTATION_STYLE_ASSIGNMENT (( #1515 ) ) ;
#3144 = FACE_OUTER_BOUND ( 'NONE', #2413, .T. ) ;
#3145 =( NAMED_UNIT ( * ) SI_UNIT ( $, .STERADIAN. ) SOLID_ANGLE_UNIT ( ) );
#3146 = EDGE_CURVE ( 'NONE', #3791, #4204, #3673, .T. ) ;
#3147 = SURFACE_STYLE_USAGE ( .BOTH. , #1473 ) ;
#3148 = PRESENTATION_STYLE_ASSIGNMENT (( #2812 ) ) ;
#3149 = EDGE_LOOP ( 'NONE', ( #4968, #1145, #161, #3066 ) ) ;
#3150 = LINE ( 'NONE', #2368, #2041 ) ;
#3151 =( NAMED_UNIT ( * ) SI_UNIT ( $, .STERADIAN. ) SOLID_ANGLE_UNIT ( ) );
#3152 = FACE_OUTER_BOUND ( 'NONE', #830, .T. ) ;
#3153 = FILL_AREA_STYLE_COLOUR ( '', #1516 ) ;
#3154 =( NAMED_UNIT ( * ) PLANE_ANGLE_UNIT ( ) SI_UNIT ( $, .RADIAN. ) );
#3155 = VERTEX_POINT ( 'NONE', #1136 ) ;
#3156 = FACE_OUTER_BOUND ( 'NONE', #2592, .T. ) ;
#3157 = STYLED_ITEM ( 'NONE', ( #181 ), #3235 ) ;
#3158 = EDGE_CURVE ( 'NONE', #4016, #3794, #580, .T. ) ;
#3159 =( NAMED_UNIT ( * ) PLANE_ANGLE_UNIT ( ) SI_UNIT ( $, .RADIAN. ) );
#3160 = LINE ( 'NONE', #4197, #3045 ) ;
#3161 = CARTESIAN_POINT ( 'NONE',  ( 2.292804417805865700, -85.49999999999998600, 3.499999999999999600 ) ) ;
#3162 = CARTESIAN_POINT ( 'NONE',  ( 0.0000000000000000000, -82.49999999999998600, 3.399999999999999900 ) ) ;
#3163 = CARTESIAN_POINT ( 'NONE',  ( -2.807195582194134800, -82.49999999999998600, 3.399999999999999900 ) ) ;
#3164 =( GEOMETRIC_REPRESENTATION_CONTEXT ( 3 ) GLOBAL_UNCERTAINTY_ASSIGNED_CONTEXT ( ( #467 ) ) GLOBAL_UNIT_ASSIGNED_CONTEXT ( ( #1585, #2912, #3619 ) ) REPRESENTATION_CONTEXT ( 'NONE', 'WORKASPACE' ) );
#3165 = EDGE_CURVE ( 'NONE', #3092, #4173, #1451, .T. ) ;
#3166 = PRESENTATION_LAYER_ASSIGNMENT (  '', '', ( #3463 ) ) ;
#3167 = CARTESIAN_POINT ( 'NONE',  ( 23.09999999999999800, -12.28999999999999600, 4.000000000000000000 ) ) ;
#3168 = DIRECTION ( 'NONE',  ( 0.0000000000000000000, 1.000000000000000000, 0.0000000000000000000 ) ) ;
#3169 = CARTESIAN_POINT ( 'NONE',  ( -2.597195582194122800, 3.754513456779493500E-016, 3.399999999999999900 ) ) ;
#3170 = AXIS2_PLACEMENT_3D ( 'NONE', #152, #5190, #2683 ) ;
#3171 = DIRECTION ( 'NONE',  ( -1.445602896647337900E-016, -1.000000000000000000, 0.0000000000000000000 ) ) ;
#3172 = CARTESIAN_POINT ( 'NONE',  ( 22.09999999999999400, 19.59999999999999800, 4.000000000000000000 ) ) ;
#3173 = ORIENTED_EDGE ( 'NONE', *, *, #3491, .T. ) ;
#3174 = CARTESIAN_POINT ( 'NONE',  ( -1.277195582194134500, -85.49999999999998600, 3.399999999999999900 ) ) ;
#3175 = ORIENTED_EDGE ( 'NONE', *, *, #5285, .F. ) ;
#3176 = LINE ( 'NONE', #5136, #816 ) ;
#3177 = FILL_AREA_STYLE ('',( #3610 ) ) ;
#3178 = CARTESIAN_POINT ( 'NONE',  ( 16.59999999999999400, -22.24999999999999600, -63.50000000000000000 ) ) ;
#3179 = DIRECTION ( 'NONE',  ( -1.000000000000000000, 0.0000000000000000000, 0.0000000000000000000 ) ) ;
#3180 = VERTEX_POINT ( 'NONE', #328 ) ;
#3181 =( GEOMETRIC_REPRESENTATION_CONTEXT ( 3 ) GLOBAL_UNCERTAINTY_ASSIGNED_CONTEXT ( ( #2423 ) ) GLOBAL_UNIT_ASSIGNED_CONTEXT ( ( #4777, #3932, #3029 ) ) REPRESENTATION_CONTEXT ( 'NONE', 'WORKASPACE' ) );
#3182 = ORIENTED_EDGE ( 'NONE', *, *, #5231, .F. ) ;
#3183 = ORIENTED_EDGE ( 'NONE', *, *, #1156, .F. ) ;
#3184 =( NAMED_UNIT ( * ) SI_UNIT ( $, .STERADIAN. ) SOLID_ANGLE_UNIT ( ) );
#3185 = DIRECTION ( 'NONE',  ( 1.000000000000000000, 0.0000000000000000000, 0.0000000000000000000 ) ) ;
#3186 = EDGE_LOOP ( 'NONE', ( #292, #5225, #4864, #4594 ) ) ;
#3187 = LINE ( 'NONE', #3922, #2089 ) ;
#3188 = AXIS2_PLACEMENT_3D ( 'NONE', #1920, #578, #560 ) ;
#3189 = VERTEX_POINT ( 'NONE', #729 ) ;
#3190 = EDGE_CURVE ( 'NONE', #3647, #2778, #4670, .T. ) ;
#3191 = VERTEX_POINT ( 'NONE', #1151 ) ;
#3192 = ORIENTED_EDGE ( 'NONE', *, *, #5100, .F. ) ;
#3193 = CYLINDRICAL_SURFACE ( 'NONE', #2595, 1.000000000000000900 ) ;
#3194 = PRESENTATION_STYLE_ASSIGNMENT (( #4610 ) ) ;
#3195 = ORIENTED_EDGE ( 'NONE', *, *, #4851, .F. ) ;
#3196 = CARTESIAN_POINT ( 'NONE',  ( 1.272804417805865700, -82.49999999999998600, 3.399999999999999900 ) ) ;
#3197 = ADVANCED_FACE ( 'NONE', ( #2436, #445, #718 ), #744, .F. ) ;
#3198 = STYLED_ITEM ( 'NONE', ( #2583 ), #3820 ) ;
#3199 = DIRECTION ( 'NONE',  ( -1.000000000000000000, 0.0000000000000000000, -0.0000000000000000000 ) ) ;
#3200 = MECHANICAL_DESIGN_GEOMETRIC_PRESENTATION_REPRESENTATION (  '', ( #2377 ), #3499 ) ;
#3201 = EDGE_CURVE ( 'NONE', #1557, #2243, #4525, .T. ) ;
#3202 = UNCERTAINTY_MEASURE_WITH_UNIT (LENGTH_MEASURE( 1.000000000000000100E-005 ), #1051, 'distance_accuracy_value', 'NONE');
#3203 = LINE ( 'NONE', #1297, #1105 ) ;
#3204 = VECTOR ( 'NONE', #4747, 1000.000000000000000 ) ;
#3205 = PLANE ( 'NONE',  #1122 ) ;
#3206 = CARTESIAN_POINT ( 'NONE',  ( 0.0000000000000000000, -85.49999999999998600, 3.399999999999999900 ) ) ;
#3207 = LINE ( 'NONE', #2703, #2241 ) ;
#3208 = ORIENTED_EDGE ( 'NONE', *, *, #3654, .F. ) ;
#3209 = VERTEX_POINT ( 'NONE', #4556 ) ;
#3210 = ORIENTED_EDGE ( 'NONE', *, *, #2908, .F. ) ;
#3211 = EDGE_CURVE ( 'NONE', #4452, #3519, #2301, .T. ) ;
#3212 = MECHANICAL_DESIGN_GEOMETRIC_PRESENTATION_REPRESENTATION (  '', ( #2663 ), #3505 ) ;
#3213 = FACE_OUTER_BOUND ( 'NONE', #3992, .T. ) ;
#3214 = CARTESIAN_POINT ( 'NONE',  ( -2.807195582194134800, -85.49999999999998600, 3.399999999999999900 ) ) ;
#3215 = VERTEX_POINT ( 'NONE', #3703 ) ;
#3216 = VECTOR ( 'NONE', #4496, 1000.000000000000000 ) ;
#3217 = CARTESIAN_POINT ( 'NONE',  ( -1.067195582194134400, -82.49999999999998600, 3.399999999999999900 ) ) ;
#3218 = ORIENTED_EDGE ( 'NONE', *, *, #2855, .T. ) ;
#3219 = ORIENTED_EDGE ( 'NONE', *, *, #632, .T. ) ;
#3220 = PRESENTATION_STYLE_ASSIGNMENT (( #488 ) ) ;
#3221 = VERTEX_POINT ( 'NONE', #2877 ) ;
#3222 = CARTESIAN_POINT ( 'NONE',  ( 3.597804417805865900, -80.49999999999998600, 3.699999999999999300 ) ) ;
#3223 = FACE_OUTER_BOUND ( 'NONE', #4307, .T. ) ;
#3224 = DIRECTION ( 'NONE',  ( 1.000000000000000000, -0.0000000000000000000, 0.0000000000000000000 ) ) ;
#3225 = CYLINDRICAL_SURFACE ( 'NONE', #4322, 2.069230769230771200 ) ;
#3226 =( LENGTH_UNIT ( ) NAMED_UNIT ( * ) SI_UNIT ( .MILLI., .METRE. ) );
#3227 = CARTESIAN_POINT ( 'NONE',  ( 21.61497391480287100, -23.73076923076922300, 2.000000000000000000 ) ) ;
#3228 = CARTESIAN_POINT ( 'NONE',  ( 24.60000000000000100, 23.00000000000000700, 3.750000000000000000 ) ) ;
#3229 = EDGE_CURVE ( 'NONE', #4669, #5432, #3419, .T. ) ;
#3230 = DIRECTION ( 'NONE',  ( 0.6089694827165712500, 0.7931936517143286500, 0.0000000000000000000 ) ) ;
#3231 = FILL_AREA_STYLE_COLOUR ( '', #3530 ) ;
#3232 = LINE ( 'NONE', #183, #3966 ) ;
#3233 = CARTESIAN_POINT ( 'NONE',  ( 5.450000000000005500, -21.99999999999999600, 4.000000000000000000 ) ) ;
#3234 = MECHANICAL_DESIGN_GEOMETRIC_PRESENTATION_REPRESENTATION (  '', ( #1568 ), #3531 ) ;
#3235 = ADVANCED_FACE ( 'NONE', ( #57 ), #4131, .T. ) ;
#3236 = UNCERTAINTY_MEASURE_WITH_UNIT (LENGTH_MEASURE( 1.000000000000000100E-005 ), #1241, 'distance_accuracy_value', 'NONE');
#3237 = LINE ( 'NONE', #2643, #5090 ) ;
#3238 =( NAMED_UNIT ( * ) SI_UNIT ( $, .STERADIAN. ) SOLID_ANGLE_UNIT ( ) );
#3239 = ORIENTED_EDGE ( 'NONE', *, *, #2134, .F. ) ;
#3240 = CARTESIAN_POINT ( 'NONE',  ( -0.7671955821941345300, 0.0000000000000000000, 3.399999999999999900 ) ) ;
#3241 = ORIENTED_EDGE ( 'NONE', *, *, #1934, .T. ) ;
#3242 = DIRECTION ( 'NONE',  ( -0.0000000000000000000, 0.0000000000000000000, -1.000000000000000000 ) ) ;
#3243 = ORIENTED_EDGE ( 'NONE', *, *, #2508, .F. ) ;
#3244 = LINE ( 'NONE', #5211, #20 ) ;
#3245 = EDGE_CURVE ( 'NONE', #2671, #2693, #5120, .T. ) ;
#3246 = ORIENTED_EDGE ( 'NONE', *, *, #1090, .T. ) ;
#3247 = ORIENTED_EDGE ( 'NONE', *, *, #5231, .T. ) ;
#3248 = DIRECTION ( 'NONE',  ( 7.051721447060192400E-017, -1.000000000000000000, 0.0000000000000000000 ) ) ;
#3249 = ORIENTED_EDGE ( 'NONE', *, *, #5285, .T. ) ;
#3250 = LINE ( 'NONE', #1690, #3124 ) ;
#3251 = CARTESIAN_POINT ( 'NONE',  ( 0.0000000000000000000, 0.0000000000000000000, 3.399999999999999900 ) ) ;
#3252 = FACE_OUTER_BOUND ( 'NONE', #2667, .T. ) ;
#3253 = CARTESIAN_POINT ( 'NONE',  ( 21.59999999999999400, -22.24999999999999600, -63.50000000000000000 ) ) ;
#3254 = DIRECTION ( 'NONE',  ( 0.0000000000000000000, 1.000000000000000000, 0.0000000000000000000 ) ) ;
#3255 = DIRECTION ( 'NONE',  ( 1.000000000000000000, -0.0000000000000000000, 0.0000000000000000000 ) ) ;
#3256 = PLANE ( 'NONE',  #1618 ) ;
#3257 = VECTOR ( 'NONE', #1434, 1000.000000000000000 ) ;
#3258 = UNCERTAINTY_MEASURE_WITH_UNIT (LENGTH_MEASURE( 1.000000000000000100E-005 ), #404, 'distance_accuracy_value', 'NONE');
#3259 = ORIENTED_EDGE ( 'NONE', *, *, #1307, .T. ) ;
#3260 = LINE ( 'NONE', #2137, #3136 ) ;
#3261 = MECHANICAL_DESIGN_GEOMETRIC_PRESENTATION_REPRESENTATION (  '', ( #2440 ), #3554 ) ;
#3262 = EDGE_CURVE ( 'NONE', #1811, #5104, #2896, .T. ) ;
#3263 = VECTOR ( 'NONE', #4964, 1000.000000000000000 ) ;
#3264 = FACE_OUTER_BOUND ( 'NONE', #894, .T. ) ;
#3265 = CARTESIAN_POINT ( 'NONE',  ( -0.5571955821941224600, 8.054835476189233000E-017, 3.399999999999999900 ) ) ;
#3266 = CARTESIAN_POINT ( 'NONE',  ( 3.597804417805865900, -80.49999999999998600, 3.699999999999999300 ) ) ;
#3267 = ORIENTED_EDGE ( 'NONE', *, *, #3555, .F. ) ;
#3268 = PRESENTATION_STYLE_ASSIGNMENT (( #3748 ) ) ;
#3269 = COLOUR_RGB ( '',0.8039215686274510100, 0.4980392156862745200, 0.1960784313725490200 ) ;
#3270 = ADVANCED_FACE ( 'NONE', ( #1800 ), #2917, .F. ) ;
#3271 = SURFACE_SIDE_STYLE ('',( #402 ) ) ;
#3272 = CYLINDRICAL_SURFACE ( 'NONE', #5397, 2.069230769230771200 ) ;
#3273 = PLANE ( 'NONE',  #2602 ) ;
#3274 = EDGE_CURVE ( 'NONE', #3399, #2174, #3480, .T. ) ;
#3275 = COLOUR_RGB ( '',0.8039215686274510100, 0.4980392156862745200, 0.1960784313725490200 ) ;
#3276 = FACE_OUTER_BOUND ( 'NONE', #2013, .T. ) ;
#3277 = STYLED_ITEM ( 'NONE', ( #2169 ), #4578 ) ;
#3278 = FACE_OUTER_BOUND ( 'NONE', #323, .T. ) ;
#3279 = FILL_AREA_STYLE ('',( #2892 ) ) ;
#3280 = ORIENTED_EDGE ( 'NONE', *, *, #3696, .F. ) ;
#3281 = LINE ( 'NONE', #4237, #1921 ) ;
#3282 = ADVANCED_FACE ( 'NONE', ( #1378 ), #5259, .T. ) ;
#3283 = FILL_AREA_STYLE ('',( #2462 ) ) ;
#3284 = FILL_AREA_STYLE ('',( #2714 ) ) ;
#3285 = VECTOR ( 'NONE', #4859, 1000.000000000000000 ) ;
#3286 = DIRECTION ( 'NONE',  ( -0.0000000000000000000, -0.0000000000000000000, 1.000000000000000000 ) ) ;
#3287 = VERTEX_POINT ( 'NONE', #1959 ) ;
#3288 = CARTESIAN_POINT ( 'NONE',  ( 0.0000000000000000000, 0.0000000000000000000, 3.499999999999999600 ) ) ;
#3289 = CARTESIAN_POINT ( 'NONE',  ( -3.902195582194141200, -31.43802982736946600, 3.599999999999999600 ) ) ;
#3290 = STYLED_ITEM ( 'NONE', ( #4749 ), #810 ) ;
#3291 = ORIENTED_EDGE ( 'NONE', *, *, #1934, .F. ) ;
#3292 = DIRECTION ( 'NONE',  ( -1.000000000000000000, 0.0000000000000000000, 0.0000000000000000000 ) ) ;
#3293 =( LENGTH_UNIT ( ) NAMED_UNIT ( * ) SI_UNIT ( .MILLI., .METRE. ) );
#3294 = VECTOR ( 'NONE', #4572, 1000.000000000000000 ) ;
#3295 = DIRECTION ( 'NONE',  ( -1.000000000000000000, 0.0000000000000000000, -0.0000000000000000000 ) ) ;
#3296 = APPLICATION_CONTEXT ( 'automotive_design' ) ;
#3297 = AXIS2_PLACEMENT_3D ( 'NONE', #3459, #1645, #2699 ) ;
#3298 = DIRECTION ( 'NONE',  ( -0.0000000000000000000, -0.0000000000000000000, -1.000000000000000000 ) ) ;
#3299 = EDGE_CURVE ( 'NONE', #2802, #348, #3081, .T. ) ;
#3300 = PRESENTATION_STYLE_ASSIGNMENT (( #5342 ) ) ;
#3301 = DIRECTION ( 'NONE',  ( -0.0000000000000000000, -0.0000000000000000000, 1.000000000000000000 ) ) ;
#3302 = DIRECTION ( 'NONE',  ( -0.0000000000000000000, -0.0000000000000000000, 1.000000000000000000 ) ) ;
#3303 = STYLED_ITEM ( 'NONE', ( #785 ), #3591 ) ;
#3304 = FILL_AREA_STYLE_COLOUR ( '', #2247 ) ;
#3305 =( GEOMETRIC_REPRESENTATION_CONTEXT ( 3 ) GLOBAL_UNCERTAINTY_ASSIGNED_CONTEXT ( ( #5250 ) ) GLOBAL_UNIT_ASSIGNED_CONTEXT ( ( #2870, #5348, #2453 ) ) REPRESENTATION_CONTEXT ( 'NONE', 'WORKASPACE' ) );
#3306 = EDGE_CURVE ( 'NONE', #4706, #168, #847, .T. ) ;
#3307 = SURFACE_SIDE_STYLE ('',( #2849 ) ) ;
#3308 = ADVANCED_FACE ( 'NONE', ( #1852 ), #1979, .F. ) ;
#3309 = EDGE_LOOP ( 'NONE', ( #3458, #2021, #827, #3867 ) ) ;
#3310 = EDGE_CURVE ( 'NONE', #3385, #890, #707, .T. ) ;
#3311 =( NAMED_UNIT ( * ) SI_UNIT ( $, .STERADIAN. ) SOLID_ANGLE_UNIT ( ) );
#3312 = CARTESIAN_POINT ( 'NONE',  ( -2.597195582194134800, -85.49999999999998600, 3.399999999999999900 ) ) ;
#3313 = ORIENTED_EDGE ( 'NONE', *, *, #5199, .T. ) ;
#3314 =( GEOMETRIC_REPRESENTATION_CONTEXT ( 3 ) GLOBAL_UNCERTAINTY_ASSIGNED_CONTEXT ( ( #2578 ) ) GLOBAL_UNIT_ASSIGNED_CONTEXT ( ( #3855, #912, #3443 ) ) REPRESENTATION_CONTEXT ( 'NONE', 'WORKASPACE' ) );
#3315 = CARTESIAN_POINT ( 'NONE',  ( -5.899999999999995900, -14.88999999999999700, 3.699999999999999300 ) ) ;
#3316 = ORIENTED_EDGE ( 'NONE', *, *, #5100, .T. ) ;
#3317 = ADVANCED_FACE ( 'NONE', ( #5050 ), #866, .F. ) ;
#3318 = PLANE ( 'NONE',  #5170 ) ;
#3319 = ORIENTED_EDGE ( 'NONE', *, *, #23, .T. ) ;
#3320 = CARTESIAN_POINT ( 'NONE',  ( -5.899999999999995900, -14.88999999999999700, 3.599999999999999600 ) ) ;
#3321 = DIRECTION ( 'NONE',  ( -1.000000000000000000, 0.0000000000000000000, 0.0000000000000000000 ) ) ;
#3322 = CARTESIAN_POINT ( 'NONE',  ( 0.7628044178058656100, 0.0000000000000000000, 3.399999999999999900 ) ) ;
#3323 = DIRECTION ( 'NONE',  ( 2.175883946035506500E-016, -1.000000000000000000, 0.0000000000000000000 ) ) ;
#3324 = EDGE_CURVE ( 'NONE', #18, #1449, #3936, .T. ) ;
#3325 = ORIENTED_EDGE ( 'NONE', *, *, #2463, .F. ) ;
#3326 = FACE_OUTER_BOUND ( 'NONE', #478, .T. ) ;
#3327 = LINE ( 'NONE', #3451, #101 ) ;
#3328 = CARTESIAN_POINT ( 'NONE',  ( -22.09999999999999400, -12.29000000000000300, 3.750000000000000000 ) ) ;
#3329 = PRESENTATION_STYLE_ASSIGNMENT (( #4689 ) ) ;
#3330 = VERTEX_POINT ( 'NONE', #3986 ) ;
#3331 = COLOUR_RGB ( '',0.8039215686274510100, 0.4980392156862745200, 0.1960784313725490200 ) ;
#3332 = ORIENTED_EDGE ( 'NONE', *, *, #4147, .T. ) ;
#3333 = AXIS2_PLACEMENT_3D ( 'NONE', #3565, #3137, #194 ) ;
#3334 = VECTOR ( 'NONE', #1150, 1000.000000000000000 ) ;
#3335 = DIRECTION ( 'NONE',  ( 1.000000000000000000, -0.0000000000000000000, -0.0000000000000000000 ) ) ;
#3336 = PLANE ( 'NONE',  #5277 ) ;
#3337 = DIRECTION ( 'NONE',  ( 0.0000000000000000000, 0.0000000000000000000, -1.000000000000000000 ) ) ;
#3338 = DIRECTION ( 'NONE',  ( 1.000000000000000000, 0.0000000000000000000, -0.0000000000000000000 ) ) ;
#3339 = LINE ( 'NONE', #4631, #5293 ) ;
#3340 = CYLINDRICAL_SURFACE ( 'NONE', #3072, 0.4499999999999990100 ) ;
#3341 = ADVANCED_FACE ( 'NONE', ( #1717 ), #1908, .T. ) ;
#3342 = CARTESIAN_POINT ( 'NONE',  ( -22.09999999999999400, 20.60000000000000100, 3.750000000000000000 ) ) ;
#3343 = PRESENTATION_STYLE_ASSIGNMENT (( #3856 ) ) ;
#3344 = VECTOR ( 'NONE', #2740, 1000.000000000000000 ) ;
#3345 = ORIENTED_EDGE ( 'NONE', *, *, #109, .T. ) ;
#3346 = FACE_OUTER_BOUND ( 'NONE', #4194, .T. ) ;
#3347 = CARTESIAN_POINT ( 'NONE',  ( -2.087195582194122600, 3.017255979489350500E-016, 3.399999999999999900 ) ) ;
#3348 = CARTESIAN_POINT ( 'NONE',  ( 2.802804417805865500, -82.49999999999998600, 3.399999999999999900 ) ) ;
#3349 = VECTOR ( 'NONE', #1282, 1000.000000000000000 ) ;
#3350 =( LENGTH_UNIT ( ) NAMED_UNIT ( * ) SI_UNIT ( .MILLI., .METRE. ) );
#3351 = VECTOR ( 'NONE', #1650, 1000.000000000000000 ) ;
#3352 = LINE ( 'NONE', #3572, #1113 ) ;
#3353 = ORIENTED_EDGE ( 'NONE', *, *, #3158, .T. ) ;
#3354 = DIRECTION ( 'NONE',  ( 0.0000000000000000000, 0.0000000000000000000, -1.000000000000000000 ) ) ;
#3355 = ADVANCED_FACE ( 'NONE', ( #2426 ), #4182, .F. ) ;
#3356 = LINE ( 'NONE', #2880, #5434 ) ;
#3357 = CARTESIAN_POINT ( 'NONE',  ( -0.7671955821941345300, -82.49999999999998600, 3.399999999999999900 ) ) ;
#3358 = EDGE_CURVE ( 'NONE', #2145, #1424, #527, .T. ) ;
#3359 = AXIS2_PLACEMENT_3D ( 'NONE', #3396, #446, #14 ) ;
#3360 = VERTEX_POINT ( 'NONE', #3312 ) ;
#3361 = VECTOR ( 'NONE', #4008, 1000.000000000000000 ) ;
#3362 =( NAMED_UNIT ( * ) PLANE_ANGLE_UNIT ( ) SI_UNIT ( $, .RADIAN. ) );
#3363 = DIRECTION ( 'NONE',  ( 0.0000000000000000000, 0.0000000000000000000, -1.000000000000000000 ) ) ;
#3364 = VECTOR ( 'NONE', #1860, 1000.000000000000000 ) ;
#3365 =( NAMED_UNIT ( * ) SI_UNIT ( $, .STERADIAN. ) SOLID_ANGLE_UNIT ( ) );
#3366 = PLANE ( 'NONE',  #1710 ) ;
#3367 = COLOUR_RGB ( '',0.7529411764705882200, 0.7529411764705882200, 0.7529411764705882200 ) ;
#3368 =( NAMED_UNIT ( * ) SI_UNIT ( $, .STERADIAN. ) SOLID_ANGLE_UNIT ( ) );
#3369 = CARTESIAN_POINT ( 'NONE',  ( -3.902195582194141600, -80.49999999999998600, 3.699999999999999300 ) ) ;
#3370 = FILL_AREA_STYLE_COLOUR ( '', #2962 ) ;
#3371 = DIRECTION ( 'NONE',  ( 0.6659348059352849800, -0.7460099424564892200, 0.0000000000000000000 ) ) ;
#3372 =( GEOMETRIC_REPRESENTATION_CONTEXT ( 3 ) GLOBAL_UNCERTAINTY_ASSIGNED_CONTEXT ( ( #4607 ) ) GLOBAL_UNIT_ASSIGNED_CONTEXT ( ( #1507, #4841, #5223 ) ) REPRESENTATION_CONTEXT ( 'NONE', 'WORKASPACE' ) );
#3373 = DIRECTION ( 'NONE',  ( 0.0000000000000000000, 1.000000000000000000, 0.0000000000000000000 ) ) ;
#3374 = CARTESIAN_POINT ( 'NONE',  ( 19.54574314557210000, -23.73076923076922300, 2.000000000000000000 ) ) ;
#3375 = SURFACE_STYLE_USAGE ( .BOTH. , #5046 ) ;
#3376 = FILL_AREA_STYLE ('',( #3819 ) ) ;
#3377 = MECHANICAL_DESIGN_GEOMETRIC_PRESENTATION_REPRESENTATION (  '', ( #2543 ), #3653 ) ;
#3378 = EDGE_CURVE ( 'NONE', #2646, #3209, #3752, .T. ) ;
#3379 = ADVANCED_FACE ( 'NONE', ( #3537 ), #2767, .F. ) ;
#3380 =( LENGTH_UNIT ( ) NAMED_UNIT ( * ) SI_UNIT ( .MILLI., .METRE. ) );
#3381 = DIRECTION ( 'NONE',  ( 0.0000000000000000000, 1.000000000000000000, 0.0000000000000000000 ) ) ;
#3382 = DIRECTION ( 'NONE',  ( -1.000000000000000000, 1.445602896647337900E-016, 0.0000000000000000000 ) ) ;
#3383 = CARTESIAN_POINT ( 'NONE',  ( 0.0000000000000000000, 0.0000000000000000000, 3.399999999999999900 ) ) ;
#3384 = DIRECTION ( 'NONE',  ( 1.000000000000000000, 0.0000000000000000000, 0.0000000000000000000 ) ) ;
#3385 = VERTEX_POINT ( 'NONE', #2337 ) ;
#3386 = LINE ( 'NONE', #4240, #5322 ) ;
#3387 = AXIS2_PLACEMENT_3D ( 'NONE', #326, #3298, #5105 ) ;
#3388 = FILL_AREA_STYLE_COLOUR ( '', #4394 ) ;
#3389 = EDGE_LOOP ( 'NONE', ( #667, #1420, #419, #3313 ) ) ;
#3390 = ORIENTED_EDGE ( 'NONE', *, *, #1531, .F. ) ;
#3391 = SURFACE_STYLE_USAGE ( .BOTH. , #2981 ) ;
#3392 = CARTESIAN_POINT ( 'NONE',  ( 1.992804417805865300, -85.49999999999998600, 3.399999999999999900 ) ) ;
#3393 = VERTEX_POINT ( 'NONE', #4587 ) ;
#3394 = ORIENTED_EDGE ( 'NONE', *, *, #1012, .F. ) ;
#3395 = EDGE_LOOP ( 'NONE', ( #4316, #4918, #5125, #4301 ) ) ;
#3396 = CARTESIAN_POINT ( 'NONE',  ( 19.54574314557210000, -23.73076923076922300, 2.000000000000000000 ) ) ;
#3397 = DIRECTION ( 'NONE',  ( 0.0000000000000000000, 0.0000000000000000000, -1.000000000000000000 ) ) ;
#3398 = FILL_AREA_STYLE_COLOUR ( '', #103 ) ;
#3399 = VERTEX_POINT ( 'NONE', #5256 ) ;
#3400 = DIRECTION ( 'NONE',  ( 1.000000000000000000, 0.0000000000000000000, -0.0000000000000000000 ) ) ;
#3401 = CARTESIAN_POINT ( 'NONE',  ( -1.067195582194134600, -85.49999999999998600, 3.499999999999999600 ) ) ;
#3402 = ORIENTED_EDGE ( 'NONE', *, *, #3042, .T. ) ;
#3403 = SURFACE_STYLE_USAGE ( .BOTH. , #457 ) ;
#3404 = VECTOR ( 'NONE', #1462, 1000.000000000000000 ) ;
#3405 = SURFACE_STYLE_USAGE ( .BOTH. , #2995 ) ;
#3406 = VECTOR ( 'NONE', #4552, 1000.000000000000000 ) ;
#3407 = ADVANCED_FACE ( 'NONE', ( #1660 ), #5008, .T. ) ;
#3408 = VECTOR ( 'NONE', #5224, 1000.000000000000000 ) ;
#3409 = PRESENTATION_STYLE_ASSIGNMENT (( #215 ) ) ;
#3410 = UNCERTAINTY_MEASURE_WITH_UNIT (LENGTH_MEASURE( 1.000000000000000100E-005 ), #5244, 'distance_accuracy_value', 'NONE');
#3411 = VECTOR ( 'NONE', #949, 1000.000000000000000 ) ;
#3412 = ORIENTED_EDGE ( 'NONE', *, *, #3504, .T. ) ;
#3413 = VECTOR ( 'NONE', #4375, 1000.000000000000000 ) ;
#3414 =( GEOMETRIC_REPRESENTATION_CONTEXT ( 3 ) GLOBAL_UNCERTAINTY_ASSIGNED_CONTEXT ( ( #1009 ) ) GLOBAL_UNIT_ASSIGNED_CONTEXT ( ( #3702, #2744, #340 ) ) REPRESENTATION_CONTEXT ( 'NONE', 'WORKASPACE' ) );
#3415 = FACE_OUTER_BOUND ( 'NONE', #4331, .T. ) ;
#3416 = MECHANICAL_DESIGN_GEOMETRIC_PRESENTATION_REPRESENTATION (  '', ( #2854 ), #3688 ) ;
#3417 = ORIENTED_EDGE ( 'NONE', *, *, #1521, .F. ) ;
#3418 = EDGE_CURVE ( 'NONE', #4016, #2674, #2256, .T. ) ;
#3419 = LINE ( 'NONE', #335, #4388 ) ;
#3420 = CARTESIAN_POINT ( 'NONE',  ( -24.59999999999999400, -23.80000000000000100, 0.0000000000000000000 ) ) ;
#3421 = CARTESIAN_POINT ( 'NONE',  ( -2.597195582194134400, -82.49999999999998600, 3.399999999999999900 ) ) ;
#3422 = CIRCLE ( 'NONE', #5239, 0.4499999999999990100 ) ;
#3423 = ADVANCED_FACE ( 'NONE', ( #3223 ), #2784, .T. ) ;
#3424 =( NAMED_UNIT ( * ) SI_UNIT ( $, .STERADIAN. ) SOLID_ANGLE_UNIT ( ) );
#3425 = ORIENTED_EDGE ( 'NONE', *, *, #209, .F. ) ;
#3426 = SURFACE_STYLE_FILL_AREA ( #2538 ) ;
#3427 = CARTESIAN_POINT ( 'NONE',  ( -3.902195582194141600, -80.49999999999998600, 3.599999999999999600 ) ) ;
#3428 = MECHANICAL_DESIGN_GEOMETRIC_PRESENTATION_REPRESENTATION (  '', ( #2594 ), #3694 ) ;
#3429 = STYLED_ITEM ( 'NONE', ( #4059 ), #1344 ) ;
#3430 = SURFACE_STYLE_FILL_AREA ( #2980 ) ;
#3431 = EDGE_CURVE ( 'NONE', #2225, #2998, #3952, .T. ) ;
#3432 = DIRECTION ( 'NONE',  ( -0.6089694827165711400, -0.7931936517143286500, 0.0000000000000000000 ) ) ;
#3434 = ORIENTED_EDGE ( 'NONE', *, *, #1674, .T. ) ;
#3433 = SURFACE_STYLE_USAGE ( .BOTH. , #4677 ) ;
#3435 = DIRECTION ( 'NONE',  ( -0.0000000000000000000, -0.0000000000000000000, 1.000000000000000000 ) ) ;
#3436 = ORIENTED_EDGE ( 'NONE', *, *, #144, .F. ) ;
#3437 = VECTOR ( 'NONE', #665, 1000.000000000000000 ) ;
#3438 = CARTESIAN_POINT ( 'NONE',  ( 3.597804417805865900, -85.49999999999998600, 3.499999999999999600 ) ) ;
#3439 = VECTOR ( 'NONE', #4448, 1000.000000000000000 ) ;
#3440 = ORIENTED_EDGE ( 'NONE', *, *, #2200, .T. ) ;
#3441 = VECTOR ( 'NONE', #2056, 1000.000000000000000 ) ;
#3442 =( GEOMETRIC_REPRESENTATION_CONTEXT ( 3 ) GLOBAL_UNCERTAINTY_ASSIGNED_CONTEXT ( ( #2157 ) ) GLOBAL_UNIT_ASSIGNED_CONTEXT ( ( #4814, #1900, #4393 ) ) REPRESENTATION_CONTEXT ( 'NONE', 'WORKASPACE' ) );
#3443 =( NAMED_UNIT ( * ) SI_UNIT ( $, .STERADIAN. ) SOLID_ANGLE_UNIT ( ) );
#3444 = FILL_AREA_STYLE_COLOUR ( '', #1846 ) ;
#3445 = ADVANCED_FACE ( 'NONE', ( #1736 ), #1270, .T. ) ;
#3446 = EDGE_CURVE ( 'NONE', #2629, #2611, #190, .T. ) ;
#3447 = CARTESIAN_POINT ( 'NONE',  ( 0.0000000000000000000, 0.0000000000000000000, 3.399999999999999900 ) ) ;
#3448 = CARTESIAN_POINT ( 'NONE',  ( -22.09999999999999400, -13.29000000000000300, 3.750000000000000000 ) ) ;
#3449 = UNCERTAINTY_MEASURE_WITH_UNIT (LENGTH_MEASURE( 1.000000000000000100E-005 ), #889, 'distance_accuracy_value', 'NONE');
#3450 = CIRCLE ( 'NONE', #307, 1.000000000000000900 ) ;
#3451 = CARTESIAN_POINT ( 'NONE',  ( -0.5571955821941345600, -85.49999999999998600, 3.399999999999999900 ) ) ;
#3452 = UNCERTAINTY_MEASURE_WITH_UNIT (LENGTH_MEASURE( 1.000000000000000100E-005 ), #2610, 'distance_accuracy_value', 'NONE');
#3453 = CARTESIAN_POINT ( 'NONE',  ( -0.04719558219413457600, -85.49999999999998600, 3.399999999999999900 ) ) ;
#3454 = AXIS2_PLACEMENT_3D ( 'NONE', #3693, #4539, #2361 ) ;
#3455 = ORIENTED_EDGE ( 'NONE', *, *, #4296, .F. ) ;
#3456 = PLANE ( 'NONE',  #1824 ) ;
#3457 = EDGE_CURVE ( 'NONE', #348, #1028, #3551, .T. ) ;
#3458 = ORIENTED_EDGE ( 'NONE', *, *, #1651, .F. ) ;
#3459 = CARTESIAN_POINT ( 'NONE',  ( 22.09999999999999400, 20.60000000000000100, 4.000000000000000000 ) ) ;
#3460 = ORIENTED_EDGE ( 'NONE', *, *, #4993, .T. ) ;
#3461 = ORIENTED_EDGE ( 'NONE', *, *, #2097, .F. ) ;
#3462 = EDGE_CURVE ( 'NONE', #3191, #423, #1328, .T. ) ;
#3463 = STYLED_ITEM ( 'NONE', ( #3343 ), #2092 ) ;
#3464 = ORIENTED_EDGE ( 'NONE', *, *, #1723, .T. ) ;
#3465 = FACE_OUTER_BOUND ( 'NONE', #3863, .T. ) ;
#3466 = ADVANCED_FACE ( 'NONE', ( #2311 ), #2479, .F. ) ;
#3467 = STYLED_ITEM ( 'NONE', ( #3194 ), #4647 ) ;
#3468 = CARTESIAN_POINT ( 'NONE',  ( -24.59999999999999800, -21.99999999999999600, 4.000000000000000000 ) ) ;
#3469 = LINE ( 'NONE', #3925, #4436 ) ;
#3470 = FACE_OUTER_BOUND ( 'NONE', #4703, .T. ) ;
#3471 = FILL_AREA_STYLE_COLOUR ( '', #3909 ) ;
#3472 = ORIENTED_EDGE ( 'NONE', *, *, #2950, .F. ) ;
#3473 = CARTESIAN_POINT ( 'NONE',  ( 24.60000000000000100, -14.88999999999999700, 4.000000000000000000 ) ) ;
#3474 = LINE ( 'NONE', #2335, #1225 ) ;
#3475 = DIRECTION ( 'NONE',  ( -1.445602896647337900E-016, -1.000000000000000000, 0.0000000000000000000 ) ) ;
#3476 = VECTOR ( 'NONE', #1607, 1000.000000000000000 ) ;
#3477 = CARTESIAN_POINT ( 'NONE',  ( -0.0000000000000000000, -82.49999999999998600, 3.499999999999999600 ) ) ;
#3478 = LINE ( 'NONE', #4151, #4062 ) ;
#3479 = VERTEX_POINT ( 'NONE', #3167 ) ;
#3480 = LINE ( 'NONE', #668, #250 ) ;
#3481 = ORIENTED_EDGE ( 'NONE', *, *, #5116, .F. ) ;
#3482 = CYLINDRICAL_SURFACE ( 'NONE', #3736, 0.4499999999999990100 ) ;
#3483 = PRESENTATION_STYLE_ASSIGNMENT (( #2894 ) ) ;
#3484 = ORIENTED_EDGE ( 'NONE', *, *, #200, .T. ) ;
#3485 = VERTEX_POINT ( 'NONE', #4985 ) ;
#3486 = LINE ( 'NONE', #5392, #3613 ) ;
#3487 = LINE ( 'NONE', #1060, #5429 ) ;
#3488 = VERTEX_POINT ( 'NONE', #5220 ) ;
#3489 = AXIS2_PLACEMENT_3D ( 'NONE', #2487, #3882, #1363 ) ;
#3490 = VECTOR ( 'NONE', #5229, 1000.000000000000000 ) ;
#3491 = EDGE_CURVE ( 'NONE', #3616, #3972, #4398, .T. ) ;
#3492 =( NAMED_UNIT ( * ) SI_UNIT ( $, .STERADIAN. ) SOLID_ANGLE_UNIT ( ) );
#3493 = ORIENTED_EDGE ( 'NONE', *, *, #1177, .F. ) ;
#3494 =( NAMED_UNIT ( * ) PLANE_ANGLE_UNIT ( ) SI_UNIT ( $, .RADIAN. ) );
#3495 = ORIENTED_EDGE ( 'NONE', *, *, #3539, .T. ) ;
#3496 = DIRECTION ( 'NONE',  ( -0.0000000000000000000, -0.0000000000000000000, 1.000000000000000000 ) ) ;
#3497 = AXIS2_PLACEMENT_3D ( 'NONE', #4184, #1703, #2180 ) ;
#3498 = PLANE ( 'NONE',  #2285 ) ;
#3499 =( GEOMETRIC_REPRESENTATION_CONTEXT ( 3 ) GLOBAL_UNCERTAINTY_ASSIGNED_CONTEXT ( ( #740 ) ) GLOBAL_UNIT_ASSIGNED_CONTEXT ( ( #1762, #4266, #1332 ) ) REPRESENTATION_CONTEXT ( 'NONE', 'WORKASPACE' ) );
#3500 = EDGE_CURVE ( 'NONE', #168, #4047, #4533, .T. ) ;
#3501 = DIRECTION ( 'NONE',  ( -1.000000000000000000, -0.0000000000000000000, -0.0000000000000000000 ) ) ;
#3502 = DIRECTION ( 'NONE',  ( 0.0000000000000000000, -0.0000000000000000000, 1.000000000000000000 ) ) ;
#3503 = VECTOR ( 'NONE', #2879, 1000.000000000000000 ) ;
#3504 = EDGE_CURVE ( 'NONE', #3091, #2155, #62, .T. ) ;
#3505 =( GEOMETRIC_REPRESENTATION_CONTEXT ( 3 ) GLOBAL_UNCERTAINTY_ASSIGNED_CONTEXT ( ( #999 ) ) GLOBAL_UNIT_ASSIGNED_CONTEXT ( ( #2741, #711, #2408 ) ) REPRESENTATION_CONTEXT ( 'NONE', 'WORKASPACE' ) );
#3506 = DIRECTION ( 'NONE',  ( -1.000000000000000000, 0.0000000000000000000, 0.0000000000000000000 ) ) ;
#3507 = LINE ( 'NONE', #734, #2395 ) ;
#3508 = DIRECTION ( 'NONE',  ( 0.0000000000000000000, 0.0000000000000000000, -1.000000000000000000 ) ) ;
#3509 = CARTESIAN_POINT ( 'NONE',  ( -21.79999999999999000, -23.80000000000000100, 2.250000000000000000 ) ) ;
#3510 = DIRECTION ( 'NONE',  ( -1.000000000000000000, -1.569885498621545200E-016, 0.0000000000000000000 ) ) ;
#3511 = DIRECTION ( 'NONE',  ( 0.0000000000000000000, 1.000000000000000000, 0.0000000000000000000 ) ) ;
#3512 =( LENGTH_UNIT ( ) NAMED_UNIT ( * ) SI_UNIT ( .MILLI., .METRE. ) );
#3513 = VERTEX_POINT ( 'NONE', #2634 ) ;
#3514 = LINE ( 'NONE', #1810, #149 ) ;
#3515 = STYLED_ITEM ( 'NONE', ( #4941 ), #451 ) ;
#3516 = ORIENTED_EDGE ( 'NONE', *, *, #2950, .T. ) ;
#3517 = ORIENTED_EDGE ( 'NONE', *, *, #4158, .F. ) ;
#3518 = ORIENTED_EDGE ( 'NONE', *, *, #237, .F. ) ;
#3519 = VERTEX_POINT ( 'NONE', #1043 ) ;
#3520 = EDGE_CURVE ( 'NONE', #3221, #697, #3150, .T. ) ;
#3521 = ORIENTED_EDGE ( 'NONE', *, *, #5360, .F. ) ;
#3522 = VERTEX_POINT ( 'NONE', #2937 ) ;
#3523 =( NAMED_UNIT ( * ) PLANE_ANGLE_UNIT ( ) SI_UNIT ( $, .RADIAN. ) );
#3524 = ORIENTED_EDGE ( 'NONE', *, *, #3772, .T. ) ;
#3525 = CARTESIAN_POINT ( 'NONE',  ( 0.9728044178058654600, -85.49999999999998600, 3.499999999999999600 ) ) ;
#3526 =( LENGTH_UNIT ( ) NAMED_UNIT ( * ) SI_UNIT ( .MILLI., .METRE. ) );
#3527 = DIRECTION ( 'NONE',  ( -1.000000000000000000, 0.0000000000000000000, 0.0000000000000000000 ) ) ;
#3528 = ORIENTED_EDGE ( 'NONE', *, *, #1394, .F. ) ;
#3529 = DIRECTION ( 'NONE',  ( -1.000000000000000000, -0.0000000000000000000, -0.0000000000000000000 ) ) ;
#3530 = COLOUR_RGB ( '',0.8039215686274510100, 0.4980392156862745200, 0.1960784313725490200 ) ;
#3531 =( GEOMETRIC_REPRESENTATION_CONTEXT ( 3 ) GLOBAL_UNCERTAINTY_ASSIGNED_CONTEXT ( ( #4540 ) ) GLOBAL_UNIT_ASSIGNED_CONTEXT ( ( #3293, #343, #5365 ) ) REPRESENTATION_CONTEXT ( 'NONE', 'WORKASPACE' ) );
#3532 = UNCERTAINTY_MEASURE_WITH_UNIT (LENGTH_MEASURE( 1.000000000000000100E-005 ), #3907, 'distance_accuracy_value', 'NONE');
#3533 = ORIENTED_EDGE ( 'NONE', *, *, #1885, .F. ) ;
#3534 = LINE ( 'NONE', #619, #4510 ) ;
#3535 = LINE ( 'NONE', #3781, #3408 ) ;
#3536 = DIRECTION ( 'NONE',  ( -0.0000000000000000000, 0.0000000000000000000, -1.000000000000000000 ) ) ;
#3537 = FACE_OUTER_BOUND ( 'NONE', #954, .T. ) ;
#3538 =( NAMED_UNIT ( * ) PLANE_ANGLE_UNIT ( ) SI_UNIT ( $, .RADIAN. ) );
#3539 = EDGE_CURVE ( 'NONE', #891, #4361, #1050, .T. ) ;
#3540 = COLOUR_RGB ( '',0.8039215686274510100, 0.4980392156862745200, 0.1960784313725490200 ) ;
#3541 = LINE ( 'NONE', #5154, #1313 ) ;
#3542 = LINE ( 'NONE', #3650, #4518 ) ;
#3543 = FILL_AREA_STYLE_COLOUR ( '', #4376 ) ;
#3544 = CARTESIAN_POINT ( 'NONE',  ( -21.79999999999999000, -23.19999999999999600, 4.000000000000000000 ) ) ;
#3545 = VECTOR ( 'NONE', #1609, 1000.000000000000000 ) ;
#3546 = CARTESIAN_POINT ( 'NONE',  ( 1.782804417805865700, -0.0000000000000000000, 3.499999999999999600 ) ) ;
#3547 = PRESENTATION_STYLE_ASSIGNMENT (( #1102 ) ) ;
#3548 = CARTESIAN_POINT ( 'NONE',  ( -22.09999999999999400, 19.59999999999999800, 4.000000000000000000 ) ) ;
#3549 = UNCERTAINTY_MEASURE_WITH_UNIT (LENGTH_MEASURE( 1.000000000000000100E-005 ), #3104, 'distance_accuracy_value', 'NONE');
#3550 = ORIENTED_EDGE ( 'NONE', *, *, #493, .F. ) ;
#3551 = LINE ( 'NONE', #2119, #3437 ) ;
#3552 = CARTESIAN_POINT ( 'NONE',  ( 21.61497391480287100, -23.73076923076922300, 0.0000000000000000000 ) ) ;
#3553 = LINE ( 'NONE', #97, #2450 ) ;
#3554 =( GEOMETRIC_REPRESENTATION_CONTEXT ( 3 ) GLOBAL_UNCERTAINTY_ASSIGNED_CONTEXT ( ( #5366 ) ) GLOBAL_UNIT_ASSIGNED_CONTEXT ( ( #7, #2127, #4217 ) ) REPRESENTATION_CONTEXT ( 'NONE', 'WORKASPACE' ) );
#3555 = EDGE_CURVE ( 'NONE', #3063, #4105, #921, .T. ) ;
#3556 = ORIENTED_EDGE ( 'NONE', *, *, #4372, .T. ) ;
#3557 = FILL_AREA_STYLE_COLOUR ( '', #3832 ) ;
#3558 = DIRECTION ( 'NONE',  ( -1.445602896647337900E-016, -1.000000000000000000, 0.0000000000000000000 ) ) ;
#3559 = DIRECTION ( 'NONE',  ( -0.0000000000000000000, -0.0000000000000000000, -1.000000000000000000 ) ) ;
#3560 = SURFACE_STYLE_USAGE ( .BOTH. , #1040 ) ;
#3561 = EDGE_CURVE ( 'NONE', #1621, #4762, #3281, .T. ) ;
#3562 = STYLED_ITEM ( 'NONE', ( #4915 ), #2029 ) ;
#3563 =( NAMED_UNIT ( * ) SI_UNIT ( $, .STERADIAN. ) SOLID_ANGLE_UNIT ( ) );
#3564 = CARTESIAN_POINT ( 'NONE',  ( -3.617195582194122800, 5.229028411359778100E-016, 3.499999999999999600 ) ) ;
#3565 = CARTESIAN_POINT ( 'NONE',  ( 3.597804417805865900, -85.49999999999998600, 3.599999999999999600 ) ) ;
#3566 = PRESENTATION_LAYER_ASSIGNMENT (  '', '', ( #3277 ) ) ;
#3567 = FACE_OUTER_BOUND ( 'NONE', #356, .T. ) ;
#3568 = FILL_AREA_STYLE ('',( #1751 ) ) ;
#3569 = FILL_AREA_STYLE_COLOUR ( '', #2905 ) ;
#3570 = CARTESIAN_POINT ( 'NONE',  ( 0.0000000000000000000, 0.0000000000000000000, 3.399999999999999900 ) ) ;
#3571 = CARTESIAN_POINT ( 'NONE',  ( -23.09999999999999400, -12.29000000000000300, 4.000000000000000000 ) ) ;
#3572 = CARTESIAN_POINT ( 'NONE',  ( 1.482804417805877700, -2.143546361541646400E-016, 3.399999999999999900 ) ) ;
#3573 = AXIS2_PLACEMENT_3D ( 'NONE', #648, #492, #460 ) ;
#3574 = EDGE_LOOP ( 'NONE', ( #380, #1302, #3811, #3970 ) ) ;
#3575 = DIRECTION ( 'NONE',  ( 0.0000000000000000000, 1.000000000000000000, -0.0000000000000000000 ) ) ;
#3576 = CARTESIAN_POINT ( 'NONE',  ( -24.59999999999999400, -14.88999999999999700, 3.750000000000000000 ) ) ;
#3577 = FILL_AREA_STYLE ('',( #1955 ) ) ;
#3578 = ORIENTED_EDGE ( 'NONE', *, *, #2716, .F. ) ;
#3579 =( NAMED_UNIT ( * ) SI_UNIT ( $, .STERADIAN. ) SOLID_ANGLE_UNIT ( ) );
#3580 = ORIENTED_EDGE ( 'NONE', *, *, #807, .T. ) ;
#3581 = PRESENTATION_STYLE_ASSIGNMENT (( #1403 ) ) ;
#3582 = VERTEX_POINT ( 'NONE', #4195 ) ;
#3583 = PRESENTATION_LAYER_ASSIGNMENT (  '', '', ( #3034 ) ) ;
#3584 = ORIENTED_EDGE ( 'NONE', *, *, #1918, .F. ) ;
#3585 = CARTESIAN_POINT ( 'NONE',  ( 17.64999999999999900, -23.64999999999999900, 0.0000000000000000000 ) ) ;
#3586 = VERTEX_POINT ( 'NONE', #3392 ) ;
#3587 = ORIENTED_EDGE ( 'NONE', *, *, #611, .F. ) ;
#3588 = EDGE_CURVE ( 'NONE', #3062, #3804, #5131, .T. ) ;
#3589 = CARTESIAN_POINT ( 'NONE',  ( 1.482804417805865500, -85.49999999999998600, 3.399999999999999900 ) ) ;
#3590 = CARTESIAN_POINT ( 'NONE',  ( -24.59999999999999800, 23.80000000000000100, 4.000000000000000000 ) ) ;
#3591 = ADVANCED_FACE ( 'NONE', ( #5248 ), #2789, .T. ) ;
#3592 = PRESENTATION_LAYER_ASSIGNMENT (  '', '', ( #3303 ) ) ;
#3593 = SURFACE_STYLE_USAGE ( .BOTH. , #1073 ) ;
#3594 = EDGE_CURVE ( 'NONE', #4249, #2430, #2504, .T. ) ;
#3595 = VECTOR ( 'NONE', #2093, 1000.000000000000000 ) ;
#3596 = ORIENTED_EDGE ( 'NONE', *, *, #2129, .T. ) ;
#3597 = SURFACE_SIDE_STYLE ('',( #2121 ) ) ;
#3598 = ORIENTED_EDGE ( 'NONE', *, *, #2471, .T. ) ;
#3599 = CARTESIAN_POINT ( 'NONE',  ( 2.802804417805865500, -85.49999999999998600, 3.399999999999999900 ) ) ;
#3600 = CARTESIAN_POINT ( 'NONE',  ( -24.59999999999999400, -23.80000000000000100, 2.250000000000000000 ) ) ;
#3601 =( NAMED_UNIT ( * ) SI_UNIT ( $, .STERADIAN. ) SOLID_ANGLE_UNIT ( ) );
#3602 = SURFACE_STYLE_FILL_AREA ( #127 ) ;
#3603 = ORIENTED_EDGE ( 'NONE', *, *, #5005, .T. ) ;
#3604 = VECTOR ( 'NONE', #5012, 1000.000000000000000 ) ;
#3605 = EDGE_CURVE ( 'NONE', #2209, #296, #387, .T. ) ;
#3606 = DIRECTION ( 'NONE',  ( 1.000000000000000000, 0.0000000000000000000, 0.0000000000000000000 ) ) ;
#3607 = LINE ( 'NONE', #4693, #113 ) ;
#3608 = DIRECTION ( 'NONE',  ( -0.0000000000000000000, -0.0000000000000000000, -1.000000000000000000 ) ) ;
#3609 = ORIENTED_EDGE ( 'NONE', *, *, #1833, .T. ) ;
#3610 = FILL_AREA_STYLE_COLOUR ( '', #3021 ) ;
#3611 = ORIENTED_EDGE ( 'NONE', *, *, #4743, .T. ) ;
#3612 = EDGE_CURVE ( 'NONE', #3727, #390, #1391, .T. ) ;
#3613 = VECTOR ( 'NONE', #3371, 1000.000000000000000 ) ;
#3614 = CARTESIAN_POINT ( 'NONE',  ( 21.59999999999999400, -22.24999999999999600, -58.50000000000000000 ) ) ;
#3615 = LINE ( 'NONE', #1044, #1387 ) ;
#3616 = VERTEX_POINT ( 'NONE', #1735 ) ;
#3617 = LINE ( 'NONE', #4408, #129 ) ;
#3618 = VECTOR ( 'NONE', #399, 1000.000000000000000 ) ;
#3619 =( NAMED_UNIT ( * ) SI_UNIT ( $, .STERADIAN. ) SOLID_ANGLE_UNIT ( ) );
#3620 =( LENGTH_UNIT ( ) NAMED_UNIT ( * ) SI_UNIT ( .MILLI., .METRE. ) );
#3621 = DIRECTION ( 'NONE',  ( -0.0000000000000000000, -0.0000000000000000000, 1.000000000000000000 ) ) ;
#3622 = EDGE_LOOP ( 'NONE', ( #886, #2698, #432, #1630 ) ) ;
#3623 = VECTOR ( 'NONE', #1207, 1000.000000000000000 ) ;
#3624 = DIRECTION ( 'NONE',  ( -0.0000000000000000000, -0.0000000000000000000, 1.000000000000000000 ) ) ;
#3625 = AXIS2_PLACEMENT_3D ( 'NONE', #2135, #4246, #1292 ) ;
#3626 = CARTESIAN_POINT ( 'NONE',  ( 2.502804417805877700, -3.618061316121930700E-016, 3.399999999999999900 ) ) ;
#3627 = CARTESIAN_POINT ( 'NONE',  ( 0.0000000000000000000, 0.0000000000000000000, 3.399999999999999900 ) ) ;
#3628 = VECTOR ( 'NONE', #5081, 1000.000000000000000 ) ;
#3629 = CARTESIAN_POINT ( 'NONE',  ( 3.597804417805865900, -29.49999999999999300, 3.599999999999999600 ) ) ;
#3630 = EDGE_CURVE ( 'NONE', #1161, #1978, #3617, .T. ) ;
#3631 = ORIENTED_EDGE ( 'NONE', *, *, #1280, .T. ) ;
#3632 = EDGE_LOOP ( 'NONE', ( #2949, #4441, #2486, #4003 ) ) ;
#3633 = VECTOR ( 'NONE', #1580, 1000.000000000000000 ) ;
#3634 = SURFACE_SIDE_STYLE ('',( #5268 ) ) ;
#3635 = AXIS2_PLACEMENT_3D ( 'NONE', #596, #1456, #185 ) ;
#3636 = DIRECTION ( 'NONE',  ( 1.000000000000000000, -0.0000000000000000000, 0.0000000000000000000 ) ) ;
#3637 = DIRECTION ( 'NONE',  ( 0.0000000000000000000, 0.0000000000000000000, 1.000000000000000000 ) ) ;
#3638 = CARTESIAN_POINT ( 'NONE',  ( 3.597804417805865900, -85.49999999999998600, 3.499999999999999600 ) ) ;
#3639 = DIRECTION ( 'NONE',  ( -0.0000000000000000000, 1.000000000000000000, -0.0000000000000000000 ) ) ;
#3640 = ORIENTED_EDGE ( 'NONE', *, *, #4023, .F. ) ;
#3641 = CARTESIAN_POINT ( 'NONE',  ( -0.2571955821941344600, -82.49999999999998600, 3.499999999999999600 ) ) ;
#3642 = CARTESIAN_POINT ( 'NONE',  ( 3.312804417805865800, -0.0000000000000000000, 3.499999999999999600 ) ) ;
#3643 = VERTEX_POINT ( 'NONE', #2048 ) ;
#3644 = EDGE_LOOP ( 'NONE', ( #2037, #815, #2670, #5427 ) ) ;
#3645 = DIRECTION ( 'NONE',  ( 0.0000000000000000000, 1.000000000000000000, 0.0000000000000000000 ) ) ;
#3646 = COLOUR_RGB ( '',0.8039215686274510100, 0.4980392156862745200, 0.1960784313725490200 ) ;
#3647 = VERTEX_POINT ( 'NONE', #2193 ) ;
#3648 = EDGE_LOOP ( 'NONE', ( #2444, #3175, #4430, #5133 ) ) ;
#3649 = ORIENTED_EDGE ( 'NONE', *, *, #450, .F. ) ;
#3650 = CARTESIAN_POINT ( 'NONE',  ( -3.107195582194134600, -82.49999999999998600, 3.399999999999999900 ) ) ;
#3651 = ORIENTED_EDGE ( 'NONE', *, *, #1865, .T. ) ;
#3652 = VECTOR ( 'NONE', #88, 1000.000000000000000 ) ;
#3653 =( GEOMETRIC_REPRESENTATION_CONTEXT ( 3 ) GLOBAL_UNCERTAINTY_ASSIGNED_CONTEXT ( ( #3549 ) ) GLOBAL_UNIT_ASSIGNED_CONTEXT ( ( #3104, #154, #3903 ) ) REPRESENTATION_CONTEXT ( 'NONE', 'WORKASPACE' ) );
#3654 = EDGE_CURVE ( 'NONE', #4172, #3221, #2383, .T. ) ;
#3655 = CARTESIAN_POINT ( 'NONE',  ( -22.09999999999999400, -12.29000000000000300, 3.750000000000000000 ) ) ;
#3656 = DIRECTION ( 'NONE',  ( -1.000000000000000000, 0.0000000000000000000, 0.0000000000000000000 ) ) ;
#3657 = ORIENTED_EDGE ( 'NONE', *, *, #4581, .T. ) ;
#3658 = VECTOR ( 'NONE', #3826, 1000.000000000000000 ) ;
#3659 = FACE_OUTER_BOUND ( 'NONE', #1948, .T. ) ;
#3660 = LINE ( 'NONE', #2920, #2567 ) ;
#3661 = MECHANICAL_DESIGN_GEOMETRIC_PRESENTATION_REPRESENTATION (  '', ( #3098 ), #3953 ) ;
#3662 = CARTESIAN_POINT ( 'NONE',  ( 4.450000000000008200, -28.38999999999999700, 3.599999999999999600 ) ) ;
#3663 = STYLED_ITEM ( 'NONE', ( #5405 ), #1778 ) ;
#3664 = VECTOR ( 'NONE', #1469, 1000.000000000000000 ) ;
#3665 = VECTOR ( 'NONE', #192, 1000.000000000000000 ) ;
#3666 = LINE ( 'NONE', #2185, #1573 ) ;
#3667 = ORIENTED_EDGE ( 'NONE', *, *, #3418, .F. ) ;
#3668 = DIRECTION ( 'NONE',  ( -0.0000000000000000000, 1.000000000000000000, -0.0000000000000000000 ) ) ;
#3669 = DIRECTION ( 'NONE',  ( -1.000000000000000000, 0.0000000000000000000, 0.0000000000000000000 ) ) ;
#3670 = VECTOR ( 'NONE', #2124, 1000.000000000000000 ) ;
#3671 = ORIENTED_EDGE ( 'NONE', *, *, #1537, .T. ) ;
#3672 = CARTESIAN_POINT ( 'NONE',  ( 20.54999999999999700, -23.64999999999999900, 1.000000000000000000 ) ) ;
#3673 = LINE ( 'NONE', #397, #2581 ) ;
#3674 = UNCERTAINTY_MEASURE_WITH_UNIT (LENGTH_MEASURE( 1.000000000000000100E-005 ), #4520, 'distance_accuracy_value', 'NONE');
#3675 = LINE ( 'NONE', #3206, #1452 ) ;
#3676 = VERTEX_POINT ( 'NONE', #517 ) ;
#3677 = VECTOR ( 'NONE', #4885, 1000.000000000000000 ) ;
#3678 = CARTESIAN_POINT ( 'NONE',  ( 4.450000000000008200, -14.88999999999999700, 3.699999999999999300 ) ) ;
#3679 = ORIENTED_EDGE ( 'NONE', *, *, #2153, .F. ) ;
#3680 = ORIENTED_EDGE ( 'NONE', *, *, #5019, .F. ) ;
#3681 = DIRECTION ( 'NONE',  ( -0.0000000000000000000, -0.0000000000000000000, -1.000000000000000000 ) ) ;
#3682 = ORIENTED_EDGE ( 'NONE', *, *, #3500, .T. ) ;
#3683 = CIRCLE ( 'NONE', #5433, 1.000000000000000900 ) ;
#3684 = SURFACE_STYLE_USAGE ( .BOTH. , #5302 ) ;
#3685 = CARTESIAN_POINT ( 'NONE',  ( -22.09999999999999400, -12.29000000000000300, 4.000000000000000000 ) ) ;
#3686 = CARTESIAN_POINT ( 'NONE',  ( 22.10000000000000500, -23.80000000000000100, 2.250000000000000000 ) ) ;
#3687 =( NAMED_UNIT ( * ) PLANE_ANGLE_UNIT ( ) SI_UNIT ( $, .RADIAN. ) );
#3688 =( GEOMETRIC_REPRESENTATION_CONTEXT ( 3 ) GLOBAL_UNCERTAINTY_ASSIGNED_CONTEXT ( ( #4981 ) ) GLOBAL_UNIT_ASSIGNED_CONTEXT ( ( #3697, #1180, #4119 ) ) REPRESENTATION_CONTEXT ( 'NONE', 'WORKASPACE' ) );
#3689 = SURFACE_STYLE_FILL_AREA ( #4698 ) ;
#3690 = EDGE_CURVE ( 'NONE', #1942, #4132, #4605, .T. ) ;
#3691 = CARTESIAN_POINT ( 'NONE',  ( 24.60000000000000100, -14.88999999999999700, 3.750000000000000000 ) ) ;
#3692 = CARTESIAN_POINT ( 'NONE',  ( 19.65000000000000200, -23.64999999999999900, -58.50000000000000000 ) ) ;
#3693 = CARTESIAN_POINT ( 'NONE',  ( 0.0000000000000000000, 0.0000000000000000000, -58.50000000000000000 ) ) ;
#3694 =( GEOMETRIC_REPRESENTATION_CONTEXT ( 3 ) GLOBAL_UNCERTAINTY_ASSIGNED_CONTEXT ( ( #583 ) ) GLOBAL_UNIT_ASSIGNED_CONTEXT ( ( #3714, #3687, #3579 ) ) REPRESENTATION_CONTEXT ( 'NONE', 'WORKASPACE' ) );
#3695 = AXIS2_PLACEMENT_3D ( 'NONE', #5143, #1390, #3902 ) ;
#3696 = EDGE_CURVE ( 'NONE', #1442, #3582, #3356, .T. ) ;
#3697 =( LENGTH_UNIT ( ) NAMED_UNIT ( * ) SI_UNIT ( .MILLI., .METRE. ) );
#3698 = PLANE ( 'NONE',  #892 ) ;
#3699 = DIRECTION ( 'NONE',  ( -1.569885498621545200E-016, 1.000000000000000000, 0.0000000000000000000 ) ) ;
#3700 = CARTESIAN_POINT ( 'NONE',  ( -0.0000000000000000000, -82.49999999999998600, 3.499999999999999600 ) ) ;
#3701 =( LENGTH_UNIT ( ) NAMED_UNIT ( * ) SI_UNIT ( .MILLI., .METRE. ) );
#3702 =( LENGTH_UNIT ( ) NAMED_UNIT ( * ) SI_UNIT ( .MILLI., .METRE. ) );
#3703 = CARTESIAN_POINT ( 'NONE',  ( 23.09999999999999800, -12.28999999999999600, 4.000000000000000000 ) ) ;
#3704 = ORIENTED_EDGE ( 'NONE', *, *, #2129, .F. ) ;
#3705 = SURFACE_SIDE_STYLE ('',( #270 ) ) ;
#3706 = LINE ( 'NONE', #554, #350 ) ;
#3707 = EDGE_CURVE ( 'NONE', #2381, #5155, #4460, .T. ) ;
#3708 = ORIENTED_EDGE ( 'NONE', *, *, #5126, .F. ) ;
#3709 = ORIENTED_EDGE ( 'NONE', *, *, #5399, .F. ) ;
#3710 = CARTESIAN_POINT ( 'NONE',  ( -1.577195582194122600, 2.279998502199208000E-016, 3.499999999999999600 ) ) ;
#3711 = CARTESIAN_POINT ( 'NONE',  ( 5.450000000000005500, -23.19999999999999200, 4.000000000000000000 ) ) ;
#3712 = VERTEX_POINT ( 'NONE', #1508 ) ;
#3713 = SURFACE_STYLE_FILL_AREA ( #2523 ) ;
#3714 =( LENGTH_UNIT ( ) NAMED_UNIT ( * ) SI_UNIT ( .MILLI., .METRE. ) );
#3715 = LINE ( 'NONE', #3571, #4575 ) ;
#3716 = FILL_AREA_STYLE ('',( #783 ) ) ;
#3717 = ORIENTED_EDGE ( 'NONE', *, *, #916, .T. ) ;
#3718 = ADVANCED_FACE ( 'NONE', ( #2113 ), #2529, .T. ) ;
#3719 = FILL_AREA_STYLE_COLOUR ( '', #655 ) ;
#3720 = EDGE_LOOP ( 'NONE', ( #5066, #2841, #1457, #1461 ) ) ;
#3721 = CARTESIAN_POINT ( 'NONE',  ( 0.9728044178058776700, -1.406288884251503900E-016, 3.399999999999999900 ) ) ;
#3722 = VECTOR ( 'NONE', #4233, 1000.000000000000000 ) ;
#3723 =( LENGTH_UNIT ( ) NAMED_UNIT ( * ) SI_UNIT ( .MILLI., .METRE. ) );
#3724 = PRESENTATION_LAYER_ASSIGNMENT (  '', '', ( #3157 ) ) ;
#3725 = EDGE_CURVE ( 'NONE', #3063, #5282, #584, .T. ) ;
#3726 = DIRECTION ( 'NONE',  ( 0.0000000000000000000, 0.0000000000000000000, 1.000000000000000000 ) ) ;
#3727 = VERTEX_POINT ( 'NONE', #208 ) ;
#3728 = LINE ( 'NONE', #4148, #369 ) ;
#3729 = LINE ( 'NONE', #3101, #4527 ) ;
#3730 = DIRECTION ( 'NONE',  ( 0.0000000000000000000, 0.0000000000000000000, 1.000000000000000000 ) ) ;
#3731 = ADVANCED_FACE ( 'NONE', ( #3809 ), #3456, .T. ) ;
#3732 = AXIS2_PLACEMENT_3D ( 'NONE', #1922, #4624, #2969 ) ;
#3733 = PLANE ( 'NONE',  #4367 ) ;
#3734 = EDGE_LOOP ( 'NONE', ( #3518, #5150, #120, #3113 ) ) ;
#3735 = EDGE_CURVE ( 'NONE', #1418, #4172, #2694, .T. ) ;
#3736 = AXIS2_PLACEMENT_3D ( 'NONE', #2652, #2253, #941 ) ;
#3737 = FACE_OUTER_BOUND ( 'NONE', #1242, .T. ) ;
#3738 = PRESENTATION_LAYER_ASSIGNMENT (  '', '', ( #3467 ) ) ;
#3739 = EDGE_LOOP ( 'NONE', ( #2213, #688 ) ) ;
#3740 = SURFACE_STYLE_USAGE ( .BOTH. , #1924 ) ;
#3741 = LINE ( 'NONE', #3614, #4734 ) ;
#3742 = SURFACE_STYLE_USAGE ( .BOTH. , #1217 ) ;
#3743 = ORIENTED_EDGE ( 'NONE', *, *, #3520, .F. ) ;
#3744 = CARTESIAN_POINT ( 'NONE',  ( 4.450000000000002800, -23.19999999999999200, 3.699999999999999300 ) ) ;
#3745 = ORIENTED_EDGE ( 'NONE', *, *, #2661, .F. ) ;
#3746 = LINE ( 'NONE', #4263, #3618 ) ;
#3747 = FILL_AREA_STYLE ('',( #4996 ) ) ;
#3748 = SURFACE_STYLE_USAGE ( .BOTH. , #4232 ) ;
#3749 = ORIENTED_EDGE ( 'NONE', *, *, #47, .T. ) ;
#3750 = PLANE ( 'NONE',  #3019 ) ;
#3751 =( NAMED_UNIT ( * ) SI_UNIT ( $, .STERADIAN. ) SOLID_ANGLE_UNIT ( ) );
#3752 = LINE ( 'NONE', #964, #2647 ) ;
#3753 = DIRECTION ( 'NONE',  ( 0.0000000000000000000, 0.0000000000000000000, 1.000000000000000000 ) ) ;
#3754 = CIRCLE ( 'NONE', #545, 1.000000000000000900 ) ;
#3755 = PLANE ( 'NONE',  #4022 ) ;
#3756 = CARTESIAN_POINT ( 'NONE',  ( 0.0000000000000000000, 0.0000000000000000000, 4.000000000000000000 ) ) ;
#3757 = PRESENTATION_LAYER_ASSIGNMENT (  '', '', ( #4044 ) ) ;
#3758 = CARTESIAN_POINT ( 'NONE',  ( -2.597195582194134400, -82.49999999999998600, 3.399999999999999900 ) ) ;
#3759 = AXIS2_PLACEMENT_3D ( 'NONE', #1991, #4906, #3669 ) ;
#3760 = ORIENTED_EDGE ( 'NONE', *, *, #3725, .F. ) ;
#3761 = VECTOR ( 'NONE', #1986, 1000.000000000000000 ) ;
#3762 = CARTESIAN_POINT ( 'NONE',  ( -2.597195582194122800, 3.754513456779493500E-016, 3.399999999999999900 ) ) ;
#3763 =( LENGTH_UNIT ( ) NAMED_UNIT ( * ) SI_UNIT ( .MILLI., .METRE. ) );
#3764 =( NAMED_UNIT ( * ) PLANE_ANGLE_UNIT ( ) SI_UNIT ( $, .RADIAN. ) );
#3765 =( NAMED_UNIT ( * ) SI_UNIT ( $, .STERADIAN. ) SOLID_ANGLE_UNIT ( ) );
#3766 = DIRECTION ( 'NONE',  ( -1.445602896647337900E-016, -1.000000000000000000, 0.0000000000000000000 ) ) ;
#3767 = PRESENTATION_LAYER_ASSIGNMENT (  '', '', ( #3198 ) ) ;
#3768 = SURFACE_SIDE_STYLE ('',( #5127 ) ) ;
#3769 = EDGE_CURVE ( 'NONE', #5338, #1866, #4916, .T. ) ;
#3770 = CARTESIAN_POINT ( 'NONE',  ( -1.577195582194134600, -85.49999999999998600, 3.399999999999999900 ) ) ;
#3771 = ORIENTED_EDGE ( 'NONE', *, *, #5140, .F. ) ;
#3772 = EDGE_CURVE ( 'NONE', #1011, #2777, #1583, .T. ) ;
#3773 = ORIENTED_EDGE ( 'NONE', *, *, #2006, .T. ) ;
#3774 =( LENGTH_UNIT ( ) NAMED_UNIT ( * ) SI_UNIT ( .MILLI., .METRE. ) );
#3775 = EDGE_LOOP ( 'NONE', ( #1619, #5386, #1805, #766 ) ) ;
#3776 = CARTESIAN_POINT ( 'NONE',  ( 0.0000000000000000000, -85.49999999999998600, 3.399999999999999900 ) ) ;
#3777 = DIRECTION ( 'NONE',  ( 1.000000000000000000, 0.0000000000000000000, 0.0000000000000000000 ) ) ;
#3778 = VERTEX_POINT ( 'NONE', #4088 ) ;
#3779 = ORIENTED_EDGE ( 'NONE', *, *, #3036, .T. ) ;
#3780 = CARTESIAN_POINT ( 'NONE',  ( 0.2528044178058655400, -82.49999999999998600, 3.499999999999999600 ) ) ;
#3781 = CARTESIAN_POINT ( 'NONE',  ( 3.597804417805865900, -85.49999999999998600, 3.499999999999999600 ) ) ;
#3782 = VERTEX_POINT ( 'NONE', #1126 ) ;
#3783 = CARTESIAN_POINT ( 'NONE',  ( 24.60000000000000100, 23.00000000000000700, 4.000000000000000000 ) ) ;
#3784 = CARTESIAN_POINT ( 'NONE',  ( -24.59999999999999400, -23.80000000000000100, 4.000000000000000000 ) ) ;
#3785 = ADVANCED_FACE ( 'NONE', ( #4795 ), #477, .T. ) ;
#3786 = ORIENTED_EDGE ( 'NONE', *, *, #4271, .T. ) ;
#3787 = FACE_OUTER_BOUND ( 'NONE', #3000, .T. ) ;
#3788 = AXIS2_PLACEMENT_3D ( 'NONE', #4867, #3960, #3536 ) ;
#3789 = VECTOR ( 'NONE', #5216, 1000.000000000000000 ) ;
#3790 = SURFACE_SIDE_STYLE ('',( #2245 ) ) ;
#3791 = VERTEX_POINT ( 'NONE', #2955 ) ;
#3792 = CYLINDRICAL_SURFACE ( 'NONE', #4773, 1.000000000000000900 ) ;
#3793 = VECTOR ( 'NONE', #1081, 1000.000000000000000 ) ;
#3794 = VERTEX_POINT ( 'NONE', #3227 ) ;
#3795 =( NAMED_UNIT ( * ) PLANE_ANGLE_UNIT ( ) SI_UNIT ( $, .RADIAN. ) );
#3796 = FILL_AREA_STYLE ('',( #1748 ) ) ;
#3797 = LINE ( 'NONE', #2668, #442 ) ;
#3798 = EDGE_CURVE ( 'NONE', #155, #483, #5355, .T. ) ;
#3799 = ORIENTED_EDGE ( 'NONE', *, *, #4372, .F. ) ;
#3800 = CARTESIAN_POINT ( 'NONE',  ( 4.450000000000006400, -14.88999999999999700, 3.699999999999999300 ) ) ;
#3801 = CARTESIAN_POINT ( 'NONE',  ( -2.087195582194122600, 3.017255979489350500E-016, 3.399999999999999900 ) ) ;
#3802 = CARTESIAN_POINT ( 'NONE',  ( 21.59999999999999400, -22.24999999999999600, -63.50000000000000000 ) ) ;
#3803 = CARTESIAN_POINT ( 'NONE',  ( 4.450000000000008200, -28.38999999999999700, 3.599999999999999600 ) ) ;
#3804 = VERTEX_POINT ( 'NONE', #4107 ) ;
#3805 = CARTESIAN_POINT ( 'NONE',  ( 24.60000000000000100, -14.88999999999999700, 4.000000000000000000 ) ) ;
#3806 = VECTOR ( 'NONE', #1681, 1000.000000000000000 ) ;
#3807 = SURFACE_STYLE_FILL_AREA ( #4787 ) ;
#3808 = SURFACE_STYLE_USAGE ( .BOTH. , #3307 ) ;
#3809 = FACE_OUTER_BOUND ( 'NONE', #2290, .T. ) ;
#3810 = ORIENTED_EDGE ( 'NONE', *, *, #2297, .F. ) ;
#3811 = ORIENTED_EDGE ( 'NONE', *, *, #504, .T. ) ;
#3812 = FACE_OUTER_BOUND ( 'NONE', #1304, .T. ) ;
#3813 =( LENGTH_UNIT ( ) NAMED_UNIT ( * ) SI_UNIT ( .MILLI., .METRE. ) );
#3814 = FILL_AREA_STYLE_COLOUR ( '', #1728 ) ;
#3815 = ORIENTED_EDGE ( 'NONE', *, *, #4419, .T. ) ;
#3816 = DIRECTION ( 'NONE',  ( -1.445602896647337900E-016, -1.000000000000000000, 0.0000000000000000000 ) ) ;
#3817 = DIRECTION ( 'NONE',  ( 0.0000000000000000000, 1.000000000000000000, 0.0000000000000000000 ) ) ;
#3818 = LINE ( 'NONE', #2666, #593 ) ;
#3819 = FILL_AREA_STYLE_COLOUR ( '', #901 ) ;
#3820 = ADVANCED_FACE ( 'NONE', ( #3144 ), #3318, .F. ) ;
#3821 = VECTOR ( 'NONE', #2325, 1000.000000000000000 ) ;
#3822 = PLANE ( 'NONE',  #3297 ) ;
#3823 = EDGE_CURVE ( 'NONE', #428, #4308, #4983, .T. ) ;
#3824 = DIRECTION ( 'NONE',  ( 0.0000000000000000000, 1.000000000000000000, 0.0000000000000000000 ) ) ;
#3825 = DIRECTION ( 'NONE',  ( -1.000000000000000000, 0.0000000000000000000, 0.0000000000000000000 ) ) ;
#3826 = DIRECTION ( 'NONE',  ( -0.0000000000000000000, -0.0000000000000000000, 1.000000000000000000 ) ) ;
#3827 = FACE_OUTER_BOUND ( 'NONE', #2873, .T. ) ;
#3828 = CARTESIAN_POINT ( 'NONE',  ( -3.902195582194133600, -85.49999999999998600, 3.499999999999999600 ) ) ;
#3829 = ADVANCED_FACE ( 'NONE', ( #1804 ), #3366, .T. ) ;
#3830 = CARTESIAN_POINT ( 'NONE',  ( -3.617195582194134800, -85.49999999999998600, 3.399999999999999900 ) ) ;
#3831 = DIRECTION ( 'NONE',  ( 0.0000000000000000000, -1.000000000000000000, 0.0000000000000000000 ) ) ;
#3832 = COLOUR_RGB ( '',0.8039215686274510100, 0.4980392156862745200, 0.1960784313725490200 ) ;
#3833 = CARTESIAN_POINT ( 'NONE',  ( -24.59999999999999800, 23.00000000000000400, 4.000000000000000000 ) ) ;
#3834 = CARTESIAN_POINT ( 'NONE',  ( -1.067195582194122600, 1.542741024909065700E-016, 3.399999999999999900 ) ) ;
#3835 = STYLED_ITEM ( 'NONE', ( #660 ), #3002 ) ;
#3836 = EDGE_CURVE ( 'NONE', #4485, #2646, #2371, .T. ) ;
#3837 = DIRECTION ( 'NONE',  ( -1.457750820148577400E-016, 1.000000000000000000, -0.0000000000000000000 ) ) ;
#3838 = CARTESIAN_POINT ( 'NONE',  ( 3.312804417805865800, -85.49999999999998600, 3.399999999999999900 ) ) ;
#3839 = FILL_AREA_STYLE ('',( #1367 ) ) ;
#3840 = PRESENTATION_STYLE_ASSIGNMENT (( #3740 ) ) ;
#3841 = AXIS2_PLACEMENT_3D ( 'NONE', #3251, #3363, #3295 ) ;
#3842 = EDGE_CURVE ( 'NONE', #1958, #4830, #255, .T. ) ;
#3843 = AXIS2_PLACEMENT_3D ( 'NONE', #186, #2713, #5213 ) ;
#3844 = EDGE_LOOP ( 'NONE', ( #2246, #4468, #4568, #2249 ) ) ;
#3845 = CARTESIAN_POINT ( 'NONE',  ( 4.450000000000004600, -14.88999999999999500, 3.599999999999999600 ) ) ;
#3846 = ADVANCED_FACE ( 'NONE', ( #3346 ), #1858, .F. ) ;
#3847 = MECHANICAL_DESIGN_GEOMETRIC_PRESENTATION_REPRESENTATION (  '', ( #3277 ), #4124 ) ;
#3848 = EDGE_LOOP ( 'NONE', ( #3417, #976, #157, #3603 ) ) ;
#3849 = VECTOR ( 'NONE', #984, 1000.000000000000000 ) ;
#3850 = ORIENTED_EDGE ( 'NONE', *, *, #2716, .T. ) ;
#3851 = ORIENTED_EDGE ( 'NONE', *, *, #1951, .T. ) ;
#3852 = ORIENTED_EDGE ( 'NONE', *, *, #807, .F. ) ;
#3853 = ORIENTED_EDGE ( 'NONE', *, *, #4227, .F. ) ;
#3854 = FACE_OUTER_BOUND ( 'NONE', #293, .T. ) ;
#3855 =( LENGTH_UNIT ( ) NAMED_UNIT ( * ) SI_UNIT ( .MILLI., .METRE. ) );
#3856 = SURFACE_STYLE_USAGE ( .BOTH. , #4294 ) ;
#3857 = UNCERTAINTY_MEASURE_WITH_UNIT (LENGTH_MEASURE( 1.000000000000000100E-005 ), #4379, 'distance_accuracy_value', 'NONE');
#3858 = CARTESIAN_POINT ( 'NONE',  ( 0.2528044178058655400, -82.49999999999998600, 3.399999999999999900 ) ) ;
#3859 = FACE_OUTER_BOUND ( 'NONE', #294, .T. ) ;
#3860 = PRESENTATION_LAYER_ASSIGNMENT (  '', '', ( #3290 ) ) ;
#3861 = CARTESIAN_POINT ( 'NONE',  ( 0.0000000000000000000, -82.49999999999998600, 3.399999999999999900 ) ) ;
#3862 = DIRECTION ( 'NONE',  ( -1.000000000000000000, 0.0000000000000000000, -0.0000000000000000000 ) ) ;
#3863 = EDGE_LOOP ( 'NONE', ( #5275, #1893, #2010, #2166 ) ) ;
#3864 = LINE ( 'NONE', #164, #2748 ) ;
#3865 = LINE ( 'NONE', #1732, #3722 ) ;
#3866 = PRESENTATION_STYLE_ASSIGNMENT (( #1605 ) ) ;
#3867 = ORIENTED_EDGE ( 'NONE', *, *, #1885, .T. ) ;
#3868 = VECTOR ( 'NONE', #2622, 1000.000000000000000 ) ;
#3869 = SURFACE_STYLE_USAGE ( .BOTH. , #1356 ) ;
#3870 = PRESENTATION_STYLE_ASSIGNMENT (( #2061 ) ) ;
#3871 = ORIENTED_EDGE ( 'NONE', *, *, #533, .F. ) ;
#3872 = LINE ( 'NONE', #3544, #4845 ) ;
#3873 = FILL_AREA_STYLE ('',( #3814 ) ) ;
#3874 = MECHANICAL_DESIGN_GEOMETRIC_PRESENTATION_REPRESENTATION (  '', ( #3034 ), #4143 ) ;
#3875 = VECTOR ( 'NONE', #2985, 1000.000000000000000 ) ;
#3876 = EDGE_CURVE ( 'NONE', #5093, #4785, #4070, .T. ) ;
#3877 = PRESENTATION_STYLE_ASSIGNMENT (( #4164 ) ) ;
#3878 = SURFACE_STYLE_USAGE ( .BOTH. , #1023 ) ;
#3879 = ADVANCED_FACE ( 'NONE', ( #5055 ), #761, .T. ) ;
#3880 = SURFACE_STYLE_FILL_AREA ( #846 ) ;
#3881 = COLOUR_RGB ( '',0.8039215686274510100, 0.4980392156862745200, 0.1960784313725490200 ) ;
#3882 = DIRECTION ( 'NONE',  ( 0.0000000000000000000, 0.0000000000000000000, -1.000000000000000000 ) ) ;
#3883 = MECHANICAL_DESIGN_GEOMETRIC_PRESENTATION_REPRESENTATION (  '', ( #3303 ), #4153 ) ;
#3884 = STYLED_ITEM ( 'NONE', ( #3866 ), #1655 ) ;
#3885 = EDGE_CURVE ( 'NONE', #1300, #4099, #4667, .T. ) ;
#3886 = LINE ( 'NONE', #3642, #2773 ) ;
#3887 = DIRECTION ( 'NONE',  ( -2.175883946035506300E-016, 1.000000000000000000, -0.0000000000000000000 ) ) ;
#3888 = ORIENTED_EDGE ( 'NONE', *, *, #4015, .F. ) ;
#3889 = DIRECTION ( 'NONE',  ( 1.561251128379125000E-015, -1.000000000000000000, -0.0000000000000000000 ) ) ;
#3890 = ORIENTED_EDGE ( 'NONE', *, *, #3900, .F. ) ;
#3891 = VECTOR ( 'NONE', #4213, 1000.000000000000000 ) ;
#3892 = CARTESIAN_POINT ( 'NONE',  ( -5.899999999999995900, -14.88999999999999700, 3.699999999999999300 ) ) ;
#3893 = EDGE_LOOP ( 'NONE', ( #1836, #3679, #1290, #3920 ) ) ;
#3894 = EDGE_CURVE ( 'NONE', #3782, #2443, #2577, .T. ) ;
#3895 = CARTESIAN_POINT ( 'NONE',  ( 0.0000000000000000000, -85.49999999999998600, 3.399999999999999900 ) ) ;
#3896 = CARTESIAN_POINT ( 'NONE',  ( 0.0000000000000000000, 0.0000000000000000000, 3.750000000000000000 ) ) ;
#3897 = FILL_AREA_STYLE_COLOUR ( '', #116 ) ;
#3898 = FILL_AREA_STYLE_COLOUR ( '', #4284 ) ;
#3899 = DIRECTION ( 'NONE',  ( 1.000000000000000000, 0.0000000000000000000, 0.0000000000000000000 ) ) ;
#3900 = EDGE_CURVE ( 'NONE', #5368, #4498, #317, .T. ) ;
#3901 = DIRECTION ( 'NONE',  ( -0.0000000000000000000, -0.0000000000000000000, 1.000000000000000000 ) ) ;
#3902 = DIRECTION ( 'NONE',  ( 1.541976423090495400E-016, -1.000000000000000000, 0.0000000000000000000 ) ) ;
#3903 =( NAMED_UNIT ( * ) SI_UNIT ( $, .STERADIAN. ) SOLID_ANGLE_UNIT ( ) );
#3904 = VECTOR ( 'NONE', #1964, 1000.000000000000000 ) ;
#3905 = AXIS2_PLACEMENT_3D ( 'NONE', #1465, #4378, #1937 ) ;
#3906 = SURFACE_SIDE_STYLE ('',( #4312 ) ) ;
#3907 =( LENGTH_UNIT ( ) NAMED_UNIT ( * ) SI_UNIT ( .MILLI., .METRE. ) );
#3908 = STYLED_ITEM ( 'NONE', ( #573 ), #3341 ) ;
#3909 = COLOUR_RGB ( '',0.8039215686274510100, 0.4980392156862745200, 0.1960784313725490200 ) ;
#3910 = SURFACE_SIDE_STYLE ('',( #5175 ) ) ;
#3911 = EDGE_LOOP ( 'NONE', ( #3436, #2461, #4683, #5119 ) ) ;
#3912 = CARTESIAN_POINT ( 'NONE',  ( 17.64999999999999900, -23.64999999999999900, -58.50000000000000000 ) ) ;
#3913 = CARTESIAN_POINT ( 'NONE',  ( 2.292804417805865700, -85.49999999999998600, 3.399999999999999900 ) ) ;
#3914 = VERTEX_POINT ( 'NONE', #2915 ) ;
#3915 = EDGE_CURVE ( 'NONE', #5282, #1559, #1314, .T. ) ;
#3916 = ORIENTED_EDGE ( 'NONE', *, *, #1768, .F. ) ;
#3917 = ORIENTED_EDGE ( 'NONE', *, *, #1741, .T. ) ;
#3918 = VERTEX_POINT ( 'NONE', #4590 ) ;
#3919 = STYLED_ITEM ( 'NONE', ( #5406 ), #4876 ) ;
#3920 = ORIENTED_EDGE ( 'NONE', *, *, #2388, .T. ) ;
#3921 = ORIENTED_EDGE ( 'NONE', *, *, #2205, .F. ) ;
#3922 = CARTESIAN_POINT ( 'NONE',  ( 3.597804417805865900, -85.49999999999998600, 3.499999999999999600 ) ) ;
#3923 = COLOUR_RGB ( '',0.8039215686274510100, 0.4980392156862745200, 0.1960784313725490200 ) ;
#3924 = VECTOR ( 'NONE', #1375, 1000.000000000000000 ) ;
#3925 = CARTESIAN_POINT ( 'NONE',  ( -2.807195582194134800, 0.0000000000000000000, 3.499999999999999600 ) ) ;
#3926 = ORIENTED_EDGE ( 'NONE', *, *, #881, .T. ) ;
#3927 = DIRECTION ( 'NONE',  ( 0.6089694827165712500, 0.7931936517143286500, 0.0000000000000000000 ) ) ;
#3928 = ORIENTED_EDGE ( 'NONE', *, *, #1, .T. ) ;
#3929 = DIRECTION ( 'NONE',  ( 0.0000000000000000000, 0.0000000000000000000, 1.000000000000000000 ) ) ;
#3930 = LINE ( 'NONE', #1491, #2821 ) ;
#3931 = STYLED_ITEM ( 'NONE', ( #1712 ), #1186 ) ;
#3932 =( NAMED_UNIT ( * ) PLANE_ANGLE_UNIT ( ) SI_UNIT ( $, .RADIAN. ) );
#3933 = CARTESIAN_POINT ( 'NONE',  ( -1.577195582194134400, -82.49999999999998600, 3.499999999999999600 ) ) ;
#3934 = VECTOR ( 'NONE', #4586, 1000.000000000000000 ) ;
#3935 = VERTEX_POINT ( 'NONE', #727 ) ;
#3936 = LINE ( 'NONE', #623, #1971 ) ;
#3937 = FACE_OUTER_BOUND ( 'NONE', #4766, .T. ) ;
#3938 = LINE ( 'NONE', #546, #4068 ) ;
#3939 = VERTEX_POINT ( 'NONE', #1220 ) ;
#3940 = ORIENTED_EDGE ( 'NONE', *, *, #2088, .T. ) ;
#3941 = LINE ( 'NONE', #4684, #715 ) ;
#3942 = EDGE_LOOP ( 'NONE', ( #627, #747, #5214, #3815 ) ) ;
#3943 = LINE ( 'NONE', #791, #1722 ) ;
#3944 = LINE ( 'NONE', #3977, #581 ) ;
#3945 = EDGE_CURVE ( 'NONE', #2174, #693, #1166, .T. ) ;
#3946 = VECTOR ( 'NONE', #2422, 1000.000000000000000 ) ;
#3947 = CARTESIAN_POINT ( 'NONE',  ( -1.067195582194122600, 1.542741024909065700E-016, 3.399999999999999900 ) ) ;
#3948 = CIRCLE ( 'NONE', #449, 1.000000000000000900 ) ;
#3949 =( NAMED_UNIT ( * ) PLANE_ANGLE_UNIT ( ) SI_UNIT ( $, .RADIAN. ) );
#3950 = ORIENTED_EDGE ( 'NONE', *, *, #2480, .T. ) ;
#3951 = DIRECTION ( 'NONE',  ( -0.0000000000000000000, -0.0000000000000000000, -1.000000000000000000 ) ) ;
#3952 = LINE ( 'NONE', #1545, #723 ) ;
#3953 =( GEOMETRIC_REPRESENTATION_CONTEXT ( 3 ) GLOBAL_UNCERTAINTY_ASSIGNED_CONTEXT ( ( #4922 ) ) GLOBAL_UNIT_ASSIGNED_CONTEXT ( ( #2434, #4932, #4145 ) ) REPRESENTATION_CONTEXT ( 'NONE', 'WORKASPACE' ) );
#3954 = AXIS2_PLACEMENT_3D ( 'NONE', #3756, #820, #3338 ) ;
#3955 =( NAMED_UNIT ( * ) SI_UNIT ( $, .STERADIAN. ) SOLID_ANGLE_UNIT ( ) );
#3956 = UNCERTAINTY_MEASURE_WITH_UNIT (LENGTH_MEASURE( 1.000000000000000100E-005 ), #5318, 'distance_accuracy_value', 'NONE');
#3957 = SURFACE_STYLE_USAGE ( .BOTH. , #868 ) ;
#3958 = CARTESIAN_POINT ( 'NONE',  ( 4.450000000000002800, -23.19999999999999200, 3.699999999999999300 ) ) ;
#3959 = VECTOR ( 'NONE', #765, 1000.000000000000000 ) ;
#3960 = DIRECTION ( 'NONE',  ( 1.000000000000000000, 0.0000000000000000000, -0.0000000000000000000 ) ) ;
#3961 = SURFACE_STYLE_USAGE ( .BOTH. , #4371 ) ;
#3962 = FACE_BOUND ( 'NONE', #1298, .T. ) ;
#3963 = CARTESIAN_POINT ( 'NONE',  ( -24.59999999999999400, -14.88999999999999700, 4.000000000000000000 ) ) ;
#3964 = PLANE ( 'NONE',  #4990 ) ;
#3965 =( LENGTH_UNIT ( ) NAMED_UNIT ( * ) SI_UNIT ( .MILLI., .METRE. ) );
#3966 = VECTOR ( 'NONE', #3125, 1000.000000000000000 ) ;
#3967 = DIRECTION ( 'NONE',  ( 0.0000000000000000000, 0.0000000000000000000, 1.000000000000000000 ) ) ;
#3968 = FACE_OUTER_BOUND ( 'NONE', #414, .T. ) ;
#3969 = EDGE_CURVE ( 'NONE', #3062, #2443, #3542, .T. ) ;
#3970 = ORIENTED_EDGE ( 'NONE', *, *, #1365, .T. ) ;
#3971 = EDGE_LOOP ( 'NONE', ( #3743, #3208, #2673, #622 ) ) ;
#3972 = VERTEX_POINT ( 'NONE', #4486 ) ;
#3973 = ADVANCED_FACE ( 'NONE', ( #2172 ), #5011, .T. ) ;
#3974 = FACE_OUTER_BOUND ( 'NONE', #1410, .T. ) ;
#3975 = CARTESIAN_POINT ( 'NONE',  ( -3.617195582194122800, 5.229028411359778100E-016, 3.399999999999999900 ) ) ;
#3976 = PRESENTATION_LAYER_ASSIGNMENT (  '', '', ( #3429 ) ) ;
#3977 = CARTESIAN_POINT ( 'NONE',  ( -22.09999999999999400, 20.60000000000000100, 4.000000000000000000 ) ) ;
#3978 = UNCERTAINTY_MEASURE_WITH_UNIT (LENGTH_MEASURE( 1.000000000000000100E-005 ), #1431, 'distance_accuracy_value', 'NONE');
#3979 = EDGE_CURVE ( 'NONE', #485, #4706, #1794, .T. ) ;
#3980 = ORIENTED_EDGE ( 'NONE', *, *, #2333, .F. ) ;
#3981 = ORIENTED_EDGE ( 'NONE', *, *, #706, .T. ) ;
#3982 = FILL_AREA_STYLE ('',( #5200 ) ) ;
#3983 = VECTOR ( 'NONE', #2065, 1000.000000000000000 ) ;
#3984 =( NAMED_UNIT ( * ) SI_UNIT ( $, .STERADIAN. ) SOLID_ANGLE_UNIT ( ) );
#3985 = SURFACE_STYLE_USAGE ( .BOTH. , #3634 ) ;
#3986 = CARTESIAN_POINT ( 'NONE',  ( 16.59999999999999400, -25.04999999999999700, -63.50000000000000000 ) ) ;
#3987 = STYLED_ITEM ( 'NONE', ( #1013 ), #5086 ) ;
#3988 = ORIENTED_EDGE ( 'NONE', *, *, #4688, .T. ) ;
#3989 =( NAMED_UNIT ( * ) PLANE_ANGLE_UNIT ( ) SI_UNIT ( $, .RADIAN. ) );
#3990 = VECTOR ( 'NONE', #3109, 1000.000000000000000 ) ;
#3991 = CARTESIAN_POINT ( 'NONE',  ( -3.107195582194123100, 4.491770934069635000E-016, 3.399999999999999900 ) ) ;
#3992 = EDGE_LOOP ( 'NONE', ( #559, #4125, #4384, #2615 ) ) ;
#3993 = FACE_OUTER_BOUND ( 'NONE', #4342, .T. ) ;
#3994 = COLOUR_RGB ( '',0.8039215686274510100, 0.4980392156862745200, 0.1960784313725490200 ) ;
#3995 = DIRECTION ( 'NONE',  ( -1.000000000000000000, 0.0000000000000000000, -0.0000000000000000000 ) ) ;
#3996 = DIRECTION ( 'NONE',  ( 0.0000000000000000000, -0.0000000000000000000, 1.000000000000000000 ) ) ;
#3997 = EDGE_CURVE ( 'NONE', #1141, #1769, #4000, .T. ) ;
#3998 = LINE ( 'NONE', #3721, #2633 ) ;
#3999 = COLOUR_RGB ( '',0.8039215686274510100, 0.4980392156862745200, 0.1960784313725490200 ) ;
#4000 = LINE ( 'NONE', #191, #4975 ) ;
#4001 = VECTOR ( 'NONE', #202, 1000.000000000000000 ) ;
#4002 = DIRECTION ( 'NONE',  ( -0.0000000000000000000, -0.0000000000000000000, -1.000000000000000000 ) ) ;
#4003 = ORIENTED_EDGE ( 'NONE', *, *, #3842, .T. ) ;
#4004 = SURFACE_STYLE_FILL_AREA ( #3747 ) ;
#4005 = CARTESIAN_POINT ( 'NONE',  ( 1.782804417805865700, -82.49999999999998600, 3.399999999999999900 ) ) ;
#4006 = CARTESIAN_POINT ( 'NONE',  ( 0.0000000000000000000, -82.49999999999998600, 3.399999999999999900 ) ) ;
#4007 = CARTESIAN_POINT ( 'NONE',  ( 22.10000000000000500, -23.80000000000000100, 0.0000000000000000000 ) ) ;
#4008 = DIRECTION ( 'NONE',  ( -0.0000000000000000000, -0.0000000000000000000, -1.000000000000000000 ) ) ;
#4009 = FACE_OUTER_BOUND ( 'NONE', #4113, .T. ) ;
#4010 = AXIS2_PLACEMENT_3D ( 'NONE', #2407, #4078, #1547 ) ;
#4011 = CYLINDRICAL_SURFACE ( 'NONE', #4390, 1.000000000000000900 ) ;
#4012 = EDGE_LOOP ( 'NONE', ( #3325, #3649, #3402, #4069 ) ) ;
#4013 = VECTOR ( 'NONE', #312, 1000.000000000000000 ) ;
#4014 = MECHANICAL_DESIGN_GEOMETRIC_PRESENTATION_REPRESENTATION (  '', ( #3157 ), #4295 ) ;
#4015 = EDGE_CURVE ( 'NONE', #4485, #3778, #649, .T. ) ;
#4016 = VERTEX_POINT ( 'NONE', #2300 ) ;
#4017 = CARTESIAN_POINT ( 'NONE',  ( 22.09999999999999400, 19.59999999999999800, 3.750000000000000000 ) ) ;
#4018 = FILL_AREA_STYLE ('',( #4855 ) ) ;
#4019 = CARTESIAN_POINT ( 'NONE',  ( 21.59999999999999400, -22.24999999999999600, -63.50000000000000000 ) ) ;
#4020 = UNCERTAINTY_MEASURE_WITH_UNIT (LENGTH_MEASURE( 1.000000000000000100E-005 ), #1896, 'distance_accuracy_value', 'NONE');
#4021 =( LENGTH_UNIT ( ) NAMED_UNIT ( * ) SI_UNIT ( .MILLI., .METRE. ) );
#4022 = AXIS2_PLACEMENT_3D ( 'NONE', #2355, #4609, #10 ) ;
#4023 = EDGE_CURVE ( 'NONE', #1485, #349, #3872, .T. ) ;
#4024 = MECHANICAL_DESIGN_GEOMETRIC_PRESENTATION_REPRESENTATION (  '', ( #3463 ), #4300 ) ;
#4025 = DIRECTION ( 'NONE',  ( 1.000000000000000000, -0.0000000000000000000, -0.0000000000000000000 ) ) ;
#4026 = ORIENTED_EDGE ( 'NONE', *, *, #2088, .F. ) ;
#4027 =( LENGTH_UNIT ( ) NAMED_UNIT ( * ) SI_UNIT ( .MILLI., .METRE. ) );
#4028 = CARTESIAN_POINT ( 'NONE',  ( -24.59999999999999800, 23.00000000000000400, 4.000000000000000000 ) ) ;
#4029 = MECHANICAL_DESIGN_GEOMETRIC_PRESENTATION_REPRESENTATION (  '', ( #3467 ), #4302 ) ;
#4030 = UNCERTAINTY_MEASURE_WITH_UNIT (LENGTH_MEASURE( 1.000000000000000100E-005 ), #870, 'distance_accuracy_value', 'NONE');
#4031 = PRESENTATION_STYLE_ASSIGNMENT (( #3391 ) ) ;
#4032 = DIRECTION ( 'NONE',  ( -0.0000000000000000000, -0.0000000000000000000, -1.000000000000000000 ) ) ;
#4033 = LINE ( 'NONE', #3174, #3904 ) ;
#4034 = SURFACE_SIDE_STYLE ('',( #4977 ) ) ;
#4035 = CARTESIAN_POINT ( 'NONE',  ( -24.59999999999999800, 23.80000000000000100, 4.000000000000000000 ) ) ;
#4036 = AXIS2_PLACEMENT_3D ( 'NONE', #3845, #567, #2688 ) ;
#4037 = MANIFOLD_SOLID_BREP ( 'Boss-Extrude13', #3080 ) ;
#4038 = FILL_AREA_STYLE ('',( #3898 ) ) ;
#4039 = SURFACE_SIDE_STYLE ('',( #2582 ) ) ;
#4040 = ORIENTED_EDGE ( 'NONE', *, *, #524, .T. ) ;
#4041 = EDGE_LOOP ( 'NONE', ( #3246, #1980, #1255, #1961 ) ) ;
#4042 = VECTOR ( 'NONE', #2208, 1000.000000000000000 ) ;
#4043 = ORIENTED_EDGE ( 'NONE', *, *, #4549, .F. ) ;
#4044 = STYLED_ITEM ( 'NONE', ( #1264 ), #2621 ) ;
#4045 = VERTEX_POINT ( 'NONE', #603 ) ;
#4046 = CARTESIAN_POINT ( 'NONE',  ( -22.09999999999999400, 19.59999999999999800, 3.750000000000000000 ) ) ;
#4047 = VERTEX_POINT ( 'NONE', #2701 ) ;
#4048 = STYLED_ITEM ( 'NONE', ( #719 ), #3 ) ;
#4049 = PRESENTATION_STYLE_ASSIGNMENT (( #3593 ) ) ;
#4050 = ORIENTED_EDGE ( 'NONE', *, *, #3594, .T. ) ;
#4051 = DIRECTION ( 'NONE',  ( -1.445602896647337900E-016, -1.000000000000000000, 0.0000000000000000000 ) ) ;
#4052 = MECHANICAL_DESIGN_GEOMETRIC_PRESENTATION_REPRESENTATION (  '', ( #3198 ), #4333 ) ;
#4053 =( NAMED_UNIT ( * ) SI_UNIT ( $, .STERADIAN. ) SOLID_ANGLE_UNIT ( ) );
#4054 = STYLED_ITEM ( 'NONE', ( #2566 ), #1715 ) ;
#4055 = ORIENTED_EDGE ( 'NONE', *, *, #1291, .T. ) ;
#4056 = DIRECTION ( 'NONE',  ( 1.000000000000000000, 0.0000000000000000000, 0.0000000000000000000 ) ) ;
#4057 = EDGE_CURVE ( 'NONE', #17, #1449, #3729, .T. ) ;
#4058 = CARTESIAN_POINT ( 'NONE',  ( -6.899999999999996800, -21.99999999999999600, 4.000000000000000000 ) ) ;
#4059 = PRESENTATION_STYLE_ASSIGNMENT (( #5130 ) ) ;
#4060 = LINE ( 'NONE', #4005, #5168 ) ;
#4061 = EDGE_CURVE ( 'NONE', #3582, #2671, #184, .T. ) ;
#4062 = VECTOR ( 'NONE', #5389, 1000.000000000000000 ) ;
#4063 = FACE_OUTER_BOUND ( 'NONE', #1445, .T. ) ;
#4064 = CARTESIAN_POINT ( 'NONE',  ( 24.60000000000000100, -14.88999999999999700, 4.000000000000000000 ) ) ;
#4065 = VECTOR ( 'NONE', #3381, 1000.000000000000000 ) ;
#4066 = LINE ( 'NONE', #4231, #1239 ) ;
#4067 = UNCERTAINTY_MEASURE_WITH_UNIT (LENGTH_MEASURE( 1.000000000000000100E-005 ), #1663, 'distance_accuracy_value', 'NONE');
#4068 = VECTOR ( 'NONE', #3070, 1000.000000000000000 ) ;
#4069 = ORIENTED_EDGE ( 'NONE', *, *, #4653, .T. ) ;
#4070 = LINE ( 'NONE', #4475, #5178 ) ;
#4071 = DIRECTION ( 'NONE',  ( 0.0000000000000000000, 0.0000000000000000000, 1.000000000000000000 ) ) ;
#4072 = ORIENTED_EDGE ( 'NONE', *, *, #1099, .F. ) ;
#4073 = CARTESIAN_POINT ( 'NONE',  ( -1.277195582194134500, 0.0000000000000000000, 3.499999999999999600 ) ) ;
#4074 = LINE ( 'NONE', #992, #1861 ) ;
#4075 =( NAMED_UNIT ( * ) PLANE_ANGLE_UNIT ( ) SI_UNIT ( $, .RADIAN. ) );
#4076 = SURFACE_STYLE_FILL_AREA ( #709 ) ;
#4077 = ORIENTED_EDGE ( 'NONE', *, *, #5274, .F. ) ;
#4078 = DIRECTION ( 'NONE',  ( 0.0000000000000000000, 0.0000000000000000000, -1.000000000000000000 ) ) ;
#4079 = DIRECTION ( 'NONE',  ( -1.000000000000000000, 0.0000000000000000000, 0.0000000000000000000 ) ) ;
#4080 = ORIENTED_EDGE ( 'NONE', *, *, #632, .F. ) ;
#4081 = PRESENTATION_LAYER_ASSIGNMENT (  '', '', ( #3515 ) ) ;
#4082 = DIRECTION ( 'NONE',  ( 1.000000000000000000, 0.0000000000000000000, 0.0000000000000000000 ) ) ;
#4083 = DIRECTION ( 'NONE',  ( -0.0000000000000000000, -0.0000000000000000000, -1.000000000000000000 ) ) ;
#4084 = LINE ( 'NONE', #1576, #2983 ) ;
#4085 = EDGE_CURVE ( 'NONE', #2381, #3485, #1640, .T. ) ;
#4086 = ADVANCED_FACE ( 'NONE', ( #3278 ), #5379, .T. ) ;
#4087 = CARTESIAN_POINT ( 'NONE',  ( -24.59999999999999400, -23.80000000000000100, 4.000000000000000000 ) ) ;
#4088 = CARTESIAN_POINT ( 'NONE',  ( 3.312804417805865800, -85.49999999999998600, 3.499999999999999600 ) ) ;
#4089 = UNCERTAINTY_MEASURE_WITH_UNIT (LENGTH_MEASURE( 1.000000000000000100E-005 ), #3723, 'distance_accuracy_value', 'NONE');
#4090 = VECTOR ( 'NONE', #4939, 1000.000000000000000 ) ;
#4091 = AXIS2_PLACEMENT_3D ( 'NONE', #5343, #2447, #4940 ) ;
#4092 = SURFACE_STYLE_USAGE ( .BOTH. , #4910 ) ;
#4093 = CARTESIAN_POINT ( 'NONE',  ( 1.482804417805865500, -85.49999999999998600, 3.499999999999999600 ) ) ;
#4094 = EDGE_CURVE ( 'NONE', #1919, #549, #2901, .T. ) ;
#4095 = CARTESIAN_POINT ( 'NONE',  ( 3.597804417805865900, -80.49999999999998600, 3.699999999999999300 ) ) ;
#4096 = LINE ( 'NONE', #2522, #2996 ) ;
#4097 =( NAMED_UNIT ( * ) PLANE_ANGLE_UNIT ( ) SI_UNIT ( $, .RADIAN. ) );
#4098 = VERTEX_POINT ( 'NONE', #303 ) ;
#4099 = VERTEX_POINT ( 'NONE', #5347 ) ;
#4100 = ORIENTED_EDGE ( 'NONE', *, *, #2517, .T. ) ;
#4101 = ORIENTED_EDGE ( 'NONE', *, *, #95, .T. ) ;
#4102 = FILL_AREA_STYLE_COLOUR ( '', #2831 ) ;
#4103 = ORIENTED_EDGE ( 'NONE', *, *, #3885, .T. ) ;
#4104 = FILL_AREA_STYLE_COLOUR ( '', #4969 ) ;
#4105 = VERTEX_POINT ( 'NONE', #2481 ) ;
#4106 = ADVANCED_FACE ( 'NONE', ( #4009 ), #4483, .F. ) ;
#4107 = CARTESIAN_POINT ( 'NONE',  ( -3.107195582194135100, -85.49999999999998600, 3.399999999999999900 ) ) ;
#4108 = EDGE_LOOP ( 'NONE', ( #5215, #5054, #778, #4100, #5031, #3018, #3749, #5034 ) ) ;
#4109 = CARTESIAN_POINT ( 'NONE',  ( 1.782804417805865700, -82.49999999999998600, 3.499999999999999600 ) ) ;
#4110 = FACE_OUTER_BOUND ( 'NONE', #4707, .T. ) ;
#4111 = FILL_AREA_STYLE_COLOUR ( '', #3275 ) ;
#4112 = UNCERTAINTY_MEASURE_WITH_UNIT (LENGTH_MEASURE( 1.000000000000000100E-005 ), #1564, 'distance_accuracy_value', 'NONE');
#4113 = EDGE_LOOP ( 'NONE', ( #4101, #5276, #3481, #1353 ) ) ;
#4114 = AXIS2_PLACEMENT_3D ( 'NONE', #4618, #2110, #4196 ) ;
#4115 = EDGE_CURVE ( 'NONE', #1418, #3330, #4984, .T. ) ;
#4116 = DIRECTION ( 'NONE',  ( 1.000000000000000000, 0.0000000000000000000, -0.0000000000000000000 ) ) ;
#4117 = ORIENTED_EDGE ( 'NONE', *, *, #2379, .T. ) ;
#4118 = VECTOR ( 'NONE', #1092, 1000.000000000000000 ) ;
#4119 =( NAMED_UNIT ( * ) SI_UNIT ( $, .STERADIAN. ) SOLID_ANGLE_UNIT ( ) );
#4120 = STYLED_ITEM ( 'NONE', ( #4854 ), #4144 ) ;
#4121 = DIRECTION ( 'NONE',  ( -0.0000000000000000000, -0.0000000000000000000, 1.000000000000000000 ) ) ;
#4122 = EDGE_CURVE ( 'NONE', #3385, #891, #777, .T. ) ;
#4123 = PRESENTATION_LAYER_ASSIGNMENT (  '', '', ( #3562 ) ) ;
#4124 =( GEOMETRIC_REPRESENTATION_CONTEXT ( 3 ) GLOBAL_UNCERTAINTY_ASSIGNED_CONTEXT ( ( #1548 ) ) GLOBAL_UNIT_ASSIGNED_CONTEXT ( ( #1336, #1349, #3765 ) ) REPRESENTATION_CONTEXT ( 'NONE', 'WORKASPACE' ) );
#4125 = ORIENTED_EDGE ( 'NONE', *, *, #1221, .F. ) ;
#4126 = FACE_OUTER_BOUND ( 'NONE', #4041, .T. ) ;
#4127 = DIRECTION ( 'NONE',  ( 0.0000000000000000000, 0.0000000000000000000, -1.000000000000000000 ) ) ;
#4128 = ORIENTED_EDGE ( 'NONE', *, *, #3842, .F. ) ;
#4129 = DIRECTION ( 'NONE',  ( 0.0000000000000000000, -0.0000000000000000000, 1.000000000000000000 ) ) ;
#4130 = DIRECTION ( 'NONE',  ( 1.000000000000000000, 9.156629590798664600E-017, -0.0000000000000000000 ) ) ;
#4131 = PLANE ( 'NONE',  #5139 ) ;
#4132 = VERTEX_POINT ( 'NONE', #4986 ) ;
#4133 = SURFACE_STYLE_USAGE ( .BOTH. , #3705 ) ;
#4134 = MECHANICAL_DESIGN_GEOMETRIC_PRESENTATION_REPRESENTATION (  '', ( #3290 ), #4410 ) ;
#4135 = ORIENTED_EDGE ( 'NONE', *, *, #1768, .T. ) ;
#4136 = PLANE ( 'NONE',  #5341 ) ;
#4137 = VECTOR ( 'NONE', #3624, 1000.000000000000000 ) ;
#4138 = FILL_AREA_STYLE ('',( #5377 ) ) ;
#4139 = ORIENTED_EDGE ( 'NONE', *, *, #1413, .T. ) ;
#4140 = VERTEX_POINT ( 'NONE', #5329 ) ;
#4141 = CARTESIAN_POINT ( 'NONE',  ( 24.60000000000000100, 23.00000000000000400, 3.750000000000000000 ) ) ;
#4142 = CARTESIAN_POINT ( 'NONE',  ( 21.54574314557210400, -23.19999999999999200, 2.000000000000000000 ) ) ;
#4143 =( GEOMETRIC_REPRESENTATION_CONTEXT ( 3 ) GLOBAL_UNCERTAINTY_ASSIGNED_CONTEXT ( ( #5185 ) ) GLOBAL_UNIT_ASSIGNED_CONTEXT ( ( #2231, #931, #2181 ) ) REPRESENTATION_CONTEXT ( 'NONE', 'WORKASPACE' ) );
#4144 = ADVANCED_FACE ( 'NONE', ( #657 ), #5305, .T. ) ;
#4145 =( NAMED_UNIT ( * ) SI_UNIT ( $, .STERADIAN. ) SOLID_ANGLE_UNIT ( ) );
#4146 = VECTOR ( 'NONE', #1554, 1000.000000000000000 ) ;
#4147 = EDGE_CURVE ( 'NONE', #1485, #4709, #121, .T. ) ;
#4148 = CARTESIAN_POINT ( 'NONE',  ( -0.0000000000000000000, -82.49999999999998600, 3.499999999999999600 ) ) ;
#4149 = DIRECTION ( 'NONE',  ( 1.000000000000000000, -0.0000000000000000000, 0.0000000000000000000 ) ) ;
#4150 = DIRECTION ( 'NONE',  ( -1.445602896647337900E-016, -1.000000000000000000, 0.0000000000000000000 ) ) ;
#4151 = CARTESIAN_POINT ( 'NONE',  ( 1.992804417805865300, -85.49999999999998600, 3.399999999999999900 ) ) ;
#4152 = DIRECTION ( 'NONE',  ( -0.0000000000000000000, 1.000000000000000000, -0.0000000000000000000 ) ) ;
#4153 =( GEOMETRIC_REPRESENTATION_CONTEXT ( 3 ) GLOBAL_UNCERTAINTY_ASSIGNED_CONTEXT ( ( #4020 ) ) GLOBAL_UNIT_ASSIGNED_CONTEXT ( ( #1896, #2725, #2109 ) ) REPRESENTATION_CONTEXT ( 'NONE', 'WORKASPACE' ) );
#4154 = LINE ( 'NONE', #5041, #5142 ) ;
#4155 = AXIS2_PLACEMENT_3D ( 'NONE', #1185, #3699, #759 ) ;
#4156 = EDGE_CURVE ( 'NONE', #4422, #2957, #1243, .T. ) ;
#4157 = DIRECTION ( 'NONE',  ( 1.000000000000000000, 0.0000000000000000000, -0.0000000000000000000 ) ) ;
#4158 = EDGE_CURVE ( 'NONE', #4762, #5447, #4453, .T. ) ;
#4159 = AXIS2_PLACEMENT_3D ( 'NONE', #3022, #64, #2603 ) ;
#4160 = FILL_AREA_STYLE ('',( #2072 ) ) ;
#4161 = ADVANCED_FACE ( 'NONE', ( #4332 ), #2928, .T. ) ;
#4162 = SURFACE_STYLE_USAGE ( .BOTH. , #5309 ) ;
#4163 = PRESENTATION_STYLE_ASSIGNMENT (( #3985 ) ) ;
#4164 = SURFACE_STYLE_USAGE ( .BOTH. , #1224 ) ;
#4165 = EDGE_LOOP ( 'NONE', ( #500, #4853, #1763, #1083 ) ) ;
#4166 = FILL_AREA_STYLE ('',( #3370 ) ) ;
#4167 = ORIENTED_EDGE ( 'NONE', *, *, #1413, .F. ) ;
#4168 = LINE ( 'NONE', #1361, #4042 ) ;
#4169 = DIRECTION ( 'NONE',  ( 0.0000000000000000000, -1.000000000000000000, 0.0000000000000000000 ) ) ;
#4170 = EDGE_CURVE ( 'NONE', #4455, #1082, #5058, .T. ) ;
#4171 = ORIENTED_EDGE ( 'NONE', *, *, #1636, .F. ) ;
#4172 = VERTEX_POINT ( 'NONE', #2175 ) ;
#4173 = VERTEX_POINT ( 'NONE', #4261 ) ;
#4174 = FILL_AREA_STYLE ('',( #4577 ) ) ;
#4175 = CARTESIAN_POINT ( 'NONE',  ( 22.10000000000000500, -23.80000000000000100, 4.000000000000000000 ) ) ;
#4176 = VERTEX_POINT ( 'NONE', #4550 ) ;
#4177 = SURFACE_STYLE_FILL_AREA ( #4018 ) ;
#4178 = AXIS2_PLACEMENT_3D ( 'NONE', #469, #3824, #1827 ) ;
#4179 = ORIENTED_EDGE ( 'NONE', *, *, #1191, .T. ) ;
#4180 = SURFACE_SIDE_STYLE ('',( #1720 ) ) ;
#4181 = CARTESIAN_POINT ( 'NONE',  ( -3.317195582194134600, -82.49999999999998600, 3.499999999999999600 ) ) ;
#4182 = PLANE ( 'NONE',  #2014 ) ;
#4183 = CARTESIAN_POINT ( 'NONE',  ( 1.782804417805865700, -85.49999999999998600, 3.499999999999999600 ) ) ;
#4184 = CARTESIAN_POINT ( 'NONE',  ( 0.0000000000000000000, -82.49999999999998600, 3.399999999999999900 ) ) ;
#4185 = CARTESIAN_POINT ( 'NONE',  ( -24.59999999999999800, -21.99999999999999600, 4.000000000000000000 ) ) ;
#4186 = PRODUCT ( 'NHD-C160100DiZ', 'NHD-C160100DiZ', '', ( #2840 ) ) ;
#4187 = VERTEX_POINT ( 'NONE', #3420 ) ;
#4188 = LINE ( 'NONE', #548, #1962 ) ;
#4189 = CARTESIAN_POINT ( 'NONE',  ( -1.787195582194134500, -85.49999999999998600, 3.399999999999999900 ) ) ;
#4190 = AXIS2_PLACEMENT_3D ( 'NONE', #22, #1479, #196 ) ;
#4191 = VECTOR ( 'NONE', #970, 1000.000000000000000 ) ;
#4192 =( NAMED_UNIT ( * ) SI_UNIT ( $, .STERADIAN. ) SOLID_ANGLE_UNIT ( ) );
#4193 = FILL_AREA_STYLE_COLOUR ( '', #3994 ) ;
#4194 = EDGE_LOOP ( 'NONE', ( #900, #5029, #4775, #1764 ) ) ;
#4195 = CARTESIAN_POINT ( 'NONE',  ( 0.4628044178058656800, -82.49999999999998600, 3.399999999999999900 ) ) ;
#4196 = DIRECTION ( 'NONE',  ( 1.000000000000000000, 0.0000000000000000000, 0.0000000000000000000 ) ) ;
#4197 = CARTESIAN_POINT ( 'NONE',  ( 3.312804417805865800, -82.49999999999998600, 3.399999999999999900 ) ) ;
#4198 = VECTOR ( 'NONE', #171, 1000.000000000000000 ) ;
#4199 = VECTOR ( 'NONE', #5037, 1000.000000000000000 ) ;
#4200 = EDGE_CURVE ( 'NONE', #423, #3209, #3941, .T. ) ;
#4201 = VECTOR ( 'NONE', #2803, 1000.000000000000000 ) ;
#4202 = VECTOR ( 'NONE', #5202, 1000.000000000000000 ) ;
#4203 = PRESENTATION_LAYER_ASSIGNMENT (  '', '', ( #3919 ) ) ;
#4204 = VERTEX_POINT ( 'NONE', #1760 ) ;
#4205 = ORIENTED_EDGE ( 'NONE', *, *, #3123, .T. ) ;
#4206 = CARTESIAN_POINT ( 'NONE',  ( 2.292804417805865700, -82.49999999999998600, 3.399999999999999900 ) ) ;
#4207 = ORIENTED_EDGE ( 'NONE', *, *, #1622, .T. ) ;
#4208 =( NAMED_UNIT ( * ) SI_UNIT ( $, .STERADIAN. ) SOLID_ANGLE_UNIT ( ) );
#4209 = DIRECTION ( 'NONE',  ( 0.0000000000000000000, 0.0000000000000000000, -1.000000000000000000 ) ) ;
#4210 = ORIENTED_EDGE ( 'NONE', *, *, #3725, .T. ) ;
#4211 = ADVANCED_FACE ( 'NONE', ( #4909 ), #3755, .T. ) ;
#4212 =( NAMED_UNIT ( * ) SI_UNIT ( $, .STERADIAN. ) SOLID_ANGLE_UNIT ( ) );
#4213 = DIRECTION ( 'NONE',  ( -1.000000000000000000, -0.0000000000000000000, -0.0000000000000000000 ) ) ;
#4214 = EDGE_CURVE ( 'NONE', #126, #4176, #4521, .T. ) ;
#4216 = ORIENTED_EDGE ( 'NONE', *, *, #3229, .F. ) ;
#4215 = DIRECTION ( 'NONE',  ( 0.0000000000000000000, -1.000000000000000000, 0.0000000000000000000 ) ) ;
#4217 =( NAMED_UNIT ( * ) SI_UNIT ( $, .STERADIAN. ) SOLID_ANGLE_UNIT ( ) );
#4218 = FACE_OUTER_BOUND ( 'NONE', #3848, .T. ) ;
#4219 = AXIS2_PLACEMENT_3D ( 'NONE', #4064, #4477, #3637 ) ;
#4220 = ORIENTED_EDGE ( 'NONE', *, *, #344, .T. ) ;
#4221 =( NAMED_UNIT ( * ) SI_UNIT ( $, .STERADIAN. ) SOLID_ANGLE_UNIT ( ) );
#4222 = DIRECTION ( 'NONE',  ( 0.0000000000000000000, -0.0000000000000000000, -1.000000000000000000 ) ) ;
#4223 = COLOUR_RGB ( '',0.8039215686274510100, 0.4980392156862745200, 0.1960784313725490200 ) ;
#4224 = SURFACE_STYLE_USAGE ( .BOTH. , #3790 ) ;
#4225 = PLANE ( 'NONE',  #2269 ) ;
#4226 = STYLED_ITEM ( 'NONE', ( #3220 ), #2925 ) ;
#4227 = EDGE_CURVE ( 'NONE', #4045, #2674, #2433, .T. ) ;
#4228 = DIRECTION ( 'NONE',  ( -1.000000000000000000, 0.0000000000000000000, 0.0000000000000000000 ) ) ;
#4229 = CARTESIAN_POINT ( 'NONE',  ( -3.317195582194134600, -82.49999999999998600, 3.399999999999999900 ) ) ;
#4230 = LINE ( 'NONE', #2457, #4090 ) ;
#4231 = CARTESIAN_POINT ( 'NONE',  ( -1.577195582194134400, -82.49999999999998600, 3.399999999999999900 ) ) ;
#4232 = SURFACE_SIDE_STYLE ('',( #1163 ) ) ;
#4233 = DIRECTION ( 'NONE',  ( 0.0000000000000000000, 1.000000000000000000, 0.0000000000000000000 ) ) ;
#4234 = DIRECTION ( 'NONE',  ( -1.000000000000000000, 0.0000000000000000000, -0.0000000000000000000 ) ) ;
#4235 = PRESENTATION_LAYER_ASSIGNMENT (  '', '', ( #3663 ) ) ;
#4236 = ADVANCED_FACE ( 'NONE', ( #3415 ), #1565, .F. ) ;
#4237 = CARTESIAN_POINT ( 'NONE',  ( 22.10000000000000500, -23.19999999999998900, 4.000000000000000000 ) ) ;
#4238 = CARTESIAN_POINT ( 'NONE',  ( 18.54999999999999700, -23.64999999999999900, 0.0000000000000000000 ) ) ;
#4239 = VECTOR ( 'NONE', #4079, 1000.000000000000000 ) ;
#4240 = CARTESIAN_POINT ( 'NONE',  ( -1.787195582194134500, 0.0000000000000000000, 3.499999999999999600 ) ) ;
#4241 = ORIENTED_EDGE ( 'NONE', *, *, #3046, .T. ) ;
#4242 = ADVANCED_FACE ( 'NONE', ( #2299 ), #3272, .T. ) ;
#4243 =( NAMED_UNIT ( * ) PLANE_ANGLE_UNIT ( ) SI_UNIT ( $, .RADIAN. ) );
#4244 = ORIENTED_EDGE ( 'NONE', *, *, #4536, .F. ) ;
#4245 = SURFACE_SIDE_STYLE ('',( #4582 ) ) ;
#4246 = DIRECTION ( 'NONE',  ( -1.000000000000000000, 0.0000000000000000000, 0.0000000000000000000 ) ) ;
#4247 = ORIENTED_EDGE ( 'NONE', *, *, #2212, .F. ) ;
#4248 = CARTESIAN_POINT ( 'NONE',  ( 22.09999999999999400, 20.60000000000000100, 4.000000000000000000 ) ) ;
#4249 = VERTEX_POINT ( 'NONE', #4238 ) ;
#4250 = FILL_AREA_STYLE_COLOUR ( '', #455 ) ;
#4251 = ORIENTED_EDGE ( 'NONE', *, *, #1460, .T. ) ;
#4252 = LINE ( 'NONE', #5398, #3983 ) ;
#4253 = ORIENTED_EDGE ( 'NONE', *, *, #2239, .F. ) ;
#4254 =( NAMED_UNIT ( * ) SI_UNIT ( $, .STERADIAN. ) SOLID_ANGLE_UNIT ( ) );
#4255 = CARTESIAN_POINT ( 'NONE',  ( 3.597804417805865900, -85.49999999999998600, 3.499999999999999600 ) ) ;
#4256 = VECTOR ( 'NONE', #1305, 1000.000000000000000 ) ;
#4257 = FACE_OUTER_BOUND ( 'NONE', #1571, .T. ) ;
#4258 = AXIS2_PLACEMENT_3D ( 'NONE', #3288, #773, #3656 ) ;
#4259 = STYLED_ITEM ( 'NONE', ( #1746 ), #724 ) ;
#4260 = EDGE_CURVE ( 'NONE', #4785, #1205, #4386, .T. ) ;
#4261 = CARTESIAN_POINT ( 'NONE',  ( -1.787195582194134500, -82.49999999999998600, 3.399999999999999900 ) ) ;
#4262 = DIRECTION ( 'NONE',  ( -1.445602896647337900E-016, -1.000000000000000000, 0.0000000000000000000 ) ) ;
#4263 = CARTESIAN_POINT ( 'NONE',  ( -24.59999999999999400, -14.88999999999999700, 3.750000000000000000 ) ) ;
#4264 = ORIENTED_EDGE ( 'NONE', *, *, #1749, .F. ) ;
#4265 = SURFACE_STYLE_FILL_AREA ( #1259 ) ;
#4266 =( NAMED_UNIT ( * ) PLANE_ANGLE_UNIT ( ) SI_UNIT ( $, .RADIAN. ) );
#4267 = ADVANCED_FACE ( 'NONE', ( #54 ), #4411, .T. ) ;
#4268 = ORIENTED_EDGE ( 'NONE', *, *, #5266, .F. ) ;
#4269 = STYLED_ITEM ( 'NONE', ( #5443 ), #3423 ) ;
#4270 = MECHANICAL_DESIGN_GEOMETRIC_PRESENTATION_REPRESENTATION (  '', ( #3429 ), #4545 ) ;
#4271 = EDGE_CURVE ( 'NONE', #888, #1769, #1796, .T. ) ;
#4272 = CARTESIAN_POINT ( 'NONE',  ( -5.899999999999995900, -14.88999999999999700, 3.499999999999999600 ) ) ;
#4273 = DIRECTION ( 'NONE',  ( 0.0000000000000000000, -1.000000000000000000, 0.0000000000000000000 ) ) ;
#4274 = DIRECTION ( 'NONE',  ( 0.0000000000000000000, -0.0000000000000000000, 1.000000000000000000 ) ) ;
#4275 = UNCERTAINTY_MEASURE_WITH_UNIT (LENGTH_MEASURE( 1.000000000000000100E-005 ), #1670, 'distance_accuracy_value', 'NONE');
#4276 = SURFACE_STYLE_USAGE ( .BOTH. , #2743 ) ;
#4277 = VECTOR ( 'NONE', #4892, 1000.000000000000000 ) ;
#4278 = EDGE_CURVE ( 'NONE', #890, #958, #650, .T. ) ;
#4279 = AXIS2_PLACEMENT_3D ( 'NONE', #3975, #1035, #3558 ) ;
#4280 = SURFACE_STYLE_FILL_AREA ( #3716 ) ;
#4281 = ORIENTED_EDGE ( 'NONE', *, *, #4444, .F. ) ;
#4282 = VECTOR ( 'NONE', #2565, 1000.000000000000000 ) ;
#4283 = SURFACE_SIDE_STYLE ('',( #2938 ) ) ;
#4284 = COLOUR_RGB ( '',0.8039215686274510100, 0.4980392156862745200, 0.1960784313725490200 ) ;
#4285 = SURFACE_STYLE_USAGE ( .BOTH. , #639 ) ;
#4286 = VERTEX_POINT ( 'NONE', #3892 ) ;
#4287 =( LENGTH_UNIT ( ) NAMED_UNIT ( * ) SI_UNIT ( .MILLI., .METRE. ) );
#4288 = EDGE_CURVE ( 'NONE', #549, #5278, #1642, .T. ) ;
#4289 =( NAMED_UNIT ( * ) PLANE_ANGLE_UNIT ( ) SI_UNIT ( $, .RADIAN. ) );
#4290 = VECTOR ( 'NONE', #3825, 1000.000000000000000 ) ;
#4291 = ADVANCED_FACE ( 'NONE', ( #2893 ), #3340, .T. ) ;
#4292 = MECHANICAL_DESIGN_GEOMETRIC_PRESENTATION_REPRESENTATION (  '', ( #5435 ), #4563 ) ;
#4293 = DIRECTION ( 'NONE',  ( -1.000000000000000000, 0.0000000000000000000, 0.0000000000000000000 ) ) ;
#4294 = SURFACE_SIDE_STYLE ('',( #2495 ) ) ;
#4295 =( GEOMETRIC_REPRESENTATION_CONTEXT ( 3 ) GLOBAL_UNCERTAINTY_ASSIGNED_CONTEXT ( ( #4089 ) ) GLOBAL_UNIT_ASSIGNED_CONTEXT ( ( #3723, #5374, #2464 ) ) REPRESENTATION_CONTEXT ( 'NONE', 'WORKASPACE' ) );
#4296 = EDGE_CURVE ( 'NONE', #349, #1540, #2364, .T. ) ;
#4297 = CARTESIAN_POINT ( 'NONE',  ( 0.4628044178058654500, -85.49999999999998600, 3.499999999999999600 ) ) ;
#4298 = FILL_AREA_STYLE_COLOUR ( '', #2488 ) ;
#4299 = EDGE_CURVE ( 'NONE', #4249, #969, #4447, .T. ) ;
#4300 =( GEOMETRIC_REPRESENTATION_CONTEXT ( 3 ) GLOBAL_UNCERTAINTY_ASSIGNED_CONTEXT ( ( #4112 ) ) GLOBAL_UNIT_ASSIGNED_CONTEXT ( ( #1564, #4075, #1125 ) ) REPRESENTATION_CONTEXT ( 'NONE', 'WORKASPACE' ) );
#4301 = ORIENTED_EDGE ( 'NONE', *, *, #2651, .T. ) ;
#4302 =( GEOMETRIC_REPRESENTATION_CONTEXT ( 3 ) GLOBAL_UNCERTAINTY_ASSIGNED_CONTEXT ( ( #4067 ) ) GLOBAL_UNIT_ASSIGNED_CONTEXT ( ( #1663, #800, #3311 ) ) REPRESENTATION_CONTEXT ( 'NONE', 'WORKASPACE' ) );
#4303 = ORIENTED_EDGE ( 'NONE', *, *, #1982, .T. ) ;
#4304 = VECTOR ( 'NONE', #4309, 1000.000000000000000 ) ;
#4305 = ORIENTED_EDGE ( 'NONE', *, *, #2196, .T. ) ;
#4306 = VERTEX_POINT ( 'NONE', #3020 ) ;
#4307 = EDGE_LOOP ( 'NONE', ( #4576, #5327, #684, #946 ) ) ;
#4308 = VERTEX_POINT ( 'NONE', #5159 ) ;
#4309 = DIRECTION ( 'NONE',  ( -0.0000000000000000000, -0.0000000000000000000, 1.000000000000000000 ) ) ;
#4310 = FILL_AREA_STYLE ('',( #3897 ) ) ;
#4311 =( NAMED_UNIT ( * ) SI_UNIT ( $, .STERADIAN. ) SOLID_ANGLE_UNIT ( ) );
#4312 = SURFACE_STYLE_FILL_AREA ( #1401 ) ;
#4313 = STYLED_ITEM ( 'NONE', ( #795 ), #925 ) ;
#4314 = DIRECTION ( 'NONE',  ( 0.0000000000000000000, 0.0000000000000000000, -1.000000000000000000 ) ) ;
#4315 = CLOSED_SHELL ( 'NONE', ( #1756, #724, #5049, #2092, #5064, #1110, #3846, #4931, #5141, #2475, #1266, #426, #2982, #1643 ) ) ;
#4316 = ORIENTED_EDGE ( 'NONE', *, *, #4827, .F. ) ;
#4317 = ORIENTED_EDGE ( 'NONE', *, *, #1062, .F. ) ;
#4318 = LINE ( 'NONE', #3087, #1101 ) ;
#4319 = EDGE_LOOP ( 'NONE', ( #1429, #5288, #2017, #754 ) ) ;
#4320 = PRESENTATION_STYLE_ASSIGNMENT (( #3560 ) ) ;
#4321 = DIRECTION ( 'NONE',  ( 1.000000000000000000, 1.580613645536954300E-016, 0.0000000000000000000 ) ) ;
#4322 = AXIS2_PLACEMENT_3D ( 'NONE', #2653, #5106, #4742 ) ;
#4323 = VECTOR ( 'NONE', #1752, 1000.000000000000000 ) ;
#4324 = LINE ( 'NONE', #3638, #5294 ) ;
#4325 = EDGE_LOOP ( 'NONE', ( #5328, #1632, #4205, #5152 ) ) ;
#4326 = PRESENTATION_LAYER_ASSIGNMENT (  '', '', ( #4048 ) ) ;
#4327 = SURFACE_SIDE_STYLE ('',( #480 ) ) ;
#4328 =( NAMED_UNIT ( * ) PLANE_ANGLE_UNIT ( ) SI_UNIT ( $, .RADIAN. ) );
#4329 = FACE_OUTER_BOUND ( 'NONE', #3720, .T. ) ;
#4330 = EDGE_LOOP ( 'NONE', ( #1228, #624, #2071, #5128 ) ) ;
#4331 = EDGE_LOOP ( 'NONE', ( #3708, #1326, #2344, #216 ) ) ;
#4332 = FACE_OUTER_BOUND ( 'NONE', #4890, .T. ) ;
#4333 =( GEOMETRIC_REPRESENTATION_CONTEXT ( 3 ) GLOBAL_UNCERTAINTY_ASSIGNED_CONTEXT ( ( #2672 ) ) GLOBAL_UNIT_ASSIGNED_CONTEXT ( ( #3380, #429, #2931 ) ) REPRESENTATION_CONTEXT ( 'NONE', 'WORKASPACE' ) );
#4334 = AXIS2_PLACEMENT_3D ( 'NONE', #3834, #465, #5103 ) ;
#4335 = EDGE_CURVE ( 'NONE', #1011, #3189, #1106, .T. ) ;
#4336 = SURFACE_STYLE_FILL_AREA ( #4395 ) ;
#4337 = ORIENTED_EDGE ( 'NONE', *, *, #1233, .F. ) ;
#4338 = DIRECTION ( 'NONE',  ( -1.569885498621545200E-016, 1.000000000000000000, 0.0000000000000000000 ) ) ;
#4339 = DIRECTION ( 'NONE',  ( -2.569960705150824900E-016, 1.000000000000000000, -0.0000000000000000000 ) ) ;
#4340 = COLOUR_RGB ( '',0.8039215686274510100, 0.4980392156862745200, 0.1960784313725490200 ) ;
#4341 = FACE_OUTER_BOUND ( 'NONE', #4330, .T. ) ;
#4342 = EDGE_LOOP ( 'NONE', ( #1696, #5111, #3950, #1016 ) ) ;
#4343 = ORIENTED_EDGE ( 'NONE', *, *, #3561, .F. ) ;
#4344 = COLOUR_RGB ( '',0.8039215686274510100, 0.4980392156862745200, 0.1960784313725490200 ) ;
#4345 = EDGE_CURVE ( 'NONE', #1108, #2243, #1236, .T. ) ;
#4346 = LINE ( 'NONE', #4769, #990 ) ;
#4347 = VERTEX_POINT ( 'NONE', #5251 ) ;
#4348 = FILL_AREA_STYLE ('',( #2265 ) ) ;
#4349 = ORIENTED_EDGE ( 'NONE', *, *, #4536, .T. ) ;
#4350 = CARTESIAN_POINT ( 'NONE',  ( 22.09999999999999800, -12.28999999999999600, 3.750000000000000000 ) ) ;
#4351 = UNCERTAINTY_MEASURE_WITH_UNIT (LENGTH_MEASURE( 1.000000000000000100E-005 ), #4027, 'distance_accuracy_value', 'NONE');
#4352 = MECHANICAL_DESIGN_GEOMETRIC_PRESENTATION_REPRESENTATION (  '', ( #3515 ), #4641 ) ;
#4353 = EDGE_CURVE ( 'NONE', #3778, #1205, #4324, .T. ) ;
#4354 = LINE ( 'NONE', #3265, #1135 ) ;
#4355 = CARTESIAN_POINT ( 'NONE',  ( -5.899999999999995900, -29.19999999999999600, 3.599999999999999600 ) ) ;
#4356 = STYLED_ITEM ( 'NONE', ( #906 ), #1219 ) ;
#4357 = SURFACE_STYLE_USAGE ( .BOTH. , #1871 ) ;
#4358 = EDGE_CURVE ( 'NONE', #3142, #3091, #2237, .T. ) ;
#4359 = LINE ( 'NONE', #40, #2139 ) ;
#4360 = CARTESIAN_POINT ( 'NONE',  ( 0.4628044178058776100, -6.690314069613615000E-017, 3.399999999999999900 ) ) ;
#4361 = VERTEX_POINT ( 'NONE', #111 ) ;
#4362 = DIRECTION ( 'NONE',  ( 1.000000000000000000, 0.0000000000000000000, 0.0000000000000000000 ) ) ;
#4363 = ORIENTED_EDGE ( 'NONE', *, *, #3190, .F. ) ;
#4364 = ORIENTED_EDGE ( 'NONE', *, *, #3836, .F. ) ;
#4365 = SURFACE_STYLE_FILL_AREA ( #1881 ) ;
#4366 = VERTEX_POINT ( 'NONE', #733 ) ;
#4367 = AXIS2_PLACEMENT_3D ( 'NONE', #4960, #2036, #4548 ) ;
#4368 = ORIENTED_EDGE ( 'NONE', *, *, #2941, .F. ) ;
#4369 = CARTESIAN_POINT ( 'NONE',  ( 21.54574314557210400, -23.19999999999998900, 0.0000000000000000000 ) ) ;
#4370 = VERTEX_POINT ( 'NONE', #2240 ) ;
#4371 = SURFACE_SIDE_STYLE ('',( #4365 ) ) ;
#4372 = EDGE_CURVE ( 'NONE', #5104, #4591, #3079, .T. ) ;
#4373 = ORIENTED_EDGE ( 'NONE', *, *, #1833, .F. ) ;
#4374 = DIRECTION ( 'NONE',  ( 1.000000000000000000, -0.0000000000000000000, -0.0000000000000000000 ) ) ;
#4375 = DIRECTION ( 'NONE',  ( 0.0000000000000000000, 1.000000000000000000, 0.0000000000000000000 ) ) ;
#4376 = COLOUR_RGB ( '',0.8039215686274510100, 0.4980392156862745200, 0.1960784313725490200 ) ;
#4377 = DIRECTION ( 'NONE',  ( -0.0000000000000000000, -0.0000000000000000000, -1.000000000000000000 ) ) ;
#4378 = DIRECTION ( 'NONE',  ( -0.0000000000000000000, -0.0000000000000000000, -1.000000000000000000 ) ) ;
#4379 =( LENGTH_UNIT ( ) NAMED_UNIT ( * ) SI_UNIT ( .MILLI., .METRE. ) );
#4380 = PRESENTATION_STYLE_ASSIGNMENT (( #333 ) ) ;
#4381 = SURFACE_STYLE_FILL_AREA ( #1874 ) ;
#4382 = ORIENTED_EDGE ( 'NONE', *, *, #1918, .T. ) ;
#4383 = COLOUR_RGB ( '',0.8039215686274510100, 0.4980392156862745200, 0.1960784313725490200 ) ;
#4384 = ORIENTED_EDGE ( 'NONE', *, *, #780, .F. ) ;
#4385 = SURFACE_STYLE_FILL_AREA ( #374 ) ;
#4386 = LINE ( 'NONE', #4820, #1167 ) ;
#4387 = ORIENTED_EDGE ( 'NONE', *, *, #2747, .T. ) ;
#4388 = VECTOR ( 'NONE', #1189, 1000.000000000000000 ) ;
#4389 = LINE ( 'NONE', #574, #2176 ) ;
#4390 = AXIS2_PLACEMENT_3D ( 'NONE', #869, #885, #4633 ) ;
#4391 = EDGE_CURVE ( 'NONE', #693, #456, #1968, .T. ) ;
#4392 = COLOUR_RGB ( '',0.8039215686274510100, 0.4980392156862745200, 0.1960784313725490200 ) ;
#4393 =( NAMED_UNIT ( * ) SI_UNIT ( $, .STERADIAN. ) SOLID_ANGLE_UNIT ( ) );
#4394 = COLOUR_RGB ( '',0.0000000000000000000, 0.5607843137254902000, 1.000000000000000000 ) ;
#4395 = FILL_AREA_STYLE ('',( #5234 ) ) ;
#4396 = VERTEX_POINT ( 'NONE', #605 ) ;
#4397 =( NAMED_UNIT ( * ) PLANE_ANGLE_UNIT ( ) SI_UNIT ( $, .RADIAN. ) );
#4398 = CIRCLE ( 'NONE', #2753, 1.000000000000000900 ) ;
#4399 = AXIS2_PLACEMENT_3D ( 'NONE', #3686, #2001, #1200 ) ;
#4400 = EDGE_CURVE ( 'NONE', #608, #3393, #2102, .T. ) ;
#4401 = MECHANICAL_DESIGN_GEOMETRIC_PRESENTATION_REPRESENTATION (  '', ( #3562 ), #4697 ) ;
#4402 =( LENGTH_UNIT ( ) NAMED_UNIT ( * ) SI_UNIT ( .MILLI., .METRE. ) );
#4403 = DIRECTION ( 'NONE',  ( 1.000000000000000000, 2.083751923095264000E-016, 0.0000000000000000000 ) ) ;
#4404 = VECTOR ( 'NONE', #2352, 1000.000000000000000 ) ;
#4405 =( LENGTH_UNIT ( ) NAMED_UNIT ( * ) SI_UNIT ( .MILLI., .METRE. ) );
#4406 =( NAMED_UNIT ( * ) PLANE_ANGLE_UNIT ( ) SI_UNIT ( $, .RADIAN. ) );
#4407 = ORIENTED_EDGE ( 'NONE', *, *, #1068, .F. ) ;
#4408 = CARTESIAN_POINT ( 'NONE',  ( 1.272804417805865700, -85.49999999999998600, 3.399999999999999900 ) ) ;
#4409 = UNCERTAINTY_MEASURE_WITH_UNIT (LENGTH_MEASURE( 1.000000000000000100E-005 ), #536, 'distance_accuracy_value', 'NONE');
#4410 =( GEOMETRIC_REPRESENTATION_CONTEXT ( 3 ) GLOBAL_UNCERTAINTY_ASSIGNED_CONTEXT ( ( #3449 ) ) GLOBAL_UNIT_ASSIGNED_CONTEXT ( ( #889, #1323, #4254 ) ) REPRESENTATION_CONTEXT ( 'NONE', 'WORKASPACE' ) );
#4411 = PLANE ( 'NONE',  #1392 ) ;
#4412 = VERTEX_POINT ( 'NONE', #2284 ) ;
#4413 = VECTOR ( 'NONE', #2346, 1000.000000000000000 ) ;
#4414 = DIRECTION ( 'NONE',  ( 0.0000000000000000000, -0.0000000000000000000, 1.000000000000000000 ) ) ;
#4415 = PLANE ( 'NONE',  #880 ) ;
#4416 = APPLICATION_CONTEXT ( 'automotive_design' ) ;
#4417 = DIRECTION ( 'NONE',  ( 0.0000000000000000000, -0.0000000000000000000, 1.000000000000000000 ) ) ;
#4418 =( NAMED_UNIT ( * ) PLANE_ANGLE_UNIT ( ) SI_UNIT ( $, .RADIAN. ) );
#4419 = EDGE_CURVE ( 'NONE', #3972, #1118, #2963, .T. ) ;
#4420 = ORIENTED_EDGE ( 'NONE', *, *, #3094, .F. ) ;
#4421 = DIRECTION ( 'NONE',  ( -1.000000000000000000, 0.0000000000000000000, 0.0000000000000000000 ) ) ;
#4422 = VERTEX_POINT ( 'NONE', #2511 ) ;
#4423 =( NAMED_UNIT ( * ) SI_UNIT ( $, .STERADIAN. ) SOLID_ANGLE_UNIT ( ) );
#4424 = PRESENTATION_LAYER_ASSIGNMENT (  '', '', ( #3884 ) ) ;
#4425 = CARTESIAN_POINT ( 'NONE',  ( 1.272804417805865700, -82.49999999999998600, 3.399999999999999900 ) ) ;
#4426 = EDGE_CURVE ( 'NONE', #5390, #126, #5173, .T. ) ;
#4427 = VERTEX_POINT ( 'NONE', #2721 ) ;
#4428 = VERTEX_POINT ( 'NONE', #2357 ) ;
#4429 = DIRECTION ( 'NONE',  ( 0.0000000000000000000, 0.0000000000000000000, 1.000000000000000000 ) ) ;
#4430 = ORIENTED_EDGE ( 'NONE', *, *, #923, .T. ) ;
#4431 =( NAMED_UNIT ( * ) SI_UNIT ( $, .STERADIAN. ) SOLID_ANGLE_UNIT ( ) );
#4432 = SURFACE_SIDE_STYLE ('',( #914 ) ) ;
#4433 = ADVANCED_FACE ( 'NONE', ( #4063 ), #229, .T. ) ;
#4434 = EDGE_CURVE ( 'NONE', #4370, #693, #571, .T. ) ;
#4435 = LINE ( 'NONE', #2953, #100 ) ;
#4436 = VECTOR ( 'NONE', #3817, 1000.000000000000000 ) ;
#4437 = SURFACE_STYLE_USAGE ( .BOTH. , #233 ) ;
#4438 = FACE_OUTER_BOUND ( 'NONE', #2726, .T. ) ;
#4439 = CARTESIAN_POINT ( 'NONE',  ( 24.60000000000000100, -14.88999999999999700, 3.750000000000000000 ) ) ;
#4440 = EDGE_LOOP ( 'NONE', ( #1519, #763, #5308, #3773 ) ) ;
#4441 = ORIENTED_EDGE ( 'NONE', *, *, #5303, .F. ) ;
#4442 = FACE_OUTER_BOUND ( 'NONE', #1041, .T. ) ;
#4443 = FILL_AREA_STYLE ('',( #672 ) ) ;
#4444 = EDGE_CURVE ( 'NONE', #3485, #1754, #704, .T. ) ;
#4445 = VECTOR ( 'NONE', #4002, 1000.000000000000000 ) ;
#4446 = CIRCLE ( 'NONE', #206, 1.000000000000000900 ) ;
#4447 = CIRCLE ( 'NONE', #2795, 0.4499999999999990100 ) ;
#4448 = DIRECTION ( 'NONE',  ( -0.0000000000000000000, -0.0000000000000000000, -1.000000000000000000 ) ) ;
#4449 = ORIENTED_EDGE ( 'NONE', *, *, #2881, .T. ) ;
#4450 = FACE_OUTER_BOUND ( 'NONE', #2067, .T. ) ;
#4451 = COLOUR_RGB ( '',0.0000000000000000000, 0.5607843137254902000, 1.000000000000000000 ) ;
#4452 = VERTEX_POINT ( 'NONE', #1046 ) ;
#4453 = LINE ( 'NONE', #2973, #1109 ) ;
#4454 = PRESENTATION_LAYER_ASSIGNMENT (  '', '', ( #3059 ) ) ;
#4455 = VERTEX_POINT ( 'NONE', #530 ) ;
#4456 = SURFACE_STYLE_FILL_AREA ( #2902 ) ;
#4457 = VECTOR ( 'NONE', #1512, 1000.000000000000000 ) ;
#4458 = CARTESIAN_POINT ( 'NONE',  ( 0.0000000000000000000, 0.0000000000000000000, 3.699999999999999300 ) ) ;
#4459 = ORIENTED_EDGE ( 'NONE', *, *, #1460, .F. ) ;
#4460 = LINE ( 'NONE', #4439, #3216 ) ;
#4461 = DIRECTION ( 'NONE',  ( -0.0000000000000000000, -0.0000000000000000000, -1.000000000000000000 ) ) ;
#4462 = EDGE_LOOP ( 'NONE', ( #2087, #3888, #1947, #2217 ) ) ;
#4463 = ORIENTED_EDGE ( 'NONE', *, *, #3310, .T. ) ;
#4464 = PRESENTATION_LAYER_ASSIGNMENT (  '', '', ( #3908 ) ) ;
#4465 = EDGE_LOOP ( 'NONE', ( #413, #1984, #3584, #3940 ) ) ;
#4466 = ADVANCED_FACE ( 'NONE', ( #2685 ), #4784, .T. ) ;
#4467 =( LENGTH_UNIT ( ) NAMED_UNIT ( * ) SI_UNIT ( .MILLI., .METRE. ) );
#4468 = ORIENTED_EDGE ( 'NONE', *, *, #4299, .T. ) ;
#4469 = CARTESIAN_POINT ( 'NONE',  ( 22.09999999999999400, 19.59999999999999800, 3.750000000000000000 ) ) ;
#4470 = CIRCLE ( 'NONE', #3188, 0.4499999999999990100 ) ;
#4471 = FILL_AREA_STYLE_COLOUR ( '', #4344 ) ;
#4472 = LINE ( 'NONE', #1276, #725 ) ;
#4473 = EDGE_CURVE ( 'NONE', #2409, #1418, #441, .T. ) ;
#4474 = MECHANICAL_DESIGN_GEOMETRIC_PRESENTATION_REPRESENTATION (  '', ( #3919 ), #4759 ) ;
#4475 = CARTESIAN_POINT ( 'NONE',  ( 3.597804417805865900, -85.49999999999998600, 3.699999999999999300 ) ) ;
#4476 = DIRECTION ( 'NONE',  ( -1.000000000000000000, 0.0000000000000000000, 0.0000000000000000000 ) ) ;
#4477 = DIRECTION ( 'NONE',  ( -1.000000000000000000, 0.0000000000000000000, 0.0000000000000000000 ) ) ;
#4478 = ORIENTED_EDGE ( 'NONE', *, *, #4726, .T. ) ;
#4479 = EDGE_CURVE ( 'NONE', #2548, #1811, #4905, .T. ) ;
#4480 = DIRECTION ( 'NONE',  ( 1.000000000000000000, 0.0000000000000000000, -0.0000000000000000000 ) ) ;
#4481 = AXIS2_PLACEMENT_3D ( 'NONE', #2788, #696, #651 ) ;
#4482 =( NAMED_UNIT ( * ) SI_UNIT ( $, .STERADIAN. ) SOLID_ANGLE_UNIT ( ) );
#4483 = PLANE ( 'NONE',  #4399 ) ;
#4484 = FILL_AREA_STYLE_COLOUR ( '', #1862 ) ;
#4485 = VERTEX_POINT ( 'NONE', #3838 ) ;
#4486 = CARTESIAN_POINT ( 'NONE',  ( -22.09999999999999400, -13.29000000000000300, 4.000000000000000000 ) ) ;
#4487 = LINE ( 'NONE', #425, #1139 ) ;
#4488 = CARTESIAN_POINT ( 'NONE',  ( -24.59999999999999400, -23.80000000000000100, 4.000000000000000000 ) ) ;
#4489 = ORIENTED_EDGE ( 'NONE', *, *, #4811, .F. ) ;
#4490 = AXIS2_PLACEMENT_3D ( 'NONE', #953, #2659, #1393 ) ;
#4491 = ORIENTED_EDGE ( 'NONE', *, *, #475, .T. ) ;
#4492 = EDGE_CURVE ( 'NONE', #1958, #300, #3666, .T. ) ;
#4493 = CARTESIAN_POINT ( 'NONE',  ( -0.7671955821941349700, -85.49999999999998600, 3.499999999999999600 ) ) ;
#4494 = ORIENTED_EDGE ( 'NONE', *, *, #4278, .F. ) ;
#4495 = ORIENTED_EDGE ( 'NONE', *, *, #4170, .F. ) ;
#4496 = DIRECTION ( 'NONE',  ( -0.0000000000000000000, -0.0000000000000000000, -1.000000000000000000 ) ) ;
#4497 = ORIENTED_EDGE ( 'NONE', *, *, #1425, .F. ) ;
#4498 = VERTEX_POINT ( 'NONE', #27 ) ;
#4499 = CARTESIAN_POINT ( 'NONE',  ( 22.09999999999999800, -13.28999999999999400, 4.000000000000000000 ) ) ;
#4500 = STYLED_ITEM ( 'NONE', ( #1037 ), #3973 ) ;
#4501 = DIRECTION ( 'NONE',  ( 0.0000000000000000000, -1.000000000000000000, 0.0000000000000000000 ) ) ;
#4502 = MECHANICAL_DESIGN_GEOMETRIC_PRESENTATION_REPRESENTATION (  '', ( #3663 ), #4792 ) ;
#4503 = EDGE_LOOP ( 'NONE', ( #4167, #1505, #3455, #4349 ) ) ;
#4504 = CARTESIAN_POINT ( 'NONE',  ( 20.10000000000000100, -23.64999999999999900, 1.000000000000000000 ) ) ;
#4505 = ORIENTED_EDGE ( 'NONE', *, *, #4731, .F. ) ;
#4506 = FILL_AREA_STYLE_COLOUR ( '', #713 ) ;
#4507 = CARTESIAN_POINT ( 'NONE',  ( 0.2528044178058655400, -85.49999999999998600, 3.499999999999999600 ) ) ;
#4508 = ORIENTED_EDGE ( 'NONE', *, *, #1020, .T. ) ;
#4509 = CARTESIAN_POINT ( 'NONE',  ( -1.787195582194134500, 0.0000000000000000000, 3.399999999999999900 ) ) ;
#4510 = VECTOR ( 'NONE', #4377, 1000.000000000000000 ) ;
#4511 = VECTOR ( 'NONE', #2159, 1000.000000000000000 ) ;
#4512 =( NAMED_UNIT ( * ) PLANE_ANGLE_UNIT ( ) SI_UNIT ( $, .RADIAN. ) );
#4513 = ORIENTED_EDGE ( 'NONE', *, *, #2388, .F. ) ;
#4514 = SURFACE_STYLE_FILL_AREA ( #728 ) ;
#4515 = LINE ( 'NONE', #125, #3411 ) ;
#4516 = EDGE_LOOP ( 'NONE', ( #2105, #4026, #3038, #2977 ) ) ;
#4517 = UNCERTAINTY_MEASURE_WITH_UNIT (LENGTH_MEASURE( 1.000000000000000100E-005 ), #4021, 'distance_accuracy_value', 'NONE');
#4518 = VECTOR ( 'NONE', #1132, 1000.000000000000000 ) ;
#4519 =( GEOMETRIC_REPRESENTATION_CONTEXT ( 3 ) GLOBAL_UNCERTAINTY_ASSIGNED_CONTEXT ( ( #1731 ) ) GLOBAL_UNIT_ASSIGNED_CONTEXT ( ( #439, #1714, #857 ) ) REPRESENTATION_CONTEXT ( 'NONE', 'WORKASPACE' ) );
#4520 =( LENGTH_UNIT ( ) NAMED_UNIT ( * ) SI_UNIT ( .MILLI., .METRE. ) );
#4521 = LINE ( 'NONE', #873, #1317 ) ;
#4522 = ADVANCED_FACE ( 'NONE', ( #311 ), #4692, .F. ) ;
#4523 = SURFACE_STYLE_USAGE ( .BOTH. , #2020 ) ;
#4524 = ORIENTED_EDGE ( 'NONE', *, *, #4718, .T. ) ;
#4525 = LINE ( 'NONE', #4946, #1321 ) ;
#4526 = FACE_OUTER_BOUND ( 'NONE', #257, .T. ) ;
#4527 = VECTOR ( 'NONE', #4770, 1000.000000000000000 ) ;
#4528 = DIRECTION ( 'NONE',  ( 1.000000000000000000, -0.0000000000000000000, 0.0000000000000000000 ) ) ;
#4529 = SURFACE_SIDE_STYLE ('',( #1788 ) ) ;
#4530 = ORIENTED_EDGE ( 'NONE', *, *, #1494, .F. ) ;
#4531 = AXIS2_PLACEMENT_3D ( 'NONE', #2874, #334, #4537 ) ;
#4532 = VERTEX_POINT ( 'NONE', #3912 ) ;
#4533 = LINE ( 'NONE', #2384, #2187 ) ;
#4534 = CARTESIAN_POINT ( 'NONE',  ( 0.0000000000000000000, -85.49999999999998600, 3.399999999999999900 ) ) ;
#4535 = AXIS2_PLACEMENT_3D ( 'NONE', #4547, #2035, #4958 ) ;
#4536 = EDGE_CURVE ( 'NONE', #349, #3399, #4662, .T. ) ;
#4537 = DIRECTION ( 'NONE',  ( 1.000000000000000000, 0.0000000000000000000, 0.0000000000000000000 ) ) ;
#4538 = LINE ( 'NONE', #2679, #3285 ) ;
#4539 = DIRECTION ( 'NONE',  ( -0.0000000000000000000, 0.0000000000000000000, -1.000000000000000000 ) ) ;
#4540 = UNCERTAINTY_MEASURE_WITH_UNIT (LENGTH_MEASURE( 1.000000000000000100E-005 ), #3293, 'distance_accuracy_value', 'NONE');
#4541 = SURFACE_SIDE_STYLE ('',( #2132 ) ) ;
#4543 = ORIENTED_EDGE ( 'NONE', *, *, #4912, .F. ) ;
#4542 = CARTESIAN_POINT ( 'NONE',  ( -24.59999999999999800, -21.99999999999999600, 4.000000000000000000 ) ) ;
#4544 = AXIS2_PLACEMENT_3D ( 'NONE', #1925, #4842, #4417 ) ;
#4545 =( GEOMETRIC_REPRESENTATION_CONTEXT ( 3 ) GLOBAL_UNCERTAINTY_ASSIGNED_CONTEXT ( ( #2882 ) ) GLOBAL_UNIT_ASSIGNED_CONTEXT ( ( #1350, #4289, #1795 ) ) REPRESENTATION_CONTEXT ( 'NONE', 'WORKASPACE' ) );
#4546 = EDGE_CURVE ( 'NONE', #1165, #4669, #2425, .T. ) ;
#4547 = CARTESIAN_POINT ( 'NONE',  ( 0.0000000000000000000, -82.49999999999998600, 3.399999999999999900 ) ) ;
#4548 = DIRECTION ( 'NONE',  ( -1.445602896647337900E-016, -1.000000000000000000, 0.0000000000000000000 ) ) ;
#4549 = EDGE_CURVE ( 'NONE', #1978, #296, #3535, .T. ) ;
#4550 = CARTESIAN_POINT ( 'NONE',  ( 2.502804417805865300, -85.49999999999998600, 3.499999999999999600 ) ) ;
#4551 = PRESENTATION_LAYER_ASSIGNMENT (  '', '', ( #3987 ) ) ;
#4552 = DIRECTION ( 'NONE',  ( -1.445602896647337900E-016, -1.000000000000000000, 0.0000000000000000000 ) ) ;
#4553 = ADVANCED_FACE ( 'NONE', ( #1160 ), #3750, .F. ) ;
#4554 = CARTESIAN_POINT ( 'NONE',  ( -2.807195582194134800, -82.49999999999998600, 3.399999999999999900 ) ) ;
#4555 = SURFACE_STYLE_FILL_AREA ( #4443 ) ;
#4556 = CARTESIAN_POINT ( 'NONE',  ( 3.012804417805865500, -85.49999999999998600, 3.499999999999999600 ) ) ;
#4557 = FILL_AREA_STYLE_COLOUR ( '', #3367 ) ;
#4558 = EDGE_CURVE ( 'NONE', #2174, #4591, #45, .T. ) ;
#4559 = DIRECTION ( 'NONE',  ( -1.445602896647337900E-016, -1.000000000000000000, 0.0000000000000000000 ) ) ;
#4560 = CARTESIAN_POINT ( 'NONE',  ( 24.60000000000000100, -23.80000000000000100, 0.0000000000000000000 ) ) ;
#4561 = VERTEX_POINT ( 'NONE', #2234 ) ;
#4562 = ORIENTED_EDGE ( 'NONE', *, *, #5376, .F. ) ;
#4563 =( GEOMETRIC_REPRESENTATION_CONTEXT ( 3 ) GLOBAL_UNCERTAINTY_ASSIGNED_CONTEXT ( ( #1518 ) ) GLOBAL_UNIT_ASSIGNED_CONTEXT ( ( #3620, #680, #3184 ) ) REPRESENTATION_CONTEXT ( 'NONE', 'WORKASPACE' ) );
#4564 = EDGE_LOOP ( 'NONE', ( #1244, #4608, #3779, #3786, #4858, #1834, #1496, #2807 ) ) ;
#4565 = CARTESIAN_POINT ( 'NONE',  ( 1.482804417805865700, -82.49999999999998600, 3.399999999999999900 ) ) ;
#4566 = ORIENTED_EDGE ( 'NONE', *, *, #3969, .F. ) ;
#4567 = ORIENTED_EDGE ( 'NONE', *, *, #5266, .T. ) ;
#4568 = ORIENTED_EDGE ( 'NONE', *, *, #1943, .T. ) ;
#4569 = FILL_AREA_STYLE_COLOUR ( '', #1633 ) ;
#4570 = CIRCLE ( 'NONE', #4091, 0.4499999999999990100 ) ;
#4571 = EDGE_CURVE ( 'NONE', #300, #2452, #173, .T. ) ;
#4572 = DIRECTION ( 'NONE',  ( -1.445602896647337900E-016, -1.000000000000000000, 0.0000000000000000000 ) ) ;
#4573 = DIRECTION ( 'NONE',  ( -0.0000000000000000000, -0.0000000000000000000, -1.000000000000000000 ) ) ;
#4574 = DIRECTION ( 'NONE',  ( 0.0000000000000000000, 1.000000000000000000, 0.0000000000000000000 ) ) ;
#4575 = VECTOR ( 'NONE', #1853, 1000.000000000000000 ) ;
#4576 = ORIENTED_EDGE ( 'NONE', *, *, #3306, .F. ) ;
#4577 = FILL_AREA_STYLE_COLOUR ( '', #1339 ) ;
#4578 = ADVANCED_FACE ( 'NONE', ( #3264 ), #5056, .T. ) ;
#4579 = PRESENTATION_LAYER_ASSIGNMENT (  '', '', ( #5144 ) ) ;
#4580 = CARTESIAN_POINT ( 'NONE',  ( 5.450000000000005500, -21.99999999999999600, 4.000000000000000000 ) ) ;
#4581 = EDGE_CURVE ( 'NONE', #4396, #1958, #2886, .T. ) ;
#4582 = SURFACE_STYLE_FILL_AREA ( #1311 ) ;
#4583 = LINE ( 'NONE', #2432, #1369 ) ;
#4584 = FACE_OUTER_BOUND ( 'NONE', #909, .T. ) ;
#4585 = SURFACE_SIDE_STYLE ('',( #515 ) ) ;
#4586 = DIRECTION ( 'NONE',  ( -2.569960705150824900E-016, 1.000000000000000000, -0.0000000000000000000 ) ) ;
#4587 = CARTESIAN_POINT ( 'NONE',  ( 0.2528044178058655400, -82.49999999999998600, 3.399999999999999900 ) ) ;
#4588 = LINE ( 'NONE', #3448, #2564 ) ;
#4589 = ADVANCED_FACE ( 'NONE', ( #5114 ), #1261, .F. ) ;
#4590 = CARTESIAN_POINT ( 'NONE',  ( 3.312804417805865800, -82.49999999999998600, 3.399999999999999900 ) ) ;
#4591 = VERTEX_POINT ( 'NONE', #5109 ) ;
#4592 = CARTESIAN_POINT ( 'NONE',  ( -0.04719558219413436100, -82.49999999999998600, 3.499999999999999600 ) ) ;
#4593 = SURFACE_STYLE_FILL_AREA ( #2774 ) ;
#4594 = ORIENTED_EDGE ( 'NONE', *, *, #860, .T. ) ;
#4595 = LINE ( 'NONE', #96, #1380 ) ;
#4596 =( NAMED_UNIT ( * ) PLANE_ANGLE_UNIT ( ) SI_UNIT ( $, .RADIAN. ) );
#4597 = VERTEX_POINT ( 'NONE', #410 ) ;
#4598 = VECTOR ( 'NONE', #4, 1000.000000000000000 ) ;
#4599 = DIRECTION ( 'NONE',  ( 1.000000000000000000, -0.0000000000000000000, 0.0000000000000000000 ) ) ;
#4600 = FACE_OUTER_BOUND ( 'NONE', #1184, .T. ) ;
#4601 = VECTOR ( 'NONE', #2783, 1000.000000000000000 ) ;
#4602 = AXIS2_PLACEMENT_3D ( 'NONE', #276, #4116, #3242 ) ;
#4603 = ORIENTED_EDGE ( 'NONE', *, *, #670, .T. ) ;
#4604 = SURFACE_SIDE_STYLE ('',( #4690 ) ) ;
#4605 = LINE ( 'NONE', #4255, #2250 ) ;
#4606 = CARTESIAN_POINT ( 'NONE',  ( 3.312804417805865800, -82.49999999999998600, 3.499999999999999600 ) ) ;
#4607 = UNCERTAINTY_MEASURE_WITH_UNIT (LENGTH_MEASURE( 1.000000000000000100E-005 ), #1507, 'distance_accuracy_value', 'NONE');
#4608 = ORIENTED_EDGE ( 'NONE', *, *, #3262, .T. ) ;
#4609 = DIRECTION ( 'NONE',  ( -1.000000000000000000, 1.445602896647337900E-016, 0.0000000000000000000 ) ) ;
#4610 = SURFACE_STYLE_USAGE ( .BOTH. , #781 ) ;
#4611 = MECHANICAL_DESIGN_GEOMETRIC_PRESENTATION_REPRESENTATION (  '', ( #4044 ), #4877 ) ;
#4612 = LINE ( 'NONE', #2287, #2390 ) ;
#4613 = MECHANICAL_DESIGN_GEOMETRIC_PRESENTATION_REPRESENTATION (  '', ( #4048 ), #4879 ) ;
#4614 = FILL_AREA_STYLE_COLOUR ( '', #986 ) ;
#4615 = DIRECTION ( 'NONE',  ( -1.000000000000000000, -7.051721447060192400E-017, 0.0000000000000000000 ) ) ;
#4616 = DIRECTION ( 'NONE',  ( 1.000000000000000000, 0.0000000000000000000, 0.0000000000000000000 ) ) ;
#4617 = FACE_OUTER_BOUND ( 'NONE', #1489, .T. ) ;
#4618 = CARTESIAN_POINT ( 'NONE',  ( 22.09999999999999800, -12.28999999999999600, 4.000000000000000000 ) ) ;
#4619 = PRESENTATION_LAYER_ASSIGNMENT (  '', '', ( #4054 ) ) ;
#4620 = DIRECTION ( 'NONE',  ( -8.673617379884087500E-015, 1.000000000000000000, 0.0000000000000000000 ) ) ;
#4621 = ADVANCED_FACE ( 'NONE', ( #239 ), #2579, .F. ) ;
#4622 = DIRECTION ( 'NONE',  ( -0.0000000000000000000, -0.0000000000000000000, 1.000000000000000000 ) ) ;
#4623 = PRESENTATION_STYLE_ASSIGNMENT (( #752 ) ) ;
#4624 = DIRECTION ( 'NONE',  ( 0.0000000000000000000, 0.0000000000000000000, 1.000000000000000000 ) ) ;
#4625 = DIRECTION ( 'NONE',  ( 0.0000000000000000000, -0.0000000000000000000, 1.000000000000000000 ) ) ;
#4626 = EDGE_CURVE ( 'NONE', #4532, #2430, #968, .T. ) ;
#4627 = DIRECTION ( 'NONE',  ( -0.0000000000000000000, -0.0000000000000000000, -1.000000000000000000 ) ) ;
#4628 = CARTESIAN_POINT ( 'NONE',  ( 2.292804417805865700, -85.49999999999998600, 3.399999999999999900 ) ) ;
#4629 = DIRECTION ( 'NONE',  ( 1.000000000000000000, 0.0000000000000000000, 0.0000000000000000000 ) ) ;
#4630 = PLANE ( 'NONE',  #4650 ) ;
#4631 = CARTESIAN_POINT ( 'NONE',  ( 24.60000000000000100, -23.80000000000000100, 2.250000000000000000 ) ) ;
#4632 = VECTOR ( 'NONE', #4262, 1000.000000000000000 ) ;
#4633 = DIRECTION ( 'NONE',  ( -1.000000000000000000, 0.0000000000000000000, 0.0000000000000000000 ) ) ;
#4634 = VERTEX_POINT ( 'NONE', #852 ) ;
#4635 = ORIENTED_EDGE ( 'NONE', *, *, #4085, .F. ) ;
#4636 = ORIENTED_EDGE ( 'NONE', *, *, #3457, .F. ) ;
#4637 = UNCERTAINTY_MEASURE_WITH_UNIT (LENGTH_MEASURE( 1.000000000000000100E-005 ), #1610, 'distance_accuracy_value', 'NONE');
#4638 = ORIENTED_EDGE ( 'NONE', *, *, #160, .F. ) ;
#4639 = SURFACE_STYLE_USAGE ( .BOTH. , #879 ) ;
#4640 = ORIENTED_EDGE ( 'NONE', *, *, #5116, .T. ) ;
#4641 =( GEOMETRIC_REPRESENTATION_CONTEXT ( 3 ) GLOBAL_UNCERTAINTY_ASSIGNED_CONTEXT ( ( #1129 ) ) GLOBAL_UNIT_ASSIGNED_CONTEXT ( ( #2727, #203, #3145 ) ) REPRESENTATION_CONTEXT ( 'NONE', 'WORKASPACE' ) );
#4642 = ORIENTED_EDGE ( 'NONE', *, *, #2747, .F. ) ;
#4643 = EDGE_CURVE ( 'NONE', #4989, #456, #5291, .T. ) ;
#4644 =( NAMED_UNIT ( * ) SI_UNIT ( $, .STERADIAN. ) SOLID_ANGLE_UNIT ( ) );
#4645 = CARTESIAN_POINT ( 'NONE',  ( -5.899999999999995900, -29.19999999999999600, 3.599999999999999600 ) ) ;
#4646 =( LENGTH_UNIT ( ) NAMED_UNIT ( * ) SI_UNIT ( .MILLI., .METRE. ) );
#4647 = ADVANCED_FACE ( 'NONE', ( #1963 ), #1283, .T. ) ;
#4648 = CARTESIAN_POINT ( 'NONE',  ( -6.899999999999996800, -21.99999999999999600, 3.499999999999999600 ) ) ;
#4649 = DIRECTION ( 'NONE',  ( 0.0000000000000000000, 0.0000000000000000000, 1.000000000000000000 ) ) ;
#4650 = AXIS2_PLACEMENT_3D ( 'NONE', #5261, #4847, #1707 ) ;
#4651 = ORIENTED_EDGE ( 'NONE', *, *, #141, .T. ) ;
#4652 = VECTOR ( 'NONE', #5089, 1000.000000000000000 ) ;
#4653 = EDGE_CURVE ( 'NONE', #1442, #4828, #2678, .T. ) ;
#4654 = VECTOR ( 'NONE', #700, 1000.000000000000000 ) ;
#4655 = FILL_AREA_STYLE ('',( #486 ) ) ;
#4656 = DIRECTION ( 'NONE',  ( -1.000000000000000000, 0.0000000000000000000, 0.0000000000000000000 ) ) ;
#4657 = CARTESIAN_POINT ( 'NONE',  ( 23.09999999999999800, -12.28999999999999600, 3.750000000000000000 ) ) ;
#4658 = ORIENTED_EDGE ( 'NONE', *, *, #5145, .F. ) ;
#4659 = CARTESIAN_POINT ( 'NONE',  ( 0.0000000000000000000, 0.0000000000000000000, 3.399999999999999900 ) ) ;
#4660 = PLANE ( 'NONE',  #5254 ) ;
#4661 = VECTOR ( 'NONE', #3135, 1000.000000000000000 ) ;
#4662 = LINE ( 'NONE', #2108, #1309 ) ;
#4663 = LINE ( 'NONE', #2700, #1312 ) ;
#4664 = FACE_OUTER_BOUND ( 'NONE', #4516, .T. ) ;
#4665 = STYLED_ITEM ( 'NONE', ( #1214 ), #5049 ) ;
#4666 = EDGE_LOOP ( 'NONE', ( #1008, #5218, #3210, #4823 ) ) ;
#4667 = LINE ( 'NONE', #4534, #1446 ) ;
#4668 = DIRECTION ( 'NONE',  ( -1.000000000000000000, 0.0000000000000000000, 0.0000000000000000000 ) ) ;
#4669 = VERTEX_POINT ( 'NONE', #1999 ) ;
#4670 = LINE ( 'NONE', #1172, #3545 ) ;
#4671 = CARTESIAN_POINT ( 'NONE',  ( 22.09999999999999800, -13.28999999999999600, 4.000000000000000000 ) ) ;
#4672 = SURFACE_STYLE_USAGE ( .BOTH. , #2152 ) ;
#4673 = CYLINDRICAL_SURFACE ( 'NONE', #4010, 0.4499999999999990100 ) ;
#4674 = FILL_AREA_STYLE_COLOUR ( '', #5310 ) ;
#4675 = VERTEX_POINT ( 'NONE', #3662 ) ;
#4676 = EDGE_CURVE ( 'NONE', #3676, #4132, #3660, .T. ) ;
#4678 = ORIENTED_EDGE ( 'NONE', *, *, #1280, .F. ) ;
#4677 = SURFACE_SIDE_STYLE ('',( #309 ) ) ;
#4679 = CARTESIAN_POINT ( 'NONE',  ( 5.450000000000005500, -23.19999999999999200, 4.000000000000000000 ) ) ;
#4680 = CARTESIAN_POINT ( 'NONE',  ( 1.272804417805865700, -82.49999999999998600, 3.499999999999999600 ) ) ;
#4681 = LINE ( 'NONE', #1791, #327 ) ;
#4682 = ADVANCED_FACE ( 'NONE', ( #433 ), #4900, .T. ) ;
#4683 = ORIENTED_EDGE ( 'NONE', *, *, #2153, .T. ) ;
#4684 = CARTESIAN_POINT ( 'NONE',  ( 3.597804417805865900, -85.49999999999998600, 3.499999999999999600 ) ) ;
#4685 = CARTESIAN_POINT ( 'NONE',  ( -2.597195582194122800, 3.754513456779493500E-016, 3.499999999999999600 ) ) ;
#4686 = CARTESIAN_POINT ( 'NONE',  ( 2.502804417805865300, -85.49999999999998600, 3.399999999999999900 ) ) ;
#4687 = PRESENTATION_LAYER_ASSIGNMENT (  '', '', ( #3835 ) ) ;
#4688 = EDGE_CURVE ( 'NONE', #1540, #2723, #4778, .T. ) ;
#4689 = SURFACE_STYLE_USAGE ( .BOTH. , #4245 ) ;
#4690 = SURFACE_STYLE_FILL_AREA ( #4174 ) ;
#4691 =( NAMED_UNIT ( * ) SI_UNIT ( $, .STERADIAN. ) SOLID_ANGLE_UNIT ( ) );
#4692 = PLANE ( 'NONE',  #2451 ) ;
#4693 = CARTESIAN_POINT ( 'NONE',  ( -6.899999999999996800, -21.99999999999999600, 3.499999999999999600 ) ) ;
#4694 = PRESENTATION_LAYER_ASSIGNMENT (  '', '', ( #4120 ) ) ;
#4695 = CARTESIAN_POINT ( 'NONE',  ( 0.0000000000000000000, -82.49999999999998600, 3.399999999999999900 ) ) ;
#4696 = EDGE_CURVE ( 'NONE', #4306, #2498, #1567, .T. ) ;
#4697 =( GEOMETRIC_REPRESENTATION_CONTEXT ( 3 ) GLOBAL_UNCERTAINTY_ASSIGNED_CONTEXT ( ( #3978 ) ) GLOBAL_UNIT_ASSIGNED_CONTEXT ( ( #1431, #3949, #162 ) ) REPRESENTATION_CONTEXT ( 'NONE', 'WORKASPACE' ) );
#4698 = FILL_AREA_STYLE ('',( #1777 ) ) ;
#4699 = AXIS2_PLACEMENT_3D ( 'NONE', #4999, #2489, #2936 ) ;
#4700 =( NAMED_UNIT ( * ) PLANE_ANGLE_UNIT ( ) SI_UNIT ( $, .RADIAN. ) );
#4701 = ORIENTED_EDGE ( 'NONE', *, *, #2097, .T. ) ;
#4702 = ADVANCED_FACE ( 'NONE', ( #3787 ), #5297, .T. ) ;
#4703 = EDGE_LOOP ( 'NONE', ( #1144, #1490, #225, #796 ) ) ;
#4704 = CARTESIAN_POINT ( 'NONE',  ( 0.0000000000000000000, -85.49999999999998600, 3.399999999999999900 ) ) ;
#4705 = COLOUR_RGB ( '',0.0000000000000000000, 0.5607843137254902000, 1.000000000000000000 ) ;
#4706 = VERTEX_POINT ( 'NONE', #3641 ) ;
#4707 = EDGE_LOOP ( 'NONE', ( #3425, #1694, #4505, #3412 ) ) ;
#4708 = FILL_AREA_STYLE ('',( #1829 ) ) ;
#4709 = VERTEX_POINT ( 'NONE', #1067 ) ;
#4710 = ORIENTED_EDGE ( 'NONE', *, *, #2163, .F. ) ;
#4711 = EDGE_LOOP ( 'NONE', ( #5346, #5326, #691, #219 ) ) ;
#4712 = ORIENTED_EDGE ( 'NONE', *, *, #5212, .F. ) ;
#4713 = DIRECTION ( 'NONE',  ( -1.000000000000000000, 0.0000000000000000000, 0.0000000000000000000 ) ) ;
#4714 = DIRECTION ( 'NONE',  ( -0.0000000000000000000, -0.0000000000000000000, -1.000000000000000000 ) ) ;
#4715 = VECTOR ( 'NONE', #4750, 1000.000000000000000 ) ;
#4716 = ORIENTED_EDGE ( 'NONE', *, *, #4492, .T. ) ;
#4717 = STYLED_ITEM ( 'NONE', ( #2884 ), #2533 ) ;
#4718 = EDGE_CURVE ( 'NONE', #4428, #4098, #2026, .T. ) ;
#4719 = DIRECTION ( 'NONE',  ( -0.0000000000000000000, -0.0000000000000000000, -1.000000000000000000 ) ) ;
#4720 = ORIENTED_EDGE ( 'NONE', *, *, #4260, .T. ) ;
#4721 = PRESENTATION_STYLE_ASSIGNMENT (( #2644 ) ) ;
#4722 = VERTEX_POINT ( 'NONE', #1528 ) ;
#4723 = STYLED_ITEM ( 'NONE', ( #983 ), #3718 ) ;
#4724 = MECHANICAL_DESIGN_GEOMETRIC_PRESENTATION_REPRESENTATION (  '', ( #3884 ), #5001 ) ;
#4725 = LINE ( 'NONE', #3672, #3476 ) ;
#4726 = EDGE_CURVE ( 'NONE', #4722, #3360, #5226, .T. ) ;
#4727 = CARTESIAN_POINT ( 'NONE',  ( -5.899999999999995900, -23.19999999999999200, 3.699999999999999300 ) ) ;
#4728 = DIRECTION ( 'NONE',  ( -1.000000000000000000, 0.0000000000000000000, 0.0000000000000000000 ) ) ;
#4729 = DIRECTION ( 'NONE',  ( -1.000000000000000000, 0.0000000000000000000, 0.0000000000000000000 ) ) ;
#4730 = ADVANCED_FACE ( 'NONE', ( #4257 ), #674, .T. ) ;
#4731 = EDGE_CURVE ( 'NONE', #3091, #4989, #2624, .T. ) ;
#4732 = DIRECTION ( 'NONE',  ( -1.445602896647337900E-016, -1.000000000000000000, 0.0000000000000000000 ) ) ;
#4733 = AXIS2_PLACEMENT_3D ( 'NONE', #5083, #2069, #1248 ) ;
#4734 = VECTOR ( 'NONE', #5265, 1000.000000000000000 ) ;
#4735 = ORIENTED_EDGE ( 'NONE', *, *, #1394, .T. ) ;
#4736 = VECTOR ( 'NONE', #2221, 1000.000000000000000 ) ;
#4737 = DIRECTION ( 'NONE',  ( 9.156629590798664600E-017, -1.000000000000000000, 0.0000000000000000000 ) ) ;
#4738 = VERTEX_POINT ( 'NONE', #5312 ) ;
#4739 = FACE_OUTER_BOUND ( 'NONE', #659, .T. ) ;
#4740 = SURFACE_STYLE_USAGE ( .BOTH. , #2227 ) ;
#4741 = ORIENTED_EDGE ( 'NONE', *, *, #2079, .T. ) ;
#4742 = DIRECTION ( 'NONE',  ( -1.000000000000000000, 0.0000000000000000000, 0.0000000000000000000 ) ) ;
#4743 = EDGE_CURVE ( 'NONE', #2552, #790, #360, .T. ) ;
#4744 = CARTESIAN_POINT ( 'NONE',  ( 2.502804417805865300, -85.49999999999998600, 3.399999999999999900 ) ) ;
#4745 = LINE ( 'NONE', #3228, #3623 ) ;
#4746 = FILL_AREA_STYLE ('',( #4614 ) ) ;
#4747 = DIRECTION ( 'NONE',  ( -1.000000000000000000, 0.0000000000000000000, 0.0000000000000000000 ) ) ;
#4748 = MECHANICAL_DESIGN_GEOMETRIC_PRESENTATION_REPRESENTATION (  '', ( #3059 ), #5023 ) ;
#4749 = PRESENTATION_STYLE_ASSIGNMENT (( #3405 ) ) ;
#4750 = DIRECTION ( 'NONE',  ( 1.927470528863112200E-015, -1.000000000000000000, -0.0000000000000000000 ) ) ;
#4751 = DIRECTION ( 'NONE',  ( -0.0000000000000000000, -0.0000000000000000000, -1.000000000000000000 ) ) ;
#4752 = ORIENTED_EDGE ( 'NONE', *, *, #2288, .T. ) ;
#4753 = LINE ( 'NONE', #4899, #3633 ) ;
#4754 = SURFACE_STYLE_USAGE ( .BOTH. , #1415 ) ;
#4755 = DIRECTION ( 'NONE',  ( 0.0000000000000000000, -0.0000000000000000000, 1.000000000000000000 ) ) ;
#4756 = DIRECTION ( 'NONE',  ( -1.000000000000000000, 0.0000000000000000000, 0.0000000000000000000 ) ) ;
#4757 = DIRECTION ( 'NONE',  ( -1.000000000000000000, 0.0000000000000000000, 0.0000000000000000000 ) ) ;
#4758 = EDGE_CURVE ( 'NONE', #1179, #3643, #1503, .T. ) ;
#4759 =( GEOMETRIC_REPRESENTATION_CONTEXT ( 3 ) GLOBAL_UNCERTAINTY_ASSIGNED_CONTEXT ( ( #4409 ) ) GLOBAL_UNIT_ASSIGNED_CONTEXT ( ( #536, #3060, #110 ) ) REPRESENTATION_CONTEXT ( 'NONE', 'WORKASPACE' ) );
#4760 = ORIENTED_EDGE ( 'NONE', *, *, #1787, .T. ) ;
#4761 = ORIENTED_EDGE ( 'NONE', *, *, #1627, .T. ) ;
#4762 = VERTEX_POINT ( 'NONE', #4175 ) ;
#4763 = PRESENTATION_STYLE_ASSIGNMENT (( #2317 ) ) ;
#4764 = EDGE_CURVE ( 'NONE', #2802, #3804, #1366, .T. ) ;
#4765 = CARTESIAN_POINT ( 'NONE',  ( -21.79999999999999000, -23.80000000000000100, 4.000000000000000000 ) ) ;
#4766 = EDGE_LOOP ( 'NONE', ( #4407, #2815, #1138, #290 ) ) ;
#4767 = ORIENTED_EDGE ( 'NONE', *, *, #592, .T. ) ;
#4768 = EDGE_LOOP ( 'NONE', ( #4491, #4128, #3128, #1839 ) ) ;
#4769 = CARTESIAN_POINT ( 'NONE',  ( 1.782804417805865700, 0.0000000000000000000, 3.399999999999999900 ) ) ;
#4770 = DIRECTION ( 'NONE',  ( -0.0000000000000000000, -0.0000000000000000000, 1.000000000000000000 ) ) ;
#4771 = ORIENTED_EDGE ( 'NONE', *, *, #2941, .T. ) ;
#4772 = LINE ( 'NONE', #937, #3652 ) ;
#4773 = AXIS2_PLACEMENT_3D ( 'NONE', #3172, #4032, #235 ) ;
#4774 = ORIENTED_EDGE ( 'NONE', *, *, #2200, .F. ) ;
#4775 = ORIENTED_EDGE ( 'NONE', *, *, #3001, .T. ) ;
#4776 = LINE ( 'NONE', #2160, #4652 ) ;
#4777 =( LENGTH_UNIT ( ) NAMED_UNIT ( * ) SI_UNIT ( .MILLI., .METRE. ) );
#4778 = LINE ( 'NONE', #1561, #1433 ) ;
#4779 = ORIENTED_EDGE ( 'NONE', *, *, #330, .T. ) ;
#4780 = LINE ( 'NONE', #4866, #3664 ) ;
#4781 = PRESENTATION_LAYER_ASSIGNMENT (  '', '', ( #4226 ) ) ;
#4782 = EDGE_CURVE ( 'NONE', #485, #4140, #2482, .T. ) ;
#4783 = VECTOR ( 'NONE', #4403, 1000.000000000000000 ) ;
#4784 = CYLINDRICAL_SURFACE ( 'NONE', #2170, 1.000000000000000900 ) ;
#4785 = VERTEX_POINT ( 'NONE', #1673 ) ;
#4786 = PLANE ( 'NONE',  #1069 ) ;
#4787 = FILL_AREA_STYLE ('',( #4801 ) ) ;
#4788 = FACE_OUTER_BOUND ( 'NONE', #3775, .T. ) ;
#4789 = ORIENTED_EDGE ( 'NONE', *, *, #1149, .F. ) ;
#4790 = DIRECTION ( 'NONE',  ( 0.0000000000000000000, 1.000000000000000000, 0.0000000000000000000 ) ) ;
#4791 = AXIS2_PLACEMENT_3D ( 'NONE', #2485, #5317, #1644 ) ;
#4792 =( GEOMETRIC_REPRESENTATION_CONTEXT ( 3 ) GLOBAL_UNCERTAINTY_ASSIGNED_CONTEXT ( ( #2064 ) ) GLOBAL_UNIT_ASSIGNED_CONTEXT ( ( #5407, #2501, #5010 ) ) REPRESENTATION_CONTEXT ( 'NONE', 'WORKASPACE' ) );
#4793 = SURFACE_STYLE_USAGE ( .BOTH. , #2282 ) ;
#4794 = VECTOR ( 'NONE', #1591, 1000.000000000000000 ) ;
#4795 = FACE_OUTER_BOUND ( 'NONE', #5351, .T. ) ;
#4796 = PLANE ( 'NONE',  #2350 ) ;
#4797 = ORIENTED_EDGE ( 'NONE', *, *, #2796, .F. ) ;
#4798 = DIRECTION ( 'NONE',  ( 0.0000000000000000000, 1.000000000000000000, 0.0000000000000000000 ) ) ;
#4799 = LINE ( 'NONE', #3053, #2589 ) ;
#4800 = PLANE ( 'NONE',  #497 ) ;
#4801 = FILL_AREA_STYLE_COLOUR ( '', #1726 ) ;
#4802 = CARTESIAN_POINT ( 'NONE',  ( -1.277195582194134500, -82.49999999999998600, 3.499999999999999600 ) ) ;
#4803 = VECTOR ( 'NONE', #3529, 1000.000000000000000 ) ;
#4804 = DIRECTION ( 'NONE',  ( -0.0000000000000000000, -0.0000000000000000000, -1.000000000000000000 ) ) ;
#4805 = CARTESIAN_POINT ( 'NONE',  ( 23.09999999999999800, -12.28999999999999600, 4.000000000000000000 ) ) ;
#4806 = CARTESIAN_POINT ( 'NONE',  ( 21.59999999999999400, -22.24999999999999600, -58.50000000000000000 ) ) ;
#4807 =( LENGTH_UNIT ( ) NAMED_UNIT ( * ) SI_UNIT ( .MILLI., .METRE. ) );
#4808 = FILL_AREA_STYLE ('',( #4193 ) ) ;
#4809 = AXIS2_PLACEMENT_3D ( 'NONE', #720, #2154, #2593 ) ;
#4810 = PRESENTATION_LAYER_ASSIGNMENT (  '', '', ( #4259 ) ) ;
#4811 = EDGE_CURVE ( 'NONE', #2452, #3616, #3715, .T. ) ;
#4812 = SURFACE_SIDE_STYLE ('',( #1755 ) ) ;
#4813 = PRESENTATION_LAYER_ASSIGNMENT (  '', '', ( #4269 ) ) ;
#4814 =( LENGTH_UNIT ( ) NAMED_UNIT ( * ) SI_UNIT ( .MILLI., .METRE. ) );
#4815 = CARTESIAN_POINT ( 'NONE',  ( 1.272804417805865700, -85.49999999999998600, 3.499999999999999600 ) ) ;
#4816 = EDGE_CURVE ( 'NONE', #3794, #1803, #2349, .T. ) ;
#4817 = UNCERTAINTY_MEASURE_WITH_UNIT (LENGTH_MEASURE( 1.000000000000000100E-005 ), #3122, 'distance_accuracy_value', 'NONE');
#4818 = UNCERTAINTY_MEASURE_WITH_UNIT (LENGTH_MEASURE( 1.000000000000000100E-005 ), #4904, 'distance_accuracy_value', 'NONE');
#4819 = CARTESIAN_POINT ( 'NONE',  ( 0.7628044178058656100, -0.0000000000000000000, 3.499999999999999600 ) ) ;
#4820 = CARTESIAN_POINT ( 'NONE',  ( 3.597804417805865900, -85.49999999999998600, 3.599999999999999600 ) ) ;
#4821 = CARTESIAN_POINT ( 'NONE',  ( -6.899999999999996800, -21.99999999999999600, 4.000000000000000000 ) ) ;
#4822 = SURFACE_SIDE_STYLE ('',( #513 ) ) ;
#4823 = ORIENTED_EDGE ( 'NONE', *, *, #5181, .F. ) ;
#4824 = SURFACE_SIDE_STYLE ('',( #2964 ) ) ;
#4825 = ORIENTED_EDGE ( 'NONE', *, *, #4961, .F. ) ;
#4826 = LINE ( 'NONE', #1414, #3849 ) ;
#4827 = EDGE_CURVE ( 'NONE', #348, #3782, #3469, .T. ) ;
#4828 = VERTEX_POINT ( 'NONE', #4832 ) ;
#4829 = MECHANICAL_DESIGN_GEOMETRIC_PRESENTATION_REPRESENTATION (  '', ( #3987 ), #5118 ) ;
#4830 = VERTEX_POINT ( 'NONE', #5404 ) ;
#4831 = ORIENTED_EDGE ( 'NONE', *, *, #1, .F. ) ;
#4832 = CARTESIAN_POINT ( 'NONE',  ( 0.7628044178058656100, -82.49999999999998600, 3.499999999999999600 ) ) ;
#4833 = EDGE_CURVE ( 'NONE', #2351, #3586, #2223, .T. ) ;
#4834 = DIRECTION ( 'NONE',  ( -1.445602896647337900E-016, -1.000000000000000000, 0.0000000000000000000 ) ) ;
#4835 = COLOUR_RGB ( '',0.0000000000000000000, 0.5607843137254902000, 1.000000000000000000 ) ;
#4836 = VECTOR ( 'NONE', #4501, 1000.000000000000000 ) ;
#4837 = ORIENTED_EDGE ( 'NONE', *, *, #677, .T. ) ;
#4838 = PLANE ( 'NONE',  #945 ) ;
#4839 = LINE ( 'NONE', #3266, #1509 ) ;
#4840 = DIRECTION ( 'NONE',  ( -1.445602896647337900E-016, -1.000000000000000000, 0.0000000000000000000 ) ) ;
#4841 =( NAMED_UNIT ( * ) PLANE_ANGLE_UNIT ( ) SI_UNIT ( $, .RADIAN. ) );
#4842 = DIRECTION ( 'NONE',  ( 0.0000000000000000000, 1.000000000000000000, 0.0000000000000000000 ) ) ;
#4843 = ORIENTED_EDGE ( 'NONE', *, *, #3274, .F. ) ;
#4844 = VECTOR ( 'NONE', #1222, 1000.000000000000000 ) ;
#4845 = VECTOR ( 'NONE', #167, 1000.000000000000000 ) ;
#4846 = COLOUR_RGB ( '',0.0000000000000000000, 0.0000000000000000000, 0.0000000000000000000 ) ;
#4847 = DIRECTION ( 'NONE',  ( -1.000000000000000000, 1.445602896647337900E-016, 0.0000000000000000000 ) ) ;
#4848 = UNCERTAINTY_MEASURE_WITH_UNIT (LENGTH_MEASURE( 1.000000000000000100E-005 ), #30, 'distance_accuracy_value', 'NONE');
#4849 = LINE ( 'NONE', #3576, #1647 ) ;
#4850 = STYLED_ITEM ( 'NONE', ( #3877 ), #3270 ) ;
#4851 = EDGE_CURVE ( 'NONE', #4098, #4047, #3327, .T. ) ;
#4852 = CARTESIAN_POINT ( 'NONE',  ( -0.2571955821941344600, -85.49999999999998600, 3.499999999999999600 ) ) ;
#4853 = ORIENTED_EDGE ( 'NONE', *, *, #3158, .F. ) ;
#4854 = PRESENTATION_STYLE_ASSIGNMENT (( #5024 ) ) ;
#4855 = FILL_AREA_STYLE_COLOUR ( '', #5158 ) ;
#4856 = VERTEX_POINT ( 'NONE', #980 ) ;
#4857 = VECTOR ( 'NONE', #2793, 1000.000000000000000 ) ;
#4858 = ORIENTED_EDGE ( 'NONE', *, *, #2855, .F. ) ;
#4859 = DIRECTION ( 'NONE',  ( -2.175883946035506300E-016, 1.000000000000000000, -0.0000000000000000000 ) ) ;
#4860 = AXIS2_PLACEMENT_3D ( 'NONE', #5067, #2535, #4222 ) ;
#4861 = EDGE_CURVE ( 'NONE', #891, #4047, #3187, .T. ) ;
#4862 = ORIENTED_EDGE ( 'NONE', *, *, #5108, .F. ) ;
#4863 = VECTOR ( 'NONE', #3777, 1000.000000000000000 ) ;
#4864 = ORIENTED_EDGE ( 'NONE', *, *, #384, .T. ) ;
#4865 = COLOUR_RGB ( '',0.8039215686274510100, 0.4980392156862745200, 0.1960784313725490200 ) ;
#4866 = CARTESIAN_POINT ( 'NONE',  ( 3.012804417805877500, -4.355318793412073200E-016, 3.399999999999999900 ) ) ;
#4867 = CARTESIAN_POINT ( 'NONE',  ( -23.09999999999999400, 19.59999999999999800, 4.000000000000000000 ) ) ;
#4868 = CARTESIAN_POINT ( 'NONE',  ( 0.0000000000000000000, -85.49999999999998600, 3.399999999999999900 ) ) ;
#4869 = CARTESIAN_POINT ( 'NONE',  ( 24.60000000000000100, 23.00000000000000700, 4.000000000000000000 ) ) ;
#4870 = PRESENTATION_LAYER_ASSIGNMENT (  '', '', ( #4313 ) ) ;
#4871 = CARTESIAN_POINT ( 'NONE',  ( -24.59999999999999400, -23.80000000000000100, 0.0000000000000000000 ) ) ;
#4872 = LINE ( 'NONE', #2846, #2660 ) ;
#4873 = CARTESIAN_POINT ( 'NONE',  ( 2.802804417805865500, 0.0000000000000000000, 3.399999999999999900 ) ) ;
#4874 = CARTESIAN_POINT ( 'NONE',  ( 4.450000000000004600, -14.88999999999999500, 3.499999999999999600 ) ) ;
#4875 = CARTESIAN_POINT ( 'NONE',  ( 20.10000000000000100, -23.64999999999999900, -58.50000000000000000 ) ) ;
#4876 = ADVANCED_FACE ( 'NONE', ( #1216 ), #5162, .T. ) ;
#4877 =( GEOMETRIC_REPRESENTATION_CONTEXT ( 3 ) GLOBAL_UNCERTAINTY_ASSIGNED_CONTEXT ( ( #4517 ) ) GLOBAL_UNIT_ASSIGNED_CONTEXT ( ( #4021, #1077, #1872 ) ) REPRESENTATION_CONTEXT ( 'NONE', 'WORKASPACE' ) );
#4878 = DIRECTION ( 'NONE',  ( -1.000000000000000000, 0.0000000000000000000, 0.0000000000000000000 ) ) ;
#4879 =( GEOMETRIC_REPRESENTATION_CONTEXT ( 3 ) GLOBAL_UNCERTAINTY_ASSIGNED_CONTEXT ( ( #1818 ) ) GLOBAL_UNIT_ASSIGNED_CONTEXT ( ( #5306, #4888, #1972 ) ) REPRESENTATION_CONTEXT ( 'NONE', 'WORKASPACE' ) );
#4880 = ORIENTED_EDGE ( 'NONE', *, *, #3462, .T. ) ;
#4881 = AXIS2_PLACEMENT_3D ( 'NONE', #1620, #4127, #864 ) ;
#4882 = SURFACE_SIDE_STYLE ('',( #305 ) ) ;
#4883 = MECHANICAL_DESIGN_GEOMETRIC_PRESENTATION_REPRESENTATION (  '', ( #4054 ), #5171 ) ;
#4884 =( NAMED_UNIT ( * ) SI_UNIT ( $, .STERADIAN. ) SOLID_ANGLE_UNIT ( ) );
#4885 = DIRECTION ( 'NONE',  ( -0.0000000000000000000, -0.0000000000000000000, -1.000000000000000000 ) ) ;
#4886 = ORIENTED_EDGE ( 'NONE', *, *, #336, .T. ) ;
#4887 = ORIENTED_EDGE ( 'NONE', *, *, #4912, .T. ) ;
#4888 =( NAMED_UNIT ( * ) PLANE_ANGLE_UNIT ( ) SI_UNIT ( $, .RADIAN. ) );
#4889 =( NAMED_UNIT ( * ) SI_UNIT ( $, .STERADIAN. ) SOLID_ANGLE_UNIT ( ) );
#4890 = EDGE_LOOP ( 'NONE', ( #4530, #2513, #4752, #3440 ) ) ;
#4891 = ORIENTED_EDGE ( 'NONE', *, *, #4479, .F. ) ;
#4892 = DIRECTION ( 'NONE',  ( -1.000000000000000000, 0.0000000000000000000, 0.0000000000000000000 ) ) ;
#4893 = ORIENTED_EDGE ( 'NONE', *, *, #375, .F. ) ;
#4894 = EDGE_CURVE ( 'NONE', #1165, #4455, #2813, .T. ) ;
#4895 = CARTESIAN_POINT ( 'NONE',  ( -5.899999999999995900, -23.19999999999999200, 3.499999999999999600 ) ) ;
#4896 = ORIENTED_EDGE ( 'NONE', *, *, #4023, .T. ) ;
#4897 = EDGE_LOOP ( 'NONE', ( #1055, #748, #1169, #3598 ) ) ;
#4898 = VECTOR ( 'NONE', #621, 1000.000000000000000 ) ;
#4899 = CARTESIAN_POINT ( 'NONE',  ( -24.59999999999999800, 23.00000000000000400, 4.000000000000000000 ) ) ;
#4900 = PLANE ( 'NONE',  #254 ) ;
#4901 = LINE ( 'NONE', #3509, #1570 ) ;
#4902 = ORIENTED_EDGE ( 'NONE', *, *, #1134, .T. ) ;
#4903 = CIRCLE ( 'NONE', #4481, 1.000000000000000900 ) ;
#4904 =( LENGTH_UNIT ( ) NAMED_UNIT ( * ) SI_UNIT ( .MILLI., .METRE. ) );
#4905 = LINE ( 'NONE', #4727, #2574 ) ;
#4906 = DIRECTION ( 'NONE',  ( 0.0000000000000000000, 0.0000000000000000000, 1.000000000000000000 ) ) ;
#4907 = VECTOR ( 'NONE', #2858, 1000.000000000000000 ) ;
#4908 = CARTESIAN_POINT ( 'NONE',  ( 0.0000000000000000000, 0.0000000000000000000, 0.0000000000000000000 ) ) ;
#4909 = FACE_OUTER_BOUND ( 'NONE', #529, .T. ) ;
#4910 = SURFACE_SIDE_STYLE ('',( #2968 ) ) ;
#4911 = ORIENTED_EDGE ( 'NONE', *, *, #2771, .F. ) ;
#4912 = EDGE_CURVE ( 'NONE', #1540, #2552, #564, .T. ) ;
#4913 = CARTESIAN_POINT ( 'NONE',  ( 0.0000000000000000000, -82.49999999999998600, 3.399999999999999900 ) ) ;
#4914 = LINE ( 'NONE', #3762, #3806 ) ;
#4915 = PRESENTATION_STYLE_ASSIGNMENT (( #4357 ) ) ;
#4916 = LINE ( 'NONE', #5235, #452 ) ;
#4917 = SURFACE_SIDE_STYLE ('',( #4265 ) ) ;
#4918 = ORIENTED_EDGE ( 'NONE', *, *, #3299, .F. ) ;
#4919 = PRESENTATION_LAYER_ASSIGNMENT (  '', '', ( #4356 ) ) ;
#4920 = SURFACE_STYLE_FILL_AREA ( #2994 ) ;
#4921 = EDGE_CURVE ( 'NONE', #2243, #4140, #4772, .T. ) ;
#4922 = UNCERTAINTY_MEASURE_WITH_UNIT (LENGTH_MEASURE( 1.000000000000000100E-005 ), #2434, 'distance_accuracy_value', 'NONE');
#4923 = EDGE_LOOP ( 'NONE', ( #354, #4072, #4543, #3988 ) ) ;
#4924 =( NAMED_UNIT ( * ) SI_UNIT ( $, .STERADIAN. ) SOLID_ANGLE_UNIT ( ) );
#4925 = DIRECTION ( 'NONE',  ( 0.0000000000000000000, 1.000000000000000000, 0.0000000000000000000 ) ) ;
#4926 = LINE ( 'NONE', #1840, #2702 ) ;
#4927 = FACE_OUTER_BOUND ( 'NONE', #4768, .T. ) ;
#4928 =( LENGTH_UNIT ( ) NAMED_UNIT ( * ) SI_UNIT ( .MILLI., .METRE. ) );
#4929 = PRESENTATION_LAYER_ASSIGNMENT (  '', '', ( #4665 ) ) ;
#4930 =( LENGTH_UNIT ( ) NAMED_UNIT ( * ) SI_UNIT ( .MILLI., .METRE. ) );
#4931 = ADVANCED_FACE ( 'NONE', ( #1426 ), #5135, .T. ) ;
#4932 =( NAMED_UNIT ( * ) PLANE_ANGLE_UNIT ( ) SI_UNIT ( $, .RADIAN. ) );
#4933 = LINE ( 'NONE', #3090, #602 ) ;
#4934 = DIRECTION ( 'NONE',  ( 0.0000000000000000000, -0.0000000000000000000, -1.000000000000000000 ) ) ;
#4935 = DIRECTION ( 'NONE',  ( 0.0000000000000000000, 0.0000000000000000000, 1.000000000000000000 ) ) ;
#4936 = DIRECTION ( 'NONE',  ( -0.0000000000000000000, -0.0000000000000000000, -1.000000000000000000 ) ) ;
#4937 = FILL_AREA_STYLE ('',( #4557 ) ) ;
#4938 = EDGE_CURVE ( 'NONE', #2351, #5278, #5335, .T. ) ;
#4939 = DIRECTION ( 'NONE',  ( 1.000000000000000000, -0.0000000000000000000, -0.0000000000000000000 ) ) ;
#4940 = DIRECTION ( 'NONE',  ( -1.000000000000000000, 0.0000000000000000000, 0.0000000000000000000 ) ) ;
#4941 = PRESENTATION_STYLE_ASSIGNMENT (( #2316 ) ) ;
#4942 = DIRECTION ( 'NONE',  ( 0.0000000000000000000, 1.000000000000000000, 0.0000000000000000000 ) ) ;
#4943 = CARTESIAN_POINT ( 'NONE',  ( -6.899999999999996800, -23.19999999999999200, 3.499999999999999600 ) ) ;
#4944 = FACE_OUTER_BOUND ( 'NONE', #2275, .T. ) ;
#4945 = CARTESIAN_POINT ( 'NONE',  ( 1.992804417805865700, -82.49999999999998600, 3.399999999999999900 ) ) ;
#4946 = CARTESIAN_POINT ( 'NONE',  ( -0.04719558219413436100, -82.49999999999998600, 3.399999999999999900 ) ) ;
#4947 = MECHANICAL_DESIGN_GEOMETRIC_PRESENTATION_REPRESENTATION (  '', ( #3835 ), #5230 ) ;
#4948 = ORIENTED_EDGE ( 'NONE', *, *, #993, .F. ) ;
#4949 = EDGE_CURVE ( 'NONE', #2452, #4561, #3250, .T. ) ;
#4950 = FILL_AREA_STYLE_COLOUR ( '', #2270 ) ;
#4951 = EDGE_LOOP ( 'NONE', ( #24, #3921, #1396, #722 ) ) ;
#4952 = ORIENTED_EDGE ( 'NONE', *, *, #1341, .F. ) ;
#4953 = DIRECTION ( 'NONE',  ( -0.0000000000000000000, -0.0000000000000000000, 1.000000000000000000 ) ) ;
#4954 = FACE_BOUND ( 'NONE', #2868, .T. ) ;
#4955 = ORIENTED_EDGE ( 'NONE', *, *, #3457, .T. ) ;
#4956 = VERTEX_POINT ( 'NONE', #833 ) ;
#4957 = EDGE_LOOP ( 'NONE', ( #3810, #3521, #5033, #3116 ) ) ;
#4958 = DIRECTION ( 'NONE',  ( 0.0000000000000000000, -0.0000000000000000000, 1.000000000000000000 ) ) ;
#4959 = MECHANICAL_DESIGN_GEOMETRIC_PRESENTATION_REPRESENTATION (  '', ( #4120 ), #5237 ) ;
#4960 = CARTESIAN_POINT ( 'NONE',  ( 3.012804417805877500, -4.355318793412073200E-016, 3.399999999999999900 ) ) ;
#4961 = EDGE_CURVE ( 'NONE', #4099, #2611, #895, .T. ) ;
#4962 = VECTOR ( 'NONE', #4978, 1000.000000000000000 ) ;
#4963 = AXIS2_PLACEMENT_3D ( 'NONE', #3447, #4314, #6 ) ;
#4964 = DIRECTION ( 'NONE',  ( -2.175883946035506300E-016, 1.000000000000000000, 0.0000000000000000000 ) ) ;
#4965 = CARTESIAN_POINT ( 'NONE',  ( 24.59999999999999400, 23.80000000000000100, 4.000000000000000000 ) ) ;
#4966 = DIRECTION ( 'NONE',  ( -1.000000000000000000, 0.0000000000000000000, 0.0000000000000000000 ) ) ;
#4967 = FACE_OUTER_BOUND ( 'NONE', #3622, .T. ) ;
#4968 = ORIENTED_EDGE ( 'NONE', *, *, #3823, .T. ) ;
#4969 = COLOUR_RGB ( '',0.8039215686274510100, 0.4980392156862745200, 0.1960784313725490200 ) ;
#4970 = CARTESIAN_POINT ( 'NONE',  ( -1.067195582194134400, -82.49999999999998600, 3.399999999999999900 ) ) ;
#4971 = CARTESIAN_POINT ( 'NONE',  ( -1.787195582194134500, -82.49999999999998600, 3.399999999999999900 ) ) ;
#4972 = ORIENTED_EDGE ( 'NONE', *, *, #860, .F. ) ;
#4973 = LINE ( 'NONE', #46, #3868 ) ;
#4974 = SURFACE_STYLE_FILL_AREA ( #398 ) ;
#4975 = VECTOR ( 'NONE', #4804, 1000.000000000000000 ) ;
#4976 = AXIS2_PLACEMENT_3D ( 'NONE', #4350, #3726, #4713 ) ;
#4977 = SURFACE_STYLE_FILL_AREA ( #538 ) ;
#4978 = DIRECTION ( 'NONE',  ( -0.0000000000000000000, -0.0000000000000000000, 1.000000000000000000 ) ) ;
#4979 = ORIENTED_EDGE ( 'NONE', *, *, #1074, .T. ) ;
#4980 = COLOUR_RGB ( '',0.0000000000000000000, 0.0000000000000000000, 0.0000000000000000000 ) ;
#4981 = UNCERTAINTY_MEASURE_WITH_UNIT (LENGTH_MEASURE( 1.000000000000000100E-005 ), #3697, 'distance_accuracy_value', 'NONE');
#4982 = FACE_OUTER_BOUND ( 'NONE', #2467, .T. ) ;
#4983 = CIRCLE ( 'NONE', #4881, 0.4499999999999990100 ) ;
#4984 = LINE ( 'NONE', #5428, #1806 ) ;
#4985 = CARTESIAN_POINT ( 'NONE',  ( 24.60000000000000100, 23.00000000000000700, 3.750000000000000000 ) ) ;
#4986 = CARTESIAN_POINT ( 'NONE',  ( -2.087195582194135000, -85.49999999999998600, 3.499999999999999600 ) ) ;
#4987 = CIRCLE ( 'NONE', #1601, 1.000000000000000900 ) ;
#4988 = DIRECTION ( 'NONE',  ( 0.0000000000000000000, 0.0000000000000000000, -1.000000000000000000 ) ) ;
#4989 = VERTEX_POINT ( 'NONE', #3711 ) ;
#4990 = AXIS2_PLACEMENT_3D ( 'NONE', #2549, #1254, #5383 ) ;
#4991 = ADVANCED_FACE ( 'NONE', ( #1022 ), #1897, .T. ) ;
#4992 = VERTEX_POINT ( 'NONE', #4606 ) ;
#4993 = EDGE_CURVE ( 'NONE', #890, #4361, #3017, .T. ) ;
#4994 = VERTEX_POINT ( 'NONE', #1237 ) ;
#4995 = LINE ( 'NONE', #3833, #2645 ) ;
#4996 = FILL_AREA_STYLE_COLOUR ( '', #4980 ) ;
#4997 = CARTESIAN_POINT ( 'NONE',  ( -3.902195582194141200, -31.43802982736946600, 3.599999999999999600 ) ) ;
#4998 = ORIENTED_EDGE ( 'NONE', *, *, #4200, .F. ) ;
#4999 = CARTESIAN_POINT ( 'NONE',  ( 22.09999999999999400, 19.59999999999999800, 4.000000000000000000 ) ) ;
#5000 = AXIS2_PLACEMENT_3D ( 'NONE', #767, #1053, #5078 ) ;
#5001 =( GEOMETRIC_REPRESENTATION_CONTEXT ( 3 ) GLOBAL_UNCERTAINTY_ASSIGNED_CONTEXT ( ( #1905 ) ) GLOBAL_UNIT_ASSIGNED_CONTEXT ( ( #4930, #2003, #4431 ) ) REPRESENTATION_CONTEXT ( 'NONE', 'WORKASPACE' ) );
#5002 = EDGE_CURVE ( 'NONE', #2210, #4347, #4252, .T. ) ;
#5003 = ADVANCED_FACE ( 'NONE', ( #4110 ), #5004, .F. ) ;
#5004 = PLANE ( 'NONE',  #2689 ) ;
#5005 = EDGE_CURVE ( 'NONE', #3582, #2008, #1776, .T. ) ;
#5006 =( LENGTH_UNIT ( ) NAMED_UNIT ( * ) SI_UNIT ( .MILLI., .METRE. ) );
#5007 = FILL_AREA_STYLE ('',( #253 ) ) ;
#5008 = PLANE ( 'NONE',  #4544 ) ;
#5009 = STYLED_ITEM ( 'NONE', ( #3840 ), #5419 ) ;
#5010 =( NAMED_UNIT ( * ) SI_UNIT ( $, .STERADIAN. ) SOLID_ANGLE_UNIT ( ) );
#5011 = PLANE ( 'NONE',  #1019 ) ;
#5012 = DIRECTION ( 'NONE',  ( -0.0000000000000000000, -0.0000000000000000000, -1.000000000000000000 ) ) ;
#5013 = LINE ( 'NONE', #3222, #540 ) ;
#5014 = CARTESIAN_POINT ( 'NONE',  ( 0.0000000000000000000, 0.0000000000000000000, 4.000000000000000000 ) ) ;
#5015 = CARTESIAN_POINT ( 'NONE',  ( -24.59999999999999800, 23.80000000000000100, 0.0000000000000000000 ) ) ;
#5016 = FILL_AREA_STYLE_COLOUR ( '', #3999 ) ;
#5017 = DIRECTION ( 'NONE',  ( -0.0000000000000000000, -0.0000000000000000000, -1.000000000000000000 ) ) ;
#5018 = PLANE ( 'NONE',  #2469 ) ;
#5019 = EDGE_CURVE ( 'NONE', #3360, #1028, #5101, .T. ) ;
#5020 =( LENGTH_UNIT ( ) NAMED_UNIT ( * ) SI_UNIT ( .MILLI., .METRE. ) );
#5021 = VERTEX_POINT ( 'NONE', #794 ) ;
#5022 = VECTOR ( 'NONE', #5121, 1000.000000000000000 ) ;
#5023 =( GEOMETRIC_REPRESENTATION_CONTEXT ( 3 ) GLOBAL_UNCERTAINTY_ASSIGNED_CONTEXT ( ( #5197 ) ) GLOBAL_UNIT_ASSIGNED_CONTEXT ( ( #2607, #3025, #4691 ) ) REPRESENTATION_CONTEXT ( 'NONE', 'WORKASPACE' ) );
#5024 = SURFACE_STYLE_USAGE ( .BOTH. , #4585 ) ;
#5025 = CARTESIAN_POINT ( 'NONE',  ( -24.59999999999999800, 23.00000000000000400, 3.750000000000000000 ) ) ;
#5026 = ORIENTED_EDGE ( 'NONE', *, *, #3539, .F. ) ;
#5027 = ORIENTED_EDGE ( 'NONE', *, *, #3979, .T. ) ;
#5028 = SURFACE_SIDE_STYLE ('',( #3713 ) ) ;
#5029 = ORIENTED_EDGE ( 'NONE', *, *, #3769, .F. ) ;
#5030 = ADVANCED_FACE ( 'NONE', ( #3854 ), #3733, .T. ) ;
#5031 = ORIENTED_EDGE ( 'NONE', *, *, #3707, .F. ) ;
#5032 = CARTESIAN_POINT ( 'NONE',  ( 24.60000000000000100, -21.99999999999999600, 4.000000000000000000 ) ) ;
#5033 = ORIENTED_EDGE ( 'NONE', *, *, #5002, .T. ) ;
#5034 = ORIENTED_EDGE ( 'NONE', *, *, #3190, .T. ) ;
#5035 = DIRECTION ( 'NONE',  ( -1.445602896647337900E-016, -1.000000000000000000, 0.0000000000000000000 ) ) ;
#5036 = DIRECTION ( 'NONE',  ( 0.0000000000000000000, -0.0000000000000000000, -1.000000000000000000 ) ) ;
#5037 = DIRECTION ( 'NONE',  ( 1.000000000000000000, 0.0000000000000000000, 0.0000000000000000000 ) ) ;
#5038 = VERTEX_POINT ( 'NONE', #4560 ) ;
#5039 = ORIENTED_EDGE ( 'NONE', *, *, #1531, .T. ) ;
#5040 = LINE ( 'NONE', #3315, #1842 ) ;
#5041 = CARTESIAN_POINT ( 'NONE',  ( 1.272804417805865700, 0.0000000000000000000, 3.399999999999999900 ) ) ;
#5042 = DIRECTION ( 'NONE',  ( -1.000000000000000000, -2.175883946035506500E-016, 0.0000000000000000000 ) ) ;
#5043 = EDGE_CURVE ( 'NONE', #4308, #428, #4570, .T. ) ;
#5044 = UNCERTAINTY_MEASURE_WITH_UNIT (LENGTH_MEASURE( 1.000000000000000100E-005 ), #4467, 'distance_accuracy_value', 'NONE');
#5045 = PRESENTATION_STYLE_ASSIGNMENT (( #138 ) ) ;
#5046 = SURFACE_SIDE_STYLE ('',( #3426 ) ) ;
#5047 =( NAMED_UNIT ( * ) SI_UNIT ( $, .STERADIAN. ) SOLID_ANGLE_UNIT ( ) );
#5048 = VECTOR ( 'NONE', #139, 1000.000000000000000 ) ;
#5049 = ADVANCED_FACE ( 'NONE', ( #3465 ), #3698, .F. ) ;
#5050 = FACE_OUTER_BOUND ( 'NONE', #4465, .T. ) ;
#5051 = EDGE_CURVE ( 'NONE', #1165, #2210, #823, .T. ) ;
#5052 = VECTOR ( 'NONE', #273, 1000.000000000000000 ) ;
#5053 = LINE ( 'NONE', #2271, #1443 ) ;
#5054 = ORIENTED_EDGE ( 'NONE', *, *, #2263, .F. ) ;
#5055 = FACE_OUTER_BOUND ( 'NONE', #3395, .T. ) ;
#5056 = PLANE ( 'NONE',  #4963 ) ;
#5057 = CARTESIAN_POINT ( 'NONE',  ( -21.79999999999999000, -23.19999999999999600, 4.000000000000000000 ) ) ;
#5058 = LINE ( 'NONE', #3830, #1859 ) ;
#5059 = SURFACE_SIDE_STYLE ('',( #3430 ) ) ;
#5060 = CYLINDRICAL_SURFACE ( 'NONE', #2899, 0.4499999999999990100 ) ;
#5061 = VECTOR ( 'NONE', #3559, 1000.000000000000000 ) ;
#5062 = PRESENTATION_LAYER_ASSIGNMENT (  '', '', ( #3931 ) ) ;
#5063 = FILL_AREA_STYLE_COLOUR ( '', #1817 ) ;
#5064 = ADVANCED_FACE ( 'NONE', ( #1953 ), #3273, .F. ) ;
#5065 = VERTEX_POINT ( 'NONE', #5264 ) ;
#5066 = ORIENTED_EDGE ( 'NONE', *, *, #731, .T. ) ;
#5067 = CARTESIAN_POINT ( 'NONE',  ( 5.450000000000005500, -21.99999999999999600, 4.000000000000000000 ) ) ;
#5068 = SURFACE_STYLE_FILL_AREA ( #2519 ) ;
#5069 = FILL_AREA_STYLE ('',( #1272 ) ) ;
#5070 = ADVANCED_FACE ( 'NONE', ( #418 ), #204, .T. ) ;
#5071 = MECHANICAL_DESIGN_GEOMETRIC_PRESENTATION_REPRESENTATION (  '', ( #4226 ), #5319 ) ;
#5072 = EDGE_CURVE ( 'NONE', #490, #4706, #3244, .T. ) ;
#5073 = UNCERTAINTY_MEASURE_WITH_UNIT (LENGTH_MEASURE( 1.000000000000000100E-005 ), #3512, 'distance_accuracy_value', 'NONE');
#5074 = LINE ( 'NONE', #4971, #1738 ) ;
#5075 = DIRECTION ( 'NONE',  ( -2.569960705150824900E-016, 1.000000000000000000, -0.0000000000000000000 ) ) ;
#5076 =( NAMED_UNIT ( * ) SI_UNIT ( $, .STERADIAN. ) SOLID_ANGLE_UNIT ( ) );
#5077 = SURFACE_SIDE_STYLE ('',( #4381 ) ) ;
#5078 = DIRECTION ( 'NONE',  ( 0.0000000000000000000, -0.0000000000000000000, 1.000000000000000000 ) ) ;
#5079 = PRESENTATION_LAYER_ASSIGNMENT (  '', '', ( #4500 ) ) ;
#5080 =( NAMED_UNIT ( * ) SI_UNIT ( $, .STERADIAN. ) SOLID_ANGLE_UNIT ( ) );
#5081 = DIRECTION ( 'NONE',  ( 1.000000000000000000, -0.0000000000000000000, -0.0000000000000000000 ) ) ;
#5082 = VECTOR ( 'NONE', #1631, 1000.000000000000000 ) ;
#5083 = CARTESIAN_POINT ( 'NONE',  ( -22.09999999999999400, 20.60000000000000100, 4.000000000000000000 ) ) ;
#5084 = FILL_AREA_STYLE_COLOUR ( '', #2506 ) ;
#5085 = CARTESIAN_POINT ( 'NONE',  ( 1.782804417805865700, -85.49999999999998600, 3.399999999999999900 ) ) ;
#5086 = ADVANCED_FACE ( 'NONE', ( #1143 ), #4800, .T. ) ;
#5087 = CARTESIAN_POINT ( 'NONE',  ( 1.482804417805865500, -85.49999999999998600, 3.399999999999999900 ) ) ;
#5088 = AXIS2_PLACEMENT_3D ( 'NONE', #3328, #3753, #1234 ) ;
#5089 = DIRECTION ( 'NONE',  ( -1.000000000000000000, 0.0000000000000000000, 0.0000000000000000000 ) ) ;
#5090 = VECTOR ( 'NONE', #1938, 1000.000000000000000 ) ;
#5091 = DIRECTION ( 'NONE',  ( 0.0000000000000000000, 0.0000000000000000000, 1.000000000000000000 ) ) ;
#5092 = ORIENTED_EDGE ( 'NONE', *, *, #5051, .F. ) ;
#5093 = VERTEX_POINT ( 'NONE', #3127 ) ;
#5094 = ORIENTED_EDGE ( 'NONE', *, *, #3042, .F. ) ;
#5095 = ORIENTED_EDGE ( 'NONE', *, *, #1156, .T. ) ;
#5096 = STYLED_ITEM ( 'NONE', ( #4320 ), #2412 ) ;
#5097 = ORIENTED_EDGE ( 'NONE', *, *, #2823, .F. ) ;
#5098 = MECHANICAL_DESIGN_GEOMETRIC_PRESENTATION_REPRESENTATION (  '', ( #4259 ), #4519 ) ;
#5099 = ORIENTED_EDGE ( 'NONE', *, *, #4353, .T. ) ;
#5100 = EDGE_CURVE ( 'NONE', #958, #17, #1767, .T. ) ;
#5101 = LINE ( 'NONE', #1656, #4962 ) ;
#5102 = CARTESIAN_POINT ( 'NONE',  ( -1.277195582194134500, -82.49999999999998600, 3.399999999999999900 ) ) ;
#5103 = DIRECTION ( 'NONE',  ( -1.445602896647337900E-016, -1.000000000000000000, 0.0000000000000000000 ) ) ;
#5104 = VERTEX_POINT ( 'NONE', #4355 ) ;
#5105 = DIRECTION ( 'NONE',  ( -1.000000000000000000, 0.0000000000000000000, 0.0000000000000000000 ) ) ;
#5106 = DIRECTION ( 'NONE',  ( -0.0000000000000000000, -0.0000000000000000000, -1.000000000000000000 ) ) ;
#5107 = MECHANICAL_DESIGN_GEOMETRIC_PRESENTATION_REPRESENTATION (  '', ( #4269 ), #5358 ) ;
#5108 = EDGE_CURVE ( 'NONE', #3804, #198, #625, .T. ) ;
#5109 = CARTESIAN_POINT ( 'NONE',  ( -5.899999999999995900, -29.19999999999999600, 3.499999999999999600 ) ) ;
#5110 = CARTESIAN_POINT ( 'NONE',  ( 20.54999999999999700, -23.64999999999999900, -58.50000000000000000 ) ) ;
#5111 = ORIENTED_EDGE ( 'NONE', *, *, #2651, .F. ) ;
#5112 = DIRECTION ( 'NONE',  ( 0.0000000000000000000, 0.0000000000000000000, -1.000000000000000000 ) ) ;
#5113 = ADVANCED_FACE ( 'NONE', ( #3974, #4954 ), #4786, .T. ) ;
#5114 = FACE_OUTER_BOUND ( 'NONE', #1389, .T. ) ;
#5115 = VECTOR ( 'NONE', #1569, 1000.000000000000000 ) ;
#5116 = EDGE_CURVE ( 'NONE', #4762, #2090, #4826, .T. ) ;
#5117 = LINE ( 'NONE', #867, #771 ) ;
#5118 =( GEOMETRIC_REPRESENTATION_CONTEXT ( 3 ) GLOBAL_UNCERTAINTY_ASSIGNED_CONTEXT ( ( #600 ) ) GLOBAL_UNIT_ASSIGNED_CONTEXT ( ( #1014, #3538, #3108 ) ) REPRESENTATION_CONTEXT ( 'NONE', 'WORKASPACE' ) );
#5119 = ORIENTED_EDGE ( 'NONE', *, *, #1798, .T. ) ;
#5120 = LINE ( 'NONE', #2454, #776 ) ;
#5121 = DIRECTION ( 'NONE',  ( -0.0000000000000000000, -0.0000000000000000000, -1.000000000000000000 ) ) ;
#5122 = CARTESIAN_POINT ( 'NONE',  ( 0.0000000000000000000, 0.0000000000000000000, 3.599999999999999600 ) ) ;
#5123 = VECTOR ( 'NONE', #4942, 1000.000000000000000 ) ;
#5124 = DIRECTION ( 'NONE',  ( -1.000000000000000000, 0.0000000000000000000, 0.0000000000000000000 ) ) ;
#5125 = ORIENTED_EDGE ( 'NONE', *, *, #959, .T. ) ;
#5126 = EDGE_CURVE ( 'NONE', #2155, #3155, #1615, .T. ) ;
#5127 = SURFACE_STYLE_FILL_AREA ( #829 ) ;
#5128 = ORIENTED_EDGE ( 'NONE', *, *, #3201, .T. ) ;
#5129 = DIRECTION ( 'NONE',  ( -0.0000000000000000000, -0.0000000000000000000, -1.000000000000000000 ) ) ;
#5130 = SURFACE_STYLE_USAGE ( .BOTH. , #2202 ) ;
#5131 = LINE ( 'NONE', #3991, #4013 ) ;
#5132 = CARTESIAN_POINT ( 'NONE',  ( 2.292804417805865700, -82.49999999999998600, 3.499999999999999600 ) ) ;
#5133 = ORIENTED_EDGE ( 'NONE', *, *, #4938, .T. ) ;
#5134 = STYLED_ITEM ( 'NONE', ( #3143 ), #42 ) ;
#5135 = PLANE ( 'NONE',  #1867 ) ;
#5136 = CARTESIAN_POINT ( 'NONE',  ( -23.09999999999999400, -12.29000000000000300, 4.000000000000000000 ) ) ;
#5137 = ORIENTED_EDGE ( 'NONE', *, *, #2992, .F. ) ;
#5138 = CARTESIAN_POINT ( 'NONE',  ( 24.60000000000000100, -23.80000000000000100, 4.000000000000000000 ) ) ;
#5139 = AXIS2_PLACEMENT_3D ( 'NONE', #1204, #4149, #1646 ) ;
#5140 = EDGE_CURVE ( 'NONE', #608, #2494, #3706, .T. ) ;
#5141 = ADVANCED_FACE ( 'NONE', ( #1486 ), #2068, .F. ) ;
#5142 = VECTOR ( 'NONE', #3373, 1000.000000000000000 ) ;
#5143 = CARTESIAN_POINT ( 'NONE',  ( 24.60000000000000100, -21.99999999999999300, 3.499999999999999600 ) ) ;
#5144 = STYLED_ITEM ( 'NONE', ( #1039 ), #4267 ) ;
#5145 = EDGE_CURVE ( 'NONE', #1482, #168, #1084, .T. ) ;
#5146 = AXIS2_PLACEMENT_3D ( 'NONE', #848, #4130, #5438 ) ;
#5147 = AXIS2_PLACEMENT_3D ( 'NONE', #1638, #1201, #2847 ) ;
#5148 = CARTESIAN_POINT ( 'NONE',  ( 2.502804417805877700, -3.618061316121930700E-016, 3.399999999999999900 ) ) ;
#5149 = ORIENTED_EDGE ( 'NONE', *, *, #1982, .F. ) ;
#5150 = ORIENTED_EDGE ( 'NONE', *, *, #997, .F. ) ;
#5151 = LINE ( 'NONE', #3453, #1832 ) ;
#5152 = ORIENTED_EDGE ( 'NONE', *, *, #3769, .T. ) ;
#5153 = MECHANICAL_DESIGN_GEOMETRIC_PRESENTATION_REPRESENTATION (  '', ( #4313 ), #5416 ) ;
#5154 = CARTESIAN_POINT ( 'NONE',  ( -3.617195582194122800, 5.229028411359778100E-016, 3.399999999999999900 ) ) ;
#5155 = VERTEX_POINT ( 'NONE', #2251 ) ;
#5156 = SURFACE_SIDE_STYLE ('',( #2116 ) ) ;
#5157 = ORIENTED_EDGE ( 'NONE', *, *, #66, .F. ) ;
#5158 = COLOUR_RGB ( '',0.0000000000000000000, 0.5607843137254902000, 1.000000000000000000 ) ;
#5159 = CARTESIAN_POINT ( 'NONE',  ( 20.54999999999999700, -23.64999999999999900, 0.0000000000000000000 ) ) ;
#5160 = ORIENTED_EDGE ( 'NONE', *, *, #4676, .F. ) ;
#5161 = ORIENTED_EDGE ( 'NONE', *, *, #4122, .F. ) ;
#5162 = PLANE ( 'NONE',  #142 ) ;
#5163 = PRESENTATION_LAYER_ASSIGNMENT (  '', '', ( #5435 ) ) ;
#5164 = UNCERTAINTY_MEASURE_WITH_UNIT (LENGTH_MEASURE( 1.000000000000000100E-005 ), #658, 'distance_accuracy_value', 'NONE');
#5165 = ORIENTED_EDGE ( 'NONE', *, *, #1870, .T. ) ;
#5166 = FACE_OUTER_BOUND ( 'NONE', #3069, .T. ) ;
#5167 = DIRECTION ( 'NONE',  ( -1.000000000000000000, 0.0000000000000000000, -0.0000000000000000000 ) ) ;
#5168 = VECTOR ( 'NONE', #502, 1000.000000000000000 ) ;
#5169 = DIRECTION ( 'NONE',  ( -1.000000000000000000, 0.0000000000000000000, 0.0000000000000000000 ) ) ;
#5170 = AXIS2_PLACEMENT_3D ( 'NONE', #3744, #2546, #395 ) ;
#5171 =( GEOMETRIC_REPRESENTATION_CONTEXT ( 3 ) GLOBAL_UNCERTAINTY_ASSIGNED_CONTEXT ( ( #5330 ) ) GLOBAL_UNIT_ASSIGNED_CONTEXT ( ( #1742, #4243, #3424 ) ) REPRESENTATION_CONTEXT ( 'NONE', 'WORKASPACE' ) );
#5172 = FACE_OUTER_BOUND ( 'NONE', #4012, .T. ) ;
#5173 = LINE ( 'NONE', #81, #2824 ) ;
#5174 = VECTOR ( 'NONE', #3301, 1000.000000000000000 ) ;
#5175 = SURFACE_STYLE_FILL_AREA ( #1493 ) ;
#5176 = VECTOR ( 'NONE', #1682, 1000.000000000000000 ) ;
#5177 = FILL_AREA_STYLE ('',( #626 ) ) ;
#5178 = VECTOR ( 'NONE', #1202, 1000.000000000000000 ) ;
#5179 = ORIENTED_EDGE ( 'NONE', *, *, #1177, .T. ) ;
#5180 = ORIENTED_EDGE ( 'NONE', *, *, #4434, .T. ) ;
#5181 = EDGE_CURVE ( 'NONE', #784, #4738, #5391, .T. ) ;
#5182 = FACE_OUTER_BOUND ( 'NONE', #586, .T. ) ;
#5183 = ORIENTED_EDGE ( 'NONE', *, *, #3885, .F. ) ;
#5184 = CARTESIAN_POINT ( 'NONE',  ( 5.450000000000005500, -21.99999999999999600, 3.499999999999999600 ) ) ;
#5185 = UNCERTAINTY_MEASURE_WITH_UNIT (LENGTH_MEASURE( 1.000000000000000100E-005 ), #2231, 'distance_accuracy_value', 'NONE');
#5186 = ORIENTED_EDGE ( 'NONE', *, *, #95, .F. ) ;
#5187 = DIRECTION ( 'NONE',  ( 1.000000000000000000, 0.0000000000000000000, 0.0000000000000000000 ) ) ;
#5188 = CARTESIAN_POINT ( 'NONE',  ( 0.4628044178058776100, -6.690314069613615000E-017, 3.399999999999999900 ) ) ;
#5189 = CARTESIAN_POINT ( 'NONE',  ( 4.450000000000004600, -14.88999999999999500, 3.599999999999999600 ) ) ;
#5190 = DIRECTION ( 'NONE',  ( 1.000000000000000000, 0.0000000000000000000, -0.0000000000000000000 ) ) ;
#5191 = LINE ( 'NONE', #4542, #3821 ) ;
#5192 = DIRECTION ( 'NONE',  ( -1.363726617686952000E-016, 1.000000000000000000, 0.0000000000000000000 ) ) ;
#5193 = EDGE_CURVE ( 'NONE', #3616, #4427, #944, .T. ) ;
#5194 = DIRECTION ( 'NONE',  ( 0.0000000000000000000, 1.000000000000000000, 0.0000000000000000000 ) ) ;
#5195 = FACE_OUTER_BOUND ( 'NONE', #4666, .T. ) ;
#5196 = MECHANICAL_DESIGN_GEOMETRIC_PRESENTATION_REPRESENTATION (  '', ( #4356 ), #21 ) ;
#5197 = UNCERTAINTY_MEASURE_WITH_UNIT (LENGTH_MEASURE( 1.000000000000000100E-005 ), #2607, 'distance_accuracy_value', 'NONE');
#5198 = CARTESIAN_POINT ( 'NONE',  ( 0.0000000000000000000, 0.0000000000000000000, 3.399999999999999900 ) ) ;
#5199 = EDGE_CURVE ( 'NONE', #1495, #2465, #3176, .T. ) ;
#5200 = FILL_AREA_STYLE_COLOUR ( '', #2232 ) ;
#5201 = FILL_AREA_STYLE ('',( #3112 ) ) ;
#5202 = DIRECTION ( 'NONE',  ( 0.0000000000000000000, 1.000000000000000000, 0.0000000000000000000 ) ) ;
#5203 = DIRECTION ( 'NONE',  ( -0.0000000000000000000, -0.0000000000000000000, -1.000000000000000000 ) ) ;
#5204 = SURFACE_STYLE_USAGE ( .BOTH. , #2262 ) ;
#5205 = MECHANICAL_DESIGN_GEOMETRIC_PRESENTATION_REPRESENTATION (  '', ( #4665 ), #36 ) ;
#5206 = VECTOR ( 'NONE', #2214, 1000.000000000000000 ) ;
#5207 = ORIENTED_EDGE ( 'NONE', *, *, #3772, .F. ) ;
#5208 = ORIENTED_EDGE ( 'NONE', *, *, #3500, .F. ) ;
#5209 = ORIENTED_EDGE ( 'NONE', *, *, #1355, .T. ) ;
#5210 = ORIENTED_EDGE ( 'NONE', *, *, #5311, .F. ) ;
#5211 = CARTESIAN_POINT ( 'NONE',  ( -0.2571955821941344600, -82.49999999999998600, 3.399999999999999900 ) ) ;
#5212 = EDGE_CURVE ( 'NONE', #4412, #296, #4168, .T. ) ;
#5213 = DIRECTION ( 'NONE',  ( -1.000000000000000000, 0.0000000000000000000, -0.0000000000000000000 ) ) ;
#5214 = ORIENTED_EDGE ( 'NONE', *, *, #3046, .F. ) ;
#5215 = ORIENTED_EDGE ( 'NONE', *, *, #1600, .F. ) ;
#5216 = DIRECTION ( 'NONE',  ( 0.0000000000000000000, 1.000000000000000000, 0.0000000000000000000 ) ) ;
#5217 = DIRECTION ( 'NONE',  ( -0.0000000000000000000, -0.0000000000000000000, 1.000000000000000000 ) ) ;
#5218 = ORIENTED_EDGE ( 'NONE', *, *, #721, .F. ) ;
#5219 = VECTOR ( 'NONE', #401, 1000.000000000000000 ) ;
#5220 = CARTESIAN_POINT ( 'NONE',  ( -2.087195582194134600, -82.49999999999998600, 3.399999999999999900 ) ) ;
#5221 = CARTESIAN_POINT ( 'NONE',  ( 24.60000000000000100, -14.88999999999999700, 4.000000000000000000 ) ) ;
#5222 = DIRECTION ( 'NONE',  ( 0.0000000000000000000, 1.000000000000000000, 0.0000000000000000000 ) ) ;
#5223 =( NAMED_UNIT ( * ) SI_UNIT ( $, .STERADIAN. ) SOLID_ANGLE_UNIT ( ) );
#5224 = DIRECTION ( 'NONE',  ( 1.000000000000000000, -0.0000000000000000000, -0.0000000000000000000 ) ) ;
#5225 = ORIENTED_EDGE ( 'NONE', *, *, #772, .F. ) ;
#5226 = LINE ( 'NONE', #266, #4118 ) ;
#5227 = ORIENTED_EDGE ( 'NONE', *, *, #4426, .F. ) ;
#5228 = CARTESIAN_POINT ( 'NONE',  ( 3.597804417805865900, -85.49999999999998600, 3.499999999999999600 ) ) ;
#5229 = DIRECTION ( 'NONE',  ( -0.0000000000000000000, -0.0000000000000000000, -1.000000000000000000 ) ) ;
#5230 =( GEOMETRIC_REPRESENTATION_CONTEXT ( 3 ) GLOBAL_UNCERTAINTY_ASSIGNED_CONTEXT ( ( #2711 ) ) GLOBAL_UNIT_ASSIGNED_CONTEXT ( ( #3350, #5414, #2939 ) ) REPRESENTATION_CONTEXT ( 'NONE', 'WORKASPACE' ) );
#5231 = EDGE_CURVE ( 'NONE', #2494, #4140, #5151, .T. ) ;
#5232 = SURFACE_SIDE_STYLE ('',( #1556 ) ) ;
#5233 = LINE ( 'NONE', #19, #1909 ) ;
#5234 = FILL_AREA_STYLE_COLOUR ( '', #2248 ) ;
#5235 = CARTESIAN_POINT ( 'NONE',  ( 22.09999999999999800, -13.28999999999999600, 4.000000000000000000 ) ) ;
#5236 = CARTESIAN_POINT ( 'NONE',  ( 0.0000000000000000000, -82.49999999999998600, 3.399999999999999900 ) ) ;
#5237 =( GEOMETRIC_REPRESENTATION_CONTEXT ( 3 ) GLOBAL_UNCERTAINTY_ASSIGNED_CONTEXT ( ( #2002 ) ) GLOBAL_UNIT_ASSIGNED_CONTEXT ( ( #5006, #876, #39 ) ) REPRESENTATION_CONTEXT ( 'NONE', 'WORKASPACE' ) );
#5238 = EDGE_CURVE ( 'NONE', #5093, #2957, #1945, .T. ) ;
#5239 = AXIS2_PLACEMENT_3D ( 'NONE', #987, #3508, #556 ) ;
#5240 = CARTESIAN_POINT ( 'NONE',  ( -0.04719558219413436100, -82.49999999999998600, 3.399999999999999900 ) ) ;
#5241 = PLANE ( 'NONE',  #3333 ) ;
#5242 = COLOUR_RGB ( '',0.8039215686274510100, 0.4980392156862745200, 0.1960784313725490200 ) ;
#5243 =( NAMED_UNIT ( * ) PLANE_ANGLE_UNIT ( ) SI_UNIT ( $, .RADIAN. ) );
#5244 =( LENGTH_UNIT ( ) NAMED_UNIT ( * ) SI_UNIT ( .MILLI., .METRE. ) );
#5245 = STYLED_ITEM ( 'NONE', ( #643 ), #4589 ) ;
#5246 = ORIENTED_EDGE ( 'NONE', *, *, #2782, .F. ) ;
#5247 = EDGE_LOOP ( 'NONE', ( #3709, #4264, #180, #4701 ) ) ;
#5248 = FACE_OUTER_BOUND ( 'NONE', #5247, .T. ) ;
#5249 = DIRECTION ( 'NONE',  ( 1.000000000000000000, -0.0000000000000000000, -0.0000000000000000000 ) ) ;
#5250 = UNCERTAINTY_MEASURE_WITH_UNIT (LENGTH_MEASURE( 1.000000000000000100E-005 ), #2870, 'distance_accuracy_value', 'NONE');
#5251 = CARTESIAN_POINT ( 'NONE',  ( -3.617195582194134400, -82.49999999999998600, 3.399999999999999900 ) ) ;
#5252 = ORIENTED_EDGE ( 'NONE', *, *, #3054, .F. ) ;
#5253 = DIRECTION ( 'NONE',  ( -1.000000000000000000, 0.0000000000000000000, 0.0000000000000000000 ) ) ;
#5254 = AXIS2_PLACEMENT_3D ( 'NONE', #51, #2324, #1206 ) ;
#5255 = LINE ( 'NONE', #2825, #4146 ) ;
#5256 = CARTESIAN_POINT ( 'NONE',  ( -6.899999999999996800, -23.19999999999999200, 3.499999999999999600 ) ) ;
#5257 = ADVANCED_FACE ( 'NONE', ( #685 ), #2197, .T. ) ;
#5258 = LINE ( 'NONE', #1689, #2054 ) ;
#5259 = PLANE ( 'NONE',  #3067 ) ;
#5260 = PRESENTATION_LAYER_ASSIGNMENT (  '', '', ( #4717 ) ) ;
#5261 = CARTESIAN_POINT ( 'NONE',  ( -0.04719558219412243300, 6.822607032878090700E-018, 3.399999999999999900 ) ) ;
#5262 = EDGE_CURVE ( 'NONE', #1559, #1028, #2401, .T. ) ;
#5263 = PRESENTATION_LAYER_ASSIGNMENT (  '', '', ( #4723 ) ) ;
#5264 = CARTESIAN_POINT ( 'NONE',  ( 22.09999999999999800, -13.28999999999999400, 3.750000000000000000 ) ) ;
#5265 = DIRECTION ( 'NONE',  ( 1.000000000000000000, -0.0000000000000000000, -0.0000000000000000000 ) ) ;
#5266 = EDGE_CURVE ( 'NONE', #3647, #2612, #3514, .T. ) ;
#5267 = CARTESIAN_POINT ( 'NONE',  ( 2.802804417805865500, 0.0000000000000000000, 3.399999999999999900 ) ) ;
#5268 = SURFACE_STYLE_FILL_AREA ( #3577 ) ;
#5269 = DIRECTION ( 'NONE',  ( 0.0000000000000000000, 0.0000000000000000000, -1.000000000000000000 ) ) ;
#5270 = DIRECTION ( 'NONE',  ( -7.051721447060192400E-017, 1.000000000000000000, 0.0000000000000000000 ) ) ;
#5271 = VERTEX_POINT ( 'NONE', #5102 ) ;
#5272 = ORIENTED_EDGE ( 'NONE', *, *, #4296, .T. ) ;
#5273 = VECTOR ( 'NONE', #4737, 1000.000000000000000 ) ;
#5274 = EDGE_CURVE ( 'NONE', #2411, #2693, #287, .T. ) ;
#5275 = ORIENTED_EDGE ( 'NONE', *, *, #947, .T. ) ;
#5276 = ORIENTED_EDGE ( 'NONE', *, *, #1483, .F. ) ;
#5277 = AXIS2_PLACEMENT_3D ( 'NONE', #4028, #5270, #2669 ) ;
#5278 = VERTEX_POINT ( 'NONE', #1725 ) ;
#5279 = CARTESIAN_POINT ( 'NONE',  ( 24.60000000000000100, 23.00000000000000700, 4.000000000000000000 ) ) ;
#5280 = ORIENTED_EDGE ( 'NONE', *, *, #4782, .F. ) ;
#5281 = FILL_AREA_STYLE ('',( #3569 ) ) ;
#5282 = VERTEX_POINT ( 'NONE', #3421 ) ;
#5283 = DIRECTION ( 'NONE',  ( -1.000000000000000000, 1.445602896647337900E-016, 0.0000000000000000000 ) ) ;
#5284 = DIRECTION ( 'NONE',  ( -1.000000000000000000, 0.0000000000000000000, 0.0000000000000000000 ) ) ;
#5285 = EDGE_CURVE ( 'NONE', #3003, #549, #1281, .T. ) ;
#5286 = ORIENTED_EDGE ( 'NONE', *, *, #493, .T. ) ;
#5287 = ORIENTED_EDGE ( 'NONE', *, *, #3245, .F. ) ;
#5288 = ORIENTED_EDGE ( 'NONE', *, *, #5199, .F. ) ;
#5289 = LINE ( 'NONE', #128, #835 ) ;
#5290 = FILL_AREA_STYLE ('',( #1024 ) ) ;
#5291 = LINE ( 'NONE', #4679, #4191 ) ;
#5292 = FILL_AREA_STYLE_COLOUR ( '', #2367 ) ;
#5293 = VECTOR ( 'NONE', #4573, 1000.000000000000000 ) ;
#5294 = VECTOR ( 'NONE', #2328, 1000.000000000000000 ) ;
#5295 = LINE ( 'NONE', #1002, #2966 ) ;
#5296 = CARTESIAN_POINT ( 'NONE',  ( -1.787195582194134500, -85.49999999999998600, 3.399999999999999900 ) ) ;
#5297 = PLANE ( 'NONE',  #1956 ) ;
#5298 = ORIENTED_EDGE ( 'NONE', *, *, #682, .T. ) ;
#5299 =( LENGTH_UNIT ( ) NAMED_UNIT ( * ) SI_UNIT ( .MILLI., .METRE. ) );
#5300 = ORIENTED_EDGE ( 'NONE', *, *, #2545, .F. ) ;
#5301 = FILL_AREA_STYLE_COLOUR ( '', #2842 ) ;
#5302 = SURFACE_SIDE_STYLE ('',( #179 ) ) ;
#5303 = EDGE_CURVE ( 'NONE', #300, #2540, #4487, .T. ) ;
#5304 = ORIENTED_EDGE ( 'NONE', *, *, #3129, .F. ) ;
#5305 = PLANE ( 'NONE',  #635 ) ;
#5306 =( LENGTH_UNIT ( ) NAMED_UNIT ( * ) SI_UNIT ( .MILLI., .METRE. ) );
#5307 = STYLED_ITEM ( 'NONE', ( #297 ), #4931 ) ;
#5308 = ORIENTED_EDGE ( 'NONE', *, *, #792, .F. ) ;
#5309 = SURFACE_SIDE_STYLE ('',( #2179 ) ) ;
#5310 = COLOUR_RGB ( '',0.8039215686274510100, 0.4980392156862745200, 0.1960784313725490200 ) ;
#5311 = EDGE_CURVE ( 'NONE', #3155, #5155, #4359, .T. ) ;
#5312 = CARTESIAN_POINT ( 'NONE',  ( -24.59999999999999400, -14.88999999999999700, 3.750000000000000000 ) ) ;
#5313 = CIRCLE ( 'NONE', #4976, 1.000000000000000900 ) ;
#5314 = MECHANICAL_DESIGN_GEOMETRIC_PRESENTATION_REPRESENTATION (  '', ( #3931 ), #151 ) ;
#5315 = CARTESIAN_POINT ( 'NONE',  ( -1.067195582194134400, -82.49999999999998600, 3.499999999999999600 ) ) ;
#5316 = DIRECTION ( 'NONE',  ( 1.000000000000000000, 0.0000000000000000000, 0.0000000000000000000 ) ) ;
#5317 = DIRECTION ( 'NONE',  ( 1.000000000000000000, -0.0000000000000000000, 0.0000000000000000000 ) ) ;
#5318 =( LENGTH_UNIT ( ) NAMED_UNIT ( * ) SI_UNIT ( .MILLI., .METRE. ) );
#5319 =( GEOMETRIC_REPRESENTATION_CONTEXT ( 3 ) GLOBAL_UNCERTAINTY_ASSIGNED_CONTEXT ( ( #3452 ) ) GLOBAL_UNIT_ASSIGNED_CONTEXT ( ( #2610, #71, #3028 ) ) REPRESENTATION_CONTEXT ( 'NONE', 'WORKASPACE' ) );
#5320 = EDGE_CURVE ( 'NONE', #2629, #3132, #3386, .T. ) ;
#5321 = DIRECTION ( 'NONE',  ( 0.0000000000000000000, 0.0000000000000000000, 1.000000000000000000 ) ) ;
#5322 = VECTOR ( 'NONE', #877, 1000.000000000000000 ) ;
#5323 = MECHANICAL_DESIGN_GEOMETRIC_PRESENTATION_REPRESENTATION (  '', ( #4500 ), #165 ) ;
#5324 = CARTESIAN_POINT ( 'NONE',  ( 0.7628044178058656100, -82.49999999999998600, 3.399999999999999900 ) ) ;
#5325 = STYLED_ITEM ( 'NONE', ( #3148 ), #1813 ) ;
#5326 = ORIENTED_EDGE ( 'NONE', *, *, #288, .F. ) ;
#5327 = ORIENTED_EDGE ( 'NONE', *, *, #5072, .F. ) ;
#5328 = ORIENTED_EDGE ( 'NONE', *, *, #1383, .F. ) ;
#5329 = CARTESIAN_POINT ( 'NONE',  ( -0.04719558219413457600, -85.49999999999998600, 3.499999999999999600 ) ) ;
#5330 = UNCERTAINTY_MEASURE_WITH_UNIT (LENGTH_MEASURE( 1.000000000000000100E-005 ), #1742, 'distance_accuracy_value', 'NONE');
#5331 = ORIENTED_EDGE ( 'NONE', *, *, #4993, .F. ) ;
#5332 = DIRECTION ( 'NONE',  ( 0.0000000000000000000, -0.0000000000000000000, 1.000000000000000000 ) ) ;
#5333 = ORIENTED_EDGE ( 'NONE', *, *, #731, .F. ) ;
#5334 = PLANE ( 'NONE',  #5349 ) ;
#5335 = LINE ( 'NONE', #753, #2151 ) ;
#5336 = CARTESIAN_POINT ( 'NONE',  ( -0.5571955821941343400, -82.49999999999998600, 3.499999999999999600 ) ) ;
#5337 = PLANE ( 'NONE',  #4602 ) ;
#5338 = VERTEX_POINT ( 'NONE', #4671 ) ;
#5339 = LINE ( 'NONE', #2989, #2025 ) ;
#5340 = SURFACE_STYLE_FILL_AREA ( #3177 ) ;
#5341 = AXIS2_PLACEMENT_3D ( 'NONE', #793, #3730, #1211 ) ;
#5342 = SURFACE_STYLE_USAGE ( .BOTH. , #1944 ) ;
#5343 = CARTESIAN_POINT ( 'NONE',  ( 20.10000000000000100, -23.64999999999999900, 0.0000000000000000000 ) ) ;
#5344 = SURFACE_STYLE_FILL_AREA ( #1018 ) ;
#5345 = LINE ( 'NONE', #2343, #2167 ) ;
#5346 = ORIENTED_EDGE ( 'NONE', *, *, #1627, .F. ) ;
#5347 = CARTESIAN_POINT ( 'NONE',  ( -1.577195582194134600, -85.49999999999998600, 3.399999999999999900 ) ) ;
#5348 =( NAMED_UNIT ( * ) PLANE_ANGLE_UNIT ( ) SI_UNIT ( $, .RADIAN. ) );
#5349 = AXIS2_PLACEMENT_3D ( 'NONE', #2856, #2435, #4934 ) ;
#5350 = ADVANCED_FACE ( 'NONE', ( #1006 ), #2569, .F. ) ;
#5351 = EDGE_LOOP ( 'NONE', ( #749, #5331, #29, #2524 ) ) ;
#5352 = EDGE_CURVE ( 'NONE', #4105, #1559, #2005, .T. ) ;
#5353 = PRESENTATION_STYLE_ASSIGNMENT (( #4754 ) ) ;
#5354 = DIRECTION ( 'NONE',  ( -1.000000000000000000, -0.0000000000000000000, -0.0000000000000000000 ) ) ;
#5355 = LINE ( 'NONE', #4965, #4277 ) ;
#5356 =( NAMED_UNIT ( * ) PLANE_ANGLE_UNIT ( ) SI_UNIT ( $, .RADIAN. ) );
#5357 = DIRECTION ( 'NONE',  ( -1.000000000000000000, -0.0000000000000000000, -0.0000000000000000000 ) ) ;
#5358 =( GEOMETRIC_REPRESENTATION_CONTEXT ( 3 ) GLOBAL_UNCERTAINTY_ASSIGNED_CONTEXT ( ( #4818 ) ) GLOBAL_UNIT_ASSIGNED_CONTEXT ( ( #4904, #1990, #4482 ) ) REPRESENTATION_CONTEXT ( 'NONE', 'WORKASPACE' ) );
#5359 = AXIS2_PLACEMENT_3D ( 'NONE', #3009, #471, #903 ) ;
#5360 = EDGE_CURVE ( 'NONE', #2210, #5432, #3110, .T. ) ;
#5361 = FACE_OUTER_BOUND ( 'NONE', #2310, .T. ) ;
#5362 = EDGE_LOOP ( 'NONE', ( #2609, #2811, #4678, #2733, #911, #3717 ) ) ;
#5363 = CARTESIAN_POINT ( 'NONE',  ( 24.60000000000000100, -14.88999999999999700, 3.750000000000000000 ) ) ;
#5364 = VECTOR ( 'NONE', #853, 1000.000000000000000 ) ;
#5365 =( NAMED_UNIT ( * ) SI_UNIT ( $, .STERADIAN. ) SOLID_ANGLE_UNIT ( ) );
#5366 = UNCERTAINTY_MEASURE_WITH_UNIT (LENGTH_MEASURE( 1.000000000000000100E-005 ), #7, 'distance_accuracy_value', 'NONE');
#5367 = LINE ( 'NONE', #1345, #2189 ) ;
#5368 = VERTEX_POINT ( 'NONE', #3138 ) ;
#5369 = CARTESIAN_POINT ( 'NONE',  ( 1.482804417805877700, -2.143546361541646400E-016, 3.399999999999999900 ) ) ;
#5370 = EDGE_CURVE ( 'NONE', #1754, #5408, #884, .T. ) ;
#5371 = DIRECTION ( 'NONE',  ( -0.0000000000000000000, -0.0000000000000000000, 1.000000000000000000 ) ) ;
#5372 =( LENGTH_UNIT ( ) NAMED_UNIT ( * ) SI_UNIT ( .MILLI., .METRE. ) );
#5373 = LINE ( 'NONE', #214, #2195 ) ;
#5374 =( NAMED_UNIT ( * ) PLANE_ANGLE_UNIT ( ) SI_UNIT ( $, .RADIAN. ) );
#5375 = CARTESIAN_POINT ( 'NONE',  ( -22.09999999999999400, -13.29000000000000300, 3.750000000000000000 ) ) ;
#5376 = EDGE_CURVE ( 'NONE', #1978, #2947, #4096, .T. ) ;
#5377 = FILL_AREA_STYLE_COLOUR ( '', #2738 ) ;
#5378 = AXIS2_PLACEMENT_3D ( 'NONE', #2786, #5269, #2356 ) ;
#5379 = PLANE ( 'NONE',  #3841 ) ;
#5380 = CARTESIAN_POINT ( 'NONE',  ( -0.7671955821941345300, 0.0000000000000000000, 3.399999999999999900 ) ) ;
#5381 = ADVANCED_FACE ( 'NONE', ( #3968 ), #3336, .F. ) ;
#5382 = DIRECTION ( 'NONE',  ( -0.0000000000000000000, -0.0000000000000000000, -1.000000000000000000 ) ) ;
#5383 = DIRECTION ( 'NONE',  ( -1.000000000000000000, 0.0000000000000000000, -0.0000000000000000000 ) ) ;
#5384 = SURFACE_SIDE_STYLE ('',( #321 ) ) ;
#5385 = PRESENTATION_LAYER_ASSIGNMENT (  '', '', ( #4850 ) ) ;
#5386 = ORIENTED_EDGE ( 'NONE', *, *, #1450, .F. ) ;
#5387 = EDGE_CURVE ( 'NONE', #4428, #490, #3237, .T. ) ;
#5388 = SURFACE_SIDE_STYLE ('',( #4974 ) ) ;
#5389 = DIRECTION ( 'NONE',  ( 1.000000000000000000, 0.0000000000000000000, 0.0000000000000000000 ) ) ;
#5390 = VERTEX_POINT ( 'NONE', #195 ) ;
#5391 = LINE ( 'NONE', #1379, #5273 ) ;
#5392 = CARTESIAN_POINT ( 'NONE',  ( -5.899999999999995900, -29.19999999999999600, 3.599999999999999600 ) ) ;
#5393 = VERTEX_POINT ( 'NONE', #2787 ) ;
#5394 = ORIENTED_EDGE ( 'NONE', *, *, #1291, .F. ) ;
#5395 = ORIENTED_EDGE ( 'NONE', *, *, #3094, .T. ) ;
#5396 = CARTESIAN_POINT ( 'NONE',  ( 24.60000000000000100, 23.00000000000000700, 4.000000000000000000 ) ) ;
#5397 = AXIS2_PLACEMENT_3D ( 'NONE', #3374, #2096, #4668 ) ;
#5398 = CARTESIAN_POINT ( 'NONE',  ( 0.0000000000000000000, -82.49999999999998600, 3.399999999999999900 ) ) ;
#5399 = EDGE_CURVE ( 'NONE', #2498, #1506, #615, .T. ) ;
#5400 = AXIS2_PLACEMENT_3D ( 'NONE', #1407, #1364, #3899 ) ;
#5401 = ORIENTED_EDGE ( 'NONE', *, *, #5212, .T. ) ;
#5402 = STYLED_ITEM ( 'NONE', ( #2419 ), #4702 ) ;
#5403 = DIRECTION ( 'NONE',  ( -0.0000000000000000000, -0.0000000000000000000, -1.000000000000000000 ) ) ;
#5404 = CARTESIAN_POINT ( 'NONE',  ( 22.09999999999999400, 20.60000000000000100, 3.750000000000000000 ) ) ;
#5405 = PRESENTATION_STYLE_ASSIGNMENT (( #3742 ) ) ;
#5406 = PRESENTATION_STYLE_ASSIGNMENT (( #960 ) ) ;
#5407 =( LENGTH_UNIT ( ) NAMED_UNIT ( * ) SI_UNIT ( .MILLI., .METRE. ) );
#5408 = VERTEX_POINT ( 'NONE', #2055 ) ;
#5409 = DIRECTION ( 'NONE',  ( 1.000000000000000000, 0.0000000000000000000, 0.0000000000000000000 ) ) ;
#5410 = ORIENTED_EDGE ( 'NONE', *, *, #4851, .T. ) ;
#5411 = LINE ( 'NONE', #3913, #2094 ) ;
#5412 = CARTESIAN_POINT ( 'NONE',  ( -22.09999999999999400, -13.29000000000000300, 4.000000000000000000 ) ) ;
#5413 = CARTESIAN_POINT ( 'NONE',  ( 0.0000000000000000000, 0.0000000000000000000, 0.0000000000000000000 ) ) ;
#5414 =( NAMED_UNIT ( * ) PLANE_ANGLE_UNIT ( ) SI_UNIT ( $, .RADIAN. ) );
#5415 = SURFACE_STYLE_FILL_AREA ( #3982 ) ;
#5416 =( GEOMETRIC_REPRESENTATION_CONTEXT ( 3 ) GLOBAL_UNCERTAINTY_ASSIGNED_CONTEXT ( ( #3202 ) ) GLOBAL_UNIT_ASSIGNED_CONTEXT ( ( #1051, #4512, #2107 ) ) REPRESENTATION_CONTEXT ( 'NONE', 'WORKASPACE' ) );
#5417 =( NAMED_UNIT ( * ) SI_UNIT ( $, .STERADIAN. ) SOLID_ANGLE_UNIT ( ) );
#5418 = LINE ( 'NONE', #3803, #4323 ) ;
#5419 = ADVANCED_FACE ( 'NONE', ( #4944 ), #862, .F. ) ;
#5420 = VECTOR ( 'NONE', #4729, 1000.000000000000000 ) ;
#5421 = CARTESIAN_POINT ( 'NONE',  ( 19.54574314557210000, -23.73076923076922300, 2.000000000000000000 ) ) ;
#5422 = LINE ( 'NONE', #3546, #4202 ) ;
#5423 =( NAMED_UNIT ( * ) PLANE_ANGLE_UNIT ( ) SI_UNIT ( $, .RADIAN. ) );
#5424 = ORIENTED_EDGE ( 'NONE', *, *, #4782, .T. ) ;
#5425 = COLOUR_RGB ( '',0.8039215686274510100, 0.4980392156862745200, 0.1960784313725490200 ) ;
#5426 = SURFACE_SIDE_STYLE ('',( #5068 ) ) ;
#5427 = ORIENTED_EDGE ( 'NONE', *, *, #1668, .T. ) ;
#5428 = CARTESIAN_POINT ( 'NONE',  ( 21.59999999999999400, -25.04999999999999700, -63.50000000000000000 ) ) ;
#5429 = VECTOR ( 'NONE', #2330, 1000.000000000000000 ) ;
#5430 = ADVANCED_FACE ( 'NONE', ( #217 ), #1698, .F. ) ;
#5431 = PLANE ( 'NONE',  #3954 ) ;
#5432 = VERTEX_POINT ( 'NONE', #4181 ) ;
#5433 = AXIS2_PLACEMENT_3D ( 'NONE', #1936, #4429, #5187 ) ;
#5434 = VECTOR ( 'NONE', #339, 1000.000000000000000 ) ;
#5435 = STYLED_ITEM ( 'NONE', ( #3547 ), #34 ) ;
#5436 = CARTESIAN_POINT ( 'NONE',  ( -24.59999999999999800, 23.00000000000000400, 4.000000000000000000 ) ) ;
#5437 = ORIENTED_EDGE ( 'NONE', *, *, #706, .F. ) ;
#5438 = DIRECTION ( 'NONE',  ( -9.156629590798664600E-017, 1.000000000000000000, 0.0000000000000000000 ) ) ;
#5439 = CARTESIAN_POINT ( 'NONE',  ( 3.312804417805865800, 0.0000000000000000000, 3.399999999999999900 ) ) ;
#5441 = ORIENTED_EDGE ( 'NONE', *, *, #4816, .T. ) ;
#5440 = DIRECTION ( 'NONE',  ( -0.0000000000000000000, -0.0000000000000000000, -1.000000000000000000 ) ) ;
#5442 = ORIENTED_EDGE ( 'NONE', *, *, #1651, .T. ) ;
#5443 = PRESENTATION_STYLE_ASSIGNMENT (( #2405 ) ) ;
#5444 = STYLED_ITEM ( 'NONE', ( #2768 ), #3829 ) ;
#5445 = FILL_AREA_STYLE_COLOUR ( '', #1807 ) ;
#5446 = FACE_OUTER_BOUND ( 'NONE', #1579, .T. ) ;
#5447 = VERTEX_POINT ( 'NONE', #4007 ) ;
#5448 = DIRECTION ( 'NONE',  ( 0.0000000000000000000, -0.0000000000000000000, 1.000000000000000000 ) ) ;
ENDSEC;
END-ISO-10303-21;
