ISO-10303-21;
HEADER;
/* Generated by software containing ST-Developer
 * from STEP Tools, Inc. (www.steptools.com) 
 */
/* OPTION: using custom schema-name function */

FILE_DESCRIPTION(
/* description */ (''),
/* implementation_level */ '2;1');

FILE_NAME(
/* name */ '\X2\53D15BA262375B9E4F5356FE\X0\OWS-113440TA-4-2023.07.15.
stp',
/* time_stamp */ '2023-07-15T09:03:42+08:00',
/* author */ (''),
/* organization */ (''),
/* preprocessor_version */ 'ST-DEVELOPER v16',
/* originating_system */ 'SIEMENS PLM Software NX 11.0',
/* authorisation */ '');

FILE_SCHEMA (('AP203_CONFIGURATION_CONTROLLED_3D_DESIGN_OF_MECHANICAL_PARTS_AND_ASSEMBLIES_MIM_LF { 1 0 10303 403 2 1 2}'));
ENDSEC;

DATA;
#10=PROPERTY_DEFINITION_REPRESENTATION(#14,#12);
#11=PROPERTY_DEFINITION_REPRESENTATION(#15,#13);
#12=REPRESENTATION('',(#16),#8880);
#13=REPRESENTATION('',(#17),#8880);
#14=PROPERTY_DEFINITION('pmi validation property','',#89);
#15=PROPERTY_DEFINITION('pmi validation property','',#89);
#16=VALUE_REPRESENTATION_ITEM('number of annotations',COUNT_MEASURE(0.));
#17=VALUE_REPRESENTATION_ITEM('number of views',COUNT_MEASURE(0.));
#18=SHAPE_REPRESENTATION_RELATIONSHIP('None',
'relationship between Admi10145740tbur-None and Admi10145740tbur-None',
#100,#19);
#19=ADVANCED_BREP_SHAPE_REPRESENTATION('Admi10145740tbur-None',(#110),#8880);
#20=CC_DESIGN_APPROVAL(#32,(#90));
#21=CC_DESIGN_APPROVAL(#33,(#92));
#22=CC_DESIGN_APPROVAL(#34,(#39));
#23=APPROVAL_PERSON_ORGANIZATION(#77,#32,#26);
#24=APPROVAL_PERSON_ORGANIZATION(#78,#33,#27);
#25=APPROVAL_PERSON_ORGANIZATION(#79,#34,#28);
#26=APPROVAL_ROLE('approver');
#27=APPROVAL_ROLE('approver');
#28=APPROVAL_ROLE('approver');
#29=APPROVAL_DATE_TIME(#47,#32);
#30=APPROVAL_DATE_TIME(#48,#33);
#31=APPROVAL_DATE_TIME(#49,#34);
#32=APPROVAL(#35,' ');
#33=APPROVAL(#36,' ');
#34=APPROVAL(#37,' ');
#35=APPROVAL_STATUS('not_yet_approved');
#36=APPROVAL_STATUS('not_yet_approved');
#37=APPROVAL_STATUS('not_yet_approved');
#38=CC_DESIGN_SECURITY_CLASSIFICATION(#39,(#92));
#39=SECURITY_CLASSIFICATION(' ',' ',#40);
#40=SECURITY_CLASSIFICATION_LEVEL('confidential');
#41=CC_DESIGN_DATE_AND_TIME_ASSIGNMENT(#45,#43,(#90));
#42=CC_DESIGN_DATE_AND_TIME_ASSIGNMENT(#46,#44,(#39));
#43=DATE_TIME_ROLE('creation_date');
#44=DATE_TIME_ROLE('classification_date');
#45=DATE_AND_TIME(#60,#50);
#46=DATE_AND_TIME(#61,#51);
#47=DATE_AND_TIME(#62,#52);
#48=DATE_AND_TIME(#63,#53);
#49=DATE_AND_TIME(#64,#54);
#50=LOCAL_TIME(0,0,0.,#55);
#51=LOCAL_TIME(0,0,0.,#56);
#52=LOCAL_TIME(0,0,0.,#57);
#53=LOCAL_TIME(0,0,0.,#58);
#54=LOCAL_TIME(0,0,0.,#59);
#55=COORDINATED_UNIVERSAL_TIME_OFFSET(0,0,.BEHIND.);
#56=COORDINATED_UNIVERSAL_TIME_OFFSET(0,0,.BEHIND.);
#57=COORDINATED_UNIVERSAL_TIME_OFFSET(0,0,.BEHIND.);
#58=COORDINATED_UNIVERSAL_TIME_OFFSET(0,0,.BEHIND.);
#59=COORDINATED_UNIVERSAL_TIME_OFFSET(0,0,.BEHIND.);
#60=CALENDAR_DATE(0,1,1);
#61=CALENDAR_DATE(0,1,1);
#62=CALENDAR_DATE(0,1,1);
#63=CALENDAR_DATE(0,1,1);
#64=CALENDAR_DATE(0,1,1);
#65=CC_DESIGN_PERSON_AND_ORGANIZATION_ASSIGNMENT(#73,#69,(#90,#92));
#66=CC_DESIGN_PERSON_AND_ORGANIZATION_ASSIGNMENT(#74,#70,(#94));
#67=CC_DESIGN_PERSON_AND_ORGANIZATION_ASSIGNMENT(#75,#71,(#92));
#68=CC_DESIGN_PERSON_AND_ORGANIZATION_ASSIGNMENT(#76,#72,(#39));
#69=PERSON_AND_ORGANIZATION_ROLE('creator');
#70=PERSON_AND_ORGANIZATION_ROLE('design_owner');
#71=PERSON_AND_ORGANIZATION_ROLE('design_supplier');
#72=PERSON_AND_ORGANIZATION_ROLE('classification_officer');
#73=PERSON_AND_ORGANIZATION(#87,#80);
#74=PERSON_AND_ORGANIZATION(#87,#81);
#75=PERSON_AND_ORGANIZATION(#87,#82);
#76=PERSON_AND_ORGANIZATION(#87,#83);
#77=PERSON_AND_ORGANIZATION(#87,#84);
#78=PERSON_AND_ORGANIZATION(#87,#85);
#79=PERSON_AND_ORGANIZATION(#87,#86);
#80=ORGANIZATION(' ',' ',' ');
#81=ORGANIZATION(' ',' ',' ');
#82=ORGANIZATION(' ',' ',' ');
#83=ORGANIZATION(' ',' ',' ');
#84=ORGANIZATION(' ',' ',' ');
#85=ORGANIZATION(' ',' ',' ');
#86=ORGANIZATION(' ',' ',' ');
#87=PERSON(' ',' ',' ',(' '),$,$);
#88=SHAPE_DEFINITION_REPRESENTATION(#89,#100);
#89=PRODUCT_DEFINITION_SHAPE('','',#90);
#90=PRODUCT_DEFINITION(' ','',#92,#91);
#91=DESIGN_CONTEXT('',#99,'design');
#92=PRODUCT_DEFINITION_FORMATION_WITH_SPECIFIED_SOURCE(' ',' ',#94,
 .NOT_KNOWN.);
#93=PRODUCT_RELATED_PRODUCT_CATEGORY('detail','',(#94));
#94=PRODUCT('Admi10145740tbur','Admi10145740tbur',' ',(#97));
#95=PRODUCT_CATEGORY('part',' ');
#96=PRODUCT_CATEGORY(' ','');
#97=MECHANICAL_CONTEXT(' ',#99,'mechanical');
#98=APPLICATION_PROTOCOL_DEFINITION('international standard',
'config_control_design',2010,#99);
#99=APPLICATION_CONTEXT(
'configuration controlled 3D designs of mechanical parts and assemblie
s');
#100=SHAPE_REPRESENTATION('Admi10145740tbur-None',(#5059),#8880);
#101=PRESENTATION_LAYER_ASSIGNMENT('1','Layer 1',(#110));
#102=STYLED_ITEM('',(#103),#110);
#103=PRESENTATION_STYLE_ASSIGNMENT((#104));
#104=SURFACE_STYLE_USAGE(.BOTH.,#105);
#105=SURFACE_SIDE_STYLE('',(#106));
#106=SURFACE_STYLE_FILL_AREA(#107);
#107=FILL_AREA_STYLE('',(#108));
#108=FILL_AREA_STYLE_COLOUR('',#109);
#109=COLOUR_RGB('Medium Steel',0.596063172350652,0.666666666666667,0.686259250782025);
#110=MANIFOLD_SOLID_BREP('',#111);
#111=CLOSED_SHELL('',(#420,#421,#422,#423,#424,#425,#426,#427,#428,#429,
#430,#431,#432,#433,#434,#435,#436,#437,#438,#439,#440,#441,#442,#443,#444,
#445,#446,#447,#448,#449,#450,#451,#452,#453,#454,#455,#456,#457,#458,#459,
#460,#461,#462,#463,#464,#465,#466,#467,#468,#469,#470,#471,#472,#473,#474,
#475,#476,#477,#478,#479,#480,#481,#482,#483,#484,#485,#486,#487,#488,#489,
#490,#491,#492,#493,#494,#495,#496,#497,#498,#499,#500,#501,#502,#503,#504,
#505,#506,#507,#508,#509,#510,#511,#512,#513,#514,#515,#516,#517,#518,#519,
#520,#521,#522,#523,#524,#525,#526,#527,#528,#529,#530,#531,#532,#533,#534,
#535,#536,#537,#538,#539,#540,#541,#542,#543,#544,#545,#546,#547,#548,#549,
#550,#551,#552,#553,#554,#555,#556,#557,#558,#559,#560,#561,#562,#563,#564,
#565,#566,#567,#568,#569,#570,#571,#572,#573,#574,#575,#576,#577,#578,#579,
#580,#581,#582,#583,#584,#585,#586,#587,#588,#589,#590,#591,#592,#593,#594,
#595,#596,#597,#598,#599,#600,#601,#602,#603,#604,#605,#606,#607,#608,#609,
#610,#611,#612,#613,#614,#615,#616,#617,#618,#619,#620,#621,#622,#623,#624,
#625,#626,#627,#628,#629,#630,#631,#632,#633,#634,#635,#636,#637,#638,#639,
#640,#641,#642,#643,#644,#645,#646,#647,#648,#649,#650,#651,#652,#653,#654,
#655,#656,#657,#658,#659,#660,#661,#662,#663,#664,#665,#666,#667,#668,#669,
#670,#671,#672,#673,#674,#675));
#112=TOROIDAL_SURFACE('',#5444,1.35,0.2);
#113=TOROIDAL_SURFACE('',#5450,1.35,0.2);
#114=TOROIDAL_SURFACE('',#5452,1.35,0.2);
#115=TOROIDAL_SURFACE('',#5457,1.35,0.2);
#116=TOROIDAL_SURFACE('',#5460,1.6,0.2);
#117=TOROIDAL_SURFACE('',#5466,1.6,0.2);
#118=TOROIDAL_SURFACE('',#5468,1.6,0.2);
#119=TOROIDAL_SURFACE('',#5473,1.6,0.2);
#120=(
BOUNDED_SURFACE()
B_SPLINE_SURFACE(3,2,((#8667,#8668,#8669),(#8670,#8671,#8672),(#8673,#8674,
#8675),(#8676,#8677,#8678),(#8679,#8680,#8681),(#8682,#8683,#8684)),
 .UNSPECIFIED.,.F.,.F.,.F.)
B_SPLINE_SURFACE_WITH_KNOTS((4,2,4),(3,3),(0.,0.5,1.),(0.,1.),
 .UNSPECIFIED.)
GEOMETRIC_REPRESENTATION_ITEM()
RATIONAL_B_SPLINE_SURFACE(((1.,0.707106781186548,1.),(1.,0.707106781186548,
1.),(1.,0.707106781186539,1.),(1.,0.707106781186539,1.),(1.,0.707106781186548,
1.),(1.,0.707106781186548,1.)))
REPRESENTATION_ITEM('')
SURFACE()
);
#121=(
BOUNDED_SURFACE()
B_SPLINE_SURFACE(3,2,((#8704,#8705,#8706),(#8707,#8708,#8709),(#8710,#8711,
#8712),(#8713,#8714,#8715),(#8716,#8717,#8718),(#8719,#8720,#8721)),
 .UNSPECIFIED.,.F.,.F.,.F.)
B_SPLINE_SURFACE_WITH_KNOTS((4,2,4),(3,3),(0.,0.5,1.),(0.,1.),
 .UNSPECIFIED.)
GEOMETRIC_REPRESENTATION_ITEM()
RATIONAL_B_SPLINE_SURFACE(((1.,0.707106781186548,1.),(1.,0.707106781186548,
1.),(1.,0.707106781186556,1.),(1.,0.707106781186556,1.),(1.,0.707106781186535,
1.),(1.,0.707106781186535,1.)))
REPRESENTATION_ITEM('')
SURFACE()
);
#122=(
BOUNDED_SURFACE()
B_SPLINE_SURFACE(3,2,((#8763,#8764,#8765),(#8766,#8767,#8768),(#8769,#8770,
#8771),(#8772,#8773,#8774),(#8775,#8776,#8777),(#8778,#8779,#8780)),
 .UNSPECIFIED.,.F.,.F.,.F.)
B_SPLINE_SURFACE_WITH_KNOTS((4,2,4),(3,3),(0.,0.5,1.),(0.,1.),
 .UNSPECIFIED.)
GEOMETRIC_REPRESENTATION_ITEM()
RATIONAL_B_SPLINE_SURFACE(((1.,0.707106781186548,1.),(1.,0.707106781186548,
1.),(1.,0.707106781186548,1.),(1.,0.707106781186548,1.),(1.,0.707106781186548,
1.),(1.,0.707106781186548,1.)))
REPRESENTATION_ITEM('')
SURFACE()
);
#123=(
BOUNDED_SURFACE()
B_SPLINE_SURFACE(3,2,((#8800,#8801,#8802),(#8803,#8804,#8805),(#8806,#8807,
#8808),(#8809,#8810,#8811),(#8812,#8813,#8814),(#8815,#8816,#8817),(#8818,
#8819,#8820),(#8821,#8822,#8823),(#8824,#8825,#8826),(#8827,#8828,#8829),
(#8830,#8831,#8832),(#8833,#8834,#8835)),.UNSPECIFIED.,.F.,.F.,.F.)
B_SPLINE_SURFACE_WITH_KNOTS((4,2,2,2,2,4),(3,3),(0.,0.25,0.5,0.75,0.875,
1.),(0.,1.),.UNSPECIFIED.)
GEOMETRIC_REPRESENTATION_ITEM()
RATIONAL_B_SPLINE_SURFACE(((1.,0.707106781186548,1.),(1.,0.707106781186548,
1.),(1.,0.707106781186548,1.),(1.,0.707106781186548,1.),(1.,0.707106781186548,
1.),(1.,0.707106781186548,1.),(1.,0.707106781186548,1.),(1.,0.707106781186548,
1.),(1.,0.707106781186548,1.),(1.,0.707106781186548,1.),(1.,0.707106781186548,
1.),(1.,0.707106781186548,1.)))
REPRESENTATION_ITEM('')
SURFACE()
);
#124=SURFACE_OF_LINEAR_EXTRUSION('',#145,#5000);
#125=SURFACE_OF_LINEAR_EXTRUSION('',#147,#5004);
#126=SURFACE_OF_LINEAR_EXTRUSION('',#149,#5008);
#127=SURFACE_OF_LINEAR_EXTRUSION('',#151,#5012);
#128=FACE_BOUND('',#1272,.T.);
#129=FACE_BOUND('',#1273,.T.);
#130=FACE_BOUND('',#1282,.T.);
#131=FACE_BOUND('',#1283,.T.);
#132=FACE_BOUND('',#1286,.T.);
#133=FACE_BOUND('',#1287,.T.);
#134=FACE_BOUND('',#1305,.T.);
#135=FACE_BOUND('',#1306,.T.);
#136=B_SPLINE_CURVE_WITH_KNOTS('',3,(#7475,#7476,#7477,#7478),
 .UNSPECIFIED.,.F.,.F.,(4,4),(0.,1.),.UNSPECIFIED.);
#137=B_SPLINE_CURVE_WITH_KNOTS('',3,(#7573,#7574,#7575,#7576),
 .UNSPECIFIED.,.F.,.F.,(4,4),(0.,1.),.UNSPECIFIED.);
#138=B_SPLINE_CURVE_WITH_KNOTS('',3,(#7822,#7823,#7824,#7825),
 .UNSPECIFIED.,.F.,.F.,(4,4),(0.,1.),.UNSPECIFIED.);
#139=B_SPLINE_CURVE_WITH_KNOTS('',3,(#7854,#7855,#7856,#7857),
 .UNSPECIFIED.,.F.,.F.,(4,4),(0.,1.),.UNSPECIFIED.);
#140=B_SPLINE_CURVE_WITH_KNOTS('',3,(#8050,#8051,#8052,#8053,#8054,#8055,
#8056,#8057,#8058,#8059,#8060,#8061,#8062,#8063,#8064,#8065,#8066,#8067,
#8068,#8069,#8070,#8071,#8072),.UNSPECIFIED.,.F.,.F.,(4,1,1,1,1,1,1,1,1,
1,1,1,1,1,1,1,1,1,1,1,4),(0.,0.0078125,0.015625,0.03125,0.0625,0.125,0.1875,
0.21875,0.25,0.28125,0.3125,0.34375,0.359375,0.375,0.5,0.625,0.75,0.875,
0.9375,0.96875,1.),.UNSPECIFIED.);
#141=B_SPLINE_CURVE_WITH_KNOTS('',3,(#8077,#8078,#8079,#8080,#8081,#8082,
#8083,#8084,#8085,#8086,#8087,#8088,#8089,#8090,#8091,#8092,#8093,#8094,
#8095,#8096,#8097,#8098,#8099),.UNSPECIFIED.,.F.,.F.,(4,1,1,1,1,1,1,1,1,
1,1,1,1,1,1,1,1,1,1,1,4),(0.,0.03125,0.0625,0.125,0.25,0.375,0.5,0.625,
0.640625,0.65625,0.6875,0.71875,0.75,0.78125,0.8125,0.875,0.9375,0.96875,
0.984375,0.9921875,1.),.UNSPECIFIED.);
#142=B_SPLINE_CURVE_WITH_KNOTS('',3,(#8103,#8104,#8105,#8106,#8107,#8108,
#8109,#8110,#8111,#8112,#8113,#8114,#8115,#8116,#8117,#8118,#8119,#8120,
#8121,#8122,#8123,#8124,#8125,#8126,#8127,#8128,#8129,#8130,#8131,#8132),
 .UNSPECIFIED.,.F.,.F.,(4,1,1,1,1,1,1,1,1,1,1,1,1,1,1,1,1,1,1,1,1,1,1,1,
1,1,1,4),(0.,0.0009765625,0.001953125,0.00390625,0.0078125,0.015625,0.03125,
0.0625,0.09375,0.125,0.15625,0.171875,0.1875,0.25,0.3125,0.375,0.5,0.515625,
0.5234375,0.53125,0.546875,0.5625,0.625,0.6875,0.75,0.8125,0.875,1.),
 .UNSPECIFIED.);
#143=B_SPLINE_CURVE_WITH_KNOTS('',3,(#8136,#8137,#8138,#8139,#8140,#8141,
#8142,#8143,#8144,#8145,#8146,#8147,#8148,#8149,#8150,#8151,#8152,#8153,
#8154,#8155,#8156,#8157,#8158),.UNSPECIFIED.,.F.,.F.,(4,1,1,1,1,1,1,1,1,
1,1,1,1,1,1,1,1,1,1,1,4),(0.,0.03125,0.0625,0.125,0.25,0.375,0.5,0.625,
0.640625,0.65625,0.6875,0.71875,0.75,0.78125,0.8125,0.875,0.9375,0.96875,
0.984375,0.9921875,1.),.UNSPECIFIED.);
#144=B_SPLINE_CURVE_WITH_KNOTS('',3,(#8164,#8165,#8166,#8167,#8168,#8169,
#8170,#8171,#8172,#8173,#8174,#8175,#8176,#8177,#8178,#8179,#8180,#8181,
#8182,#8183,#8184,#8185),.UNSPECIFIED.,.F.,.F.,(4,3,3,3,3,3,3,4),(0.,1.73649148719029E-5,
0.169269260966879,0.373620050843403,0.585763896729274,0.79624930665149,
0.934278357448368,1.),.UNSPECIFIED.);
#145=B_SPLINE_CURVE_WITH_KNOTS('',3,(#8188,#8189,#8190,#8191,#8192,#8193,
#8194,#8195,#8196,#8197,#8198,#8199,#8200,#8201,#8202,#8203,#8204,#8205,
#8206,#8207,#8208,#8209,#8210),.UNSPECIFIED.,.F.,.F.,(4,1,1,1,1,1,1,1,1,
1,1,1,1,1,1,1,1,1,1,1,4),(0.,0.0078125,0.015625,0.03125,0.0625,0.125,0.1875,
0.21875,0.25,0.28125,0.3125,0.34375,0.359375,0.375,0.5,0.625,0.75,0.875,
0.9375,0.96875,1.),.UNSPECIFIED.);
#146=B_SPLINE_CURVE_WITH_KNOTS('',3,(#8215,#8216,#8217,#8218,#8219,#8220,
#8221,#8222,#8223,#8224,#8225,#8226,#8227,#8228,#8229,#8230,#8231,#8232,
#8233,#8234,#8235,#8236),.UNSPECIFIED.,.F.,.F.,(4,3,3,3,3,3,3,4),(0.,1.73658984600939E-5,
0.169267023275967,0.373574325634865,0.585745004523348,0.796233267669555,
0.934277770760607,1.),.UNSPECIFIED.);
#147=B_SPLINE_CURVE_WITH_KNOTS('',3,(#8239,#8240,#8241,#8242,#8243,#8244,
#8245,#8246,#8247,#8248,#8249,#8250,#8251,#8252,#8253,#8254,#8255,#8256,
#8257,#8258,#8259,#8260,#8261),.UNSPECIFIED.,.F.,.F.,(4,1,1,1,1,1,1,1,1,
1,1,1,1,1,1,1,1,1,1,1,4),(0.,0.0078125,0.015625,0.03125,0.0625,0.125,0.1875,
0.21875,0.25,0.28125,0.3125,0.34375,0.359375,0.375,0.5,0.625,0.75,0.875,
0.9375,0.96875,1.),.UNSPECIFIED.);
#148=B_SPLINE_CURVE_WITH_KNOTS('',3,(#8266,#8267,#8268,#8269,#8270,#8271,
#8272,#8273,#8274,#8275,#8276,#8277,#8278,#8279,#8280,#8281,#8282,#8283,
#8284,#8285,#8286,#8287),.UNSPECIFIED.,.F.,.F.,(4,3,3,3,3,3,3,4),(0.,1.73659759520032E-5,
0.169256388984388,0.373515692659268,0.585716924579268,0.796211481177843,
0.934265882061803,1.),.UNSPECIFIED.);
#149=B_SPLINE_CURVE_WITH_KNOTS('',3,(#8290,#8291,#8292,#8293,#8294,#8295,
#8296,#8297,#8298,#8299,#8300,#8301,#8302,#8303,#8304,#8305,#8306,#8307,
#8308,#8309,#8310,#8311,#8312),.UNSPECIFIED.,.F.,.F.,(4,1,1,1,1,1,1,1,1,
1,1,1,1,1,1,1,1,1,1,1,4),(0.,0.0078125,0.015625,0.03125,0.0625,0.125,0.1875,
0.21875,0.25,0.28125,0.3125,0.34375,0.359375,0.375,0.5,0.625,0.75,0.875,
0.9375,0.96875,1.),.UNSPECIFIED.);
#150=B_SPLINE_CURVE_WITH_KNOTS('',3,(#8317,#8318,#8319,#8320,#8321,#8322,
#8323,#8324,#8325,#8326,#8327,#8328,#8329,#8330,#8331,#8332,#8333,#8334,
#8335,#8336,#8337,#8338,#8339,#8340,#8341),.UNSPECIFIED.,.F.,.F.,(4,3,3,
3,3,3,3,3,4),(0.,1.73107854510648E-5,0.144081995349053,0.344743429144446,
0.572156139163658,0.787202542877381,0.824977677998708,0.978171280323381,
1.),.UNSPECIFIED.);
#151=B_SPLINE_CURVE_WITH_KNOTS('',3,(#8344,#8345,#8346,#8347,#8348,#8349,
#8350,#8351,#8352,#8353,#8354,#8355,#8356,#8357,#8358,#8359,#8360,#8361,
#8362,#8363,#8364,#8365,#8366,#8367,#8368,#8369,#8370,#8371,#8372,#8373),
 .UNSPECIFIED.,.F.,.F.,(4,1,1,1,1,1,1,1,1,1,1,1,1,1,1,1,1,1,1,1,1,1,1,1,
1,1,1,4),(0.,0.0009765625,0.001953125,0.00390625,0.0078125,0.015625,0.03125,
0.0625,0.09375,0.125,0.15625,0.171875,0.1875,0.25,0.3125,0.375,0.5,0.515625,
0.5234375,0.53125,0.546875,0.5625,0.625,0.6875,0.75,0.8125,0.875,1.),
 .UNSPECIFIED.);
#152=B_SPLINE_CURVE_WITH_KNOTS('',3,(#8392,#8393,#8394,#8395,#8396,#8397,
#8398,#8399,#8400,#8401,#8402,#8403,#8404,#8405,#8406,#8407),
 .UNSPECIFIED.,.F.,.F.,(4,3,3,3,3,4),(0.,0.213348994444192,0.426542160085932,
0.654459142201622,0.854454619250988,1.),.UNSPECIFIED.);
#153=B_SPLINE_CURVE_WITH_KNOTS('',3,(#8412,#8413,#8414,#8415,#8416,#8417,
#8418,#8419,#8420,#8421,#8422,#8423,#8424,#8425,#8426,#8427),
 .UNSPECIFIED.,.F.,.F.,(4,3,3,3,3,4),(0.,0.205407106911857,0.414895071582031,
0.626727428949103,0.831129167550876,1.),.UNSPECIFIED.);
#154=B_SPLINE_CURVE_WITH_KNOTS('',3,(#8431,#8432,#8433,#8434,#8435,#8436,
#8437,#8438,#8439,#8440,#8441,#8442,#8443,#8444,#8445,#8446),
 .UNSPECIFIED.,.F.,.F.,(4,3,3,3,3,4),(0.,0.205384204507049,0.414866489437763,
0.626669127073634,0.831118289780643,1.),.UNSPECIFIED.);
#155=B_SPLINE_CURVE_WITH_KNOTS('',3,(#8450,#8451,#8452,#8453,#8454,#8455,
#8456,#8457,#8458,#8459,#8460,#8461,#8462,#8463,#8464,#8465),
 .UNSPECIFIED.,.F.,.F.,(4,3,3,3,3,4),(0.,0.205366462543649,0.414846792777374,
0.62662312883487,0.831115017121088,1.),.UNSPECIFIED.);
#156=B_SPLINE_CURVE_WITH_KNOTS('',3,(#8552,#8553,#8554,#8555),
 .UNSPECIFIED.,.F.,.F.,(4,4),(0.,1.),.UNSPECIFIED.);
#157=B_SPLINE_CURVE_WITH_KNOTS('',3,(#8560,#8561,#8562,#8563),
 .UNSPECIFIED.,.F.,.F.,(4,4),(0.,1.),.UNSPECIFIED.);
#158=B_SPLINE_CURVE_WITH_KNOTS('',3,(#8567,#8568,#8569,#8570),
 .UNSPECIFIED.,.F.,.F.,(4,4),(0.,1.),.UNSPECIFIED.);
#159=B_SPLINE_CURVE_WITH_KNOTS('',3,(#8574,#8575,#8576,#8577),
 .UNSPECIFIED.,.F.,.F.,(4,4),(0.,1.),.UNSPECIFIED.);
#160=B_SPLINE_CURVE_WITH_KNOTS('',3,(#8582,#8583,#8584,#8585),
 .UNSPECIFIED.,.F.,.F.,(4,4),(0.,1.),.UNSPECIFIED.);
#161=B_SPLINE_CURVE_WITH_KNOTS('',3,(#8589,#8590,#8591,#8592),
 .UNSPECIFIED.,.F.,.F.,(4,4),(0.,1.),.UNSPECIFIED.);
#162=B_SPLINE_CURVE_WITH_KNOTS('',3,(#8596,#8597,#8598,#8599),
 .UNSPECIFIED.,.F.,.F.,(4,4),(0.,1.),.UNSPECIFIED.);
#163=B_SPLINE_CURVE_WITH_KNOTS('',3,(#8603,#8604,#8605,#8606),
 .UNSPECIFIED.,.F.,.F.,(4,4),(0.,1.),.UNSPECIFIED.);
#164=B_SPLINE_CURVE_WITH_KNOTS('',3,(#8609,#8610,#8611,#8612,#8613,#8614,
#8615,#8616,#8617,#8618,#8619,#8620,#8621,#8622,#8623,#8624,#8625,#8626,
#8627),.UNSPECIFIED.,.F.,.F.,(4,3,3,3,3,3,4),(0.,0.0385425199878895,0.140685007844281,
0.355606185295073,0.570434447946781,0.785215738519554,1.),.UNSPECIFIED.);
#165=B_SPLINE_CURVE_WITH_KNOTS('',3,(#8628,#8629,#8630,#8631,#8632,#8633,
#8634,#8635,#8636,#8637,#8638,#8639,#8640,#8641,#8642,#8643,#8644,#8645,
#8646),.UNSPECIFIED.,.F.,.F.,(4,3,3,3,3,3,4),(0.,0.214835203073568,0.429669116884152,
0.644523361848244,0.859416359027026,0.951342015812155,1.),.UNSPECIFIED.);
#166=B_SPLINE_CURVE_WITH_KNOTS('',3,(#8648,#8649,#8650,#8651,#8652,#8653,
#8654,#8655,#8656,#8657,#8658,#8659,#8660,#8661,#8662,#8663,#8664,#8665,
#8666),.UNSPECIFIED.,.F.,.F.,(4,3,3,3,3,3,4),(0.,0.214784288989098,0.429565607824295,
0.644393886767653,0.859315055252946,0.961454585364539,1.),.UNSPECIFIED.);
#167=B_SPLINE_CURVE_WITH_KNOTS('',3,(#8685,#8686,#8687,#8688,#8689,#8690,
#8691,#8692,#8693,#8694,#8695,#8696,#8697,#8698,#8699,#8700,#8701,#8702,
#8703),.UNSPECIFIED.,.F.,.F.,(4,3,3,3,3,3,4),(0.,0.0486811742827079,0.140583582611249,
0.355476518229944,0.570330777157737,0.785164745225628,1.),.UNSPECIFIED.);
#168=B_SPLINE_CURVE_WITH_KNOTS('',3,(#8722,#8723,#8724,#8725,#8726,#8727,
#8728,#8729,#8730,#8731,#8732,#8733,#8734,#8735,#8736,#8737,#8738,#8739,
#8740),.UNSPECIFIED.,.F.,.F.,(4,3,3,3,3,3,4),(0.,0.214835163743609,0.429669036278482,
0.644523270569809,0.859416314340694,0.951359515962274,1.),.UNSPECIFIED.);
#169=B_SPLINE_CURVE_WITH_KNOTS('',3,(#8744,#8745,#8746,#8747,#8748,#8749,
#8750,#8751,#8752,#8753,#8754,#8755,#8756,#8757,#8758,#8759,#8760,#8761,
#8762),.UNSPECIFIED.,.F.,.F.,(4,3,3,3,3,3,4),(0.,0.21478427705061,0.42956558354533,
0.644393856454724,0.859315030050939,0.961455510329352,1.),.UNSPECIFIED.);
#170=B_SPLINE_CURVE_WITH_KNOTS('',3,(#8781,#8782,#8783,#8784,#8785,#8786,
#8787,#8788,#8789,#8790,#8791,#8792,#8793,#8794,#8795,#8796,#8797,#8798,
#8799),.UNSPECIFIED.,.F.,.F.,(4,3,3,3,3,3,4),(0.,0.0325568831992043,0.14117102776123,
0.356249923895888,0.571047522466608,0.78551206862199,1.),.UNSPECIFIED.);
#171=CYLINDRICAL_SURFACE('',#5063,1.8);
#172=CYLINDRICAL_SURFACE('',#5067,1.8);
#173=CYLINDRICAL_SURFACE('',#5071,1.8);
#174=CYLINDRICAL_SURFACE('',#5075,1.8);
#175=CYLINDRICAL_SURFACE('',#5083,0.8);
#176=CYLINDRICAL_SURFACE('',#5086,0.8);
#177=CYLINDRICAL_SURFACE('',#5089,0.8);
#178=CYLINDRICAL_SURFACE('',#5093,0.8);
#179=CYLINDRICAL_SURFACE('',#5101,0.2);
#180=CYLINDRICAL_SURFACE('',#5105,0.2);
#181=CYLINDRICAL_SURFACE('',#5108,0.2);
#182=CYLINDRICAL_SURFACE('',#5112,0.2);
#183=CYLINDRICAL_SURFACE('',#5116,0.6);
#184=CYLINDRICAL_SURFACE('',#5119,0.25);
#185=CYLINDRICAL_SURFACE('',#5124,0.2);
#186=CYLINDRICAL_SURFACE('',#5128,0.2);
#187=CYLINDRICAL_SURFACE('',#5135,0.2);
#188=CYLINDRICAL_SURFACE('',#5139,0.2);
#189=CYLINDRICAL_SURFACE('',#5143,0.6);
#190=CYLINDRICAL_SURFACE('',#5146,0.25);
#191=CYLINDRICAL_SURFACE('',#5171,0.25);
#192=CYLINDRICAL_SURFACE('',#5177,0.25);
#193=CYLINDRICAL_SURFACE('',#5184,0.18);
#194=CYLINDRICAL_SURFACE('',#5200,1.55);
#195=CYLINDRICAL_SURFACE('',#5209,0.5);
#196=CYLINDRICAL_SURFACE('',#5212,0.1999999999999);
#197=CYLINDRICAL_SURFACE('',#5214,1.55);
#198=CYLINDRICAL_SURFACE('',#5232,0.6);
#199=CYLINDRICAL_SURFACE('',#5233,0.6);
#200=CYLINDRICAL_SURFACE('',#5234,0.2);
#201=CYLINDRICAL_SURFACE('',#5236,0.2);
#202=CYLINDRICAL_SURFACE('',#5238,0.2);
#203=CYLINDRICAL_SURFACE('',#5254,0.18);
#204=CYLINDRICAL_SURFACE('',#5262,0.18);
#205=CYLINDRICAL_SURFACE('',#5263,0.5);
#206=CYLINDRICAL_SURFACE('',#5270,0.1);
#207=CYLINDRICAL_SURFACE('',#5276,1.55);
#208=CYLINDRICAL_SURFACE('',#5279,0.1);
#209=CYLINDRICAL_SURFACE('',#5290,0.2);
#210=CYLINDRICAL_SURFACE('',#5293,1.55);
#211=CYLINDRICAL_SURFACE('',#5300,0.1);
#212=CYLINDRICAL_SURFACE('',#5303,0.18);
#213=CYLINDRICAL_SURFACE('',#5312,0.1);
#214=CYLINDRICAL_SURFACE('',#5327,2.05);
#215=CYLINDRICAL_SURFACE('',#5330,0.1);
#216=CYLINDRICAL_SURFACE('',#5333,0.09999999999749);
#217=CYLINDRICAL_SURFACE('',#5337,0.09999999999718);
#218=CYLINDRICAL_SURFACE('',#5340,2.05);
#219=CYLINDRICAL_SURFACE('',#5343,0.1);
#220=CYLINDRICAL_SURFACE('',#5347,0.09999999999718);
#221=CYLINDRICAL_SURFACE('',#5350,2.05);
#222=CYLINDRICAL_SURFACE('',#5353,0.1);
#223=CYLINDRICAL_SURFACE('',#5357,0.09999999999749);
#224=CYLINDRICAL_SURFACE('',#5360,2.05);
#225=CYLINDRICAL_SURFACE('',#5363,0.1);
#226=CYLINDRICAL_SURFACE('',#5367,1.55);
#227=CYLINDRICAL_SURFACE('',#5372,1.55);
#228=CYLINDRICAL_SURFACE('',#5385,0.18);
#229=CYLINDRICAL_SURFACE('',#5387,0.18);
#230=CYLINDRICAL_SURFACE('',#5395,0.18);
#231=CYLINDRICAL_SURFACE('',#5399,0.18);
#232=CYLINDRICAL_SURFACE('',#5406,1.55);
#233=CYLINDRICAL_SURFACE('',#5408,1.55);
#234=CYLINDRICAL_SURFACE('',#5411,1.55);
#235=CYLINDRICAL_SURFACE('',#5414,1.55);
#236=CYLINDRICAL_SURFACE('',#5424,1.850103735924);
#237=CYLINDRICAL_SURFACE('',#5426,1.850103735924);
#238=CYLINDRICAL_SURFACE('',#5428,1.849981665611);
#239=CYLINDRICAL_SURFACE('',#5430,1.849981665611);
#240=CYLINDRICAL_SURFACE('',#5432,0.2);
#241=CYLINDRICAL_SURFACE('',#5433,0.2);
#242=CYLINDRICAL_SURFACE('',#5435,0.2);
#243=CYLINDRICAL_SURFACE('',#5436,0.2);
#244=CYLINDRICAL_SURFACE('',#5438,1.55);
#245=CYLINDRICAL_SURFACE('',#5441,1.55);
#246=CYLINDRICAL_SURFACE('',#5446,0.2);
#247=CYLINDRICAL_SURFACE('',#5448,0.2);
#248=CYLINDRICAL_SURFACE('',#5454,0.2);
#249=CYLINDRICAL_SURFACE('',#5456,0.2);
#250=CYLINDRICAL_SURFACE('',#5462,0.2);
#251=CYLINDRICAL_SURFACE('',#5464,0.2);
#252=CYLINDRICAL_SURFACE('',#5470,0.2);
#253=CYLINDRICAL_SURFACE('',#5472,0.2);
#254=CIRCLE('',#5061,1.8);
#255=CIRCLE('',#5062,1.8);
#256=CIRCLE('',#5065,1.8);
#257=CIRCLE('',#5066,1.8);
#258=CIRCLE('',#5069,1.8);
#259=CIRCLE('',#5070,1.8);
#260=CIRCLE('',#5073,1.8);
#261=CIRCLE('',#5074,1.8);
#262=CIRCLE('',#5076,1.6);
#263=CIRCLE('',#5077,1.6);
#264=CIRCLE('',#5078,1.6);
#265=CIRCLE('',#5079,1.6);
#266=CIRCLE('',#5081,0.8);
#267=CIRCLE('',#5082,0.8);
#268=CIRCLE('',#5084,0.8);
#269=CIRCLE('',#5085,0.8);
#270=CIRCLE('',#5087,0.8);
#271=CIRCLE('',#5088,0.8);
#272=CIRCLE('',#5090,0.8);
#273=CIRCLE('',#5092,0.8);
#274=CIRCLE('',#5099,0.2);
#275=CIRCLE('',#5100,0.2);
#276=CIRCLE('',#5103,0.2);
#277=CIRCLE('',#5104,0.2);
#278=CIRCLE('',#5106,0.2);
#279=CIRCLE('',#5107,0.2);
#280=CIRCLE('',#5109,0.2);
#281=CIRCLE('',#5111,0.2);
#282=CIRCLE('',#5114,0.6);
#283=CIRCLE('',#5115,0.6);
#284=CIRCLE('',#5117,0.25);
#285=CIRCLE('',#5118,0.25);
#286=CIRCLE('',#5122,0.2);
#287=CIRCLE('',#5123,0.2);
#288=CIRCLE('',#5126,0.2);
#289=CIRCLE('',#5127,0.2);
#290=CIRCLE('',#5133,0.2);
#291=CIRCLE('',#5134,0.2);
#292=CIRCLE('',#5136,0.2);
#293=CIRCLE('',#5138,0.2);
#294=CIRCLE('',#5141,0.6);
#295=CIRCLE('',#5142,0.6);
#296=CIRCLE('',#5144,0.25);
#297=CIRCLE('',#5145,0.25);
#298=CIRCLE('',#5149,1.55);
#299=CIRCLE('',#5150,1.55);
#300=CIRCLE('',#5153,1.55);
#301=CIRCLE('',#5154,1.55);
#302=CIRCLE('',#5155,0.5);
#303=CIRCLE('',#5156,0.5);
#304=CIRCLE('',#5157,0.1999999999999);
#305=CIRCLE('',#5158,1.55);
#306=CIRCLE('',#5159,1.55);
#307=CIRCLE('',#5160,0.1);
#308=CIRCLE('',#5161,0.1);
#309=CIRCLE('',#5162,1.55);
#310=CIRCLE('',#5163,1.55);
#311=CIRCLE('',#5166,1.55);
#312=CIRCLE('',#5167,1.55);
#313=CIRCLE('',#5169,0.25);
#314=CIRCLE('',#5170,0.25);
#315=CIRCLE('',#5172,0.2);
#316=CIRCLE('',#5173,0.2);
#317=CIRCLE('',#5175,0.25);
#318=CIRCLE('',#5176,0.25);
#319=CIRCLE('',#5178,0.2);
#320=CIRCLE('',#5179,0.2);
#321=CIRCLE('',#5181,0.18);
#322=CIRCLE('',#5183,0.18);
#323=CIRCLE('',#5189,0.6);
#324=CIRCLE('',#5192,0.6);
#325=CIRCLE('',#5196,0.2);
#326=CIRCLE('',#5197,0.2);
#327=CIRCLE('',#5208,0.5);
#328=CIRCLE('',#5211,0.1999999999999);
#329=CIRCLE('',#5213,1.55);
#330=CIRCLE('',#5222,0.18);
#331=CIRCLE('',#5224,0.6);
#332=CIRCLE('',#5227,0.6);
#333=CIRCLE('',#5237,0.2);
#334=CIRCLE('',#5239,0.2);
#335=CIRCLE('',#5242,0.5);
#336=CIRCLE('',#5243,1.55);
#337=CIRCLE('',#5244,1.55);
#338=CIRCLE('',#5245,0.1);
#339=CIRCLE('',#5247,1.55);
#340=CIRCLE('',#5251,0.18);
#341=CIRCLE('',#5253,0.18);
#342=CIRCLE('',#5255,1.55);
#343=CIRCLE('',#5259,0.18);
#344=CIRCLE('',#5261,0.18);
#345=CIRCLE('',#5267,0.1);
#346=CIRCLE('',#5269,0.1);
#347=CIRCLE('',#5278,0.1);
#348=CIRCLE('',#5297,0.1);
#349=CIRCLE('',#5302,0.18);
#350=CIRCLE('',#5306,0.18);
#351=CIRCLE('',#5309,0.1);
#352=CIRCLE('',#5322,0.18);
#353=CIRCLE('',#5325,2.05);
#354=CIRCLE('',#5326,2.05);
#355=CIRCLE('',#5328,0.1);
#356=CIRCLE('',#5329,0.1);
#357=CIRCLE('',#5331,0.09999999999749);
#358=CIRCLE('',#5332,0.09999999999749);
#359=CIRCLE('',#5335,0.09999999999718);
#360=CIRCLE('',#5336,0.09999999999718);
#361=CIRCLE('',#5338,2.05);
#362=CIRCLE('',#5339,2.05);
#363=CIRCLE('',#5341,0.1);
#364=CIRCLE('',#5342,0.1);
#365=CIRCLE('',#5345,0.09999999999718);
#366=CIRCLE('',#5346,0.09999999999718);
#367=CIRCLE('',#5348,2.05);
#368=CIRCLE('',#5349,2.05);
#369=CIRCLE('',#5351,0.1);
#370=CIRCLE('',#5352,0.1);
#371=CIRCLE('',#5355,0.09999999999749);
#372=CIRCLE('',#5356,0.09999999999749);
#373=CIRCLE('',#5358,2.05);
#374=CIRCLE('',#5359,2.05);
#375=CIRCLE('',#5361,0.1);
#376=CIRCLE('',#5362,0.1);
#377=CIRCLE('',#5365,1.55);
#378=CIRCLE('',#5366,1.55);
#379=CIRCLE('',#5370,1.55);
#380=CIRCLE('',#5371,1.55);
#381=CIRCLE('',#5379,1.35);
#382=CIRCLE('',#5380,1.35);
#383=CIRCLE('',#5381,1.35);
#384=CIRCLE('',#5382,1.35);
#385=CIRCLE('',#5384,0.18);
#386=CIRCLE('',#5386,0.18);
#387=CIRCLE('',#5388,1.55);
#388=CIRCLE('',#5389,1.55);
#389=CIRCLE('',#5391,0.18);
#390=CIRCLE('',#5393,0.18);
#391=CIRCLE('',#5396,0.18);
#392=CIRCLE('',#5398,0.18);
#393=CIRCLE('',#5405,1.55);
#394=CIRCLE('',#5407,1.55);
#395=CIRCLE('',#5410,1.55);
#396=CIRCLE('',#5413,1.55);
#397=CIRCLE('',#5416,1.849981665611);
#398=CIRCLE('',#5417,1.849981665611);
#399=CIRCLE('',#5418,1.850103735924);
#400=CIRCLE('',#5419,1.850103735924);
#401=CIRCLE('',#5434,0.2);
#402=CIRCLE('',#5437,1.55);
#403=CIRCLE('',#5440,1.55);
#404=CIRCLE('',#5442,0.2);
#405=CIRCLE('',#5443,0.2);
#406=CIRCLE('',#5445,0.2);
#407=CIRCLE('',#5447,0.2);
#408=CIRCLE('',#5449,0.2);
#409=CIRCLE('',#5451,0.2);
#410=CIRCLE('',#5453,0.2);
#411=CIRCLE('',#5455,0.2);
#412=CIRCLE('',#5458,0.2);
#413=CIRCLE('',#5459,0.2);
#414=CIRCLE('',#5461,0.2);
#415=CIRCLE('',#5463,0.2);
#416=CIRCLE('',#5465,0.2);
#417=CIRCLE('',#5467,0.2);
#418=CIRCLE('',#5469,0.2);
#419=CIRCLE('',#5471,0.2);
#420=ADVANCED_FACE('',(#833),#676,.T.);
#421=ADVANCED_FACE('',(#834),#171,.T.);
#422=ADVANCED_FACE('',(#835),#677,.T.);
#423=ADVANCED_FACE('',(#836),#172,.T.);
#424=ADVANCED_FACE('',(#837),#678,.T.);
#425=ADVANCED_FACE('',(#838),#173,.T.);
#426=ADVANCED_FACE('',(#839),#679,.T.);
#427=ADVANCED_FACE('',(#840),#174,.T.);
#428=ADVANCED_FACE('',(#841),#680,.F.);
#429=ADVANCED_FACE('',(#842),#175,.F.);
#430=ADVANCED_FACE('',(#843),#176,.F.);
#431=ADVANCED_FACE('',(#844),#177,.F.);
#432=ADVANCED_FACE('',(#845),#681,.F.);
#433=ADVANCED_FACE('',(#846),#178,.F.);
#434=ADVANCED_FACE('',(#847),#682,.T.);
#435=ADVANCED_FACE('',(#848),#683,.T.);
#436=ADVANCED_FACE('',(#849),#684,.F.);
#437=ADVANCED_FACE('',(#850),#685,.F.);
#438=ADVANCED_FACE('',(#851),#686,.F.);
#439=ADVANCED_FACE('',(#852),#179,.T.);
#440=ADVANCED_FACE('',(#853),#687,.F.);
#441=ADVANCED_FACE('',(#854),#180,.T.);
#442=ADVANCED_FACE('',(#855),#181,.T.);
#443=ADVANCED_FACE('',(#856),#688,.T.);
#444=ADVANCED_FACE('',(#857),#182,.T.);
#445=ADVANCED_FACE('',(#858),#689,.F.);
#446=ADVANCED_FACE('',(#859),#183,.T.);
#447=ADVANCED_FACE('',(#860),#184,.F.);
#448=ADVANCED_FACE('',(#861),#690,.T.);
#449=ADVANCED_FACE('',(#862),#691,.F.);
#450=ADVANCED_FACE('',(#863),#185,.T.);
#451=ADVANCED_FACE('',(#864),#692,.F.);
#452=ADVANCED_FACE('',(#865),#186,.T.);
#453=ADVANCED_FACE('',(#866),#693,.T.);
#454=ADVANCED_FACE('',(#867),#694,.F.);
#455=ADVANCED_FACE('',(#868),#695,.F.);
#456=ADVANCED_FACE('',(#869),#696,.F.);
#457=ADVANCED_FACE('',(#870),#187,.T.);
#458=ADVANCED_FACE('',(#871),#697,.T.);
#459=ADVANCED_FACE('',(#872),#188,.T.);
#460=ADVANCED_FACE('',(#873),#698,.F.);
#461=ADVANCED_FACE('',(#874),#189,.T.);
#462=ADVANCED_FACE('',(#875),#190,.F.);
#463=ADVANCED_FACE('',(#876),#699,.T.);
#464=ADVANCED_FACE('',(#877),#700,.F.);
#465=ADVANCED_FACE('',(#878),#701,.T.);
#466=ADVANCED_FACE('',(#879),#702,.T.);
#467=ADVANCED_FACE('',(#880),#703,.F.);
#468=ADVANCED_FACE('',(#881),#704,.T.);
#469=ADVANCED_FACE('',(#882),#705,.T.);
#470=ADVANCED_FACE('',(#883),#191,.F.);
#471=ADVANCED_FACE('',(#884),#706,.F.);
#472=ADVANCED_FACE('',(#885),#192,.F.);
#473=ADVANCED_FACE('',(#886),#707,.T.);
#474=ADVANCED_FACE('',(#887),#708,.F.);
#475=ADVANCED_FACE('',(#888),#193,.T.);
#476=ADVANCED_FACE('',(#889),#709,.T.);
#477=ADVANCED_FACE('',(#890),#710,.F.);
#478=ADVANCED_FACE('',(#891),#711,.T.);
#479=ADVANCED_FACE('',(#892),#712,.F.);
#480=ADVANCED_FACE('',(#893),#713,.F.);
#481=ADVANCED_FACE('',(#894),#714,.T.);
#482=ADVANCED_FACE('',(#895),#715,.T.);
#483=ADVANCED_FACE('',(#896),#716,.F.);
#484=ADVANCED_FACE('',(#897),#717,.T.);
#485=ADVANCED_FACE('',(#898),#718,.T.);
#486=ADVANCED_FACE('',(#899),#719,.T.);
#487=ADVANCED_FACE('',(#900),#194,.F.);
#488=ADVANCED_FACE('',(#901),#720,.F.);
#489=ADVANCED_FACE('',(#902),#721,.F.);
#490=ADVANCED_FACE('',(#903),#722,.T.);
#491=ADVANCED_FACE('',(#904),#723,.T.);
#492=ADVANCED_FACE('',(#905),#724,.T.);
#493=ADVANCED_FACE('',(#906),#725,.F.);
#494=ADVANCED_FACE('',(#907),#726,.F.);
#495=ADVANCED_FACE('',(#908),#195,.T.);
#496=ADVANCED_FACE('',(#909),#727,.F.);
#497=ADVANCED_FACE('',(#910),#196,.F.);
#498=ADVANCED_FACE('',(#911),#197,.F.);
#499=ADVANCED_FACE('',(#912),#728,.F.);
#500=ADVANCED_FACE('',(#913),#729,.F.);
#501=ADVANCED_FACE('',(#914),#730,.F.);
#502=ADVANCED_FACE('',(#915),#731,.T.);
#503=ADVANCED_FACE('',(#916),#732,.F.);
#504=ADVANCED_FACE('',(#917),#733,.T.);
#505=ADVANCED_FACE('',(#918),#734,.T.);
#506=ADVANCED_FACE('',(#919),#735,.F.);
#507=ADVANCED_FACE('',(#920),#736,.F.);
#508=ADVANCED_FACE('',(#921),#737,.F.);
#509=ADVANCED_FACE('',(#922),#738,.T.);
#510=ADVANCED_FACE('',(#923),#739,.F.);
#511=ADVANCED_FACE('',(#924),#740,.T.);
#512=ADVANCED_FACE('',(#925),#741,.F.);
#513=ADVANCED_FACE('',(#926),#198,.T.);
#514=ADVANCED_FACE('',(#927),#199,.T.);
#515=ADVANCED_FACE('',(#928),#200,.T.);
#516=ADVANCED_FACE('',(#929),#742,.F.);
#517=ADVANCED_FACE('',(#930),#201,.T.);
#518=ADVANCED_FACE('',(#931),#202,.T.);
#519=ADVANCED_FACE('',(#932),#743,.T.);
#520=ADVANCED_FACE('',(#933),#744,.F.);
#521=ADVANCED_FACE('',(#934),#745,.F.);
#522=ADVANCED_FACE('',(#935),#746,.F.);
#523=ADVANCED_FACE('',(#936),#747,.F.);
#524=ADVANCED_FACE('',(#937),#748,.F.);
#525=ADVANCED_FACE('',(#938),#749,.F.);
#526=ADVANCED_FACE('',(#939),#203,.T.);
#527=ADVANCED_FACE('',(#940),#750,.F.);
#528=ADVANCED_FACE('',(#941),#751,.T.);
#529=ADVANCED_FACE('',(#942),#752,.T.);
#530=ADVANCED_FACE('',(#943),#753,.T.);
#531=ADVANCED_FACE('',(#944),#204,.T.);
#532=ADVANCED_FACE('',(#945),#205,.T.);
#533=ADVANCED_FACE('',(#946),#754,.F.);
#534=ADVANCED_FACE('',(#947),#755,.T.);
#535=ADVANCED_FACE('',(#948),#756,.T.);
#536=ADVANCED_FACE('',(#949),#757,.T.);
#537=ADVANCED_FACE('',(#950),#206,.T.);
#538=ADVANCED_FACE('',(#951),#758,.F.);
#539=ADVANCED_FACE('',(#952),#759,.F.);
#540=ADVANCED_FACE('',(#953),#760,.F.);
#541=ADVANCED_FACE('',(#954),#761,.T.);
#542=ADVANCED_FACE('',(#955),#762,.F.);
#543=ADVANCED_FACE('',(#956),#207,.F.);
#544=ADVANCED_FACE('',(#957),#763,.F.);
#545=ADVANCED_FACE('',(#958),#208,.T.);
#546=ADVANCED_FACE('',(#959),#764,.T.);
#547=ADVANCED_FACE('',(#960),#765,.T.);
#548=ADVANCED_FACE('',(#961),#766,.T.);
#549=ADVANCED_FACE('',(#962),#767,.T.);
#550=ADVANCED_FACE('',(#963),#768,.T.);
#551=ADVANCED_FACE('',(#964),#769,.T.);
#552=ADVANCED_FACE('',(#965),#770,.T.);
#553=ADVANCED_FACE('',(#966),#771,.T.);
#554=ADVANCED_FACE('',(#967),#772,.T.);
#555=ADVANCED_FACE('',(#968),#773,.T.);
#556=ADVANCED_FACE('',(#969),#209,.T.);
#557=ADVANCED_FACE('',(#970),#774,.F.);
#558=ADVANCED_FACE('',(#971),#775,.T.);
#559=ADVANCED_FACE('',(#972),#210,.F.);
#560=ADVANCED_FACE('',(#973),#776,.T.);
#561=ADVANCED_FACE('',(#974),#777,.F.);
#562=ADVANCED_FACE('',(#975),#778,.F.);
#563=ADVANCED_FACE('',(#976),#779,.T.);
#564=ADVANCED_FACE('',(#977),#780,.T.);
#565=ADVANCED_FACE('',(#978),#211,.T.);
#566=ADVANCED_FACE('',(#979),#781,.T.);
#567=ADVANCED_FACE('',(#980),#212,.T.);
#568=ADVANCED_FACE('',(#981),#782,.T.);
#569=ADVANCED_FACE('',(#982),#783,.T.);
#570=ADVANCED_FACE('',(#983),#784,.T.);
#571=ADVANCED_FACE('',(#984),#785,.F.);
#572=ADVANCED_FACE('',(#985),#786,.T.);
#573=ADVANCED_FACE('',(#986),#787,.T.);
#574=ADVANCED_FACE('',(#987),#213,.T.);
#575=ADVANCED_FACE('',(#988),#788,.T.);
#576=ADVANCED_FACE('',(#989),#789,.T.);
#577=ADVANCED_FACE('',(#990),#790,.T.);
#578=ADVANCED_FACE('',(#991),#791,.T.);
#579=ADVANCED_FACE('',(#992),#792,.T.);
#580=ADVANCED_FACE('',(#993),#793,.T.);
#581=ADVANCED_FACE('',(#994),#794,.T.);
#582=ADVANCED_FACE('',(#995),#795,.T.);
#583=ADVANCED_FACE('',(#996),#796,.T.);
#584=ADVANCED_FACE('',(#997),#797,.F.);
#585=ADVANCED_FACE('',(#998),#798,.T.);
#586=ADVANCED_FACE('',(#999),#214,.F.);
#587=ADVANCED_FACE('',(#1000),#215,.T.);
#588=ADVANCED_FACE('',(#1001),#216,.T.);
#589=ADVANCED_FACE('',(#1002),#799,.F.);
#590=ADVANCED_FACE('',(#1003),#217,.T.);
#591=ADVANCED_FACE('',(#1004),#218,.F.);
#592=ADVANCED_FACE('',(#1005),#219,.T.);
#593=ADVANCED_FACE('',(#1006),#800,.F.);
#594=ADVANCED_FACE('',(#1007),#220,.T.);
#595=ADVANCED_FACE('',(#1008),#221,.F.);
#596=ADVANCED_FACE('',(#1009),#222,.T.);
#597=ADVANCED_FACE('',(#1010),#801,.F.);
#598=ADVANCED_FACE('',(#1011),#223,.T.);
#599=ADVANCED_FACE('',(#1012),#224,.F.);
#600=ADVANCED_FACE('',(#1013),#225,.T.);
#601=ADVANCED_FACE('',(#1014),#802,.F.);
#602=ADVANCED_FACE('',(#1015),#226,.T.);
#603=ADVANCED_FACE('',(#1016),#803,.F.);
#604=ADVANCED_FACE('',(#1017),#804,.F.);
#605=ADVANCED_FACE('',(#1018),#227,.T.);
#606=ADVANCED_FACE('',(#1019),#805,.F.);
#607=ADVANCED_FACE('',(#128,#129),#806,.T.);
#608=ADVANCED_FACE('',(#1020),#124,.F.);
#609=ADVANCED_FACE('',(#1021),#807,.F.);
#610=ADVANCED_FACE('',(#1022),#125,.F.);
#611=ADVANCED_FACE('',(#1023),#808,.F.);
#612=ADVANCED_FACE('',(#1024),#126,.F.);
#613=ADVANCED_FACE('',(#1025),#809,.F.);
#614=ADVANCED_FACE('',(#1026),#127,.F.);
#615=ADVANCED_FACE('',(#1027),#810,.F.);
#616=ADVANCED_FACE('',(#130,#131),#811,.T.);
#617=ADVANCED_FACE('',(#1028),#228,.T.);
#618=ADVANCED_FACE('',(#1029),#229,.T.);
#619=ADVANCED_FACE('',(#132,#133),#812,.F.);
#620=ADVANCED_FACE('',(#1030),#813,.F.);
#621=ADVANCED_FACE('',(#1031),#814,.F.);
#622=ADVANCED_FACE('',(#1032),#230,.T.);
#623=ADVANCED_FACE('',(#1033),#815,.T.);
#624=ADVANCED_FACE('',(#1034),#231,.T.);
#625=ADVANCED_FACE('',(#1035),#816,.T.);
#626=ADVANCED_FACE('',(#1036),#817,.F.);
#627=ADVANCED_FACE('',(#1037),#818,.F.);
#628=ADVANCED_FACE('',(#1038),#819,.T.);
#629=ADVANCED_FACE('',(#1039),#820,.T.);
#630=ADVANCED_FACE('',(#1040),#232,.F.);
#631=ADVANCED_FACE('',(#1041),#233,.F.);
#632=ADVANCED_FACE('',(#1042),#821,.F.);
#633=ADVANCED_FACE('',(#1043),#234,.F.);
#634=ADVANCED_FACE('',(#1044),#822,.F.);
#635=ADVANCED_FACE('',(#1045),#235,.F.);
#636=ADVANCED_FACE('',(#1046),#823,.T.);
#637=ADVANCED_FACE('',(#134,#135),#824,.T.);
#638=ADVANCED_FACE('',(#1047),#825,.T.);
#639=ADVANCED_FACE('',(#1048),#826,.F.);
#640=ADVANCED_FACE('',(#1049),#827,.T.);
#641=ADVANCED_FACE('',(#1050),#236,.F.);
#642=ADVANCED_FACE('',(#1051),#828,.F.);
#643=ADVANCED_FACE('',(#1052),#237,.F.);
#644=ADVANCED_FACE('',(#1053),#829,.F.);
#645=ADVANCED_FACE('',(#1054),#238,.F.);
#646=ADVANCED_FACE('',(#1055),#830,.F.);
#647=ADVANCED_FACE('',(#1056),#239,.F.);
#648=ADVANCED_FACE('',(#1057),#831,.F.);
#649=ADVANCED_FACE('',(#1058),#240,.T.);
#650=ADVANCED_FACE('',(#1059),#120,.T.);
#651=ADVANCED_FACE('',(#1060),#121,.T.);
#652=ADVANCED_FACE('',(#1061),#241,.T.);
#653=ADVANCED_FACE('',(#1062),#242,.T.);
#654=ADVANCED_FACE('',(#1063),#122,.T.);
#655=ADVANCED_FACE('',(#1064),#123,.T.);
#656=ADVANCED_FACE('',(#1065),#243,.T.);
#657=ADVANCED_FACE('',(#1066),#244,.T.);
#658=ADVANCED_FACE('',(#1067),#832,.F.);
#659=ADVANCED_FACE('',(#1068),#245,.T.);
#660=ADVANCED_FACE('',(#1069),#112,.T.);
#661=ADVANCED_FACE('',(#1070),#246,.T.);
#662=ADVANCED_FACE('',(#1071),#247,.T.);
#663=ADVANCED_FACE('',(#1072),#113,.T.);
#664=ADVANCED_FACE('',(#1073),#114,.T.);
#665=ADVANCED_FACE('',(#1074),#248,.T.);
#666=ADVANCED_FACE('',(#1075),#249,.T.);
#667=ADVANCED_FACE('',(#1076),#115,.T.);
#668=ADVANCED_FACE('',(#1077),#116,.T.);
#669=ADVANCED_FACE('',(#1078),#250,.T.);
#670=ADVANCED_FACE('',(#1079),#251,.T.);
#671=ADVANCED_FACE('',(#1080),#117,.T.);
#672=ADVANCED_FACE('',(#1081),#118,.T.);
#673=ADVANCED_FACE('',(#1082),#252,.T.);
#674=ADVANCED_FACE('',(#1083),#253,.T.);
#675=ADVANCED_FACE('',(#1084),#119,.T.);
#676=PLANE('',#5060);
#677=PLANE('',#5064);
#678=PLANE('',#5068);
#679=PLANE('',#5072);
#680=PLANE('',#5080);
#681=PLANE('',#5091);
#682=PLANE('',#5094);
#683=PLANE('',#5095);
#684=PLANE('',#5096);
#685=PLANE('',#5097);
#686=PLANE('',#5098);
#687=PLANE('',#5102);
#688=PLANE('',#5110);
#689=PLANE('',#5113);
#690=PLANE('',#5120);
#691=PLANE('',#5121);
#692=PLANE('',#5125);
#693=PLANE('',#5129);
#694=PLANE('',#5130);
#695=PLANE('',#5131);
#696=PLANE('',#5132);
#697=PLANE('',#5137);
#698=PLANE('',#5140);
#699=PLANE('',#5147);
#700=PLANE('',#5148);
#701=PLANE('',#5151);
#702=PLANE('',#5152);
#703=PLANE('',#5164);
#704=PLANE('',#5165);
#705=PLANE('',#5168);
#706=PLANE('',#5174);
#707=PLANE('',#5180);
#708=PLANE('',#5182);
#709=PLANE('',#5185);
#710=PLANE('',#5186);
#711=PLANE('',#5187);
#712=PLANE('',#5188);
#713=PLANE('',#5190);
#714=PLANE('',#5191);
#715=PLANE('',#5193);
#716=PLANE('',#5194);
#717=PLANE('',#5195);
#718=PLANE('',#5198);
#719=PLANE('',#5199);
#720=PLANE('',#5201);
#721=PLANE('',#5202);
#722=PLANE('',#5203);
#723=PLANE('',#5204);
#724=PLANE('',#5205);
#725=PLANE('',#5206);
#726=PLANE('',#5207);
#727=PLANE('',#5210);
#728=PLANE('',#5215);
#729=PLANE('',#5216);
#730=PLANE('',#5217);
#731=PLANE('',#5218);
#732=PLANE('',#5219);
#733=PLANE('',#5220);
#734=PLANE('',#5221);
#735=PLANE('',#5223);
#736=PLANE('',#5225);
#737=PLANE('',#5226);
#738=PLANE('',#5228);
#739=PLANE('',#5229);
#740=PLANE('',#5230);
#741=PLANE('',#5231);
#742=PLANE('',#5235);
#743=PLANE('',#5240);
#744=PLANE('',#5241);
#745=PLANE('',#5246);
#746=PLANE('',#5248);
#747=PLANE('',#5249);
#748=PLANE('',#5250);
#749=PLANE('',#5252);
#750=PLANE('',#5256);
#751=PLANE('',#5257);
#752=PLANE('',#5258);
#753=PLANE('',#5260);
#754=PLANE('',#5264);
#755=PLANE('',#5265);
#756=PLANE('',#5266);
#757=PLANE('',#5268);
#758=PLANE('',#5271);
#759=PLANE('',#5272);
#760=PLANE('',#5273);
#761=PLANE('',#5274);
#762=PLANE('',#5275);
#763=PLANE('',#5277);
#764=PLANE('',#5280);
#765=PLANE('',#5281);
#766=PLANE('',#5282);
#767=PLANE('',#5283);
#768=PLANE('',#5284);
#769=PLANE('',#5285);
#770=PLANE('',#5286);
#771=PLANE('',#5287);
#772=PLANE('',#5288);
#773=PLANE('',#5289);
#774=PLANE('',#5291);
#775=PLANE('',#5292);
#776=PLANE('',#5294);
#777=PLANE('',#5295);
#778=PLANE('',#5296);
#779=PLANE('',#5298);
#780=PLANE('',#5299);
#781=PLANE('',#5301);
#782=PLANE('',#5304);
#783=PLANE('',#5305);
#784=PLANE('',#5307);
#785=PLANE('',#5308);
#786=PLANE('',#5310);
#787=PLANE('',#5311);
#788=PLANE('',#5313);
#789=PLANE('',#5314);
#790=PLANE('',#5315);
#791=PLANE('',#5316);
#792=PLANE('',#5317);
#793=PLANE('',#5318);
#794=PLANE('',#5319);
#795=PLANE('',#5320);
#796=PLANE('',#5321);
#797=PLANE('',#5323);
#798=PLANE('',#5324);
#799=PLANE('',#5334);
#800=PLANE('',#5344);
#801=PLANE('',#5354);
#802=PLANE('',#5364);
#803=PLANE('',#5368);
#804=PLANE('',#5369);
#805=PLANE('',#5373);
#806=PLANE('',#5374);
#807=PLANE('',#5375);
#808=PLANE('',#5376);
#809=PLANE('',#5377);
#810=PLANE('',#5378);
#811=PLANE('',#5383);
#812=PLANE('',#5390);
#813=PLANE('',#5392);
#814=PLANE('',#5394);
#815=PLANE('',#5397);
#816=PLANE('',#5400);
#817=PLANE('',#5401);
#818=PLANE('',#5402);
#819=PLANE('',#5403);
#820=PLANE('',#5404);
#821=PLANE('',#5409);
#822=PLANE('',#5412);
#823=PLANE('',#5415);
#824=PLANE('',#5420);
#825=PLANE('',#5421);
#826=PLANE('',#5422);
#827=PLANE('',#5423);
#828=PLANE('',#5425);
#829=PLANE('',#5427);
#830=PLANE('',#5429);
#831=PLANE('',#5431);
#832=PLANE('',#5439);
#833=FACE_OUTER_BOUND('',#1085,.T.);
#834=FACE_OUTER_BOUND('',#1086,.T.);
#835=FACE_OUTER_BOUND('',#1087,.T.);
#836=FACE_OUTER_BOUND('',#1088,.T.);
#837=FACE_OUTER_BOUND('',#1089,.T.);
#838=FACE_OUTER_BOUND('',#1090,.T.);
#839=FACE_OUTER_BOUND('',#1091,.T.);
#840=FACE_OUTER_BOUND('',#1092,.T.);
#841=FACE_OUTER_BOUND('',#1093,.T.);
#842=FACE_OUTER_BOUND('',#1094,.T.);
#843=FACE_OUTER_BOUND('',#1095,.T.);
#844=FACE_OUTER_BOUND('',#1096,.T.);
#845=FACE_OUTER_BOUND('',#1097,.T.);
#846=FACE_OUTER_BOUND('',#1098,.T.);
#847=FACE_OUTER_BOUND('',#1099,.T.);
#848=FACE_OUTER_BOUND('',#1100,.T.);
#849=FACE_OUTER_BOUND('',#1101,.T.);
#850=FACE_OUTER_BOUND('',#1102,.T.);
#851=FACE_OUTER_BOUND('',#1103,.T.);
#852=FACE_OUTER_BOUND('',#1104,.T.);
#853=FACE_OUTER_BOUND('',#1105,.T.);
#854=FACE_OUTER_BOUND('',#1106,.T.);
#855=FACE_OUTER_BOUND('',#1107,.T.);
#856=FACE_OUTER_BOUND('',#1108,.T.);
#857=FACE_OUTER_BOUND('',#1109,.T.);
#858=FACE_OUTER_BOUND('',#1110,.T.);
#859=FACE_OUTER_BOUND('',#1111,.T.);
#860=FACE_OUTER_BOUND('',#1112,.T.);
#861=FACE_OUTER_BOUND('',#1113,.T.);
#862=FACE_OUTER_BOUND('',#1114,.T.);
#863=FACE_OUTER_BOUND('',#1115,.T.);
#864=FACE_OUTER_BOUND('',#1116,.T.);
#865=FACE_OUTER_BOUND('',#1117,.T.);
#866=FACE_OUTER_BOUND('',#1118,.T.);
#867=FACE_OUTER_BOUND('',#1119,.T.);
#868=FACE_OUTER_BOUND('',#1120,.T.);
#869=FACE_OUTER_BOUND('',#1121,.T.);
#870=FACE_OUTER_BOUND('',#1122,.T.);
#871=FACE_OUTER_BOUND('',#1123,.T.);
#872=FACE_OUTER_BOUND('',#1124,.T.);
#873=FACE_OUTER_BOUND('',#1125,.T.);
#874=FACE_OUTER_BOUND('',#1126,.T.);
#875=FACE_OUTER_BOUND('',#1127,.T.);
#876=FACE_OUTER_BOUND('',#1128,.T.);
#877=FACE_OUTER_BOUND('',#1129,.T.);
#878=FACE_OUTER_BOUND('',#1130,.T.);
#879=FACE_OUTER_BOUND('',#1131,.T.);
#880=FACE_OUTER_BOUND('',#1132,.T.);
#881=FACE_OUTER_BOUND('',#1133,.T.);
#882=FACE_OUTER_BOUND('',#1134,.T.);
#883=FACE_OUTER_BOUND('',#1135,.T.);
#884=FACE_OUTER_BOUND('',#1136,.T.);
#885=FACE_OUTER_BOUND('',#1137,.T.);
#886=FACE_OUTER_BOUND('',#1138,.T.);
#887=FACE_OUTER_BOUND('',#1139,.T.);
#888=FACE_OUTER_BOUND('',#1140,.T.);
#889=FACE_OUTER_BOUND('',#1141,.T.);
#890=FACE_OUTER_BOUND('',#1142,.T.);
#891=FACE_OUTER_BOUND('',#1143,.T.);
#892=FACE_OUTER_BOUND('',#1144,.T.);
#893=FACE_OUTER_BOUND('',#1145,.T.);
#894=FACE_OUTER_BOUND('',#1146,.T.);
#895=FACE_OUTER_BOUND('',#1147,.T.);
#896=FACE_OUTER_BOUND('',#1148,.T.);
#897=FACE_OUTER_BOUND('',#1149,.T.);
#898=FACE_OUTER_BOUND('',#1150,.T.);
#899=FACE_OUTER_BOUND('',#1151,.T.);
#900=FACE_OUTER_BOUND('',#1152,.T.);
#901=FACE_OUTER_BOUND('',#1153,.T.);
#902=FACE_OUTER_BOUND('',#1154,.T.);
#903=FACE_OUTER_BOUND('',#1155,.T.);
#904=FACE_OUTER_BOUND('',#1156,.T.);
#905=FACE_OUTER_BOUND('',#1157,.T.);
#906=FACE_OUTER_BOUND('',#1158,.T.);
#907=FACE_OUTER_BOUND('',#1159,.T.);
#908=FACE_OUTER_BOUND('',#1160,.T.);
#909=FACE_OUTER_BOUND('',#1161,.T.);
#910=FACE_OUTER_BOUND('',#1162,.T.);
#911=FACE_OUTER_BOUND('',#1163,.T.);
#912=FACE_OUTER_BOUND('',#1164,.T.);
#913=FACE_OUTER_BOUND('',#1165,.T.);
#914=FACE_OUTER_BOUND('',#1166,.T.);
#915=FACE_OUTER_BOUND('',#1167,.T.);
#916=FACE_OUTER_BOUND('',#1168,.T.);
#917=FACE_OUTER_BOUND('',#1169,.T.);
#918=FACE_OUTER_BOUND('',#1170,.T.);
#919=FACE_OUTER_BOUND('',#1171,.T.);
#920=FACE_OUTER_BOUND('',#1172,.T.);
#921=FACE_OUTER_BOUND('',#1173,.T.);
#922=FACE_OUTER_BOUND('',#1174,.T.);
#923=FACE_OUTER_BOUND('',#1175,.T.);
#924=FACE_OUTER_BOUND('',#1176,.T.);
#925=FACE_OUTER_BOUND('',#1177,.T.);
#926=FACE_OUTER_BOUND('',#1178,.T.);
#927=FACE_OUTER_BOUND('',#1179,.T.);
#928=FACE_OUTER_BOUND('',#1180,.T.);
#929=FACE_OUTER_BOUND('',#1181,.T.);
#930=FACE_OUTER_BOUND('',#1182,.T.);
#931=FACE_OUTER_BOUND('',#1183,.T.);
#932=FACE_OUTER_BOUND('',#1184,.T.);
#933=FACE_OUTER_BOUND('',#1185,.T.);
#934=FACE_OUTER_BOUND('',#1186,.T.);
#935=FACE_OUTER_BOUND('',#1187,.T.);
#936=FACE_OUTER_BOUND('',#1188,.T.);
#937=FACE_OUTER_BOUND('',#1189,.T.);
#938=FACE_OUTER_BOUND('',#1190,.T.);
#939=FACE_OUTER_BOUND('',#1191,.T.);
#940=FACE_OUTER_BOUND('',#1192,.T.);
#941=FACE_OUTER_BOUND('',#1193,.T.);
#942=FACE_OUTER_BOUND('',#1194,.T.);
#943=FACE_OUTER_BOUND('',#1195,.T.);
#944=FACE_OUTER_BOUND('',#1196,.T.);
#945=FACE_OUTER_BOUND('',#1197,.T.);
#946=FACE_OUTER_BOUND('',#1198,.T.);
#947=FACE_OUTER_BOUND('',#1199,.T.);
#948=FACE_OUTER_BOUND('',#1200,.T.);
#949=FACE_OUTER_BOUND('',#1201,.T.);
#950=FACE_OUTER_BOUND('',#1202,.T.);
#951=FACE_OUTER_BOUND('',#1203,.T.);
#952=FACE_OUTER_BOUND('',#1204,.T.);
#953=FACE_OUTER_BOUND('',#1205,.T.);
#954=FACE_OUTER_BOUND('',#1206,.T.);
#955=FACE_OUTER_BOUND('',#1207,.T.);
#956=FACE_OUTER_BOUND('',#1208,.T.);
#957=FACE_OUTER_BOUND('',#1209,.T.);
#958=FACE_OUTER_BOUND('',#1210,.T.);
#959=FACE_OUTER_BOUND('',#1211,.T.);
#960=FACE_OUTER_BOUND('',#1212,.T.);
#961=FACE_OUTER_BOUND('',#1213,.T.);
#962=FACE_OUTER_BOUND('',#1214,.T.);
#963=FACE_OUTER_BOUND('',#1215,.T.);
#964=FACE_OUTER_BOUND('',#1216,.T.);
#965=FACE_OUTER_BOUND('',#1217,.T.);
#966=FACE_OUTER_BOUND('',#1218,.T.);
#967=FACE_OUTER_BOUND('',#1219,.T.);
#968=FACE_OUTER_BOUND('',#1220,.T.);
#969=FACE_OUTER_BOUND('',#1221,.T.);
#970=FACE_OUTER_BOUND('',#1222,.T.);
#971=FACE_OUTER_BOUND('',#1223,.T.);
#972=FACE_OUTER_BOUND('',#1224,.T.);
#973=FACE_OUTER_BOUND('',#1225,.T.);
#974=FACE_OUTER_BOUND('',#1226,.T.);
#975=FACE_OUTER_BOUND('',#1227,.T.);
#976=FACE_OUTER_BOUND('',#1228,.T.);
#977=FACE_OUTER_BOUND('',#1229,.T.);
#978=FACE_OUTER_BOUND('',#1230,.T.);
#979=FACE_OUTER_BOUND('',#1231,.T.);
#980=FACE_OUTER_BOUND('',#1232,.T.);
#981=FACE_OUTER_BOUND('',#1233,.T.);
#982=FACE_OUTER_BOUND('',#1234,.T.);
#983=FACE_OUTER_BOUND('',#1235,.T.);
#984=FACE_OUTER_BOUND('',#1236,.T.);
#985=FACE_OUTER_BOUND('',#1237,.T.);
#986=FACE_OUTER_BOUND('',#1238,.T.);
#987=FACE_OUTER_BOUND('',#1239,.T.);
#988=FACE_OUTER_BOUND('',#1240,.T.);
#989=FACE_OUTER_BOUND('',#1241,.T.);
#990=FACE_OUTER_BOUND('',#1242,.T.);
#991=FACE_OUTER_BOUND('',#1243,.T.);
#992=FACE_OUTER_BOUND('',#1244,.T.);
#993=FACE_OUTER_BOUND('',#1245,.T.);
#994=FACE_OUTER_BOUND('',#1246,.T.);
#995=FACE_OUTER_BOUND('',#1247,.T.);
#996=FACE_OUTER_BOUND('',#1248,.T.);
#997=FACE_OUTER_BOUND('',#1249,.T.);
#998=FACE_OUTER_BOUND('',#1250,.T.);
#999=FACE_OUTER_BOUND('',#1251,.T.);
#1000=FACE_OUTER_BOUND('',#1252,.T.);
#1001=FACE_OUTER_BOUND('',#1253,.T.);
#1002=FACE_OUTER_BOUND('',#1254,.T.);
#1003=FACE_OUTER_BOUND('',#1255,.T.);
#1004=FACE_OUTER_BOUND('',#1256,.T.);
#1005=FACE_OUTER_BOUND('',#1257,.T.);
#1006=FACE_OUTER_BOUND('',#1258,.T.);
#1007=FACE_OUTER_BOUND('',#1259,.T.);
#1008=FACE_OUTER_BOUND('',#1260,.T.);
#1009=FACE_OUTER_BOUND('',#1261,.T.);
#1010=FACE_OUTER_BOUND('',#1262,.T.);
#1011=FACE_OUTER_BOUND('',#1263,.T.);
#1012=FACE_OUTER_BOUND('',#1264,.T.);
#1013=FACE_OUTER_BOUND('',#1265,.T.);
#1014=FACE_OUTER_BOUND('',#1266,.T.);
#1015=FACE_OUTER_BOUND('',#1267,.T.);
#1016=FACE_OUTER_BOUND('',#1268,.T.);
#1017=FACE_OUTER_BOUND('',#1269,.T.);
#1018=FACE_OUTER_BOUND('',#1270,.T.);
#1019=FACE_OUTER_BOUND('',#1271,.T.);
#1020=FACE_OUTER_BOUND('',#1274,.T.);
#1021=FACE_OUTER_BOUND('',#1275,.T.);
#1022=FACE_OUTER_BOUND('',#1276,.T.);
#1023=FACE_OUTER_BOUND('',#1277,.T.);
#1024=FACE_OUTER_BOUND('',#1278,.T.);
#1025=FACE_OUTER_BOUND('',#1279,.T.);
#1026=FACE_OUTER_BOUND('',#1280,.T.);
#1027=FACE_OUTER_BOUND('',#1281,.T.);
#1028=FACE_OUTER_BOUND('',#1284,.T.);
#1029=FACE_OUTER_BOUND('',#1285,.T.);
#1030=FACE_OUTER_BOUND('',#1288,.T.);
#1031=FACE_OUTER_BOUND('',#1289,.T.);
#1032=FACE_OUTER_BOUND('',#1290,.T.);
#1033=FACE_OUTER_BOUND('',#1291,.T.);
#1034=FACE_OUTER_BOUND('',#1292,.T.);
#1035=FACE_OUTER_BOUND('',#1293,.T.);
#1036=FACE_OUTER_BOUND('',#1294,.T.);
#1037=FACE_OUTER_BOUND('',#1295,.T.);
#1038=FACE_OUTER_BOUND('',#1296,.T.);
#1039=FACE_OUTER_BOUND('',#1297,.T.);
#1040=FACE_OUTER_BOUND('',#1298,.T.);
#1041=FACE_OUTER_BOUND('',#1299,.T.);
#1042=FACE_OUTER_BOUND('',#1300,.T.);
#1043=FACE_OUTER_BOUND('',#1301,.T.);
#1044=FACE_OUTER_BOUND('',#1302,.T.);
#1045=FACE_OUTER_BOUND('',#1303,.T.);
#1046=FACE_OUTER_BOUND('',#1304,.T.);
#1047=FACE_OUTER_BOUND('',#1307,.T.);
#1048=FACE_OUTER_BOUND('',#1308,.T.);
#1049=FACE_OUTER_BOUND('',#1309,.T.);
#1050=FACE_OUTER_BOUND('',#1310,.T.);
#1051=FACE_OUTER_BOUND('',#1311,.T.);
#1052=FACE_OUTER_BOUND('',#1312,.T.);
#1053=FACE_OUTER_BOUND('',#1313,.T.);
#1054=FACE_OUTER_BOUND('',#1314,.T.);
#1055=FACE_OUTER_BOUND('',#1315,.T.);
#1056=FACE_OUTER_BOUND('',#1316,.T.);
#1057=FACE_OUTER_BOUND('',#1317,.T.);
#1058=FACE_OUTER_BOUND('',#1318,.T.);
#1059=FACE_OUTER_BOUND('',#1319,.T.);
#1060=FACE_OUTER_BOUND('',#1320,.T.);
#1061=FACE_OUTER_BOUND('',#1321,.T.);
#1062=FACE_OUTER_BOUND('',#1322,.T.);
#1063=FACE_OUTER_BOUND('',#1323,.T.);
#1064=FACE_OUTER_BOUND('',#1324,.T.);
#1065=FACE_OUTER_BOUND('',#1325,.T.);
#1066=FACE_OUTER_BOUND('',#1326,.T.);
#1067=FACE_OUTER_BOUND('',#1327,.T.);
#1068=FACE_OUTER_BOUND('',#1328,.T.);
#1069=FACE_OUTER_BOUND('',#1329,.T.);
#1070=FACE_OUTER_BOUND('',#1330,.T.);
#1071=FACE_OUTER_BOUND('',#1331,.T.);
#1072=FACE_OUTER_BOUND('',#1332,.T.);
#1073=FACE_OUTER_BOUND('',#1333,.T.);
#1074=FACE_OUTER_BOUND('',#1334,.T.);
#1075=FACE_OUTER_BOUND('',#1335,.T.);
#1076=FACE_OUTER_BOUND('',#1336,.T.);
#1077=FACE_OUTER_BOUND('',#1337,.T.);
#1078=FACE_OUTER_BOUND('',#1338,.T.);
#1079=FACE_OUTER_BOUND('',#1339,.T.);
#1080=FACE_OUTER_BOUND('',#1340,.T.);
#1081=FACE_OUTER_BOUND('',#1341,.T.);
#1082=FACE_OUTER_BOUND('',#1342,.T.);
#1083=FACE_OUTER_BOUND('',#1343,.T.);
#1084=FACE_OUTER_BOUND('',#1344,.T.);
#1085=EDGE_LOOP('',(#1345,#1346,#1347,#1348));
#1086=EDGE_LOOP('',(#1349,#1350,#1351,#1352));
#1087=EDGE_LOOP('',(#1353,#1354,#1355,#1356));
#1088=EDGE_LOOP('',(#1357,#1358,#1359,#1360));
#1089=EDGE_LOOP('',(#1361,#1362,#1363,#1364));
#1090=EDGE_LOOP('',(#1365,#1366,#1367,#1368));
#1091=EDGE_LOOP('',(#1369,#1370,#1371,#1372));
#1092=EDGE_LOOP('',(#1373,#1374,#1375,#1376));
#1093=EDGE_LOOP('',(#1377,#1378,#1379,#1380,#1381,#1382,#1383,#1384));
#1094=EDGE_LOOP('',(#1385,#1386,#1387,#1388));
#1095=EDGE_LOOP('',(#1389,#1390,#1391,#1392));
#1096=EDGE_LOOP('',(#1393,#1394,#1395,#1396));
#1097=EDGE_LOOP('',(#1397,#1398,#1399,#1400,#1401,#1402,#1403,#1404,#1405,
#1406,#1407,#1408,#1409,#1410,#1411,#1412));
#1098=EDGE_LOOP('',(#1413,#1414,#1415,#1416));
#1099=EDGE_LOOP('',(#1417,#1418,#1419,#1420,#1421,#1422,#1423,#1424,#1425,
#1426,#1427,#1428,#1429,#1430,#1431,#1432));
#1100=EDGE_LOOP('',(#1433,#1434,#1435,#1436));
#1101=EDGE_LOOP('',(#1437,#1438,#1439,#1440));
#1102=EDGE_LOOP('',(#1441,#1442,#1443,#1444));
#1103=EDGE_LOOP('',(#1445,#1446,#1447,#1448));
#1104=EDGE_LOOP('',(#1449,#1450,#1451,#1452));
#1105=EDGE_LOOP('',(#1453,#1454,#1455,#1456));
#1106=EDGE_LOOP('',(#1457,#1458,#1459,#1460));
#1107=EDGE_LOOP('',(#1461,#1462,#1463,#1464));
#1108=EDGE_LOOP('',(#1465,#1466,#1467,#1468,#1469,#1470,#1471,#1472,#1473,
#1474,#1475,#1476));
#1109=EDGE_LOOP('',(#1477,#1478,#1479,#1480));
#1110=EDGE_LOOP('',(#1481,#1482,#1483,#1484,#1485,#1486,#1487,#1488,#1489,
#1490,#1491,#1492));
#1111=EDGE_LOOP('',(#1493,#1494,#1495,#1496));
#1112=EDGE_LOOP('',(#1497,#1498,#1499,#1500));
#1113=EDGE_LOOP('',(#1501,#1502,#1503,#1504,#1505,#1506,#1507,#1508));
#1114=EDGE_LOOP('',(#1509,#1510,#1511,#1512,#1513,#1514,#1515,#1516));
#1115=EDGE_LOOP('',(#1517,#1518,#1519,#1520));
#1116=EDGE_LOOP('',(#1521,#1522,#1523,#1524));
#1117=EDGE_LOOP('',(#1525,#1526,#1527,#1528));
#1118=EDGE_LOOP('',(#1529,#1530,#1531,#1532));
#1119=EDGE_LOOP('',(#1533,#1534,#1535,#1536));
#1120=EDGE_LOOP('',(#1537,#1538,#1539,#1540));
#1121=EDGE_LOOP('',(#1541,#1542,#1543,#1544));
#1122=EDGE_LOOP('',(#1545,#1546,#1547,#1548));
#1123=EDGE_LOOP('',(#1549,#1550,#1551,#1552,#1553,#1554,#1555,#1556,#1557,
#1558,#1559,#1560));
#1124=EDGE_LOOP('',(#1561,#1562,#1563,#1564));
#1125=EDGE_LOOP('',(#1565,#1566,#1567,#1568,#1569,#1570,#1571,#1572,#1573,
#1574,#1575,#1576));
#1126=EDGE_LOOP('',(#1577,#1578,#1579,#1580));
#1127=EDGE_LOOP('',(#1581,#1582,#1583,#1584));
#1128=EDGE_LOOP('',(#1585,#1586,#1587,#1588,#1589,#1590,#1591,#1592));
#1129=EDGE_LOOP('',(#1593,#1594,#1595,#1596,#1597,#1598,#1599,#1600));
#1130=EDGE_LOOP('',(#1601,#1602,#1603,#1604,#1605,#1606,#1607,#1608,#1609,
#1610,#1611,#1612,#1613,#1614,#1615,#1616,#1617,#1618,#1619,#1620,#1621,
#1622,#1623,#1624,#1625,#1626,#1627,#1628));
#1131=EDGE_LOOP('',(#1629,#1630,#1631,#1632,#1633,#1634,#1635,#1636));
#1132=EDGE_LOOP('',(#1637,#1638,#1639,#1640,#1641,#1642,#1643,#1644,#1645,
#1646,#1647,#1648,#1649,#1650,#1651,#1652,#1653,#1654,#1655,#1656,#1657,
#1658,#1659,#1660,#1661,#1662,#1663,#1664,#1665,#1666,#1667,#1668,#1669,
#1670,#1671,#1672,#1673,#1674,#1675,#1676));
#1133=EDGE_LOOP('',(#1677,#1678,#1679,#1680,#1681,#1682,#1683,#1684));
#1134=EDGE_LOOP('',(#1685,#1686,#1687,#1688,#1689,#1690,#1691,#1692,#1693,
#1694,#1695,#1696,#1697,#1698,#1699,#1700,#1701,#1702,#1703,#1704,#1705,
#1706,#1707,#1708,#1709,#1710,#1711,#1712));
#1135=EDGE_LOOP('',(#1713,#1714,#1715,#1716));
#1136=EDGE_LOOP('',(#1717,#1718,#1719,#1720,#1721,#1722));
#1137=EDGE_LOOP('',(#1723,#1724,#1725,#1726));
#1138=EDGE_LOOP('',(#1727,#1728,#1729,#1730,#1731,#1732));
#1139=EDGE_LOOP('',(#1733,#1734,#1735,#1736));
#1140=EDGE_LOOP('',(#1737,#1738,#1739,#1740));
#1141=EDGE_LOOP('',(#1741,#1742,#1743,#1744,#1745,#1746,#1747,#1748,#1749,
#1750));
#1142=EDGE_LOOP('',(#1751,#1752,#1753,#1754));
#1143=EDGE_LOOP('',(#1755,#1756,#1757,#1758,#1759,#1760,#1761,#1762));
#1144=EDGE_LOOP('',(#1763,#1764,#1765,#1766,#1767,#1768));
#1145=EDGE_LOOP('',(#1769,#1770,#1771,#1772,#1773,#1774,#1775,#1776,#1777,
#1778,#1779,#1780));
#1146=EDGE_LOOP('',(#1781,#1782,#1783,#1784));
#1147=EDGE_LOOP('',(#1785,#1786,#1787,#1788,#1789,#1790,#1791,#1792,#1793,
#1794,#1795,#1796));
#1148=EDGE_LOOP('',(#1797,#1798,#1799,#1800));
#1149=EDGE_LOOP('',(#1801,#1802,#1803,#1804));
#1150=EDGE_LOOP('',(#1805,#1806,#1807,#1808,#1809,#1810,#1811,#1812,#1813,
#1814));
#1151=EDGE_LOOP('',(#1815,#1816,#1817,#1818));
#1152=EDGE_LOOP('',(#1819,#1820,#1821,#1822,#1823));
#1153=EDGE_LOOP('',(#1824,#1825,#1826,#1827,#1828,#1829,#1830));
#1154=EDGE_LOOP('',(#1831,#1832,#1833,#1834));
#1155=EDGE_LOOP('',(#1835,#1836,#1837,#1838));
#1156=EDGE_LOOP('',(#1839,#1840,#1841,#1842,#1843,#1844,#1845,#1846,#1847,
#1848,#1849,#1850,#1851,#1852,#1853,#1854));
#1157=EDGE_LOOP('',(#1855,#1856,#1857,#1858,#1859,#1860,#1861,#1862,#1863,
#1864,#1865,#1866,#1867,#1868,#1869,#1870,#1871,#1872,#1873,#1874));
#1158=EDGE_LOOP('',(#1875,#1876,#1877,#1878,#1879,#1880));
#1159=EDGE_LOOP('',(#1881,#1882,#1883,#1884));
#1160=EDGE_LOOP('',(#1885,#1886,#1887,#1888));
#1161=EDGE_LOOP('',(#1889,#1890,#1891,#1892));
#1162=EDGE_LOOP('',(#1893,#1894,#1895,#1896));
#1163=EDGE_LOOP('',(#1897,#1898,#1899,#1900,#1901,#1902,#1903));
#1164=EDGE_LOOP('',(#1904,#1905,#1906,#1907));
#1165=EDGE_LOOP('',(#1908,#1909,#1910,#1911,#1912,#1913,#1914));
#1166=EDGE_LOOP('',(#1915,#1916,#1917,#1918));
#1167=EDGE_LOOP('',(#1919,#1920,#1921,#1922));
#1168=EDGE_LOOP('',(#1923,#1924,#1925,#1926));
#1169=EDGE_LOOP('',(#1927,#1928,#1929,#1930));
#1170=EDGE_LOOP('',(#1931,#1932,#1933,#1934,#1935,#1936,#1937,#1938,#1939,
#1940));
#1171=EDGE_LOOP('',(#1941,#1942,#1943,#1944,#1945,#1946));
#1172=EDGE_LOOP('',(#1947,#1948,#1949,#1950,#1951,#1952,#1953,#1954,#1955,
#1956,#1957,#1958));
#1173=EDGE_LOOP('',(#1959,#1960,#1961,#1962));
#1174=EDGE_LOOP('',(#1963,#1964,#1965,#1966,#1967,#1968,#1969,#1970,#1971,
#1972,#1973,#1974));
#1175=EDGE_LOOP('',(#1975,#1976,#1977,#1978));
#1176=EDGE_LOOP('',(#1979,#1980,#1981,#1982,#1983,#1984,#1985,#1986));
#1177=EDGE_LOOP('',(#1987,#1988,#1989,#1990));
#1178=EDGE_LOOP('',(#1991,#1992,#1993,#1994));
#1179=EDGE_LOOP('',(#1995,#1996,#1997,#1998));
#1180=EDGE_LOOP('',(#1999,#2000,#2001,#2002));
#1181=EDGE_LOOP('',(#2003,#2004,#2005,#2006));
#1182=EDGE_LOOP('',(#2007,#2008,#2009,#2010));
#1183=EDGE_LOOP('',(#2011,#2012,#2013,#2014));
#1184=EDGE_LOOP('',(#2015,#2016,#2017,#2018,#2019,#2020,#2021,#2022,#2023,
#2024,#2025,#2026));
#1185=EDGE_LOOP('',(#2027,#2028,#2029,#2030));
#1186=EDGE_LOOP('',(#2031,#2032,#2033,#2034,#2035,#2036,#2037,#2038,#2039,
#2040));
#1187=EDGE_LOOP('',(#2041,#2042,#2043,#2044,#2045,#2046));
#1188=EDGE_LOOP('',(#2047,#2048,#2049,#2050));
#1189=EDGE_LOOP('',(#2051,#2052,#2053,#2054));
#1190=EDGE_LOOP('',(#2055,#2056,#2057));
#1191=EDGE_LOOP('',(#2058,#2059,#2060,#2061));
#1192=EDGE_LOOP('',(#2062,#2063,#2064,#2065,#2066,#2067));
#1193=EDGE_LOOP('',(#2068,#2069,#2070,#2071));
#1194=EDGE_LOOP('',(#2072,#2073,#2074,#2075));
#1195=EDGE_LOOP('',(#2076,#2077,#2078));
#1196=EDGE_LOOP('',(#2079,#2080,#2081,#2082));
#1197=EDGE_LOOP('',(#2083,#2084,#2085,#2086));
#1198=EDGE_LOOP('',(#2087,#2088,#2089,#2090));
#1199=EDGE_LOOP('',(#2091,#2092,#2093,#2094,#2095,#2096));
#1200=EDGE_LOOP('',(#2097,#2098,#2099,#2100,#2101,#2102,#2103,#2104,#2105,
#2106,#2107,#2108,#2109,#2110,#2111,#2112,#2113,#2114,#2115,#2116));
#1201=EDGE_LOOP('',(#2117,#2118,#2119,#2120,#2121));
#1202=EDGE_LOOP('',(#2122,#2123,#2124,#2125));
#1203=EDGE_LOOP('',(#2126,#2127,#2128,#2129,#2130,#2131,#2132,#2133));
#1204=EDGE_LOOP('',(#2134,#2135,#2136,#2137));
#1205=EDGE_LOOP('',(#2138,#2139,#2140,#2141,#2142,#2143,#2144,#2145,#2146,
#2147,#2148,#2149,#2150,#2151,#2152,#2153));
#1206=EDGE_LOOP('',(#2154,#2155,#2156,#2157,#2158,#2159,#2160));
#1207=EDGE_LOOP('',(#2161,#2162,#2163,#2164));
#1208=EDGE_LOOP('',(#2165,#2166,#2167,#2168,#2169));
#1209=EDGE_LOOP('',(#2170,#2171,#2172,#2173));
#1210=EDGE_LOOP('',(#2174,#2175,#2176,#2177));
#1211=EDGE_LOOP('',(#2178,#2179,#2180,#2181,#2182));
#1212=EDGE_LOOP('',(#2183,#2184,#2185));
#1213=EDGE_LOOP('',(#2186,#2187,#2188,#2189));
#1214=EDGE_LOOP('',(#2190,#2191,#2192));
#1215=EDGE_LOOP('',(#2193,#2194,#2195));
#1216=EDGE_LOOP('',(#2196,#2197,#2198,#2199));
#1217=EDGE_LOOP('',(#2200,#2201,#2202));
#1218=EDGE_LOOP('',(#2203,#2204,#2205));
#1219=EDGE_LOOP('',(#2206,#2207,#2208,#2209));
#1220=EDGE_LOOP('',(#2210,#2211,#2212));
#1221=EDGE_LOOP('',(#2213,#2214,#2215,#2216));
#1222=EDGE_LOOP('',(#2217,#2218,#2219,#2220));
#1223=EDGE_LOOP('',(#2221,#2222,#2223,#2224));
#1224=EDGE_LOOP('',(#2225,#2226,#2227,#2228,#2229));
#1225=EDGE_LOOP('',(#2230,#2231,#2232,#2233,#2234,#2235,#2236));
#1226=EDGE_LOOP('',(#2237,#2238,#2239,#2240));
#1227=EDGE_LOOP('',(#2241,#2242,#2243,#2244));
#1228=EDGE_LOOP('',(#2245,#2246,#2247,#2248,#2249));
#1229=EDGE_LOOP('',(#2250,#2251,#2252,#2253));
#1230=EDGE_LOOP('',(#2254,#2255,#2256,#2257));
#1231=EDGE_LOOP('',(#2258,#2259,#2260,#2261));
#1232=EDGE_LOOP('',(#2262,#2263,#2264,#2265));
#1233=EDGE_LOOP('',(#2266,#2267,#2268,#2269));
#1234=EDGE_LOOP('',(#2270,#2271,#2272,#2273));
#1235=EDGE_LOOP('',(#2274,#2275,#2276,#2277));
#1236=EDGE_LOOP('',(#2278,#2279,#2280,#2281));
#1237=EDGE_LOOP('',(#2282,#2283,#2284,#2285,#2286));
#1238=EDGE_LOOP('',(#2287,#2288,#2289,#2290));
#1239=EDGE_LOOP('',(#2291,#2292,#2293,#2294));
#1240=EDGE_LOOP('',(#2295,#2296,#2297));
#1241=EDGE_LOOP('',(#2298,#2299,#2300,#2301));
#1242=EDGE_LOOP('',(#2302,#2303,#2304));
#1243=EDGE_LOOP('',(#2305,#2306,#2307));
#1244=EDGE_LOOP('',(#2308,#2309,#2310,#2311));
#1245=EDGE_LOOP('',(#2312,#2313,#2314));
#1246=EDGE_LOOP('',(#2315,#2316,#2317));
#1247=EDGE_LOOP('',(#2318,#2319,#2320,#2321));
#1248=EDGE_LOOP('',(#2322,#2323,#2324));
#1249=EDGE_LOOP('',(#2325,#2326,#2327,#2328));
#1250=EDGE_LOOP('',(#2329,#2330,#2331,#2332));
#1251=EDGE_LOOP('',(#2333,#2334,#2335,#2336));
#1252=EDGE_LOOP('',(#2337,#2338,#2339,#2340));
#1253=EDGE_LOOP('',(#2341,#2342,#2343,#2344));
#1254=EDGE_LOOP('',(#2345,#2346,#2347,#2348,#2349));
#1255=EDGE_LOOP('',(#2350,#2351,#2352,#2353));
#1256=EDGE_LOOP('',(#2354,#2355,#2356,#2357));
#1257=EDGE_LOOP('',(#2358,#2359,#2360,#2361));
#1258=EDGE_LOOP('',(#2362,#2363,#2364,#2365,#2366));
#1259=EDGE_LOOP('',(#2367,#2368,#2369,#2370));
#1260=EDGE_LOOP('',(#2371,#2372,#2373,#2374));
#1261=EDGE_LOOP('',(#2375,#2376,#2377,#2378));
#1262=EDGE_LOOP('',(#2379,#2380,#2381,#2382,#2383));
#1263=EDGE_LOOP('',(#2384,#2385,#2386,#2387));
#1264=EDGE_LOOP('',(#2388,#2389,#2390,#2391));
#1265=EDGE_LOOP('',(#2392,#2393,#2394,#2395));
#1266=EDGE_LOOP('',(#2396,#2397,#2398,#2399,#2400));
#1267=EDGE_LOOP('',(#2401,#2402,#2403,#2404));
#1268=EDGE_LOOP('',(#2405,#2406,#2407,#2408));
#1269=EDGE_LOOP('',(#2409,#2410,#2411,#2412));
#1270=EDGE_LOOP('',(#2413,#2414,#2415,#2416));
#1271=EDGE_LOOP('',(#2417,#2418,#2419,#2420));
#1272=EDGE_LOOP('',(#2421,#2422,#2423,#2424,#2425,#2426,#2427,#2428));
#1273=EDGE_LOOP('',(#2429,#2430,#2431,#2432,#2433,#2434,#2435,#2436));
#1274=EDGE_LOOP('',(#2437,#2438,#2439,#2440));
#1275=EDGE_LOOP('',(#2441,#2442,#2443,#2444));
#1276=EDGE_LOOP('',(#2445,#2446,#2447,#2448));
#1277=EDGE_LOOP('',(#2449,#2450,#2451,#2452));
#1278=EDGE_LOOP('',(#2453,#2454,#2455,#2456));
#1279=EDGE_LOOP('',(#2457,#2458,#2459,#2460));
#1280=EDGE_LOOP('',(#2461,#2462,#2463,#2464));
#1281=EDGE_LOOP('',(#2465,#2466,#2467,#2468));
#1282=EDGE_LOOP('',(#2469,#2470,#2471,#2472,#2473,#2474,#2475,#2476));
#1283=EDGE_LOOP('',(#2477,#2478,#2479,#2480,#2481,#2482,#2483,#2484));
#1284=EDGE_LOOP('',(#2485,#2486,#2487,#2488));
#1285=EDGE_LOOP('',(#2489,#2490,#2491,#2492));
#1286=EDGE_LOOP('',(#2493,#2494,#2495,#2496,#2497,#2498,#2499,#2500));
#1287=EDGE_LOOP('',(#2501,#2502,#2503,#2504,#2505,#2506,#2507,#2508,#2509,
#2510,#2511,#2512,#2513,#2514,#2515,#2516));
#1288=EDGE_LOOP('',(#2517,#2518,#2519,#2520,#2521,#2522));
#1289=EDGE_LOOP('',(#2523,#2524,#2525,#2526));
#1290=EDGE_LOOP('',(#2527,#2528,#2529,#2530));
#1291=EDGE_LOOP('',(#2531,#2532,#2533,#2534,#2535,#2536));
#1292=EDGE_LOOP('',(#2537,#2538,#2539,#2540));
#1293=EDGE_LOOP('',(#2541,#2542,#2543,#2544));
#1294=EDGE_LOOP('',(#2545,#2546,#2547,#2548,#2549,#2550,#2551,#2552,#2553,
#2554,#2555,#2556));
#1295=EDGE_LOOP('',(#2557,#2558,#2559,#2560,#2561,#2562,#2563,#2564));
#1296=EDGE_LOOP('',(#2565,#2566,#2567,#2568,#2569,#2570,#2571,#2572,#2573,
#2574,#2575,#2576));
#1297=EDGE_LOOP('',(#2577,#2578,#2579,#2580,#2581,#2582,#2583,#2584));
#1298=EDGE_LOOP('',(#2585,#2586,#2587,#2588,#2589,#2590,#2591,#2592));
#1299=EDGE_LOOP('',(#2593,#2594,#2595,#2596));
#1300=EDGE_LOOP('',(#2597,#2598,#2599,#2600));
#1301=EDGE_LOOP('',(#2601,#2602,#2603,#2604));
#1302=EDGE_LOOP('',(#2605,#2606,#2607,#2608,#2609,#2610));
#1303=EDGE_LOOP('',(#2611,#2612,#2613,#2614));
#1304=EDGE_LOOP('',(#2615,#2616,#2617,#2618,#2619,#2620,#2621,#2622));
#1305=EDGE_LOOP('',(#2623,#2624,#2625,#2626,#2627,#2628,#2629,#2630));
#1306=EDGE_LOOP('',(#2631,#2632,#2633,#2634,#2635,#2636,#2637,#2638));
#1307=EDGE_LOOP('',(#2639,#2640,#2641,#2642,#2643,#2644));
#1308=EDGE_LOOP('',(#2645,#2646,#2647,#2648));
#1309=EDGE_LOOP('',(#2649,#2650,#2651,#2652,#2653,#2654,#2655,#2656));
#1310=EDGE_LOOP('',(#2657,#2658,#2659,#2660));
#1311=EDGE_LOOP('',(#2661,#2662,#2663,#2664));
#1312=EDGE_LOOP('',(#2665,#2666,#2667,#2668));
#1313=EDGE_LOOP('',(#2669,#2670,#2671,#2672));
#1314=EDGE_LOOP('',(#2673,#2674,#2675,#2676));
#1315=EDGE_LOOP('',(#2677,#2678,#2679,#2680));
#1316=EDGE_LOOP('',(#2681,#2682,#2683,#2684));
#1317=EDGE_LOOP('',(#2685,#2686,#2687,#2688));
#1318=EDGE_LOOP('',(#2689,#2690,#2691,#2692));
#1319=EDGE_LOOP('',(#2693,#2694,#2695,#2696));
#1320=EDGE_LOOP('',(#2697,#2698,#2699,#2700));
#1321=EDGE_LOOP('',(#2701,#2702,#2703,#2704));
#1322=EDGE_LOOP('',(#2705,#2706,#2707,#2708));
#1323=EDGE_LOOP('',(#2709,#2710,#2711,#2712));
#1324=EDGE_LOOP('',(#2713,#2714,#2715,#2716));
#1325=EDGE_LOOP('',(#2717,#2718,#2719,#2720));
#1326=EDGE_LOOP('',(#2721,#2722,#2723,#2724));
#1327=EDGE_LOOP('',(#2725,#2726,#2727,#2728));
#1328=EDGE_LOOP('',(#2729,#2730,#2731,#2732));
#1329=EDGE_LOOP('',(#2733,#2734,#2735,#2736));
#1330=EDGE_LOOP('',(#2737,#2738,#2739,#2740));
#1331=EDGE_LOOP('',(#2741,#2742,#2743,#2744));
#1332=EDGE_LOOP('',(#2745,#2746,#2747,#2748));
#1333=EDGE_LOOP('',(#2749,#2750,#2751,#2752));
#1334=EDGE_LOOP('',(#2753,#2754,#2755,#2756));
#1335=EDGE_LOOP('',(#2757,#2758,#2759,#2760));
#1336=EDGE_LOOP('',(#2761,#2762,#2763,#2764));
#1337=EDGE_LOOP('',(#2765,#2766,#2767,#2768));
#1338=EDGE_LOOP('',(#2769,#2770,#2771,#2772));
#1339=EDGE_LOOP('',(#2773,#2774,#2775,#2776));
#1340=EDGE_LOOP('',(#2777,#2778,#2779,#2780));
#1341=EDGE_LOOP('',(#2781,#2782,#2783,#2784));
#1342=EDGE_LOOP('',(#2785,#2786,#2787,#2788));
#1343=EDGE_LOOP('',(#2789,#2790,#2791,#2792));
#1344=EDGE_LOOP('',(#2793,#2794,#2795,#2796));
#1345=ORIENTED_EDGE('',*,*,#3271,.F.);
#1346=ORIENTED_EDGE('',*,*,#3272,.T.);
#1347=ORIENTED_EDGE('',*,*,#3273,.T.);
#1348=ORIENTED_EDGE('',*,*,#3274,.F.);
#1349=ORIENTED_EDGE('',*,*,#3273,.F.);
#1350=ORIENTED_EDGE('',*,*,#3275,.T.);
#1351=ORIENTED_EDGE('',*,*,#3276,.T.);
#1352=ORIENTED_EDGE('',*,*,#3277,.F.);
#1353=ORIENTED_EDGE('',*,*,#3276,.F.);
#1354=ORIENTED_EDGE('',*,*,#3278,.T.);
#1355=ORIENTED_EDGE('',*,*,#3279,.T.);
#1356=ORIENTED_EDGE('',*,*,#3280,.F.);
#1357=ORIENTED_EDGE('',*,*,#3279,.F.);
#1358=ORIENTED_EDGE('',*,*,#3281,.T.);
#1359=ORIENTED_EDGE('',*,*,#3282,.T.);
#1360=ORIENTED_EDGE('',*,*,#3283,.F.);
#1361=ORIENTED_EDGE('',*,*,#3282,.F.);
#1362=ORIENTED_EDGE('',*,*,#3284,.T.);
#1363=ORIENTED_EDGE('',*,*,#3285,.T.);
#1364=ORIENTED_EDGE('',*,*,#3286,.F.);
#1365=ORIENTED_EDGE('',*,*,#3285,.F.);
#1366=ORIENTED_EDGE('',*,*,#3287,.T.);
#1367=ORIENTED_EDGE('',*,*,#3288,.T.);
#1368=ORIENTED_EDGE('',*,*,#3289,.F.);
#1369=ORIENTED_EDGE('',*,*,#3288,.F.);
#1370=ORIENTED_EDGE('',*,*,#3290,.T.);
#1371=ORIENTED_EDGE('',*,*,#3291,.T.);
#1372=ORIENTED_EDGE('',*,*,#3292,.F.);
#1373=ORIENTED_EDGE('',*,*,#3291,.F.);
#1374=ORIENTED_EDGE('',*,*,#3293,.T.);
#1375=ORIENTED_EDGE('',*,*,#3271,.T.);
#1376=ORIENTED_EDGE('',*,*,#3294,.F.);
#1377=ORIENTED_EDGE('',*,*,#3295,.T.);
#1378=ORIENTED_EDGE('',*,*,#3296,.T.);
#1379=ORIENTED_EDGE('',*,*,#3297,.T.);
#1380=ORIENTED_EDGE('',*,*,#3298,.T.);
#1381=ORIENTED_EDGE('',*,*,#3299,.T.);
#1382=ORIENTED_EDGE('',*,*,#3300,.T.);
#1383=ORIENTED_EDGE('',*,*,#3301,.T.);
#1384=ORIENTED_EDGE('',*,*,#3302,.T.);
#1385=ORIENTED_EDGE('',*,*,#3303,.F.);
#1386=ORIENTED_EDGE('',*,*,#3304,.T.);
#1387=ORIENTED_EDGE('',*,*,#3305,.F.);
#1388=ORIENTED_EDGE('',*,*,#3306,.T.);
#1389=ORIENTED_EDGE('',*,*,#3307,.F.);
#1390=ORIENTED_EDGE('',*,*,#3308,.T.);
#1391=ORIENTED_EDGE('',*,*,#3309,.F.);
#1392=ORIENTED_EDGE('',*,*,#3310,.T.);
#1393=ORIENTED_EDGE('',*,*,#3311,.F.);
#1394=ORIENTED_EDGE('',*,*,#3312,.T.);
#1395=ORIENTED_EDGE('',*,*,#3313,.F.);
#1396=ORIENTED_EDGE('',*,*,#3314,.T.);
#1397=ORIENTED_EDGE('',*,*,#3315,.F.);
#1398=ORIENTED_EDGE('',*,*,#3313,.T.);
#1399=ORIENTED_EDGE('',*,*,#3316,.T.);
#1400=ORIENTED_EDGE('',*,*,#3317,.F.);
#1401=ORIENTED_EDGE('',*,*,#3318,.T.);
#1402=ORIENTED_EDGE('',*,*,#3309,.T.);
#1403=ORIENTED_EDGE('',*,*,#3319,.T.);
#1404=ORIENTED_EDGE('',*,*,#3320,.F.);
#1405=ORIENTED_EDGE('',*,*,#3321,.T.);
#1406=ORIENTED_EDGE('',*,*,#3305,.T.);
#1407=ORIENTED_EDGE('',*,*,#3322,.T.);
#1408=ORIENTED_EDGE('',*,*,#3323,.F.);
#1409=ORIENTED_EDGE('',*,*,#3324,.T.);
#1410=ORIENTED_EDGE('',*,*,#3325,.T.);
#1411=ORIENTED_EDGE('',*,*,#3326,.F.);
#1412=ORIENTED_EDGE('',*,*,#3327,.F.);
#1413=ORIENTED_EDGE('',*,*,#3328,.F.);
#1414=ORIENTED_EDGE('',*,*,#3329,.T.);
#1415=ORIENTED_EDGE('',*,*,#3325,.F.);
#1416=ORIENTED_EDGE('',*,*,#3330,.T.);
#1417=ORIENTED_EDGE('',*,*,#3311,.T.);
#1418=ORIENTED_EDGE('',*,*,#3331,.F.);
#1419=ORIENTED_EDGE('',*,*,#3332,.F.);
#1420=ORIENTED_EDGE('',*,*,#3333,.F.);
#1421=ORIENTED_EDGE('',*,*,#3328,.T.);
#1422=ORIENTED_EDGE('',*,*,#3334,.F.);
#1423=ORIENTED_EDGE('',*,*,#3335,.F.);
#1424=ORIENTED_EDGE('',*,*,#3336,.T.);
#1425=ORIENTED_EDGE('',*,*,#3303,.T.);
#1426=ORIENTED_EDGE('',*,*,#3337,.T.);
#1427=ORIENTED_EDGE('',*,*,#3338,.F.);
#1428=ORIENTED_EDGE('',*,*,#3339,.T.);
#1429=ORIENTED_EDGE('',*,*,#3307,.T.);
#1430=ORIENTED_EDGE('',*,*,#3340,.T.);
#1431=ORIENTED_EDGE('',*,*,#3341,.F.);
#1432=ORIENTED_EDGE('',*,*,#3342,.T.);
#1433=ORIENTED_EDGE('',*,*,#3343,.F.);
#1434=ORIENTED_EDGE('',*,*,#3344,.F.);
#1435=ORIENTED_EDGE('',*,*,#3345,.F.);
#1436=ORIENTED_EDGE('',*,*,#3346,.F.);
#1437=ORIENTED_EDGE('',*,*,#3347,.F.);
#1438=ORIENTED_EDGE('',*,*,#3348,.F.);
#1439=ORIENTED_EDGE('',*,*,#3349,.F.);
#1440=ORIENTED_EDGE('',*,*,#3346,.T.);
#1441=ORIENTED_EDGE('',*,*,#3350,.F.);
#1442=ORIENTED_EDGE('',*,*,#3351,.F.);
#1443=ORIENTED_EDGE('',*,*,#3352,.F.);
#1444=ORIENTED_EDGE('',*,*,#3353,.F.);
#1445=ORIENTED_EDGE('',*,*,#3354,.F.);
#1446=ORIENTED_EDGE('',*,*,#3355,.F.);
#1447=ORIENTED_EDGE('',*,*,#3356,.F.);
#1448=ORIENTED_EDGE('',*,*,#3353,.T.);
#1449=ORIENTED_EDGE('',*,*,#3357,.T.);
#1450=ORIENTED_EDGE('',*,*,#3358,.F.);
#1451=ORIENTED_EDGE('',*,*,#3355,.T.);
#1452=ORIENTED_EDGE('',*,*,#3359,.F.);
#1453=ORIENTED_EDGE('',*,*,#3360,.F.);
#1454=ORIENTED_EDGE('',*,*,#3361,.F.);
#1455=ORIENTED_EDGE('',*,*,#3362,.F.);
#1456=ORIENTED_EDGE('',*,*,#3357,.F.);
#1457=ORIENTED_EDGE('',*,*,#3361,.T.);
#1458=ORIENTED_EDGE('',*,*,#3363,.F.);
#1459=ORIENTED_EDGE('',*,*,#3344,.T.);
#1460=ORIENTED_EDGE('',*,*,#3364,.F.);
#1461=ORIENTED_EDGE('',*,*,#3365,.T.);
#1462=ORIENTED_EDGE('',*,*,#3366,.F.);
#1463=ORIENTED_EDGE('',*,*,#3348,.T.);
#1464=ORIENTED_EDGE('',*,*,#3367,.F.);
#1465=ORIENTED_EDGE('',*,*,#3368,.F.);
#1466=ORIENTED_EDGE('',*,*,#3369,.T.);
#1467=ORIENTED_EDGE('',*,*,#3350,.T.);
#1468=ORIENTED_EDGE('',*,*,#3356,.T.);
#1469=ORIENTED_EDGE('',*,*,#3358,.T.);
#1470=ORIENTED_EDGE('',*,*,#3362,.T.);
#1471=ORIENTED_EDGE('',*,*,#3364,.T.);
#1472=ORIENTED_EDGE('',*,*,#3343,.T.);
#1473=ORIENTED_EDGE('',*,*,#3349,.T.);
#1474=ORIENTED_EDGE('',*,*,#3366,.T.);
#1475=ORIENTED_EDGE('',*,*,#3370,.T.);
#1476=ORIENTED_EDGE('',*,*,#3371,.F.);
#1477=ORIENTED_EDGE('',*,*,#3372,.T.);
#1478=ORIENTED_EDGE('',*,*,#3373,.F.);
#1479=ORIENTED_EDGE('',*,*,#3351,.T.);
#1480=ORIENTED_EDGE('',*,*,#3369,.F.);
#1481=ORIENTED_EDGE('',*,*,#3363,.T.);
#1482=ORIENTED_EDGE('',*,*,#3360,.T.);
#1483=ORIENTED_EDGE('',*,*,#3359,.T.);
#1484=ORIENTED_EDGE('',*,*,#3354,.T.);
#1485=ORIENTED_EDGE('',*,*,#3352,.T.);
#1486=ORIENTED_EDGE('',*,*,#3373,.T.);
#1487=ORIENTED_EDGE('',*,*,#3374,.F.);
#1488=ORIENTED_EDGE('',*,*,#3375,.F.);
#1489=ORIENTED_EDGE('',*,*,#3376,.T.);
#1490=ORIENTED_EDGE('',*,*,#3367,.T.);
#1491=ORIENTED_EDGE('',*,*,#3347,.T.);
#1492=ORIENTED_EDGE('',*,*,#3345,.T.);
#1493=ORIENTED_EDGE('',*,*,#3338,.T.);
#1494=ORIENTED_EDGE('',*,*,#3377,.F.);
#1495=ORIENTED_EDGE('',*,*,#3375,.T.);
#1496=ORIENTED_EDGE('',*,*,#3378,.F.);
#1497=ORIENTED_EDGE('',*,*,#3379,.F.);
#1498=ORIENTED_EDGE('',*,*,#3371,.T.);
#1499=ORIENTED_EDGE('',*,*,#3380,.F.);
#1500=ORIENTED_EDGE('',*,*,#3320,.T.);
#1501=ORIENTED_EDGE('',*,*,#3337,.F.);
#1502=ORIENTED_EDGE('',*,*,#3306,.F.);
#1503=ORIENTED_EDGE('',*,*,#3321,.F.);
#1504=ORIENTED_EDGE('',*,*,#3380,.T.);
#1505=ORIENTED_EDGE('',*,*,#3370,.F.);
#1506=ORIENTED_EDGE('',*,*,#3365,.F.);
#1507=ORIENTED_EDGE('',*,*,#3376,.F.);
#1508=ORIENTED_EDGE('',*,*,#3377,.T.);
#1509=ORIENTED_EDGE('',*,*,#3319,.F.);
#1510=ORIENTED_EDGE('',*,*,#3308,.F.);
#1511=ORIENTED_EDGE('',*,*,#3339,.F.);
#1512=ORIENTED_EDGE('',*,*,#3378,.T.);
#1513=ORIENTED_EDGE('',*,*,#3374,.T.);
#1514=ORIENTED_EDGE('',*,*,#3372,.F.);
#1515=ORIENTED_EDGE('',*,*,#3368,.T.);
#1516=ORIENTED_EDGE('',*,*,#3379,.T.);
#1517=ORIENTED_EDGE('',*,*,#3381,.T.);
#1518=ORIENTED_EDGE('',*,*,#3382,.F.);
#1519=ORIENTED_EDGE('',*,*,#3383,.T.);
#1520=ORIENTED_EDGE('',*,*,#3384,.F.);
#1521=ORIENTED_EDGE('',*,*,#3385,.F.);
#1522=ORIENTED_EDGE('',*,*,#3386,.F.);
#1523=ORIENTED_EDGE('',*,*,#3387,.F.);
#1524=ORIENTED_EDGE('',*,*,#3381,.F.);
#1525=ORIENTED_EDGE('',*,*,#3386,.T.);
#1526=ORIENTED_EDGE('',*,*,#3388,.F.);
#1527=ORIENTED_EDGE('',*,*,#3389,.T.);
#1528=ORIENTED_EDGE('',*,*,#3390,.F.);
#1529=ORIENTED_EDGE('',*,*,#3391,.F.);
#1530=ORIENTED_EDGE('',*,*,#3389,.F.);
#1531=ORIENTED_EDGE('',*,*,#3392,.F.);
#1532=ORIENTED_EDGE('',*,*,#3393,.T.);
#1533=ORIENTED_EDGE('',*,*,#3394,.F.);
#1534=ORIENTED_EDGE('',*,*,#3395,.F.);
#1535=ORIENTED_EDGE('',*,*,#3396,.F.);
#1536=ORIENTED_EDGE('',*,*,#3393,.F.);
#1537=ORIENTED_EDGE('',*,*,#3397,.F.);
#1538=ORIENTED_EDGE('',*,*,#3398,.F.);
#1539=ORIENTED_EDGE('',*,*,#3399,.F.);
#1540=ORIENTED_EDGE('',*,*,#3400,.T.);
#1541=ORIENTED_EDGE('',*,*,#3401,.F.);
#1542=ORIENTED_EDGE('',*,*,#3383,.F.);
#1543=ORIENTED_EDGE('',*,*,#3402,.F.);
#1544=ORIENTED_EDGE('',*,*,#3400,.F.);
#1545=ORIENTED_EDGE('',*,*,#3395,.T.);
#1546=ORIENTED_EDGE('',*,*,#3403,.F.);
#1547=ORIENTED_EDGE('',*,*,#3404,.T.);
#1548=ORIENTED_EDGE('',*,*,#3405,.F.);
#1549=ORIENTED_EDGE('',*,*,#3405,.T.);
#1550=ORIENTED_EDGE('',*,*,#3406,.T.);
#1551=ORIENTED_EDGE('',*,*,#3407,.F.);
#1552=ORIENTED_EDGE('',*,*,#3408,.T.);
#1553=ORIENTED_EDGE('',*,*,#3409,.T.);
#1554=ORIENTED_EDGE('',*,*,#3397,.T.);
#1555=ORIENTED_EDGE('',*,*,#3402,.T.);
#1556=ORIENTED_EDGE('',*,*,#3382,.T.);
#1557=ORIENTED_EDGE('',*,*,#3387,.T.);
#1558=ORIENTED_EDGE('',*,*,#3390,.T.);
#1559=ORIENTED_EDGE('',*,*,#3391,.T.);
#1560=ORIENTED_EDGE('',*,*,#3396,.T.);
#1561=ORIENTED_EDGE('',*,*,#3410,.T.);
#1562=ORIENTED_EDGE('',*,*,#3411,.F.);
#1563=ORIENTED_EDGE('',*,*,#3398,.T.);
#1564=ORIENTED_EDGE('',*,*,#3409,.F.);
#1565=ORIENTED_EDGE('',*,*,#3401,.T.);
#1566=ORIENTED_EDGE('',*,*,#3399,.T.);
#1567=ORIENTED_EDGE('',*,*,#3411,.T.);
#1568=ORIENTED_EDGE('',*,*,#3412,.T.);
#1569=ORIENTED_EDGE('',*,*,#3413,.F.);
#1570=ORIENTED_EDGE('',*,*,#3414,.T.);
#1571=ORIENTED_EDGE('',*,*,#3403,.T.);
#1572=ORIENTED_EDGE('',*,*,#3394,.T.);
#1573=ORIENTED_EDGE('',*,*,#3392,.T.);
#1574=ORIENTED_EDGE('',*,*,#3388,.T.);
#1575=ORIENTED_EDGE('',*,*,#3385,.T.);
#1576=ORIENTED_EDGE('',*,*,#3384,.T.);
#1577=ORIENTED_EDGE('',*,*,#3407,.T.);
#1578=ORIENTED_EDGE('',*,*,#3415,.F.);
#1579=ORIENTED_EDGE('',*,*,#3332,.T.);
#1580=ORIENTED_EDGE('',*,*,#3416,.F.);
#1581=ORIENTED_EDGE('',*,*,#3417,.F.);
#1582=ORIENTED_EDGE('',*,*,#3327,.T.);
#1583=ORIENTED_EDGE('',*,*,#3418,.F.);
#1584=ORIENTED_EDGE('',*,*,#3413,.T.);
#1585=ORIENTED_EDGE('',*,*,#3326,.T.);
#1586=ORIENTED_EDGE('',*,*,#3329,.F.);
#1587=ORIENTED_EDGE('',*,*,#3333,.T.);
#1588=ORIENTED_EDGE('',*,*,#3415,.T.);
#1589=ORIENTED_EDGE('',*,*,#3406,.F.);
#1590=ORIENTED_EDGE('',*,*,#3404,.F.);
#1591=ORIENTED_EDGE('',*,*,#3414,.F.);
#1592=ORIENTED_EDGE('',*,*,#3418,.T.);
#1593=ORIENTED_EDGE('',*,*,#3331,.T.);
#1594=ORIENTED_EDGE('',*,*,#3314,.F.);
#1595=ORIENTED_EDGE('',*,*,#3315,.T.);
#1596=ORIENTED_EDGE('',*,*,#3417,.T.);
#1597=ORIENTED_EDGE('',*,*,#3412,.F.);
#1598=ORIENTED_EDGE('',*,*,#3410,.F.);
#1599=ORIENTED_EDGE('',*,*,#3408,.F.);
#1600=ORIENTED_EDGE('',*,*,#3416,.T.);
#1601=ORIENTED_EDGE('',*,*,#3419,.T.);
#1602=ORIENTED_EDGE('',*,*,#3420,.F.);
#1603=ORIENTED_EDGE('',*,*,#3421,.F.);
#1604=ORIENTED_EDGE('',*,*,#3422,.F.);
#1605=ORIENTED_EDGE('',*,*,#3423,.T.);
#1606=ORIENTED_EDGE('',*,*,#3424,.T.);
#1607=ORIENTED_EDGE('',*,*,#3425,.T.);
#1608=ORIENTED_EDGE('',*,*,#3426,.T.);
#1609=ORIENTED_EDGE('',*,*,#3427,.T.);
#1610=ORIENTED_EDGE('',*,*,#3428,.T.);
#1611=ORIENTED_EDGE('',*,*,#3429,.T.);
#1612=ORIENTED_EDGE('',*,*,#3430,.T.);
#1613=ORIENTED_EDGE('',*,*,#3431,.T.);
#1614=ORIENTED_EDGE('',*,*,#3432,.F.);
#1615=ORIENTED_EDGE('',*,*,#3433,.F.);
#1616=ORIENTED_EDGE('',*,*,#3434,.T.);
#1617=ORIENTED_EDGE('',*,*,#3435,.F.);
#1618=ORIENTED_EDGE('',*,*,#3436,.T.);
#1619=ORIENTED_EDGE('',*,*,#3437,.T.);
#1620=ORIENTED_EDGE('',*,*,#3438,.T.);
#1621=ORIENTED_EDGE('',*,*,#3439,.T.);
#1622=ORIENTED_EDGE('',*,*,#3440,.T.);
#1623=ORIENTED_EDGE('',*,*,#3441,.T.);
#1624=ORIENTED_EDGE('',*,*,#3442,.T.);
#1625=ORIENTED_EDGE('',*,*,#3443,.T.);
#1626=ORIENTED_EDGE('',*,*,#3444,.F.);
#1627=ORIENTED_EDGE('',*,*,#3445,.T.);
#1628=ORIENTED_EDGE('',*,*,#3446,.T.);
#1629=ORIENTED_EDGE('',*,*,#3447,.T.);
#1630=ORIENTED_EDGE('',*,*,#3448,.T.);
#1631=ORIENTED_EDGE('',*,*,#3449,.T.);
#1632=ORIENTED_EDGE('',*,*,#3450,.F.);
#1633=ORIENTED_EDGE('',*,*,#3451,.T.);
#1634=ORIENTED_EDGE('',*,*,#3452,.F.);
#1635=ORIENTED_EDGE('',*,*,#3453,.T.);
#1636=ORIENTED_EDGE('',*,*,#3454,.F.);
#1637=ORIENTED_EDGE('',*,*,#3455,.F.);
#1638=ORIENTED_EDGE('',*,*,#3456,.T.);
#1639=ORIENTED_EDGE('',*,*,#3457,.T.);
#1640=ORIENTED_EDGE('',*,*,#3458,.T.);
#1641=ORIENTED_EDGE('',*,*,#3459,.T.);
#1642=ORIENTED_EDGE('',*,*,#3460,.T.);
#1643=ORIENTED_EDGE('',*,*,#3461,.T.);
#1644=ORIENTED_EDGE('',*,*,#3462,.T.);
#1645=ORIENTED_EDGE('',*,*,#3463,.T.);
#1646=ORIENTED_EDGE('',*,*,#3464,.T.);
#1647=ORIENTED_EDGE('',*,*,#3465,.T.);
#1648=ORIENTED_EDGE('',*,*,#3466,.T.);
#1649=ORIENTED_EDGE('',*,*,#3467,.T.);
#1650=ORIENTED_EDGE('',*,*,#3468,.T.);
#1651=ORIENTED_EDGE('',*,*,#3469,.T.);
#1652=ORIENTED_EDGE('',*,*,#3470,.T.);
#1653=ORIENTED_EDGE('',*,*,#3471,.T.);
#1654=ORIENTED_EDGE('',*,*,#3472,.T.);
#1655=ORIENTED_EDGE('',*,*,#3473,.T.);
#1656=ORIENTED_EDGE('',*,*,#3474,.T.);
#1657=ORIENTED_EDGE('',*,*,#3475,.T.);
#1658=ORIENTED_EDGE('',*,*,#3476,.T.);
#1659=ORIENTED_EDGE('',*,*,#3477,.T.);
#1660=ORIENTED_EDGE('',*,*,#3478,.T.);
#1661=ORIENTED_EDGE('',*,*,#3479,.T.);
#1662=ORIENTED_EDGE('',*,*,#3480,.T.);
#1663=ORIENTED_EDGE('',*,*,#3481,.T.);
#1664=ORIENTED_EDGE('',*,*,#3482,.T.);
#1665=ORIENTED_EDGE('',*,*,#3483,.T.);
#1666=ORIENTED_EDGE('',*,*,#3484,.F.);
#1667=ORIENTED_EDGE('',*,*,#3485,.T.);
#1668=ORIENTED_EDGE('',*,*,#3486,.T.);
#1669=ORIENTED_EDGE('',*,*,#3487,.F.);
#1670=ORIENTED_EDGE('',*,*,#3488,.T.);
#1671=ORIENTED_EDGE('',*,*,#3489,.T.);
#1672=ORIENTED_EDGE('',*,*,#3490,.T.);
#1673=ORIENTED_EDGE('',*,*,#3491,.F.);
#1674=ORIENTED_EDGE('',*,*,#3492,.F.);
#1675=ORIENTED_EDGE('',*,*,#3493,.T.);
#1676=ORIENTED_EDGE('',*,*,#3494,.F.);
#1677=ORIENTED_EDGE('',*,*,#3495,.T.);
#1678=ORIENTED_EDGE('',*,*,#3496,.T.);
#1679=ORIENTED_EDGE('',*,*,#3497,.T.);
#1680=ORIENTED_EDGE('',*,*,#3498,.F.);
#1681=ORIENTED_EDGE('',*,*,#3499,.T.);
#1682=ORIENTED_EDGE('',*,*,#3500,.T.);
#1683=ORIENTED_EDGE('',*,*,#3501,.T.);
#1684=ORIENTED_EDGE('',*,*,#3502,.F.);
#1685=ORIENTED_EDGE('',*,*,#3503,.T.);
#1686=ORIENTED_EDGE('',*,*,#3504,.F.);
#1687=ORIENTED_EDGE('',*,*,#3505,.T.);
#1688=ORIENTED_EDGE('',*,*,#3506,.T.);
#1689=ORIENTED_EDGE('',*,*,#3507,.T.);
#1690=ORIENTED_EDGE('',*,*,#3508,.T.);
#1691=ORIENTED_EDGE('',*,*,#3509,.T.);
#1692=ORIENTED_EDGE('',*,*,#3510,.T.);
#1693=ORIENTED_EDGE('',*,*,#3511,.T.);
#1694=ORIENTED_EDGE('',*,*,#3512,.T.);
#1695=ORIENTED_EDGE('',*,*,#3513,.T.);
#1696=ORIENTED_EDGE('',*,*,#3514,.T.);
#1697=ORIENTED_EDGE('',*,*,#3515,.T.);
#1698=ORIENTED_EDGE('',*,*,#3516,.T.);
#1699=ORIENTED_EDGE('',*,*,#3517,.F.);
#1700=ORIENTED_EDGE('',*,*,#3518,.T.);
#1701=ORIENTED_EDGE('',*,*,#3519,.F.);
#1702=ORIENTED_EDGE('',*,*,#3520,.F.);
#1703=ORIENTED_EDGE('',*,*,#3521,.T.);
#1704=ORIENTED_EDGE('',*,*,#3522,.F.);
#1705=ORIENTED_EDGE('',*,*,#3523,.F.);
#1706=ORIENTED_EDGE('',*,*,#3524,.T.);
#1707=ORIENTED_EDGE('',*,*,#3525,.T.);
#1708=ORIENTED_EDGE('',*,*,#3526,.T.);
#1709=ORIENTED_EDGE('',*,*,#3527,.T.);
#1710=ORIENTED_EDGE('',*,*,#3528,.T.);
#1711=ORIENTED_EDGE('',*,*,#3529,.T.);
#1712=ORIENTED_EDGE('',*,*,#3530,.T.);
#1713=ORIENTED_EDGE('',*,*,#3531,.T.);
#1714=ORIENTED_EDGE('',*,*,#3532,.F.);
#1715=ORIENTED_EDGE('',*,*,#3323,.T.);
#1716=ORIENTED_EDGE('',*,*,#3533,.F.);
#1717=ORIENTED_EDGE('',*,*,#3534,.T.);
#1718=ORIENTED_EDGE('',*,*,#3535,.T.);
#1719=ORIENTED_EDGE('',*,*,#3536,.F.);
#1720=ORIENTED_EDGE('',*,*,#3531,.F.);
#1721=ORIENTED_EDGE('',*,*,#3537,.T.);
#1722=ORIENTED_EDGE('',*,*,#3538,.T.);
#1723=ORIENTED_EDGE('',*,*,#3539,.T.);
#1724=ORIENTED_EDGE('',*,*,#3540,.F.);
#1725=ORIENTED_EDGE('',*,*,#3317,.T.);
#1726=ORIENTED_EDGE('',*,*,#3541,.F.);
#1727=ORIENTED_EDGE('',*,*,#3542,.F.);
#1728=ORIENTED_EDGE('',*,*,#3543,.T.);
#1729=ORIENTED_EDGE('',*,*,#3544,.T.);
#1730=ORIENTED_EDGE('',*,*,#3539,.F.);
#1731=ORIENTED_EDGE('',*,*,#3545,.F.);
#1732=ORIENTED_EDGE('',*,*,#3546,.T.);
#1733=ORIENTED_EDGE('',*,*,#3547,.T.);
#1734=ORIENTED_EDGE('',*,*,#3548,.T.);
#1735=ORIENTED_EDGE('',*,*,#3445,.F.);
#1736=ORIENTED_EDGE('',*,*,#3549,.T.);
#1737=ORIENTED_EDGE('',*,*,#3550,.F.);
#1738=ORIENTED_EDGE('',*,*,#3551,.T.);
#1739=ORIENTED_EDGE('',*,*,#3549,.F.);
#1740=ORIENTED_EDGE('',*,*,#3444,.T.);
#1741=ORIENTED_EDGE('',*,*,#3552,.F.);
#1742=ORIENTED_EDGE('',*,*,#3553,.T.);
#1743=ORIENTED_EDGE('',*,*,#3554,.F.);
#1744=ORIENTED_EDGE('',*,*,#3555,.F.);
#1745=ORIENTED_EDGE('',*,*,#3556,.F.);
#1746=ORIENTED_EDGE('',*,*,#3557,.F.);
#1747=ORIENTED_EDGE('',*,*,#3558,.T.);
#1748=ORIENTED_EDGE('',*,*,#3547,.F.);
#1749=ORIENTED_EDGE('',*,*,#3551,.F.);
#1750=ORIENTED_EDGE('',*,*,#3559,.T.);
#1751=ORIENTED_EDGE('',*,*,#3560,.F.);
#1752=ORIENTED_EDGE('',*,*,#3561,.F.);
#1753=ORIENTED_EDGE('',*,*,#3552,.T.);
#1754=ORIENTED_EDGE('',*,*,#3562,.T.);
#1755=ORIENTED_EDGE('',*,*,#3563,.T.);
#1756=ORIENTED_EDGE('',*,*,#3564,.T.);
#1757=ORIENTED_EDGE('',*,*,#3560,.T.);
#1758=ORIENTED_EDGE('',*,*,#3565,.F.);
#1759=ORIENTED_EDGE('',*,*,#3566,.T.);
#1760=ORIENTED_EDGE('',*,*,#3567,.F.);
#1761=ORIENTED_EDGE('',*,*,#3568,.F.);
#1762=ORIENTED_EDGE('',*,*,#3569,.F.);
#1763=ORIENTED_EDGE('',*,*,#3559,.F.);
#1764=ORIENTED_EDGE('',*,*,#3550,.T.);
#1765=ORIENTED_EDGE('',*,*,#3443,.F.);
#1766=ORIENTED_EDGE('',*,*,#3570,.T.);
#1767=ORIENTED_EDGE('',*,*,#3565,.T.);
#1768=ORIENTED_EDGE('',*,*,#3562,.F.);
#1769=ORIENTED_EDGE('',*,*,#3533,.T.);
#1770=ORIENTED_EDGE('',*,*,#3322,.F.);
#1771=ORIENTED_EDGE('',*,*,#3304,.F.);
#1772=ORIENTED_EDGE('',*,*,#3336,.F.);
#1773=ORIENTED_EDGE('',*,*,#3571,.T.);
#1774=ORIENTED_EDGE('',*,*,#3572,.F.);
#1775=ORIENTED_EDGE('',*,*,#3566,.F.);
#1776=ORIENTED_EDGE('',*,*,#3570,.F.);
#1777=ORIENTED_EDGE('',*,*,#3442,.F.);
#1778=ORIENTED_EDGE('',*,*,#3573,.T.);
#1779=ORIENTED_EDGE('',*,*,#3574,.F.);
#1780=ORIENTED_EDGE('',*,*,#3537,.F.);
#1781=ORIENTED_EDGE('',*,*,#3572,.T.);
#1782=ORIENTED_EDGE('',*,*,#3575,.F.);
#1783=ORIENTED_EDGE('',*,*,#3576,.F.);
#1784=ORIENTED_EDGE('',*,*,#3567,.T.);
#1785=ORIENTED_EDGE('',*,*,#3334,.T.);
#1786=ORIENTED_EDGE('',*,*,#3330,.F.);
#1787=ORIENTED_EDGE('',*,*,#3324,.F.);
#1788=ORIENTED_EDGE('',*,*,#3532,.T.);
#1789=ORIENTED_EDGE('',*,*,#3536,.T.);
#1790=ORIENTED_EDGE('',*,*,#3577,.F.);
#1791=ORIENTED_EDGE('',*,*,#3578,.F.);
#1792=ORIENTED_EDGE('',*,*,#3426,.F.);
#1793=ORIENTED_EDGE('',*,*,#3579,.T.);
#1794=ORIENTED_EDGE('',*,*,#3568,.T.);
#1795=ORIENTED_EDGE('',*,*,#3576,.T.);
#1796=ORIENTED_EDGE('',*,*,#3580,.T.);
#1797=ORIENTED_EDGE('',*,*,#3581,.T.);
#1798=ORIENTED_EDGE('',*,*,#3569,.T.);
#1799=ORIENTED_EDGE('',*,*,#3579,.F.);
#1800=ORIENTED_EDGE('',*,*,#3425,.F.);
#1801=ORIENTED_EDGE('',*,*,#3424,.F.);
#1802=ORIENTED_EDGE('',*,*,#3582,.T.);
#1803=ORIENTED_EDGE('',*,*,#3563,.F.);
#1804=ORIENTED_EDGE('',*,*,#3581,.F.);
#1805=ORIENTED_EDGE('',*,*,#3472,.F.);
#1806=ORIENTED_EDGE('',*,*,#3583,.F.);
#1807=ORIENTED_EDGE('',*,*,#3427,.F.);
#1808=ORIENTED_EDGE('',*,*,#3578,.T.);
#1809=ORIENTED_EDGE('',*,*,#3584,.T.);
#1810=ORIENTED_EDGE('',*,*,#3585,.F.);
#1811=ORIENTED_EDGE('',*,*,#3586,.T.);
#1812=ORIENTED_EDGE('',*,*,#3573,.F.);
#1813=ORIENTED_EDGE('',*,*,#3441,.F.);
#1814=ORIENTED_EDGE('',*,*,#3587,.T.);
#1815=ORIENTED_EDGE('',*,*,#3473,.F.);
#1816=ORIENTED_EDGE('',*,*,#3587,.F.);
#1817=ORIENTED_EDGE('',*,*,#3440,.F.);
#1818=ORIENTED_EDGE('',*,*,#3588,.F.);
#1819=ORIENTED_EDGE('',*,*,#3589,.T.);
#1820=ORIENTED_EDGE('',*,*,#3474,.F.);
#1821=ORIENTED_EDGE('',*,*,#3588,.T.);
#1822=ORIENTED_EDGE('',*,*,#3439,.F.);
#1823=ORIENTED_EDGE('',*,*,#3590,.T.);
#1824=ORIENTED_EDGE('',*,*,#3449,.F.);
#1825=ORIENTED_EDGE('',*,*,#3591,.T.);
#1826=ORIENTED_EDGE('',*,*,#3592,.F.);
#1827=ORIENTED_EDGE('',*,*,#3593,.T.);
#1828=ORIENTED_EDGE('',*,*,#3590,.F.);
#1829=ORIENTED_EDGE('',*,*,#3438,.F.);
#1830=ORIENTED_EDGE('',*,*,#3594,.T.);
#1831=ORIENTED_EDGE('',*,*,#3437,.F.);
#1832=ORIENTED_EDGE('',*,*,#3595,.T.);
#1833=ORIENTED_EDGE('',*,*,#3450,.T.);
#1834=ORIENTED_EDGE('',*,*,#3594,.F.);
#1835=ORIENTED_EDGE('',*,*,#3436,.F.);
#1836=ORIENTED_EDGE('',*,*,#3596,.F.);
#1837=ORIENTED_EDGE('',*,*,#3451,.F.);
#1838=ORIENTED_EDGE('',*,*,#3595,.F.);
#1839=ORIENTED_EDGE('',*,*,#3591,.F.);
#1840=ORIENTED_EDGE('',*,*,#3448,.F.);
#1841=ORIENTED_EDGE('',*,*,#3597,.F.);
#1842=ORIENTED_EDGE('',*,*,#3598,.F.);
#1843=ORIENTED_EDGE('',*,*,#3599,.F.);
#1844=ORIENTED_EDGE('',*,*,#3600,.T.);
#1845=ORIENTED_EDGE('',*,*,#3601,.F.);
#1846=ORIENTED_EDGE('',*,*,#3602,.F.);
#1847=ORIENTED_EDGE('',*,*,#3603,.F.);
#1848=ORIENTED_EDGE('',*,*,#3604,.T.);
#1849=ORIENTED_EDGE('',*,*,#3605,.F.);
#1850=ORIENTED_EDGE('',*,*,#3606,.F.);
#1851=ORIENTED_EDGE('',*,*,#3607,.F.);
#1852=ORIENTED_EDGE('',*,*,#3608,.T.);
#1853=ORIENTED_EDGE('',*,*,#3609,.F.);
#1854=ORIENTED_EDGE('',*,*,#3610,.F.);
#1855=ORIENTED_EDGE('',*,*,#3611,.F.);
#1856=ORIENTED_EDGE('',*,*,#3612,.T.);
#1857=ORIENTED_EDGE('',*,*,#3592,.T.);
#1858=ORIENTED_EDGE('',*,*,#3610,.T.);
#1859=ORIENTED_EDGE('',*,*,#3613,.T.);
#1860=ORIENTED_EDGE('',*,*,#3614,.F.);
#1861=ORIENTED_EDGE('',*,*,#3615,.F.);
#1862=ORIENTED_EDGE('',*,*,#3606,.T.);
#1863=ORIENTED_EDGE('',*,*,#3616,.T.);
#1864=ORIENTED_EDGE('',*,*,#3617,.F.);
#1865=ORIENTED_EDGE('',*,*,#3618,.F.);
#1866=ORIENTED_EDGE('',*,*,#3602,.T.);
#1867=ORIENTED_EDGE('',*,*,#3619,.T.);
#1868=ORIENTED_EDGE('',*,*,#3620,.F.);
#1869=ORIENTED_EDGE('',*,*,#3621,.F.);
#1870=ORIENTED_EDGE('',*,*,#3598,.T.);
#1871=ORIENTED_EDGE('',*,*,#3622,.T.);
#1872=ORIENTED_EDGE('',*,*,#3623,.T.);
#1873=ORIENTED_EDGE('',*,*,#3624,.T.);
#1874=ORIENTED_EDGE('',*,*,#3478,.F.);
#1875=ORIENTED_EDGE('',*,*,#3465,.F.);
#1876=ORIENTED_EDGE('',*,*,#3625,.F.);
#1877=ORIENTED_EDGE('',*,*,#3626,.F.);
#1878=ORIENTED_EDGE('',*,*,#3627,.F.);
#1879=ORIENTED_EDGE('',*,*,#3628,.T.);
#1880=ORIENTED_EDGE('',*,*,#3629,.T.);
#1881=ORIENTED_EDGE('',*,*,#3630,.T.);
#1882=ORIENTED_EDGE('',*,*,#3631,.F.);
#1883=ORIENTED_EDGE('',*,*,#3466,.F.);
#1884=ORIENTED_EDGE('',*,*,#3629,.F.);
#1885=ORIENTED_EDGE('',*,*,#3632,.F.);
#1886=ORIENTED_EDGE('',*,*,#3633,.T.);
#1887=ORIENTED_EDGE('',*,*,#3467,.F.);
#1888=ORIENTED_EDGE('',*,*,#3631,.T.);
#1889=ORIENTED_EDGE('',*,*,#3468,.F.);
#1890=ORIENTED_EDGE('',*,*,#3633,.F.);
#1891=ORIENTED_EDGE('',*,*,#3634,.T.);
#1892=ORIENTED_EDGE('',*,*,#3635,.F.);
#1893=ORIENTED_EDGE('',*,*,#3636,.F.);
#1894=ORIENTED_EDGE('',*,*,#3637,.F.);
#1895=ORIENTED_EDGE('',*,*,#3469,.F.);
#1896=ORIENTED_EDGE('',*,*,#3635,.T.);
#1897=ORIENTED_EDGE('',*,*,#3637,.T.);
#1898=ORIENTED_EDGE('',*,*,#3638,.F.);
#1899=ORIENTED_EDGE('',*,*,#3639,.T.);
#1900=ORIENTED_EDGE('',*,*,#3640,.T.);
#1901=ORIENTED_EDGE('',*,*,#3429,.F.);
#1902=ORIENTED_EDGE('',*,*,#3641,.T.);
#1903=ORIENTED_EDGE('',*,*,#3470,.F.);
#1904=ORIENTED_EDGE('',*,*,#3641,.F.);
#1905=ORIENTED_EDGE('',*,*,#3428,.F.);
#1906=ORIENTED_EDGE('',*,*,#3583,.T.);
#1907=ORIENTED_EDGE('',*,*,#3471,.F.);
#1908=ORIENTED_EDGE('',*,*,#3642,.T.);
#1909=ORIENTED_EDGE('',*,*,#3495,.F.);
#1910=ORIENTED_EDGE('',*,*,#3643,.F.);
#1911=ORIENTED_EDGE('',*,*,#3430,.F.);
#1912=ORIENTED_EDGE('',*,*,#3640,.F.);
#1913=ORIENTED_EDGE('',*,*,#3644,.T.);
#1914=ORIENTED_EDGE('',*,*,#3645,.F.);
#1915=ORIENTED_EDGE('',*,*,#3431,.F.);
#1916=ORIENTED_EDGE('',*,*,#3643,.T.);
#1917=ORIENTED_EDGE('',*,*,#3502,.T.);
#1918=ORIENTED_EDGE('',*,*,#3646,.F.);
#1919=ORIENTED_EDGE('',*,*,#3501,.F.);
#1920=ORIENTED_EDGE('',*,*,#3647,.F.);
#1921=ORIENTED_EDGE('',*,*,#3432,.T.);
#1922=ORIENTED_EDGE('',*,*,#3646,.T.);
#1923=ORIENTED_EDGE('',*,*,#3507,.F.);
#1924=ORIENTED_EDGE('',*,*,#3648,.T.);
#1925=ORIENTED_EDGE('',*,*,#3499,.F.);
#1926=ORIENTED_EDGE('',*,*,#3649,.F.);
#1927=ORIENTED_EDGE('',*,*,#3650,.F.);
#1928=ORIENTED_EDGE('',*,*,#3651,.T.);
#1929=ORIENTED_EDGE('',*,*,#3515,.F.);
#1930=ORIENTED_EDGE('',*,*,#3652,.F.);
#1931=ORIENTED_EDGE('',*,*,#3653,.F.);
#1932=ORIENTED_EDGE('',*,*,#3654,.F.);
#1933=ORIENTED_EDGE('',*,*,#3655,.F.);
#1934=ORIENTED_EDGE('',*,*,#3656,.F.);
#1935=ORIENTED_EDGE('',*,*,#3657,.F.);
#1936=ORIENTED_EDGE('',*,*,#3658,.F.);
#1937=ORIENTED_EDGE('',*,*,#3659,.T.);
#1938=ORIENTED_EDGE('',*,*,#3660,.F.);
#1939=ORIENTED_EDGE('',*,*,#3661,.F.);
#1940=ORIENTED_EDGE('',*,*,#3662,.T.);
#1941=ORIENTED_EDGE('',*,*,#3524,.F.);
#1942=ORIENTED_EDGE('',*,*,#3663,.T.);
#1943=ORIENTED_EDGE('',*,*,#3659,.F.);
#1944=ORIENTED_EDGE('',*,*,#3664,.F.);
#1945=ORIENTED_EDGE('',*,*,#3665,.T.);
#1946=ORIENTED_EDGE('',*,*,#3666,.F.);
#1947=ORIENTED_EDGE('',*,*,#3340,.F.);
#1948=ORIENTED_EDGE('',*,*,#3310,.F.);
#1949=ORIENTED_EDGE('',*,*,#3318,.F.);
#1950=ORIENTED_EDGE('',*,*,#3540,.T.);
#1951=ORIENTED_EDGE('',*,*,#3544,.F.);
#1952=ORIENTED_EDGE('',*,*,#3667,.F.);
#1953=ORIENTED_EDGE('',*,*,#3668,.F.);
#1954=ORIENTED_EDGE('',*,*,#3525,.F.);
#1955=ORIENTED_EDGE('',*,*,#3666,.T.);
#1956=ORIENTED_EDGE('',*,*,#3669,.F.);
#1957=ORIENTED_EDGE('',*,*,#3670,.F.);
#1958=ORIENTED_EDGE('',*,*,#3671,.T.);
#1959=ORIENTED_EDGE('',*,*,#3672,.F.);
#1960=ORIENTED_EDGE('',*,*,#3670,.T.);
#1961=ORIENTED_EDGE('',*,*,#3673,.F.);
#1962=ORIENTED_EDGE('',*,*,#3674,.F.);
#1963=ORIENTED_EDGE('',*,*,#3541,.T.);
#1964=ORIENTED_EDGE('',*,*,#3316,.F.);
#1965=ORIENTED_EDGE('',*,*,#3312,.F.);
#1966=ORIENTED_EDGE('',*,*,#3342,.F.);
#1967=ORIENTED_EDGE('',*,*,#3675,.T.);
#1968=ORIENTED_EDGE('',*,*,#3674,.T.);
#1969=ORIENTED_EDGE('',*,*,#3676,.T.);
#1970=ORIENTED_EDGE('',*,*,#3677,.F.);
#1971=ORIENTED_EDGE('',*,*,#3513,.F.);
#1972=ORIENTED_EDGE('',*,*,#3678,.T.);
#1973=ORIENTED_EDGE('',*,*,#3679,.F.);
#1974=ORIENTED_EDGE('',*,*,#3545,.T.);
#1975=ORIENTED_EDGE('',*,*,#3514,.F.);
#1976=ORIENTED_EDGE('',*,*,#3677,.T.);
#1977=ORIENTED_EDGE('',*,*,#3680,.T.);
#1978=ORIENTED_EDGE('',*,*,#3652,.T.);
#1979=ORIENTED_EDGE('',*,*,#3681,.T.);
#1980=ORIENTED_EDGE('',*,*,#3682,.T.);
#1981=ORIENTED_EDGE('',*,*,#3650,.T.);
#1982=ORIENTED_EDGE('',*,*,#3680,.F.);
#1983=ORIENTED_EDGE('',*,*,#3676,.F.);
#1984=ORIENTED_EDGE('',*,*,#3673,.T.);
#1985=ORIENTED_EDGE('',*,*,#3669,.T.);
#1986=ORIENTED_EDGE('',*,*,#3665,.F.);
#1987=ORIENTED_EDGE('',*,*,#3658,.T.);
#1988=ORIENTED_EDGE('',*,*,#3683,.T.);
#1989=ORIENTED_EDGE('',*,*,#3681,.F.);
#1990=ORIENTED_EDGE('',*,*,#3664,.T.);
#1991=ORIENTED_EDGE('',*,*,#3675,.F.);
#1992=ORIENTED_EDGE('',*,*,#3341,.T.);
#1993=ORIENTED_EDGE('',*,*,#3671,.F.);
#1994=ORIENTED_EDGE('',*,*,#3672,.T.);
#1995=ORIENTED_EDGE('',*,*,#3571,.F.);
#1996=ORIENTED_EDGE('',*,*,#3335,.T.);
#1997=ORIENTED_EDGE('',*,*,#3580,.F.);
#1998=ORIENTED_EDGE('',*,*,#3575,.T.);
#1999=ORIENTED_EDGE('',*,*,#3535,.F.);
#2000=ORIENTED_EDGE('',*,*,#3684,.T.);
#2001=ORIENTED_EDGE('',*,*,#3584,.F.);
#2002=ORIENTED_EDGE('',*,*,#3577,.T.);
#2003=ORIENTED_EDGE('',*,*,#3684,.F.);
#2004=ORIENTED_EDGE('',*,*,#3534,.F.);
#2005=ORIENTED_EDGE('',*,*,#3685,.F.);
#2006=ORIENTED_EDGE('',*,*,#3585,.T.);
#2007=ORIENTED_EDGE('',*,*,#3538,.F.);
#2008=ORIENTED_EDGE('',*,*,#3574,.T.);
#2009=ORIENTED_EDGE('',*,*,#3586,.F.);
#2010=ORIENTED_EDGE('',*,*,#3685,.T.);
#2011=ORIENTED_EDGE('',*,*,#3667,.T.);
#2012=ORIENTED_EDGE('',*,*,#3543,.F.);
#2013=ORIENTED_EDGE('',*,*,#3686,.T.);
#2014=ORIENTED_EDGE('',*,*,#3687,.F.);
#2015=ORIENTED_EDGE('',*,*,#3688,.T.);
#2016=ORIENTED_EDGE('',*,*,#3689,.F.);
#2017=ORIENTED_EDGE('',*,*,#3484,.T.);
#2018=ORIENTED_EDGE('',*,*,#3690,.F.);
#2019=ORIENTED_EDGE('',*,*,#3526,.F.);
#2020=ORIENTED_EDGE('',*,*,#3668,.T.);
#2021=ORIENTED_EDGE('',*,*,#3687,.T.);
#2022=ORIENTED_EDGE('',*,*,#3691,.T.);
#2023=ORIENTED_EDGE('',*,*,#3692,.T.);
#2024=ORIENTED_EDGE('',*,*,#3678,.F.);
#2025=ORIENTED_EDGE('',*,*,#3512,.F.);
#2026=ORIENTED_EDGE('',*,*,#3693,.T.);
#2027=ORIENTED_EDGE('',*,*,#3511,.F.);
#2028=ORIENTED_EDGE('',*,*,#3694,.F.);
#2029=ORIENTED_EDGE('',*,*,#3695,.T.);
#2030=ORIENTED_EDGE('',*,*,#3693,.F.);
#2031=ORIENTED_EDGE('',*,*,#3696,.T.);
#2032=ORIENTED_EDGE('',*,*,#3697,.F.);
#2033=ORIENTED_EDGE('',*,*,#3698,.T.);
#2034=ORIENTED_EDGE('',*,*,#3688,.F.);
#2035=ORIENTED_EDGE('',*,*,#3695,.F.);
#2036=ORIENTED_EDGE('',*,*,#3699,.T.);
#2037=ORIENTED_EDGE('',*,*,#3700,.F.);
#2038=ORIENTED_EDGE('',*,*,#3701,.T.);
#2039=ORIENTED_EDGE('',*,*,#3702,.T.);
#2040=ORIENTED_EDGE('',*,*,#3703,.T.);
#2041=ORIENTED_EDGE('',*,*,#3704,.T.);
#2042=ORIENTED_EDGE('',*,*,#3705,.F.);
#2043=ORIENTED_EDGE('',*,*,#3706,.T.);
#2044=ORIENTED_EDGE('',*,*,#3707,.T.);
#2045=ORIENTED_EDGE('',*,*,#3708,.F.);
#2046=ORIENTED_EDGE('',*,*,#3709,.T.);
#2047=ORIENTED_EDGE('',*,*,#3492,.T.);
#2048=ORIENTED_EDGE('',*,*,#3710,.F.);
#2049=ORIENTED_EDGE('',*,*,#3707,.F.);
#2050=ORIENTED_EDGE('',*,*,#3711,.T.);
#2051=ORIENTED_EDGE('',*,*,#3711,.F.);
#2052=ORIENTED_EDGE('',*,*,#3706,.F.);
#2053=ORIENTED_EDGE('',*,*,#3712,.T.);
#2054=ORIENTED_EDGE('',*,*,#3493,.F.);
#2055=ORIENTED_EDGE('',*,*,#3712,.F.);
#2056=ORIENTED_EDGE('',*,*,#3713,.T.);
#2057=ORIENTED_EDGE('',*,*,#3494,.T.);
#2058=ORIENTED_EDGE('',*,*,#3705,.T.);
#2059=ORIENTED_EDGE('',*,*,#3714,.F.);
#2060=ORIENTED_EDGE('',*,*,#3455,.T.);
#2061=ORIENTED_EDGE('',*,*,#3713,.F.);
#2062=ORIENTED_EDGE('',*,*,#3715,.F.);
#2063=ORIENTED_EDGE('',*,*,#3716,.T.);
#2064=ORIENTED_EDGE('',*,*,#3717,.T.);
#2065=ORIENTED_EDGE('',*,*,#3718,.F.);
#2066=ORIENTED_EDGE('',*,*,#3719,.F.);
#2067=ORIENTED_EDGE('',*,*,#3720,.T.);
#2068=ORIENTED_EDGE('',*,*,#3716,.F.);
#2069=ORIENTED_EDGE('',*,*,#3721,.T.);
#2070=ORIENTED_EDGE('',*,*,#3490,.F.);
#2071=ORIENTED_EDGE('',*,*,#3722,.F.);
#2072=ORIENTED_EDGE('',*,*,#3717,.F.);
#2073=ORIENTED_EDGE('',*,*,#3722,.T.);
#2074=ORIENTED_EDGE('',*,*,#3489,.F.);
#2075=ORIENTED_EDGE('',*,*,#3723,.F.);
#2076=ORIENTED_EDGE('',*,*,#3723,.T.);
#2077=ORIENTED_EDGE('',*,*,#3488,.F.);
#2078=ORIENTED_EDGE('',*,*,#3724,.T.);
#2079=ORIENTED_EDGE('',*,*,#3487,.T.);
#2080=ORIENTED_EDGE('',*,*,#3725,.F.);
#2081=ORIENTED_EDGE('',*,*,#3718,.T.);
#2082=ORIENTED_EDGE('',*,*,#3724,.F.);
#2083=ORIENTED_EDGE('',*,*,#3461,.F.);
#2084=ORIENTED_EDGE('',*,*,#3726,.T.);
#2085=ORIENTED_EDGE('',*,*,#3696,.F.);
#2086=ORIENTED_EDGE('',*,*,#3727,.T.);
#2087=ORIENTED_EDGE('',*,*,#3462,.F.);
#2088=ORIENTED_EDGE('',*,*,#3727,.F.);
#2089=ORIENTED_EDGE('',*,*,#3703,.F.);
#2090=ORIENTED_EDGE('',*,*,#3728,.T.);
#2091=ORIENTED_EDGE('',*,*,#3463,.F.);
#2092=ORIENTED_EDGE('',*,*,#3728,.F.);
#2093=ORIENTED_EDGE('',*,*,#3702,.F.);
#2094=ORIENTED_EDGE('',*,*,#3729,.F.);
#2095=ORIENTED_EDGE('',*,*,#3730,.F.);
#2096=ORIENTED_EDGE('',*,*,#3731,.T.);
#2097=ORIENTED_EDGE('',*,*,#3731,.F.);
#2098=ORIENTED_EDGE('',*,*,#3732,.F.);
#2099=ORIENTED_EDGE('',*,*,#3733,.F.);
#2100=ORIENTED_EDGE('',*,*,#3734,.T.);
#2101=ORIENTED_EDGE('',*,*,#3735,.T.);
#2102=ORIENTED_EDGE('',*,*,#3736,.F.);
#2103=ORIENTED_EDGE('',*,*,#3737,.F.);
#2104=ORIENTED_EDGE('',*,*,#3738,.T.);
#2105=ORIENTED_EDGE('',*,*,#3739,.T.);
#2106=ORIENTED_EDGE('',*,*,#3740,.F.);
#2107=ORIENTED_EDGE('',*,*,#3741,.F.);
#2108=ORIENTED_EDGE('',*,*,#3742,.T.);
#2109=ORIENTED_EDGE('',*,*,#3743,.T.);
#2110=ORIENTED_EDGE('',*,*,#3744,.F.);
#2111=ORIENTED_EDGE('',*,*,#3745,.F.);
#2112=ORIENTED_EDGE('',*,*,#3746,.T.);
#2113=ORIENTED_EDGE('',*,*,#3645,.T.);
#2114=ORIENTED_EDGE('',*,*,#3747,.T.);
#2115=ORIENTED_EDGE('',*,*,#3625,.T.);
#2116=ORIENTED_EDGE('',*,*,#3464,.F.);
#2117=ORIENTED_EDGE('',*,*,#3748,.T.);
#2118=ORIENTED_EDGE('',*,*,#3749,.T.);
#2119=ORIENTED_EDGE('',*,*,#3626,.T.);
#2120=ORIENTED_EDGE('',*,*,#3747,.F.);
#2121=ORIENTED_EDGE('',*,*,#3644,.F.);
#2122=ORIENTED_EDGE('',*,*,#3749,.F.);
#2123=ORIENTED_EDGE('',*,*,#3750,.T.);
#2124=ORIENTED_EDGE('',*,*,#3751,.F.);
#2125=ORIENTED_EDGE('',*,*,#3627,.T.);
#2126=ORIENTED_EDGE('',*,*,#3751,.T.);
#2127=ORIENTED_EDGE('',*,*,#3752,.F.);
#2128=ORIENTED_EDGE('',*,*,#3638,.T.);
#2129=ORIENTED_EDGE('',*,*,#3636,.T.);
#2130=ORIENTED_EDGE('',*,*,#3634,.F.);
#2131=ORIENTED_EDGE('',*,*,#3632,.T.);
#2132=ORIENTED_EDGE('',*,*,#3630,.F.);
#2133=ORIENTED_EDGE('',*,*,#3628,.F.);
#2134=ORIENTED_EDGE('',*,*,#3752,.T.);
#2135=ORIENTED_EDGE('',*,*,#3750,.F.);
#2136=ORIENTED_EDGE('',*,*,#3748,.F.);
#2137=ORIENTED_EDGE('',*,*,#3639,.F.);
#2138=ORIENTED_EDGE('',*,*,#3753,.F.);
#2139=ORIENTED_EDGE('',*,*,#3496,.F.);
#2140=ORIENTED_EDGE('',*,*,#3642,.F.);
#2141=ORIENTED_EDGE('',*,*,#3746,.F.);
#2142=ORIENTED_EDGE('',*,*,#3754,.F.);
#2143=ORIENTED_EDGE('',*,*,#3755,.T.);
#2144=ORIENTED_EDGE('',*,*,#3756,.F.);
#2145=ORIENTED_EDGE('',*,*,#3742,.F.);
#2146=ORIENTED_EDGE('',*,*,#3757,.F.);
#2147=ORIENTED_EDGE('',*,*,#3758,.T.);
#2148=ORIENTED_EDGE('',*,*,#3759,.F.);
#2149=ORIENTED_EDGE('',*,*,#3738,.F.);
#2150=ORIENTED_EDGE('',*,*,#3760,.F.);
#2151=ORIENTED_EDGE('',*,*,#3761,.T.);
#2152=ORIENTED_EDGE('',*,*,#3762,.F.);
#2153=ORIENTED_EDGE('',*,*,#3734,.F.);
#2154=ORIENTED_EDGE('',*,*,#3497,.F.);
#2155=ORIENTED_EDGE('',*,*,#3753,.T.);
#2156=ORIENTED_EDGE('',*,*,#3733,.T.);
#2157=ORIENTED_EDGE('',*,*,#3763,.T.);
#2158=ORIENTED_EDGE('',*,*,#3764,.F.);
#2159=ORIENTED_EDGE('',*,*,#3509,.F.);
#2160=ORIENTED_EDGE('',*,*,#3765,.T.);
#2161=ORIENTED_EDGE('',*,*,#3508,.F.);
#2162=ORIENTED_EDGE('',*,*,#3649,.T.);
#2163=ORIENTED_EDGE('',*,*,#3498,.T.);
#2164=ORIENTED_EDGE('',*,*,#3765,.F.);
#2165=ORIENTED_EDGE('',*,*,#3510,.F.);
#2166=ORIENTED_EDGE('',*,*,#3764,.T.);
#2167=ORIENTED_EDGE('',*,*,#3766,.T.);
#2168=ORIENTED_EDGE('',*,*,#3699,.F.);
#2169=ORIENTED_EDGE('',*,*,#3694,.T.);
#2170=ORIENTED_EDGE('',*,*,#3767,.F.);
#2171=ORIENTED_EDGE('',*,*,#3768,.F.);
#2172=ORIENTED_EDGE('',*,*,#3700,.T.);
#2173=ORIENTED_EDGE('',*,*,#3766,.F.);
#2174=ORIENTED_EDGE('',*,*,#3701,.F.);
#2175=ORIENTED_EDGE('',*,*,#3768,.T.);
#2176=ORIENTED_EDGE('',*,*,#3769,.F.);
#2177=ORIENTED_EDGE('',*,*,#3729,.T.);
#2178=ORIENTED_EDGE('',*,*,#3769,.T.);
#2179=ORIENTED_EDGE('',*,*,#3767,.T.);
#2180=ORIENTED_EDGE('',*,*,#3763,.F.);
#2181=ORIENTED_EDGE('',*,*,#3732,.T.);
#2182=ORIENTED_EDGE('',*,*,#3730,.T.);
#2183=ORIENTED_EDGE('',*,*,#3770,.T.);
#2184=ORIENTED_EDGE('',*,*,#3735,.F.);
#2185=ORIENTED_EDGE('',*,*,#3762,.T.);
#2186=ORIENTED_EDGE('',*,*,#3736,.T.);
#2187=ORIENTED_EDGE('',*,*,#3770,.F.);
#2188=ORIENTED_EDGE('',*,*,#3761,.F.);
#2189=ORIENTED_EDGE('',*,*,#3771,.F.);
#2190=ORIENTED_EDGE('',*,*,#3771,.T.);
#2191=ORIENTED_EDGE('',*,*,#3760,.T.);
#2192=ORIENTED_EDGE('',*,*,#3737,.T.);
#2193=ORIENTED_EDGE('',*,*,#3772,.T.);
#2194=ORIENTED_EDGE('',*,*,#3739,.F.);
#2195=ORIENTED_EDGE('',*,*,#3759,.T.);
#2196=ORIENTED_EDGE('',*,*,#3740,.T.);
#2197=ORIENTED_EDGE('',*,*,#3772,.F.);
#2198=ORIENTED_EDGE('',*,*,#3758,.F.);
#2199=ORIENTED_EDGE('',*,*,#3773,.F.);
#2200=ORIENTED_EDGE('',*,*,#3773,.T.);
#2201=ORIENTED_EDGE('',*,*,#3757,.T.);
#2202=ORIENTED_EDGE('',*,*,#3741,.T.);
#2203=ORIENTED_EDGE('',*,*,#3774,.T.);
#2204=ORIENTED_EDGE('',*,*,#3743,.F.);
#2205=ORIENTED_EDGE('',*,*,#3756,.T.);
#2206=ORIENTED_EDGE('',*,*,#3744,.T.);
#2207=ORIENTED_EDGE('',*,*,#3774,.F.);
#2208=ORIENTED_EDGE('',*,*,#3755,.F.);
#2209=ORIENTED_EDGE('',*,*,#3775,.F.);
#2210=ORIENTED_EDGE('',*,*,#3775,.T.);
#2211=ORIENTED_EDGE('',*,*,#3754,.T.);
#2212=ORIENTED_EDGE('',*,*,#3745,.T.);
#2213=ORIENTED_EDGE('',*,*,#3776,.T.);
#2214=ORIENTED_EDGE('',*,*,#3546,.F.);
#2215=ORIENTED_EDGE('',*,*,#3679,.T.);
#2216=ORIENTED_EDGE('',*,*,#3692,.F.);
#2217=ORIENTED_EDGE('',*,*,#3686,.F.);
#2218=ORIENTED_EDGE('',*,*,#3542,.T.);
#2219=ORIENTED_EDGE('',*,*,#3776,.F.);
#2220=ORIENTED_EDGE('',*,*,#3691,.F.);
#2221=ORIENTED_EDGE('',*,*,#3483,.F.);
#2222=ORIENTED_EDGE('',*,*,#3777,.F.);
#2223=ORIENTED_EDGE('',*,*,#3527,.F.);
#2224=ORIENTED_EDGE('',*,*,#3690,.T.);
#2225=ORIENTED_EDGE('',*,*,#3482,.F.);
#2226=ORIENTED_EDGE('',*,*,#3778,.T.);
#2227=ORIENTED_EDGE('',*,*,#3779,.T.);
#2228=ORIENTED_EDGE('',*,*,#3528,.F.);
#2229=ORIENTED_EDGE('',*,*,#3777,.T.);
#2230=ORIENTED_EDGE('',*,*,#3597,.T.);
#2231=ORIENTED_EDGE('',*,*,#3447,.F.);
#2232=ORIENTED_EDGE('',*,*,#3780,.F.);
#2233=ORIENTED_EDGE('',*,*,#3529,.F.);
#2234=ORIENTED_EDGE('',*,*,#3779,.F.);
#2235=ORIENTED_EDGE('',*,*,#3781,.T.);
#2236=ORIENTED_EDGE('',*,*,#3622,.F.);
#2237=ORIENTED_EDGE('',*,*,#3530,.F.);
#2238=ORIENTED_EDGE('',*,*,#3780,.T.);
#2239=ORIENTED_EDGE('',*,*,#3454,.T.);
#2240=ORIENTED_EDGE('',*,*,#3782,.T.);
#2241=ORIENTED_EDGE('',*,*,#3453,.F.);
#2242=ORIENTED_EDGE('',*,*,#3783,.F.);
#2243=ORIENTED_EDGE('',*,*,#3503,.F.);
#2244=ORIENTED_EDGE('',*,*,#3782,.F.);
#2245=ORIENTED_EDGE('',*,*,#3784,.T.);
#2246=ORIENTED_EDGE('',*,*,#3785,.T.);
#2247=ORIENTED_EDGE('',*,*,#3786,.T.);
#2248=ORIENTED_EDGE('',*,*,#3623,.F.);
#2249=ORIENTED_EDGE('',*,*,#3781,.F.);
#2250=ORIENTED_EDGE('',*,*,#3786,.F.);
#2251=ORIENTED_EDGE('',*,*,#3787,.F.);
#2252=ORIENTED_EDGE('',*,*,#3479,.F.);
#2253=ORIENTED_EDGE('',*,*,#3624,.F.);
#2254=ORIENTED_EDGE('',*,*,#3785,.F.);
#2255=ORIENTED_EDGE('',*,*,#3788,.T.);
#2256=ORIENTED_EDGE('',*,*,#3480,.F.);
#2257=ORIENTED_EDGE('',*,*,#3787,.T.);
#2258=ORIENTED_EDGE('',*,*,#3481,.F.);
#2259=ORIENTED_EDGE('',*,*,#3788,.F.);
#2260=ORIENTED_EDGE('',*,*,#3784,.F.);
#2261=ORIENTED_EDGE('',*,*,#3778,.F.);
#2262=ORIENTED_EDGE('',*,*,#3789,.F.);
#2263=ORIENTED_EDGE('',*,*,#3660,.T.);
#2264=ORIENTED_EDGE('',*,*,#3663,.F.);
#2265=ORIENTED_EDGE('',*,*,#3523,.T.);
#2266=ORIENTED_EDGE('',*,*,#3790,.T.);
#2267=ORIENTED_EDGE('',*,*,#3661,.T.);
#2268=ORIENTED_EDGE('',*,*,#3789,.T.);
#2269=ORIENTED_EDGE('',*,*,#3522,.T.);
#2270=ORIENTED_EDGE('',*,*,#3791,.F.);
#2271=ORIENTED_EDGE('',*,*,#3662,.F.);
#2272=ORIENTED_EDGE('',*,*,#3790,.F.);
#2273=ORIENTED_EDGE('',*,*,#3521,.F.);
#2274=ORIENTED_EDGE('',*,*,#3520,.T.);
#2275=ORIENTED_EDGE('',*,*,#3792,.T.);
#2276=ORIENTED_EDGE('',*,*,#3653,.T.);
#2277=ORIENTED_EDGE('',*,*,#3791,.T.);
#2278=ORIENTED_EDGE('',*,*,#3477,.F.);
#2279=ORIENTED_EDGE('',*,*,#3793,.F.);
#2280=ORIENTED_EDGE('',*,*,#3794,.T.);
#2281=ORIENTED_EDGE('',*,*,#3611,.T.);
#2282=ORIENTED_EDGE('',*,*,#3795,.T.);
#2283=ORIENTED_EDGE('',*,*,#3796,.F.);
#2284=ORIENTED_EDGE('',*,*,#3593,.F.);
#2285=ORIENTED_EDGE('',*,*,#3612,.F.);
#2286=ORIENTED_EDGE('',*,*,#3794,.F.);
#2287=ORIENTED_EDGE('',*,*,#3796,.T.);
#2288=ORIENTED_EDGE('',*,*,#3797,.F.);
#2289=ORIENTED_EDGE('',*,*,#3475,.F.);
#2290=ORIENTED_EDGE('',*,*,#3589,.F.);
#2291=ORIENTED_EDGE('',*,*,#3476,.F.);
#2292=ORIENTED_EDGE('',*,*,#3797,.T.);
#2293=ORIENTED_EDGE('',*,*,#3795,.F.);
#2294=ORIENTED_EDGE('',*,*,#3793,.T.);
#2295=ORIENTED_EDGE('',*,*,#3798,.T.);
#2296=ORIENTED_EDGE('',*,*,#3599,.T.);
#2297=ORIENTED_EDGE('',*,*,#3621,.T.);
#2298=ORIENTED_EDGE('',*,*,#3620,.T.);
#2299=ORIENTED_EDGE('',*,*,#3799,.F.);
#2300=ORIENTED_EDGE('',*,*,#3600,.F.);
#2301=ORIENTED_EDGE('',*,*,#3798,.F.);
#2302=ORIENTED_EDGE('',*,*,#3799,.T.);
#2303=ORIENTED_EDGE('',*,*,#3619,.F.);
#2304=ORIENTED_EDGE('',*,*,#3601,.T.);
#2305=ORIENTED_EDGE('',*,*,#3800,.T.);
#2306=ORIENTED_EDGE('',*,*,#3603,.T.);
#2307=ORIENTED_EDGE('',*,*,#3618,.T.);
#2308=ORIENTED_EDGE('',*,*,#3617,.T.);
#2309=ORIENTED_EDGE('',*,*,#3801,.F.);
#2310=ORIENTED_EDGE('',*,*,#3604,.F.);
#2311=ORIENTED_EDGE('',*,*,#3800,.F.);
#2312=ORIENTED_EDGE('',*,*,#3801,.T.);
#2313=ORIENTED_EDGE('',*,*,#3616,.F.);
#2314=ORIENTED_EDGE('',*,*,#3605,.T.);
#2315=ORIENTED_EDGE('',*,*,#3802,.T.);
#2316=ORIENTED_EDGE('',*,*,#3607,.T.);
#2317=ORIENTED_EDGE('',*,*,#3615,.T.);
#2318=ORIENTED_EDGE('',*,*,#3614,.T.);
#2319=ORIENTED_EDGE('',*,*,#3803,.F.);
#2320=ORIENTED_EDGE('',*,*,#3608,.F.);
#2321=ORIENTED_EDGE('',*,*,#3802,.F.);
#2322=ORIENTED_EDGE('',*,*,#3803,.T.);
#2323=ORIENTED_EDGE('',*,*,#3613,.F.);
#2324=ORIENTED_EDGE('',*,*,#3609,.T.);
#2325=ORIENTED_EDGE('',*,*,#3557,.T.);
#2326=ORIENTED_EDGE('',*,*,#3804,.T.);
#2327=ORIENTED_EDGE('',*,*,#3419,.F.);
#2328=ORIENTED_EDGE('',*,*,#3805,.T.);
#2329=ORIENTED_EDGE('',*,*,#3548,.F.);
#2330=ORIENTED_EDGE('',*,*,#3558,.F.);
#2331=ORIENTED_EDGE('',*,*,#3805,.F.);
#2332=ORIENTED_EDGE('',*,*,#3446,.F.);
#2333=ORIENTED_EDGE('',*,*,#3806,.F.);
#2334=ORIENTED_EDGE('',*,*,#3807,.T.);
#2335=ORIENTED_EDGE('',*,*,#3808,.F.);
#2336=ORIENTED_EDGE('',*,*,#3809,.F.);
#2337=ORIENTED_EDGE('',*,*,#3810,.F.);
#2338=ORIENTED_EDGE('',*,*,#3809,.T.);
#2339=ORIENTED_EDGE('',*,*,#3811,.F.);
#2340=ORIENTED_EDGE('',*,*,#3812,.T.);
#2341=ORIENTED_EDGE('',*,*,#3813,.F.);
#2342=ORIENTED_EDGE('',*,*,#3814,.T.);
#2343=ORIENTED_EDGE('',*,*,#3815,.F.);
#2344=ORIENTED_EDGE('',*,*,#3807,.F.);
#2345=ORIENTED_EDGE('',*,*,#3816,.F.);
#2346=ORIENTED_EDGE('',*,*,#3817,.F.);
#2347=ORIENTED_EDGE('',*,*,#3813,.T.);
#2348=ORIENTED_EDGE('',*,*,#3806,.T.);
#2349=ORIENTED_EDGE('',*,*,#3810,.T.);
#2350=ORIENTED_EDGE('',*,*,#3818,.F.);
#2351=ORIENTED_EDGE('',*,*,#3819,.T.);
#2352=ORIENTED_EDGE('',*,*,#3820,.F.);
#2353=ORIENTED_EDGE('',*,*,#3821,.F.);
#2354=ORIENTED_EDGE('',*,*,#3822,.F.);
#2355=ORIENTED_EDGE('',*,*,#3823,.F.);
#2356=ORIENTED_EDGE('',*,*,#3824,.F.);
#2357=ORIENTED_EDGE('',*,*,#3821,.T.);
#2358=ORIENTED_EDGE('',*,*,#3825,.F.);
#2359=ORIENTED_EDGE('',*,*,#3823,.T.);
#2360=ORIENTED_EDGE('',*,*,#3826,.F.);
#2361=ORIENTED_EDGE('',*,*,#3827,.T.);
#2362=ORIENTED_EDGE('',*,*,#3818,.T.);
#2363=ORIENTED_EDGE('',*,*,#3824,.T.);
#2364=ORIENTED_EDGE('',*,*,#3825,.T.);
#2365=ORIENTED_EDGE('',*,*,#3828,.F.);
#2366=ORIENTED_EDGE('',*,*,#3829,.F.);
#2367=ORIENTED_EDGE('',*,*,#3830,.F.);
#2368=ORIENTED_EDGE('',*,*,#3831,.T.);
#2369=ORIENTED_EDGE('',*,*,#3832,.F.);
#2370=ORIENTED_EDGE('',*,*,#3833,.F.);
#2371=ORIENTED_EDGE('',*,*,#3834,.F.);
#2372=ORIENTED_EDGE('',*,*,#3833,.T.);
#2373=ORIENTED_EDGE('',*,*,#3835,.F.);
#2374=ORIENTED_EDGE('',*,*,#3836,.F.);
#2375=ORIENTED_EDGE('',*,*,#3837,.F.);
#2376=ORIENTED_EDGE('',*,*,#3836,.T.);
#2377=ORIENTED_EDGE('',*,*,#3838,.F.);
#2378=ORIENTED_EDGE('',*,*,#3839,.T.);
#2379=ORIENTED_EDGE('',*,*,#3840,.F.);
#2380=ORIENTED_EDGE('',*,*,#3841,.F.);
#2381=ORIENTED_EDGE('',*,*,#3830,.T.);
#2382=ORIENTED_EDGE('',*,*,#3834,.T.);
#2383=ORIENTED_EDGE('',*,*,#3837,.T.);
#2384=ORIENTED_EDGE('',*,*,#3842,.F.);
#2385=ORIENTED_EDGE('',*,*,#3843,.T.);
#2386=ORIENTED_EDGE('',*,*,#3844,.F.);
#2387=ORIENTED_EDGE('',*,*,#3845,.F.);
#2388=ORIENTED_EDGE('',*,*,#3846,.F.);
#2389=ORIENTED_EDGE('',*,*,#3847,.F.);
#2390=ORIENTED_EDGE('',*,*,#3848,.F.);
#2391=ORIENTED_EDGE('',*,*,#3845,.T.);
#2392=ORIENTED_EDGE('',*,*,#3849,.F.);
#2393=ORIENTED_EDGE('',*,*,#3847,.T.);
#2394=ORIENTED_EDGE('',*,*,#3850,.F.);
#2395=ORIENTED_EDGE('',*,*,#3851,.T.);
#2396=ORIENTED_EDGE('',*,*,#3842,.T.);
#2397=ORIENTED_EDGE('',*,*,#3848,.T.);
#2398=ORIENTED_EDGE('',*,*,#3849,.T.);
#2399=ORIENTED_EDGE('',*,*,#3852,.F.);
#2400=ORIENTED_EDGE('',*,*,#3853,.F.);
#2401=ORIENTED_EDGE('',*,*,#3854,.F.);
#2402=ORIENTED_EDGE('',*,*,#3855,.T.);
#2403=ORIENTED_EDGE('',*,*,#3856,.T.);
#2404=ORIENTED_EDGE('',*,*,#3857,.T.);
#2405=ORIENTED_EDGE('',*,*,#3856,.F.);
#2406=ORIENTED_EDGE('',*,*,#3858,.T.);
#2407=ORIENTED_EDGE('',*,*,#3859,.T.);
#2408=ORIENTED_EDGE('',*,*,#3860,.T.);
#2409=ORIENTED_EDGE('',*,*,#3861,.F.);
#2410=ORIENTED_EDGE('',*,*,#3862,.T.);
#2411=ORIENTED_EDGE('',*,*,#3863,.T.);
#2412=ORIENTED_EDGE('',*,*,#3864,.T.);
#2413=ORIENTED_EDGE('',*,*,#3863,.F.);
#2414=ORIENTED_EDGE('',*,*,#3865,.T.);
#2415=ORIENTED_EDGE('',*,*,#3866,.T.);
#2416=ORIENTED_EDGE('',*,*,#3867,.T.);
#2417=ORIENTED_EDGE('',*,*,#3866,.F.);
#2418=ORIENTED_EDGE('',*,*,#3868,.T.);
#2419=ORIENTED_EDGE('',*,*,#3854,.T.);
#2420=ORIENTED_EDGE('',*,*,#3869,.T.);
#2421=ORIENTED_EDGE('',*,*,#3294,.T.);
#2422=ORIENTED_EDGE('',*,*,#3274,.T.);
#2423=ORIENTED_EDGE('',*,*,#3277,.T.);
#2424=ORIENTED_EDGE('',*,*,#3280,.T.);
#2425=ORIENTED_EDGE('',*,*,#3283,.T.);
#2426=ORIENTED_EDGE('',*,*,#3286,.T.);
#2427=ORIENTED_EDGE('',*,*,#3289,.T.);
#2428=ORIENTED_EDGE('',*,*,#3292,.T.);
#2429=ORIENTED_EDGE('',*,*,#3870,.T.);
#2430=ORIENTED_EDGE('',*,*,#3871,.F.);
#2431=ORIENTED_EDGE('',*,*,#3872,.F.);
#2432=ORIENTED_EDGE('',*,*,#3873,.T.);
#2433=ORIENTED_EDGE('',*,*,#3874,.T.);
#2434=ORIENTED_EDGE('',*,*,#3875,.F.);
#2435=ORIENTED_EDGE('',*,*,#3876,.F.);
#2436=ORIENTED_EDGE('',*,*,#3877,.T.);
#2437=ORIENTED_EDGE('',*,*,#3878,.F.);
#2438=ORIENTED_EDGE('',*,*,#3879,.T.);
#2439=ORIENTED_EDGE('',*,*,#3880,.T.);
#2440=ORIENTED_EDGE('',*,*,#3876,.T.);
#2441=ORIENTED_EDGE('',*,*,#3880,.F.);
#2442=ORIENTED_EDGE('',*,*,#3881,.T.);
#2443=ORIENTED_EDGE('',*,*,#3882,.T.);
#2444=ORIENTED_EDGE('',*,*,#3877,.F.);
#2445=ORIENTED_EDGE('',*,*,#3882,.F.);
#2446=ORIENTED_EDGE('',*,*,#3883,.T.);
#2447=ORIENTED_EDGE('',*,*,#3884,.T.);
#2448=ORIENTED_EDGE('',*,*,#3870,.F.);
#2449=ORIENTED_EDGE('',*,*,#3884,.F.);
#2450=ORIENTED_EDGE('',*,*,#3885,.T.);
#2451=ORIENTED_EDGE('',*,*,#3886,.T.);
#2452=ORIENTED_EDGE('',*,*,#3871,.T.);
#2453=ORIENTED_EDGE('',*,*,#3886,.F.);
#2454=ORIENTED_EDGE('',*,*,#3887,.T.);
#2455=ORIENTED_EDGE('',*,*,#3888,.T.);
#2456=ORIENTED_EDGE('',*,*,#3872,.T.);
#2457=ORIENTED_EDGE('',*,*,#3888,.F.);
#2458=ORIENTED_EDGE('',*,*,#3889,.T.);
#2459=ORIENTED_EDGE('',*,*,#3890,.T.);
#2460=ORIENTED_EDGE('',*,*,#3873,.F.);
#2461=ORIENTED_EDGE('',*,*,#3890,.F.);
#2462=ORIENTED_EDGE('',*,*,#3891,.T.);
#2463=ORIENTED_EDGE('',*,*,#3892,.T.);
#2464=ORIENTED_EDGE('',*,*,#3874,.F.);
#2465=ORIENTED_EDGE('',*,*,#3892,.F.);
#2466=ORIENTED_EDGE('',*,*,#3893,.T.);
#2467=ORIENTED_EDGE('',*,*,#3878,.T.);
#2468=ORIENTED_EDGE('',*,*,#3875,.T.);
#2469=ORIENTED_EDGE('',*,*,#3894,.T.);
#2470=ORIENTED_EDGE('',*,*,#3895,.T.);
#2471=ORIENTED_EDGE('',*,*,#3896,.T.);
#2472=ORIENTED_EDGE('',*,*,#3897,.T.);
#2473=ORIENTED_EDGE('',*,*,#3898,.T.);
#2474=ORIENTED_EDGE('',*,*,#3899,.T.);
#2475=ORIENTED_EDGE('',*,*,#3900,.T.);
#2476=ORIENTED_EDGE('',*,*,#3901,.T.);
#2477=ORIENTED_EDGE('',*,*,#3902,.T.);
#2478=ORIENTED_EDGE('',*,*,#3903,.T.);
#2479=ORIENTED_EDGE('',*,*,#3904,.T.);
#2480=ORIENTED_EDGE('',*,*,#3905,.T.);
#2481=ORIENTED_EDGE('',*,*,#3906,.T.);
#2482=ORIENTED_EDGE('',*,*,#3907,.T.);
#2483=ORIENTED_EDGE('',*,*,#3908,.T.);
#2484=ORIENTED_EDGE('',*,*,#3909,.T.);
#2485=ORIENTED_EDGE('',*,*,#3804,.F.);
#2486=ORIENTED_EDGE('',*,*,#3556,.T.);
#2487=ORIENTED_EDGE('',*,*,#3910,.F.);
#2488=ORIENTED_EDGE('',*,*,#3420,.T.);
#2489=ORIENTED_EDGE('',*,*,#3911,.F.);
#2490=ORIENTED_EDGE('',*,*,#3654,.T.);
#2491=ORIENTED_EDGE('',*,*,#3792,.F.);
#2492=ORIENTED_EDGE('',*,*,#3519,.T.);
#2493=ORIENTED_EDGE('',*,*,#3860,.F.);
#2494=ORIENTED_EDGE('',*,*,#3912,.F.);
#2495=ORIENTED_EDGE('',*,*,#3913,.F.);
#2496=ORIENTED_EDGE('',*,*,#3914,.F.);
#2497=ORIENTED_EDGE('',*,*,#3864,.F.);
#2498=ORIENTED_EDGE('',*,*,#3867,.F.);
#2499=ORIENTED_EDGE('',*,*,#3869,.F.);
#2500=ORIENTED_EDGE('',*,*,#3857,.F.);
#2501=ORIENTED_EDGE('',*,*,#3815,.T.);
#2502=ORIENTED_EDGE('',*,*,#3915,.T.);
#2503=ORIENTED_EDGE('',*,*,#3838,.T.);
#2504=ORIENTED_EDGE('',*,*,#3835,.T.);
#2505=ORIENTED_EDGE('',*,*,#3832,.T.);
#2506=ORIENTED_EDGE('',*,*,#3916,.F.);
#2507=ORIENTED_EDGE('',*,*,#3850,.T.);
#2508=ORIENTED_EDGE('',*,*,#3846,.T.);
#2509=ORIENTED_EDGE('',*,*,#3844,.T.);
#2510=ORIENTED_EDGE('',*,*,#3917,.T.);
#2511=ORIENTED_EDGE('',*,*,#3826,.T.);
#2512=ORIENTED_EDGE('',*,*,#3822,.T.);
#2513=ORIENTED_EDGE('',*,*,#3820,.T.);
#2514=ORIENTED_EDGE('',*,*,#3918,.T.);
#2515=ORIENTED_EDGE('',*,*,#3811,.T.);
#2516=ORIENTED_EDGE('',*,*,#3808,.T.);
#2517=ORIENTED_EDGE('',*,*,#3919,.T.);
#2518=ORIENTED_EDGE('',*,*,#3516,.F.);
#2519=ORIENTED_EDGE('',*,*,#3651,.F.);
#2520=ORIENTED_EDGE('',*,*,#3682,.F.);
#2521=ORIENTED_EDGE('',*,*,#3683,.F.);
#2522=ORIENTED_EDGE('',*,*,#3657,.T.);
#2523=ORIENTED_EDGE('',*,*,#3655,.T.);
#2524=ORIENTED_EDGE('',*,*,#3911,.T.);
#2525=ORIENTED_EDGE('',*,*,#3518,.F.);
#2526=ORIENTED_EDGE('',*,*,#3920,.T.);
#2527=ORIENTED_EDGE('',*,*,#3919,.F.);
#2528=ORIENTED_EDGE('',*,*,#3656,.T.);
#2529=ORIENTED_EDGE('',*,*,#3920,.F.);
#2530=ORIENTED_EDGE('',*,*,#3517,.T.);
#2531=ORIENTED_EDGE('',*,*,#3564,.F.);
#2532=ORIENTED_EDGE('',*,*,#3582,.F.);
#2533=ORIENTED_EDGE('',*,*,#3423,.F.);
#2534=ORIENTED_EDGE('',*,*,#3921,.T.);
#2535=ORIENTED_EDGE('',*,*,#3553,.F.);
#2536=ORIENTED_EDGE('',*,*,#3561,.T.);
#2537=ORIENTED_EDGE('',*,*,#3922,.F.);
#2538=ORIENTED_EDGE('',*,*,#3554,.T.);
#2539=ORIENTED_EDGE('',*,*,#3921,.F.);
#2540=ORIENTED_EDGE('',*,*,#3422,.T.);
#2541=ORIENTED_EDGE('',*,*,#3910,.T.);
#2542=ORIENTED_EDGE('',*,*,#3555,.T.);
#2543=ORIENTED_EDGE('',*,*,#3922,.T.);
#2544=ORIENTED_EDGE('',*,*,#3421,.T.);
#2545=ORIENTED_EDGE('',*,*,#3917,.F.);
#2546=ORIENTED_EDGE('',*,*,#3843,.F.);
#2547=ORIENTED_EDGE('',*,*,#3853,.T.);
#2548=ORIENTED_EDGE('',*,*,#3923,.T.);
#2549=ORIENTED_EDGE('',*,*,#3504,.T.);
#2550=ORIENTED_EDGE('',*,*,#3783,.T.);
#2551=ORIENTED_EDGE('',*,*,#3452,.T.);
#2552=ORIENTED_EDGE('',*,*,#3596,.T.);
#2553=ORIENTED_EDGE('',*,*,#3435,.T.);
#2554=ORIENTED_EDGE('',*,*,#3924,.T.);
#2555=ORIENTED_EDGE('',*,*,#3828,.T.);
#2556=ORIENTED_EDGE('',*,*,#3827,.F.);
#2557=ORIENTED_EDGE('',*,*,#3916,.T.);
#2558=ORIENTED_EDGE('',*,*,#3831,.F.);
#2559=ORIENTED_EDGE('',*,*,#3841,.T.);
#2560=ORIENTED_EDGE('',*,*,#3925,.F.);
#2561=ORIENTED_EDGE('',*,*,#3505,.F.);
#2562=ORIENTED_EDGE('',*,*,#3923,.F.);
#2563=ORIENTED_EDGE('',*,*,#3852,.T.);
#2564=ORIENTED_EDGE('',*,*,#3851,.F.);
#2565=ORIENTED_EDGE('',*,*,#3925,.T.);
#2566=ORIENTED_EDGE('',*,*,#3840,.T.);
#2567=ORIENTED_EDGE('',*,*,#3839,.F.);
#2568=ORIENTED_EDGE('',*,*,#3915,.F.);
#2569=ORIENTED_EDGE('',*,*,#3814,.F.);
#2570=ORIENTED_EDGE('',*,*,#3817,.T.);
#2571=ORIENTED_EDGE('',*,*,#3926,.T.);
#2572=ORIENTED_EDGE('',*,*,#3433,.T.);
#2573=ORIENTED_EDGE('',*,*,#3647,.T.);
#2574=ORIENTED_EDGE('',*,*,#3500,.F.);
#2575=ORIENTED_EDGE('',*,*,#3648,.F.);
#2576=ORIENTED_EDGE('',*,*,#3506,.F.);
#2577=ORIENTED_EDGE('',*,*,#3926,.F.);
#2578=ORIENTED_EDGE('',*,*,#3816,.T.);
#2579=ORIENTED_EDGE('',*,*,#3812,.F.);
#2580=ORIENTED_EDGE('',*,*,#3918,.F.);
#2581=ORIENTED_EDGE('',*,*,#3819,.F.);
#2582=ORIENTED_EDGE('',*,*,#3829,.T.);
#2583=ORIENTED_EDGE('',*,*,#3924,.F.);
#2584=ORIENTED_EDGE('',*,*,#3434,.F.);
#2585=ORIENTED_EDGE('',*,*,#3927,.T.);
#2586=ORIENTED_EDGE('',*,*,#3459,.F.);
#2587=ORIENTED_EDGE('',*,*,#3928,.T.);
#2588=ORIENTED_EDGE('',*,*,#3929,.F.);
#2589=ORIENTED_EDGE('',*,*,#3930,.T.);
#2590=ORIENTED_EDGE('',*,*,#3485,.F.);
#2591=ORIENTED_EDGE('',*,*,#3689,.T.);
#2592=ORIENTED_EDGE('',*,*,#3698,.F.);
#2593=ORIENTED_EDGE('',*,*,#3457,.F.);
#2594=ORIENTED_EDGE('',*,*,#3931,.T.);
#2595=ORIENTED_EDGE('',*,*,#3932,.F.);
#2596=ORIENTED_EDGE('',*,*,#3933,.T.);
#2597=ORIENTED_EDGE('',*,*,#3458,.F.);
#2598=ORIENTED_EDGE('',*,*,#3933,.F.);
#2599=ORIENTED_EDGE('',*,*,#3934,.F.);
#2600=ORIENTED_EDGE('',*,*,#3928,.F.);
#2601=ORIENTED_EDGE('',*,*,#3935,.T.);
#2602=ORIENTED_EDGE('',*,*,#3709,.F.);
#2603=ORIENTED_EDGE('',*,*,#3936,.T.);
#2604=ORIENTED_EDGE('',*,*,#3937,.F.);
#2605=ORIENTED_EDGE('',*,*,#3456,.F.);
#2606=ORIENTED_EDGE('',*,*,#3714,.T.);
#2607=ORIENTED_EDGE('',*,*,#3704,.F.);
#2608=ORIENTED_EDGE('',*,*,#3935,.F.);
#2609=ORIENTED_EDGE('',*,*,#3938,.F.);
#2610=ORIENTED_EDGE('',*,*,#3931,.F.);
#2611=ORIENTED_EDGE('',*,*,#3939,.T.);
#2612=ORIENTED_EDGE('',*,*,#3720,.F.);
#2613=ORIENTED_EDGE('',*,*,#3940,.T.);
#2614=ORIENTED_EDGE('',*,*,#3941,.F.);
#2615=ORIENTED_EDGE('',*,*,#3708,.T.);
#2616=ORIENTED_EDGE('',*,*,#3710,.T.);
#2617=ORIENTED_EDGE('',*,*,#3491,.T.);
#2618=ORIENTED_EDGE('',*,*,#3721,.F.);
#2619=ORIENTED_EDGE('',*,*,#3715,.T.);
#2620=ORIENTED_EDGE('',*,*,#3939,.F.);
#2621=ORIENTED_EDGE('',*,*,#3942,.F.);
#2622=ORIENTED_EDGE('',*,*,#3936,.F.);
#2623=ORIENTED_EDGE('',*,*,#3934,.T.);
#2624=ORIENTED_EDGE('',*,*,#3932,.T.);
#2625=ORIENTED_EDGE('',*,*,#3938,.T.);
#2626=ORIENTED_EDGE('',*,*,#3937,.T.);
#2627=ORIENTED_EDGE('',*,*,#3942,.T.);
#2628=ORIENTED_EDGE('',*,*,#3941,.T.);
#2629=ORIENTED_EDGE('',*,*,#3943,.T.);
#2630=ORIENTED_EDGE('',*,*,#3929,.T.);
#2631=ORIENTED_EDGE('',*,*,#3944,.T.);
#2632=ORIENTED_EDGE('',*,*,#3945,.T.);
#2633=ORIENTED_EDGE('',*,*,#3946,.T.);
#2634=ORIENTED_EDGE('',*,*,#3947,.T.);
#2635=ORIENTED_EDGE('',*,*,#3948,.T.);
#2636=ORIENTED_EDGE('',*,*,#3949,.T.);
#2637=ORIENTED_EDGE('',*,*,#3950,.T.);
#2638=ORIENTED_EDGE('',*,*,#3951,.T.);
#2639=ORIENTED_EDGE('',*,*,#3719,.T.);
#2640=ORIENTED_EDGE('',*,*,#3725,.T.);
#2641=ORIENTED_EDGE('',*,*,#3486,.F.);
#2642=ORIENTED_EDGE('',*,*,#3930,.F.);
#2643=ORIENTED_EDGE('',*,*,#3943,.F.);
#2644=ORIENTED_EDGE('',*,*,#3940,.F.);
#2645=ORIENTED_EDGE('',*,*,#3697,.T.);
#2646=ORIENTED_EDGE('',*,*,#3726,.F.);
#2647=ORIENTED_EDGE('',*,*,#3460,.F.);
#2648=ORIENTED_EDGE('',*,*,#3927,.F.);
#2649=ORIENTED_EDGE('',*,*,#3952,.T.);
#2650=ORIENTED_EDGE('',*,*,#3953,.F.);
#2651=ORIENTED_EDGE('',*,*,#3954,.T.);
#2652=ORIENTED_EDGE('',*,*,#3955,.F.);
#2653=ORIENTED_EDGE('',*,*,#3956,.T.);
#2654=ORIENTED_EDGE('',*,*,#3957,.F.);
#2655=ORIENTED_EDGE('',*,*,#3958,.T.);
#2656=ORIENTED_EDGE('',*,*,#3959,.F.);
#2657=ORIENTED_EDGE('',*,*,#3960,.T.);
#2658=ORIENTED_EDGE('',*,*,#3951,.F.);
#2659=ORIENTED_EDGE('',*,*,#3961,.T.);
#2660=ORIENTED_EDGE('',*,*,#3958,.F.);
#2661=ORIENTED_EDGE('',*,*,#3961,.F.);
#2662=ORIENTED_EDGE('',*,*,#3950,.F.);
#2663=ORIENTED_EDGE('',*,*,#3962,.F.);
#2664=ORIENTED_EDGE('',*,*,#3959,.T.);
#2665=ORIENTED_EDGE('',*,*,#3962,.T.);
#2666=ORIENTED_EDGE('',*,*,#3949,.F.);
#2667=ORIENTED_EDGE('',*,*,#3963,.T.);
#2668=ORIENTED_EDGE('',*,*,#3952,.F.);
#2669=ORIENTED_EDGE('',*,*,#3963,.F.);
#2670=ORIENTED_EDGE('',*,*,#3948,.F.);
#2671=ORIENTED_EDGE('',*,*,#3964,.F.);
#2672=ORIENTED_EDGE('',*,*,#3953,.T.);
#2673=ORIENTED_EDGE('',*,*,#3964,.T.);
#2674=ORIENTED_EDGE('',*,*,#3947,.F.);
#2675=ORIENTED_EDGE('',*,*,#3965,.T.);
#2676=ORIENTED_EDGE('',*,*,#3954,.F.);
#2677=ORIENTED_EDGE('',*,*,#3965,.F.);
#2678=ORIENTED_EDGE('',*,*,#3946,.F.);
#2679=ORIENTED_EDGE('',*,*,#3966,.F.);
#2680=ORIENTED_EDGE('',*,*,#3955,.T.);
#2681=ORIENTED_EDGE('',*,*,#3966,.T.);
#2682=ORIENTED_EDGE('',*,*,#3945,.F.);
#2683=ORIENTED_EDGE('',*,*,#3967,.T.);
#2684=ORIENTED_EDGE('',*,*,#3956,.F.);
#2685=ORIENTED_EDGE('',*,*,#3967,.F.);
#2686=ORIENTED_EDGE('',*,*,#3944,.F.);
#2687=ORIENTED_EDGE('',*,*,#3960,.F.);
#2688=ORIENTED_EDGE('',*,*,#3957,.T.);
#2689=ORIENTED_EDGE('',*,*,#3968,.F.);
#2690=ORIENTED_EDGE('',*,*,#3907,.F.);
#2691=ORIENTED_EDGE('',*,*,#3969,.F.);
#2692=ORIENTED_EDGE('',*,*,#3881,.F.);
#2693=ORIENTED_EDGE('',*,*,#3969,.T.);
#2694=ORIENTED_EDGE('',*,*,#3906,.F.);
#2695=ORIENTED_EDGE('',*,*,#3970,.F.);
#2696=ORIENTED_EDGE('',*,*,#3883,.F.);
#2697=ORIENTED_EDGE('',*,*,#3968,.T.);
#2698=ORIENTED_EDGE('',*,*,#3879,.F.);
#2699=ORIENTED_EDGE('',*,*,#3971,.F.);
#2700=ORIENTED_EDGE('',*,*,#3908,.F.);
#2701=ORIENTED_EDGE('',*,*,#3970,.T.);
#2702=ORIENTED_EDGE('',*,*,#3905,.F.);
#2703=ORIENTED_EDGE('',*,*,#3972,.F.);
#2704=ORIENTED_EDGE('',*,*,#3885,.F.);
#2705=ORIENTED_EDGE('',*,*,#3971,.T.);
#2706=ORIENTED_EDGE('',*,*,#3893,.F.);
#2707=ORIENTED_EDGE('',*,*,#3973,.F.);
#2708=ORIENTED_EDGE('',*,*,#3909,.F.);
#2709=ORIENTED_EDGE('',*,*,#3972,.T.);
#2710=ORIENTED_EDGE('',*,*,#3904,.F.);
#2711=ORIENTED_EDGE('',*,*,#3974,.F.);
#2712=ORIENTED_EDGE('',*,*,#3887,.F.);
#2713=ORIENTED_EDGE('',*,*,#3973,.T.);
#2714=ORIENTED_EDGE('',*,*,#3891,.F.);
#2715=ORIENTED_EDGE('',*,*,#3975,.F.);
#2716=ORIENTED_EDGE('',*,*,#3902,.F.);
#2717=ORIENTED_EDGE('',*,*,#3974,.T.);
#2718=ORIENTED_EDGE('',*,*,#3903,.F.);
#2719=ORIENTED_EDGE('',*,*,#3975,.T.);
#2720=ORIENTED_EDGE('',*,*,#3889,.F.);
#2721=ORIENTED_EDGE('',*,*,#3976,.F.);
#2722=ORIENTED_EDGE('',*,*,#3977,.T.);
#2723=ORIENTED_EDGE('',*,*,#3861,.T.);
#2724=ORIENTED_EDGE('',*,*,#3914,.T.);
#2725=ORIENTED_EDGE('',*,*,#3978,.F.);
#2726=ORIENTED_EDGE('',*,*,#3979,.T.);
#2727=ORIENTED_EDGE('',*,*,#3976,.T.);
#2728=ORIENTED_EDGE('',*,*,#3913,.T.);
#2729=ORIENTED_EDGE('',*,*,#3859,.F.);
#2730=ORIENTED_EDGE('',*,*,#3980,.T.);
#2731=ORIENTED_EDGE('',*,*,#3978,.T.);
#2732=ORIENTED_EDGE('',*,*,#3912,.T.);
#2733=ORIENTED_EDGE('',*,*,#3981,.F.);
#2734=ORIENTED_EDGE('',*,*,#3980,.F.);
#2735=ORIENTED_EDGE('',*,*,#3982,.F.);
#2736=ORIENTED_EDGE('',*,*,#3899,.F.);
#2737=ORIENTED_EDGE('',*,*,#3982,.T.);
#2738=ORIENTED_EDGE('',*,*,#3858,.F.);
#2739=ORIENTED_EDGE('',*,*,#3983,.F.);
#2740=ORIENTED_EDGE('',*,*,#3900,.F.);
#2741=ORIENTED_EDGE('',*,*,#3981,.T.);
#2742=ORIENTED_EDGE('',*,*,#3898,.F.);
#2743=ORIENTED_EDGE('',*,*,#3984,.F.);
#2744=ORIENTED_EDGE('',*,*,#3979,.F.);
#2745=ORIENTED_EDGE('',*,*,#3983,.T.);
#2746=ORIENTED_EDGE('',*,*,#3855,.F.);
#2747=ORIENTED_EDGE('',*,*,#3985,.F.);
#2748=ORIENTED_EDGE('',*,*,#3901,.F.);
#2749=ORIENTED_EDGE('',*,*,#3984,.T.);
#2750=ORIENTED_EDGE('',*,*,#3897,.F.);
#2751=ORIENTED_EDGE('',*,*,#3986,.F.);
#2752=ORIENTED_EDGE('',*,*,#3977,.F.);
#2753=ORIENTED_EDGE('',*,*,#3985,.T.);
#2754=ORIENTED_EDGE('',*,*,#3868,.F.);
#2755=ORIENTED_EDGE('',*,*,#3987,.F.);
#2756=ORIENTED_EDGE('',*,*,#3894,.F.);
#2757=ORIENTED_EDGE('',*,*,#3986,.T.);
#2758=ORIENTED_EDGE('',*,*,#3896,.F.);
#2759=ORIENTED_EDGE('',*,*,#3988,.F.);
#2760=ORIENTED_EDGE('',*,*,#3862,.F.);
#2761=ORIENTED_EDGE('',*,*,#3987,.T.);
#2762=ORIENTED_EDGE('',*,*,#3865,.F.);
#2763=ORIENTED_EDGE('',*,*,#3988,.T.);
#2764=ORIENTED_EDGE('',*,*,#3895,.F.);
#2765=ORIENTED_EDGE('',*,*,#3989,.F.);
#2766=ORIENTED_EDGE('',*,*,#3281,.F.);
#2767=ORIENTED_EDGE('',*,*,#3990,.F.);
#2768=ORIENTED_EDGE('',*,*,#3300,.F.);
#2769=ORIENTED_EDGE('',*,*,#3990,.T.);
#2770=ORIENTED_EDGE('',*,*,#3278,.F.);
#2771=ORIENTED_EDGE('',*,*,#3991,.F.);
#2772=ORIENTED_EDGE('',*,*,#3301,.F.);
#2773=ORIENTED_EDGE('',*,*,#3989,.T.);
#2774=ORIENTED_EDGE('',*,*,#3299,.F.);
#2775=ORIENTED_EDGE('',*,*,#3992,.F.);
#2776=ORIENTED_EDGE('',*,*,#3284,.F.);
#2777=ORIENTED_EDGE('',*,*,#3991,.T.);
#2778=ORIENTED_EDGE('',*,*,#3275,.F.);
#2779=ORIENTED_EDGE('',*,*,#3993,.F.);
#2780=ORIENTED_EDGE('',*,*,#3302,.F.);
#2781=ORIENTED_EDGE('',*,*,#3992,.T.);
#2782=ORIENTED_EDGE('',*,*,#3298,.F.);
#2783=ORIENTED_EDGE('',*,*,#3994,.F.);
#2784=ORIENTED_EDGE('',*,*,#3287,.F.);
#2785=ORIENTED_EDGE('',*,*,#3993,.T.);
#2786=ORIENTED_EDGE('',*,*,#3272,.F.);
#2787=ORIENTED_EDGE('',*,*,#3995,.F.);
#2788=ORIENTED_EDGE('',*,*,#3295,.F.);
#2789=ORIENTED_EDGE('',*,*,#3994,.T.);
#2790=ORIENTED_EDGE('',*,*,#3297,.F.);
#2791=ORIENTED_EDGE('',*,*,#3996,.F.);
#2792=ORIENTED_EDGE('',*,*,#3290,.F.);
#2793=ORIENTED_EDGE('',*,*,#3995,.T.);
#2794=ORIENTED_EDGE('',*,*,#3293,.F.);
#2795=ORIENTED_EDGE('',*,*,#3996,.T.);
#2796=ORIENTED_EDGE('',*,*,#3296,.F.);
#2797=VERTEX_POINT('',#6839);
#2798=VERTEX_POINT('',#6840);
#2799=VERTEX_POINT('',#6842);
#2800=VERTEX_POINT('',#6844);
#2801=VERTEX_POINT('',#6848);
#2802=VERTEX_POINT('',#6850);
#2803=VERTEX_POINT('',#6854);
#2804=VERTEX_POINT('',#6856);
#2805=VERTEX_POINT('',#6860);
#2806=VERTEX_POINT('',#6862);
#2807=VERTEX_POINT('',#6866);
#2808=VERTEX_POINT('',#6868);
#2809=VERTEX_POINT('',#6872);
#2810=VERTEX_POINT('',#6874);
#2811=VERTEX_POINT('',#6878);
#2812=VERTEX_POINT('',#6880);
#2813=VERTEX_POINT('',#6887);
#2814=VERTEX_POINT('',#6888);
#2815=VERTEX_POINT('',#6890);
#2816=VERTEX_POINT('',#6892);
#2817=VERTEX_POINT('',#6894);
#2818=VERTEX_POINT('',#6896);
#2819=VERTEX_POINT('',#6898);
#2820=VERTEX_POINT('',#6900);
#2821=VERTEX_POINT('',#6904);
#2822=VERTEX_POINT('',#6905);
#2823=VERTEX_POINT('',#6907);
#2824=VERTEX_POINT('',#6909);
#2825=VERTEX_POINT('',#6913);
#2826=VERTEX_POINT('',#6914);
#2827=VERTEX_POINT('',#6916);
#2828=VERTEX_POINT('',#6918);
#2829=VERTEX_POINT('',#6922);
#2830=VERTEX_POINT('',#6923);
#2831=VERTEX_POINT('',#6925);
#2832=VERTEX_POINT('',#6927);
#2833=VERTEX_POINT('',#6931);
#2834=VERTEX_POINT('',#6933);
#2835=VERTEX_POINT('',#6935);
#2836=VERTEX_POINT('',#6938);
#2837=VERTEX_POINT('',#6940);
#2838=VERTEX_POINT('',#6943);
#2839=VERTEX_POINT('',#6945);
#2840=VERTEX_POINT('',#6947);
#2841=VERTEX_POINT('',#6949);
#2842=VERTEX_POINT('',#6951);
#2843=VERTEX_POINT('',#6955);
#2844=VERTEX_POINT('',#6956);
#2845=VERTEX_POINT('',#6961);
#2846=VERTEX_POINT('',#6963);
#2847=VERTEX_POINT('',#6966);
#2848=VERTEX_POINT('',#6968);
#2849=VERTEX_POINT('',#6971);
#2850=VERTEX_POINT('',#6973);
#2851=VERTEX_POINT('',#6976);
#2852=VERTEX_POINT('',#6978);
#2853=VERTEX_POINT('',#6982);
#2854=VERTEX_POINT('',#6983);
#2855=VERTEX_POINT('',#6985);
#2856=VERTEX_POINT('',#6987);
#2857=VERTEX_POINT('',#6991);
#2858=VERTEX_POINT('',#6993);
#2859=VERTEX_POINT('',#6997);
#2860=VERTEX_POINT('',#6998);
#2861=VERTEX_POINT('',#7000);
#2862=VERTEX_POINT('',#7002);
#2863=VERTEX_POINT('',#7006);
#2864=VERTEX_POINT('',#7008);
#2865=VERTEX_POINT('',#7012);
#2866=VERTEX_POINT('',#7013);
#2867=VERTEX_POINT('',#7018);
#2868=VERTEX_POINT('',#7020);
#2869=VERTEX_POINT('',#7027);
#2870=VERTEX_POINT('',#7028);
#2871=VERTEX_POINT('',#7033);
#2872=VERTEX_POINT('',#7034);
#2873=VERTEX_POINT('',#7037);
#2874=VERTEX_POINT('',#7041);
#2875=VERTEX_POINT('',#7045);
#2876=VERTEX_POINT('',#7047);
#2877=VERTEX_POINT('',#7059);
#2878=VERTEX_POINT('',#7060);
#2879=VERTEX_POINT('',#7062);
#2880=VERTEX_POINT('',#7064);
#2881=VERTEX_POINT('',#7068);
#2882=VERTEX_POINT('',#7070);
#2883=VERTEX_POINT('',#7074);
#2884=VERTEX_POINT('',#7076);
#2885=VERTEX_POINT('',#7080);
#2886=VERTEX_POINT('',#7082);
#2887=VERTEX_POINT('',#7086);
#2888=VERTEX_POINT('',#7088);
#2889=VERTEX_POINT('',#7092);
#2890=VERTEX_POINT('',#7093);
#2891=VERTEX_POINT('',#7095);
#2892=VERTEX_POINT('',#7097);
#2893=VERTEX_POINT('',#7104);
#2894=VERTEX_POINT('',#7106);
#2895=VERTEX_POINT('',#7110);
#2896=VERTEX_POINT('',#7112);
#2897=VERTEX_POINT('',#7114);
#2898=VERTEX_POINT('',#7118);
#2899=VERTEX_POINT('',#7122);
#2900=VERTEX_POINT('',#7124);
#2901=VERTEX_POINT('',#7136);
#2902=VERTEX_POINT('',#7137);
#2903=VERTEX_POINT('',#7139);
#2904=VERTEX_POINT('',#7141);
#2905=VERTEX_POINT('',#7143);
#2906=VERTEX_POINT('',#7145);
#2907=VERTEX_POINT('',#7147);
#2908=VERTEX_POINT('',#7149);
#2909=VERTEX_POINT('',#7151);
#2910=VERTEX_POINT('',#7153);
#2911=VERTEX_POINT('',#7155);
#2912=VERTEX_POINT('',#7157);
#2913=VERTEX_POINT('',#7159);
#2914=VERTEX_POINT('',#7161);
#2915=VERTEX_POINT('',#7163);
#2916=VERTEX_POINT('',#7165);
#2917=VERTEX_POINT('',#7167);
#2918=VERTEX_POINT('',#7169);
#2919=VERTEX_POINT('',#7171);
#2920=VERTEX_POINT('',#7173);
#2921=VERTEX_POINT('',#7175);
#2922=VERTEX_POINT('',#7177);
#2923=VERTEX_POINT('',#7179);
#2924=VERTEX_POINT('',#7181);
#2925=VERTEX_POINT('',#7183);
#2926=VERTEX_POINT('',#7185);
#2927=VERTEX_POINT('',#7187);
#2928=VERTEX_POINT('',#7189);
#2929=VERTEX_POINT('',#7193);
#2930=VERTEX_POINT('',#7194);
#2931=VERTEX_POINT('',#7196);
#2932=VERTEX_POINT('',#7198);
#2933=VERTEX_POINT('',#7200);
#2934=VERTEX_POINT('',#7202);
#2935=VERTEX_POINT('',#7204);
#2936=VERTEX_POINT('',#7206);
#2937=VERTEX_POINT('',#7210);
#2938=VERTEX_POINT('',#7211);
#2939=VERTEX_POINT('',#7213);
#2940=VERTEX_POINT('',#7215);
#2941=VERTEX_POINT('',#7217);
#2942=VERTEX_POINT('',#7219);
#2943=VERTEX_POINT('',#7221);
#2944=VERTEX_POINT('',#7223);
#2945=VERTEX_POINT('',#7225);
#2946=VERTEX_POINT('',#7227);
#2947=VERTEX_POINT('',#7229);
#2948=VERTEX_POINT('',#7231);
#2949=VERTEX_POINT('',#7233);
#2950=VERTEX_POINT('',#7235);
#2951=VERTEX_POINT('',#7237);
#2952=VERTEX_POINT('',#7239);
#2953=VERTEX_POINT('',#7241);
#2954=VERTEX_POINT('',#7243);
#2955=VERTEX_POINT('',#7245);
#2956=VERTEX_POINT('',#7247);
#2957=VERTEX_POINT('',#7249);
#2958=VERTEX_POINT('',#7251);
#2959=VERTEX_POINT('',#7253);
#2960=VERTEX_POINT('',#7255);
#2961=VERTEX_POINT('',#7257);
#2962=VERTEX_POINT('',#7259);
#2963=VERTEX_POINT('',#7261);
#2964=VERTEX_POINT('',#7263);
#2965=VERTEX_POINT('',#7265);
#2966=VERTEX_POINT('',#7267);
#2967=VERTEX_POINT('',#7269);
#2968=VERTEX_POINT('',#7271);
#2969=VERTEX_POINT('',#7273);
#2970=VERTEX_POINT('',#7275);
#2971=VERTEX_POINT('',#7277);
#2972=VERTEX_POINT('',#7279);
#2973=VERTEX_POINT('',#7281);
#2974=VERTEX_POINT('',#7283);
#2975=VERTEX_POINT('',#7285);
#2976=VERTEX_POINT('',#7287);
#2977=VERTEX_POINT('',#7291);
#2978=VERTEX_POINT('',#7292);
#2979=VERTEX_POINT('',#7294);
#2980=VERTEX_POINT('',#7296);
#2981=VERTEX_POINT('',#7298);
#2982=VERTEX_POINT('',#7300);
#2983=VERTEX_POINT('',#7302);
#2984=VERTEX_POINT('',#7304);
#2985=VERTEX_POINT('',#7308);
#2986=VERTEX_POINT('',#7309);
#2987=VERTEX_POINT('',#7311);
#2988=VERTEX_POINT('',#7313);
#2989=VERTEX_POINT('',#7315);
#2990=VERTEX_POINT('',#7317);
#2991=VERTEX_POINT('',#7319);
#2992=VERTEX_POINT('',#7321);
#2993=VERTEX_POINT('',#7323);
#2994=VERTEX_POINT('',#7325);
#2995=VERTEX_POINT('',#7327);
#2996=VERTEX_POINT('',#7329);
#2997=VERTEX_POINT('',#7331);
#2998=VERTEX_POINT('',#7333);
#2999=VERTEX_POINT('',#7335);
#3000=VERTEX_POINT('',#7337);
#3001=VERTEX_POINT('',#7339);
#3002=VERTEX_POINT('',#7341);
#3003=VERTEX_POINT('',#7343);
#3004=VERTEX_POINT('',#7345);
#3005=VERTEX_POINT('',#7347);
#3006=VERTEX_POINT('',#7349);
#3007=VERTEX_POINT('',#7351);
#3008=VERTEX_POINT('',#7353);
#3009=VERTEX_POINT('',#7355);
#3010=VERTEX_POINT('',#7357);
#3011=VERTEX_POINT('',#7359);
#3012=VERTEX_POINT('',#7361);
#3013=VERTEX_POINT('',#7365);
#3014=VERTEX_POINT('',#7366);
#3015=VERTEX_POINT('',#7371);
#3016=VERTEX_POINT('',#7372);
#3017=VERTEX_POINT('',#7374);
#3018=VERTEX_POINT('',#7377);
#3019=VERTEX_POINT('',#7381);
#3020=VERTEX_POINT('',#7382);
#3021=VERTEX_POINT('',#7387);
#3022=VERTEX_POINT('',#7388);
#3023=VERTEX_POINT('',#7390);
#3024=VERTEX_POINT('',#7393);
#3025=VERTEX_POINT('',#7397);
#3026=VERTEX_POINT('',#7398);
#3027=VERTEX_POINT('',#7403);
#3028=VERTEX_POINT('',#7407);
#3029=VERTEX_POINT('',#7408);
#3030=VERTEX_POINT('',#7410);
#3031=VERTEX_POINT('',#7412);
#3032=VERTEX_POINT('',#7414);
#3033=VERTEX_POINT('',#7416);
#3034=VERTEX_POINT('',#7418);
#3035=VERTEX_POINT('',#7423);
#3036=VERTEX_POINT('',#7424);
#3037=VERTEX_POINT('',#7429);
#3038=VERTEX_POINT('',#7430);
#3039=VERTEX_POINT('',#7433);
#3040=VERTEX_POINT('',#7435);
#3041=VERTEX_POINT('',#7437);
#3042=VERTEX_POINT('',#7439);
#3043=VERTEX_POINT('',#7445);
#3044=VERTEX_POINT('',#7448);
#3045=VERTEX_POINT('',#7452);
#3046=VERTEX_POINT('',#7456);
#3047=VERTEX_POINT('',#7467);
#3048=VERTEX_POINT('',#7469);
#3049=VERTEX_POINT('',#7479);
#3050=VERTEX_POINT('',#7483);
#3051=VERTEX_POINT('',#7485);
#3052=VERTEX_POINT('',#7494);
#3053=VERTEX_POINT('',#7496);
#3054=VERTEX_POINT('',#7498);
#3055=VERTEX_POINT('',#7500);
#3056=VERTEX_POINT('',#7502);
#3057=VERTEX_POINT('',#7504);
#3058=VERTEX_POINT('',#7506);
#3059=VERTEX_POINT('',#7508);
#3060=VERTEX_POINT('',#7510);
#3061=VERTEX_POINT('',#7512);
#3062=VERTEX_POINT('',#7514);
#3063=VERTEX_POINT('',#7516);
#3064=VERTEX_POINT('',#7518);
#3065=VERTEX_POINT('',#7522);
#3066=VERTEX_POINT('',#7525);
#3067=VERTEX_POINT('',#7527);
#3068=VERTEX_POINT('',#7530);
#3069=VERTEX_POINT('',#7532);
#3070=VERTEX_POINT('',#7535);
#3071=VERTEX_POINT('',#7537);
#3072=VERTEX_POINT('',#7540);
#3073=VERTEX_POINT('',#7542);
#3074=VERTEX_POINT('',#7546);
#3075=VERTEX_POINT('',#7548);
#3076=VERTEX_POINT('',#7550);
#3077=VERTEX_POINT('',#7552);
#3078=VERTEX_POINT('',#7556);
#3079=VERTEX_POINT('',#7560);
#3080=VERTEX_POINT('',#7564);
#3081=VERTEX_POINT('',#7568);
#3082=VERTEX_POINT('',#7572);
#3083=VERTEX_POINT('',#7577);
#3084=VERTEX_POINT('',#7583);
#3085=VERTEX_POINT('',#7586);
#3086=VERTEX_POINT('',#7597);
#3087=VERTEX_POINT('',#7598);
#3088=VERTEX_POINT('',#7603);
#3089=VERTEX_POINT('',#7604);
#3090=VERTEX_POINT('',#7606);
#3091=VERTEX_POINT('',#7608);
#3092=VERTEX_POINT('',#7610);
#3093=VERTEX_POINT('',#7612);
#3094=VERTEX_POINT('',#7614);
#3095=VERTEX_POINT('',#7616);
#3096=VERTEX_POINT('',#7618);
#3097=VERTEX_POINT('',#7620);
#3098=VERTEX_POINT('',#7625);
#3099=VERTEX_POINT('',#7627);
#3100=VERTEX_POINT('',#7631);
#3101=VERTEX_POINT('',#7634);
#3102=VERTEX_POINT('',#7636);
#3103=VERTEX_POINT('',#7640);
#3104=VERTEX_POINT('',#7642);
#3105=VERTEX_POINT('',#7647);
#3106=VERTEX_POINT('',#7650);
#3107=VERTEX_POINT('',#7656);
#3108=VERTEX_POINT('',#7669);
#3109=VERTEX_POINT('',#7673);
#3110=VERTEX_POINT('',#7674);
#3111=VERTEX_POINT('',#7678);
#3112=VERTEX_POINT('',#7683);
#3113=VERTEX_POINT('',#7687);
#3114=VERTEX_POINT('',#7688);
#3115=VERTEX_POINT('',#7690);
#3116=VERTEX_POINT('',#7693);
#3117=VERTEX_POINT('',#7695);
#3118=VERTEX_POINT('',#7697);
#3119=VERTEX_POINT('',#7699);
#3120=VERTEX_POINT('',#7703);
#3121=VERTEX_POINT('',#7704);
#3122=VERTEX_POINT('',#7706);
#3123=VERTEX_POINT('',#7708);
#3124=VERTEX_POINT('',#7710);
#3125=VERTEX_POINT('',#7712);
#3126=VERTEX_POINT('',#7725);
#3127=VERTEX_POINT('',#7726);
#3128=VERTEX_POINT('',#7728);
#3129=VERTEX_POINT('',#7730);
#3130=VERTEX_POINT('',#7732);
#3131=VERTEX_POINT('',#7734);
#3132=VERTEX_POINT('',#7752);
#3133=VERTEX_POINT('',#7754);
#3134=VERTEX_POINT('',#7758);
#3135=VERTEX_POINT('',#7760);
#3136=VERTEX_POINT('',#7762);
#3137=VERTEX_POINT('',#7764);
#3138=VERTEX_POINT('',#7766);
#3139=VERTEX_POINT('',#7768);
#3140=VERTEX_POINT('',#7770);
#3141=VERTEX_POINT('',#7772);
#3142=VERTEX_POINT('',#7774);
#3143=VERTEX_POINT('',#7776);
#3144=VERTEX_POINT('',#7778);
#3145=VERTEX_POINT('',#7780);
#3146=VERTEX_POINT('',#7782);
#3147=VERTEX_POINT('',#7784);
#3148=VERTEX_POINT('',#7789);
#3149=VERTEX_POINT('',#7793);
#3150=VERTEX_POINT('',#7801);
#3151=VERTEX_POINT('',#7803);
#3152=VERTEX_POINT('',#7806);
#3153=VERTEX_POINT('',#7808);
#3154=VERTEX_POINT('',#7811);
#3155=VERTEX_POINT('',#7813);
#3156=VERTEX_POINT('',#7817);
#3157=VERTEX_POINT('',#7828);
#3158=VERTEX_POINT('',#7858);
#3159=VERTEX_POINT('',#7869);
#3160=VERTEX_POINT('',#7871);
#3161=VERTEX_POINT('',#7888);
#3162=VERTEX_POINT('',#7892);
#3163=VERTEX_POINT('',#7918);
#3164=VERTEX_POINT('',#7919);
#3165=VERTEX_POINT('',#7921);
#3166=VERTEX_POINT('',#7923);
#3167=VERTEX_POINT('',#7927);
#3168=VERTEX_POINT('',#7929);
#3169=VERTEX_POINT('',#7933);
#3170=VERTEX_POINT('',#7935);
#3171=VERTEX_POINT('',#7939);
#3172=VERTEX_POINT('',#7943);
#3173=VERTEX_POINT('',#7944);
#3174=VERTEX_POINT('',#7946);
#3175=VERTEX_POINT('',#7948);
#3176=VERTEX_POINT('',#7952);
#3177=VERTEX_POINT('',#7954);
#3178=VERTEX_POINT('',#7958);
#3179=VERTEX_POINT('',#7960);
#3180=VERTEX_POINT('',#7964);
#3181=VERTEX_POINT('',#7968);
#3182=VERTEX_POINT('',#7969);
#3183=VERTEX_POINT('',#7971);
#3184=VERTEX_POINT('',#7973);
#3185=VERTEX_POINT('',#7977);
#3186=VERTEX_POINT('',#7979);
#3187=VERTEX_POINT('',#7983);
#3188=VERTEX_POINT('',#7985);
#3189=VERTEX_POINT('',#7989);
#3190=VERTEX_POINT('',#7993);
#3191=VERTEX_POINT('',#7994);
#3192=VERTEX_POINT('',#7996);
#3193=VERTEX_POINT('',#7998);
#3194=VERTEX_POINT('',#8002);
#3195=VERTEX_POINT('',#8004);
#3196=VERTEX_POINT('',#8008);
#3197=VERTEX_POINT('',#8010);
#3198=VERTEX_POINT('',#8014);
#3199=VERTEX_POINT('',#8018);
#3200=VERTEX_POINT('',#8019);
#3201=VERTEX_POINT('',#8021);
#3202=VERTEX_POINT('',#8023);
#3203=VERTEX_POINT('',#8027);
#3204=VERTEX_POINT('',#8029);
#3205=VERTEX_POINT('',#8033);
#3206=VERTEX_POINT('',#8034);
#3207=VERTEX_POINT('',#8036);
#3208=VERTEX_POINT('',#8038);
#3209=VERTEX_POINT('',#8042);
#3210=VERTEX_POINT('',#8044);
#3211=VERTEX_POINT('',#8073);
#3212=VERTEX_POINT('',#8074);
#3213=VERTEX_POINT('',#8076);
#3214=VERTEX_POINT('',#8100);
#3215=VERTEX_POINT('',#8102);
#3216=VERTEX_POINT('',#8133);
#3217=VERTEX_POINT('',#8135);
#3218=VERTEX_POINT('',#8159);
#3219=VERTEX_POINT('',#8163);
#3220=VERTEX_POINT('',#8186);
#3221=VERTEX_POINT('',#8212);
#3222=VERTEX_POINT('',#8237);
#3223=VERTEX_POINT('',#8263);
#3224=VERTEX_POINT('',#8288);
#3225=VERTEX_POINT('',#8314);
#3226=VERTEX_POINT('',#8342);
#3227=VERTEX_POINT('',#8377);
#3228=VERTEX_POINT('',#8378);
#3229=VERTEX_POINT('',#8380);
#3230=VERTEX_POINT('',#8382);
#3231=VERTEX_POINT('',#8384);
#3232=VERTEX_POINT('',#8386);
#3233=VERTEX_POINT('',#8388);
#3234=VERTEX_POINT('',#8390);
#3235=VERTEX_POINT('',#8408);
#3236=VERTEX_POINT('',#8409);
#3237=VERTEX_POINT('',#8411);
#3238=VERTEX_POINT('',#8428);
#3239=VERTEX_POINT('',#8430);
#3240=VERTEX_POINT('',#8447);
#3241=VERTEX_POINT('',#8449);
#3242=VERTEX_POINT('',#8466);
#3243=VERTEX_POINT('',#8474);
#3244=VERTEX_POINT('',#8476);
#3245=VERTEX_POINT('',#8503);
#3246=VERTEX_POINT('',#8505);
#3247=VERTEX_POINT('',#8509);
#3248=VERTEX_POINT('',#8511);
#3249=VERTEX_POINT('',#8517);
#3250=VERTEX_POINT('',#8519);
#3251=VERTEX_POINT('',#8525);
#3252=VERTEX_POINT('',#8527);
#3253=VERTEX_POINT('',#8534);
#3254=VERTEX_POINT('',#8535);
#3255=VERTEX_POINT('',#8537);
#3256=VERTEX_POINT('',#8539);
#3257=VERTEX_POINT('',#8541);
#3258=VERTEX_POINT('',#8543);
#3259=VERTEX_POINT('',#8545);
#3260=VERTEX_POINT('',#8547);
#3261=VERTEX_POINT('',#8556);
#3262=VERTEX_POINT('',#8557);
#3263=VERTEX_POINT('',#8559);
#3264=VERTEX_POINT('',#8564);
#3265=VERTEX_POINT('',#8566);
#3266=VERTEX_POINT('',#8571);
#3267=VERTEX_POINT('',#8573);
#3268=VERTEX_POINT('',#8578);
#3269=VERTEX_POINT('',#8838);
#3270=VERTEX_POINT('',#8842);
#3271=EDGE_CURVE('',#2797,#2798,#3997,.T.);
#3272=EDGE_CURVE('',#2797,#2799,#3998,.T.);
#3273=EDGE_CURVE('',#2799,#2800,#3999,.T.);
#3274=EDGE_CURVE('',#2798,#2800,#4000,.T.);
#3275=EDGE_CURVE('',#2799,#2801,#254,.T.);
#3276=EDGE_CURVE('',#2801,#2802,#4001,.T.);
#3277=EDGE_CURVE('',#2800,#2802,#255,.T.);
#3278=EDGE_CURVE('',#2801,#2803,#4002,.T.);
#3279=EDGE_CURVE('',#2803,#2804,#4003,.T.);
#3280=EDGE_CURVE('',#2802,#2804,#4004,.T.);
#3281=EDGE_CURVE('',#2803,#2805,#256,.T.);
#3282=EDGE_CURVE('',#2805,#2806,#4005,.T.);
#3283=EDGE_CURVE('',#2804,#2806,#257,.T.);
#3284=EDGE_CURVE('',#2805,#2807,#4006,.T.);
#3285=EDGE_CURVE('',#2807,#2808,#4007,.T.);
#3286=EDGE_CURVE('',#2806,#2808,#4008,.T.);
#3287=EDGE_CURVE('',#2807,#2809,#258,.T.);
#3288=EDGE_CURVE('',#2809,#2810,#4009,.T.);
#3289=EDGE_CURVE('',#2808,#2810,#259,.T.);
#3290=EDGE_CURVE('',#2809,#2811,#4010,.T.);
#3291=EDGE_CURVE('',#2811,#2812,#4011,.T.);
#3292=EDGE_CURVE('',#2810,#2812,#4012,.T.);
#3293=EDGE_CURVE('',#2811,#2797,#260,.T.);
#3294=EDGE_CURVE('',#2812,#2798,#261,.T.);
#3295=EDGE_CURVE('',#2813,#2814,#4013,.T.);
#3296=EDGE_CURVE('',#2814,#2815,#262,.T.);
#3297=EDGE_CURVE('',#2815,#2816,#4014,.T.);
#3298=EDGE_CURVE('',#2816,#2817,#263,.T.);
#3299=EDGE_CURVE('',#2817,#2818,#4015,.T.);
#3300=EDGE_CURVE('',#2818,#2819,#264,.T.);
#3301=EDGE_CURVE('',#2819,#2820,#4016,.T.);
#3302=EDGE_CURVE('',#2820,#2813,#265,.T.);
#3303=EDGE_CURVE('',#2821,#2822,#266,.T.);
#3304=EDGE_CURVE('',#2821,#2823,#4017,.T.);
#3305=EDGE_CURVE('',#2824,#2823,#267,.T.);
#3306=EDGE_CURVE('',#2824,#2822,#4018,.T.);
#3307=EDGE_CURVE('',#2825,#2826,#268,.T.);
#3308=EDGE_CURVE('',#2825,#2827,#4019,.T.);
#3309=EDGE_CURVE('',#2828,#2827,#269,.T.);
#3310=EDGE_CURVE('',#2828,#2826,#4020,.T.);
#3311=EDGE_CURVE('',#2829,#2830,#270,.T.);
#3312=EDGE_CURVE('',#2829,#2831,#4021,.T.);
#3313=EDGE_CURVE('',#2832,#2831,#271,.T.);
#3314=EDGE_CURVE('',#2832,#2830,#4022,.T.);
#3315=EDGE_CURVE('',#2832,#2833,#4023,.T.);
#3316=EDGE_CURVE('',#2831,#2834,#4024,.T.);
#3317=EDGE_CURVE('',#2835,#2834,#4025,.T.);
#3318=EDGE_CURVE('',#2835,#2828,#4026,.T.);
#3319=EDGE_CURVE('',#2827,#2836,#4027,.T.);
#3320=EDGE_CURVE('',#2837,#2836,#4028,.T.);
#3321=EDGE_CURVE('',#2837,#2824,#4029,.T.);
#3322=EDGE_CURVE('',#2823,#2838,#4030,.T.);
#3323=EDGE_CURVE('',#2839,#2838,#4031,.T.);
#3324=EDGE_CURVE('',#2839,#2840,#4032,.T.);
#3325=EDGE_CURVE('',#2840,#2841,#272,.T.);
#3326=EDGE_CURVE('',#2842,#2841,#4033,.T.);
#3327=EDGE_CURVE('',#2833,#2842,#4034,.T.);
#3328=EDGE_CURVE('',#2843,#2844,#273,.T.);
#3329=EDGE_CURVE('',#2843,#2841,#4035,.T.);
#3330=EDGE_CURVE('',#2840,#2844,#4036,.T.);
#3331=EDGE_CURVE('',#2845,#2830,#4037,.T.);
#3332=EDGE_CURVE('',#2846,#2845,#4038,.T.);
#3333=EDGE_CURVE('',#2843,#2846,#4039,.T.);
#3334=EDGE_CURVE('',#2847,#2844,#4040,.T.);
#3335=EDGE_CURVE('',#2848,#2847,#4041,.T.);
#3336=EDGE_CURVE('',#2848,#2821,#4042,.T.);
#3337=EDGE_CURVE('',#2822,#2849,#4043,.T.);
#3338=EDGE_CURVE('',#2850,#2849,#4044,.T.);
#3339=EDGE_CURVE('',#2850,#2825,#4045,.T.);
#3340=EDGE_CURVE('',#2826,#2851,#4046,.T.);
#3341=EDGE_CURVE('',#2852,#2851,#4047,.T.);
#3342=EDGE_CURVE('',#2852,#2829,#4048,.T.);
#3343=EDGE_CURVE('',#2853,#2854,#4049,.T.);
#3344=EDGE_CURVE('',#2855,#2853,#4050,.T.);
#3345=EDGE_CURVE('',#2856,#2855,#4051,.T.);
#3346=EDGE_CURVE('',#2854,#2856,#4052,.T.);
#3347=EDGE_CURVE('',#2857,#2856,#4053,.T.);
#3348=EDGE_CURVE('',#2858,#2857,#4054,.T.);
#3349=EDGE_CURVE('',#2854,#2858,#4055,.T.);
#3350=EDGE_CURVE('',#2859,#2860,#4056,.T.);
#3351=EDGE_CURVE('',#2861,#2859,#4057,.T.);
#3352=EDGE_CURVE('',#2862,#2861,#4058,.T.);
#3353=EDGE_CURVE('',#2860,#2862,#4059,.T.);
#3354=EDGE_CURVE('',#2863,#2862,#4060,.T.);
#3355=EDGE_CURVE('',#2864,#2863,#4061,.T.);
#3356=EDGE_CURVE('',#2860,#2864,#4062,.T.);
#3357=EDGE_CURVE('',#2865,#2866,#4063,.T.);
#3358=EDGE_CURVE('',#2864,#2866,#274,.T.);
#3359=EDGE_CURVE('',#2865,#2863,#275,.T.);
#3360=EDGE_CURVE('',#2867,#2865,#4064,.T.);
#3361=EDGE_CURVE('',#2868,#2867,#4065,.T.);
#3362=EDGE_CURVE('',#2866,#2868,#4066,.T.);
#3363=EDGE_CURVE('',#2855,#2867,#276,.T.);
#3364=EDGE_CURVE('',#2868,#2853,#277,.T.);
#3365=EDGE_CURVE('',#2869,#2870,#4067,.T.);
#3366=EDGE_CURVE('',#2858,#2870,#278,.T.);
#3367=EDGE_CURVE('',#2869,#2857,#279,.T.);
#3368=EDGE_CURVE('',#2871,#2872,#4068,.T.);
#3369=EDGE_CURVE('',#2871,#2859,#280,.T.);
#3370=EDGE_CURVE('',#2870,#2873,#4069,.T.);
#3371=EDGE_CURVE('',#2872,#2873,#4070,.T.);
#3372=EDGE_CURVE('',#2871,#2874,#4071,.T.);
#3373=EDGE_CURVE('',#2861,#2874,#281,.T.);
#3374=EDGE_CURVE('',#2875,#2874,#4072,.T.);
#3375=EDGE_CURVE('',#2876,#2875,#4073,.T.);
#3376=EDGE_CURVE('',#2876,#2869,#4074,.T.);
#3377=EDGE_CURVE('',#2876,#2849,#282,.T.);
#3378=EDGE_CURVE('',#2850,#2875,#283,.T.);
#3379=EDGE_CURVE('',#2872,#2836,#284,.T.);
#3380=EDGE_CURVE('',#2837,#2873,#285,.T.);
#3381=EDGE_CURVE('',#2877,#2878,#4075,.T.);
#3382=EDGE_CURVE('',#2879,#2878,#286,.T.);
#3383=EDGE_CURVE('',#2879,#2880,#4076,.T.);
#3384=EDGE_CURVE('',#2877,#2880,#287,.T.);
#3385=EDGE_CURVE('',#2881,#2877,#4077,.T.);
#3386=EDGE_CURVE('',#2882,#2881,#4078,.T.);
#3387=EDGE_CURVE('',#2878,#2882,#4079,.T.);
#3388=EDGE_CURVE('',#2883,#2881,#288,.T.);
#3389=EDGE_CURVE('',#2883,#2884,#4080,.T.);
#3390=EDGE_CURVE('',#2882,#2884,#289,.T.);
#3391=EDGE_CURVE('',#2884,#2885,#4081,.T.);
#3392=EDGE_CURVE('',#2886,#2883,#4082,.T.);
#3393=EDGE_CURVE('',#2886,#2885,#4083,.T.);
#3394=EDGE_CURVE('',#2887,#2886,#4084,.T.);
#3395=EDGE_CURVE('',#2888,#2887,#4085,.T.);
#3396=EDGE_CURVE('',#2885,#2888,#4086,.T.);
#3397=EDGE_CURVE('',#2889,#2890,#4087,.T.);
#3398=EDGE_CURVE('',#2891,#2889,#4088,.T.);
#3399=EDGE_CURVE('',#2892,#2891,#4089,.T.);
#3400=EDGE_CURVE('',#2892,#2890,#4090,.T.);
#3401=EDGE_CURVE('',#2880,#2892,#4091,.T.);
#3402=EDGE_CURVE('',#2890,#2879,#4092,.T.);
#3403=EDGE_CURVE('',#2893,#2887,#290,.T.);
#3404=EDGE_CURVE('',#2893,#2894,#4093,.T.);
#3405=EDGE_CURVE('',#2888,#2894,#291,.T.);
#3406=EDGE_CURVE('',#2894,#2895,#4094,.T.);
#3407=EDGE_CURVE('',#2896,#2895,#4095,.T.);
#3408=EDGE_CURVE('',#2896,#2897,#4096,.T.);
#3409=EDGE_CURVE('',#2897,#2889,#292,.T.);
#3410=EDGE_CURVE('',#2897,#2898,#4097,.T.);
#3411=EDGE_CURVE('',#2891,#2898,#293,.T.);
#3412=EDGE_CURVE('',#2898,#2899,#4098,.T.);
#3413=EDGE_CURVE('',#2900,#2899,#4099,.T.);
#3414=EDGE_CURVE('',#2900,#2893,#4100,.T.);
#3415=EDGE_CURVE('',#2846,#2895,#294,.T.);
#3416=EDGE_CURVE('',#2896,#2845,#295,.T.);
#3417=EDGE_CURVE('',#2833,#2899,#296,.T.);
#3418=EDGE_CURVE('',#2900,#2842,#297,.T.);
#3419=EDGE_CURVE('',#2901,#2902,#4101,.T.);
#3420=EDGE_CURVE('',#2903,#2902,#4102,.T.);
#3421=EDGE_CURVE('',#2904,#2903,#4103,.T.);
#3422=EDGE_CURVE('',#2905,#2904,#4104,.T.);
#3423=EDGE_CURVE('',#2905,#2906,#4105,.T.);
#3424=EDGE_CURVE('',#2906,#2907,#4106,.T.);
#3425=EDGE_CURVE('',#2907,#2908,#4107,.T.);
#3426=EDGE_CURVE('',#2908,#2909,#4108,.T.);
#3427=EDGE_CURVE('',#2909,#2910,#4109,.T.);
#3428=EDGE_CURVE('',#2910,#2911,#4110,.T.);
#3429=EDGE_CURVE('',#2911,#2912,#298,.T.);
#3430=EDGE_CURVE('',#2912,#2913,#4111,.T.);
#3431=EDGE_CURVE('',#2913,#2914,#4112,.T.);
#3432=EDGE_CURVE('',#2915,#2914,#4113,.T.);
#3433=EDGE_CURVE('',#2916,#2915,#4114,.T.);
#3434=EDGE_CURVE('',#2916,#2917,#4115,.T.);
#3435=EDGE_CURVE('',#2918,#2917,#4116,.T.);
#3436=EDGE_CURVE('',#2918,#2919,#4117,.T.);
#3437=EDGE_CURVE('',#2919,#2920,#4118,.T.);
#3438=EDGE_CURVE('',#2920,#2921,#4119,.T.);
#3439=EDGE_CURVE('',#2921,#2922,#299,.T.);
#3440=EDGE_CURVE('',#2922,#2923,#4120,.T.);
#3441=EDGE_CURVE('',#2923,#2924,#4121,.T.);
#3442=EDGE_CURVE('',#2924,#2925,#4122,.T.);
#3443=EDGE_CURVE('',#2925,#2926,#4123,.T.);
#3444=EDGE_CURVE('',#2927,#2926,#4124,.T.);
#3445=EDGE_CURVE('',#2927,#2928,#4125,.T.);
#3446=EDGE_CURVE('',#2928,#2901,#4126,.T.);
#3447=EDGE_CURVE('',#2929,#2930,#4127,.T.);
#3448=EDGE_CURVE('',#2930,#2931,#4128,.T.);
#3449=EDGE_CURVE('',#2931,#2932,#4129,.T.);
#3450=EDGE_CURVE('',#2933,#2932,#4130,.T.);
#3451=EDGE_CURVE('',#2933,#2934,#4131,.T.);
#3452=EDGE_CURVE('',#2935,#2934,#4132,.T.);
#3453=EDGE_CURVE('',#2935,#2936,#4133,.T.);
#3454=EDGE_CURVE('',#2929,#2936,#4134,.T.);
#3455=EDGE_CURVE('',#2937,#2938,#4135,.T.);
#3456=EDGE_CURVE('',#2937,#2939,#4136,.T.);
#3457=EDGE_CURVE('',#2939,#2940,#300,.T.);
#3458=EDGE_CURVE('',#2940,#2941,#4137,.T.);
#3459=EDGE_CURVE('',#2941,#2942,#301,.T.);
#3460=EDGE_CURVE('',#2942,#2943,#4138,.T.);
#3461=EDGE_CURVE('',#2943,#2944,#302,.T.);
#3462=EDGE_CURVE('',#2944,#2945,#4139,.T.);
#3463=EDGE_CURVE('',#2945,#2946,#4140,.T.);
#3464=EDGE_CURVE('',#2946,#2947,#4141,.T.);
#3465=EDGE_CURVE('',#2947,#2948,#4142,.T.);
#3466=EDGE_CURVE('',#2948,#2949,#4143,.T.);
#3467=EDGE_CURVE('',#2949,#2950,#303,.T.);
#3468=EDGE_CURVE('',#2950,#2951,#4144,.T.);
#3469=EDGE_CURVE('',#2951,#2952,#304,.T.);
#3470=EDGE_CURVE('',#2952,#2953,#305,.T.);
#3471=EDGE_CURVE('',#2953,#2954,#4145,.T.);
#3472=EDGE_CURVE('',#2954,#2955,#4146,.T.);
#3473=EDGE_CURVE('',#2955,#2956,#4147,.T.);
#3474=EDGE_CURVE('',#2956,#2957,#306,.T.);
#3475=EDGE_CURVE('',#2957,#2958,#4148,.T.);
#3476=EDGE_CURVE('',#2958,#2959,#307,.T.);
#3477=EDGE_CURVE('',#2959,#2960,#4149,.T.);
#3478=EDGE_CURVE('',#2960,#2961,#4150,.T.);
#3479=EDGE_CURVE('',#2961,#2962,#4151,.T.);
#3480=EDGE_CURVE('',#2962,#2963,#308,.T.);
#3481=EDGE_CURVE('',#2963,#2964,#4152,.T.);
#3482=EDGE_CURVE('',#2964,#2965,#309,.T.);
#3483=EDGE_CURVE('',#2965,#2966,#4153,.T.);
#3484=EDGE_CURVE('',#2967,#2966,#4154,.T.);
#3485=EDGE_CURVE('',#2967,#2968,#310,.T.);
#3486=EDGE_CURVE('',#2968,#2969,#4155,.T.);
#3487=EDGE_CURVE('',#2970,#2969,#4156,.T.);
#3488=EDGE_CURVE('',#2970,#2971,#4157,.T.);
#3489=EDGE_CURVE('',#2971,#2972,#4158,.T.);
#3490=EDGE_CURVE('',#2972,#2973,#4159,.T.);
#3491=EDGE_CURVE('',#2974,#2973,#4160,.T.);
#3492=EDGE_CURVE('',#2975,#2974,#4161,.T.);
#3493=EDGE_CURVE('',#2975,#2976,#4162,.T.);
#3494=EDGE_CURVE('',#2938,#2976,#4163,.T.);
#3495=EDGE_CURVE('',#2977,#2978,#4164,.T.);
#3496=EDGE_CURVE('',#2978,#2979,#4165,.T.);
#3497=EDGE_CURVE('',#2979,#2980,#4166,.T.);
#3498=EDGE_CURVE('',#2981,#2980,#4167,.T.);
#3499=EDGE_CURVE('',#2981,#2982,#4168,.T.);
#3500=EDGE_CURVE('',#2982,#2983,#4169,.T.);
#3501=EDGE_CURVE('',#2983,#2984,#4170,.T.);
#3502=EDGE_CURVE('',#2977,#2984,#4171,.T.);
#3503=EDGE_CURVE('',#2985,#2986,#4172,.T.);
#3504=EDGE_CURVE('',#2987,#2986,#4173,.T.);
#3505=EDGE_CURVE('',#2987,#2988,#4174,.T.);
#3506=EDGE_CURVE('',#2988,#2989,#4175,.T.);
#3507=EDGE_CURVE('',#2989,#2990,#4176,.T.);
#3508=EDGE_CURVE('',#2990,#2991,#4177,.T.);
#3509=EDGE_CURVE('',#2991,#2992,#4178,.T.);
#3510=EDGE_CURVE('',#2992,#2993,#311,.T.);
#3511=EDGE_CURVE('',#2993,#2994,#4179,.T.);
#3512=EDGE_CURVE('',#2994,#2995,#4180,.T.);
#3513=EDGE_CURVE('',#2995,#2996,#4181,.T.);
#3514=EDGE_CURVE('',#2996,#2997,#4182,.T.);
#3515=EDGE_CURVE('',#2997,#2998,#4183,.T.);
#3516=EDGE_CURVE('',#2998,#2999,#4184,.T.);
#3517=EDGE_CURVE('',#3000,#2999,#4185,.T.);
#3518=EDGE_CURVE('',#3000,#3001,#4186,.T.);
#3519=EDGE_CURVE('',#3002,#3001,#4187,.T.);
#3520=EDGE_CURVE('',#3003,#3002,#4188,.T.);
#3521=EDGE_CURVE('',#3003,#3004,#4189,.T.);
#3522=EDGE_CURVE('',#3005,#3004,#4190,.T.);
#3523=EDGE_CURVE('',#3006,#3005,#4191,.T.);
#3524=EDGE_CURVE('',#3006,#3007,#4192,.T.);
#3525=EDGE_CURVE('',#3007,#3008,#4193,.T.);
#3526=EDGE_CURVE('',#3008,#3009,#4194,.T.);
#3527=EDGE_CURVE('',#3009,#3010,#4195,.T.);
#3528=EDGE_CURVE('',#3010,#3011,#312,.T.);
#3529=EDGE_CURVE('',#3011,#3012,#4196,.T.);
#3530=EDGE_CURVE('',#3012,#2985,#4197,.T.);
#3531=EDGE_CURVE('',#3013,#3014,#4198,.T.);
#3532=EDGE_CURVE('',#2839,#3014,#313,.T.);
#3533=EDGE_CURVE('',#3013,#2838,#314,.T.);
#3534=EDGE_CURVE('',#3015,#3016,#4199,.T.);
#3535=EDGE_CURVE('',#3016,#3017,#315,.T.);
#3536=EDGE_CURVE('',#3014,#3017,#4200,.T.);
#3537=EDGE_CURVE('',#3013,#3018,#4201,.T.);
#3538=EDGE_CURVE('',#3018,#3015,#316,.T.);
#3539=EDGE_CURVE('',#3019,#3020,#4202,.T.);
#3540=EDGE_CURVE('',#2835,#3020,#317,.T.);
#3541=EDGE_CURVE('',#3019,#2834,#318,.T.);
#3542=EDGE_CURVE('',#3021,#3022,#4203,.T.);
#3543=EDGE_CURVE('',#3021,#3023,#319,.T.);
#3544=EDGE_CURVE('',#3023,#3020,#4204,.T.);
#3545=EDGE_CURVE('',#3024,#3019,#4205,.T.);
#3546=EDGE_CURVE('',#3024,#3022,#320,.T.);
#3547=EDGE_CURVE('',#3025,#3026,#4206,.T.);
#3548=EDGE_CURVE('',#3026,#2928,#4207,.T.);
#3549=EDGE_CURVE('',#2927,#3025,#321,.T.);
#3550=EDGE_CURVE('',#3027,#2926,#322,.T.);
#3551=EDGE_CURVE('',#3027,#3025,#4208,.T.);
#3552=EDGE_CURVE('',#3028,#3029,#4209,.T.);
#3553=EDGE_CURVE('',#3028,#3030,#4210,.T.);
#3554=EDGE_CURVE('',#3031,#3030,#4211,.T.);
#3555=EDGE_CURVE('',#3032,#3031,#4212,.T.);
#3556=EDGE_CURVE('',#3033,#3032,#4213,.T.);
#3557=EDGE_CURVE('',#3034,#3033,#4214,.T.);
#3558=EDGE_CURVE('',#3034,#3026,#4215,.T.);
#3559=EDGE_CURVE('',#3027,#3029,#4216,.T.);
#3560=EDGE_CURVE('',#3035,#3036,#4217,.T.);
#3561=EDGE_CURVE('',#3028,#3035,#4218,.T.);
#3562=EDGE_CURVE('',#3029,#3036,#4219,.T.);
#3563=EDGE_CURVE('',#3037,#3038,#4220,.T.);
#3564=EDGE_CURVE('',#3038,#3035,#4221,.T.);
#3565=EDGE_CURVE('',#3039,#3036,#4222,.T.);
#3566=EDGE_CURVE('',#3039,#3040,#4223,.T.);
#3567=EDGE_CURVE('',#3041,#3040,#4224,.T.);
#3568=EDGE_CURVE('',#3042,#3041,#4225,.T.);
#3569=EDGE_CURVE('',#3037,#3042,#4226,.T.);
#3570=EDGE_CURVE('',#2925,#3039,#4227,.T.);
#3571=EDGE_CURVE('',#2848,#3043,#323,.T.);
#3572=EDGE_CURVE('',#3040,#3043,#4228,.T.);
#3573=EDGE_CURVE('',#2924,#3044,#4229,.T.);
#3574=EDGE_CURVE('',#3018,#3044,#4230,.T.);
#3575=EDGE_CURVE('',#3045,#3043,#4231,.T.);
#3576=EDGE_CURVE('',#3041,#3045,#4232,.T.);
#3577=EDGE_CURVE('',#3046,#3017,#4233,.T.);
#3578=EDGE_CURVE('',#2909,#3046,#4234,.T.);
#3579=EDGE_CURVE('',#2908,#3042,#4235,.T.);
#3580=EDGE_CURVE('',#3045,#2847,#324,.T.);
#3581=EDGE_CURVE('',#2907,#3037,#4236,.T.);
#3582=EDGE_CURVE('',#2906,#3038,#4237,.T.);
#3583=EDGE_CURVE('',#2910,#2954,#4238,.T.);
#3584=EDGE_CURVE('',#3046,#3047,#325,.T.);
#3585=EDGE_CURVE('',#3048,#3047,#4239,.T.);
#3586=EDGE_CURVE('',#3048,#3044,#326,.T.);
#3587=EDGE_CURVE('',#2923,#2955,#4240,.T.);
#3588=EDGE_CURVE('',#2956,#2922,#4241,.T.);
#3589=EDGE_CURVE('',#3049,#2957,#136,.T.);
#3590=EDGE_CURVE('',#2921,#3049,#4242,.T.);
#3591=EDGE_CURVE('',#2931,#3050,#4243,.T.);
#3592=EDGE_CURVE('',#3051,#3050,#4244,.T.);
#3593=EDGE_CURVE('',#3051,#3049,#4245,.T.);
#3594=EDGE_CURVE('',#2920,#2932,#4246,.T.);
#3595=EDGE_CURVE('',#2919,#2933,#4247,.T.);
#3596=EDGE_CURVE('',#2934,#2918,#4248,.T.);
#3597=EDGE_CURVE('',#3052,#2930,#4249,.T.);
#3598=EDGE_CURVE('',#3053,#3052,#4250,.T.);
#3599=EDGE_CURVE('',#3054,#3053,#4251,.T.);
#3600=EDGE_CURVE('',#3054,#3055,#4252,.T.);
#3601=EDGE_CURVE('',#3056,#3055,#4253,.T.);
#3602=EDGE_CURVE('',#3057,#3056,#4254,.T.);
#3603=EDGE_CURVE('',#3058,#3057,#4255,.T.);
#3604=EDGE_CURVE('',#3058,#3059,#4256,.T.);
#3605=EDGE_CURVE('',#3060,#3059,#4257,.T.);
#3606=EDGE_CURVE('',#3061,#3060,#4258,.T.);
#3607=EDGE_CURVE('',#3062,#3061,#4259,.T.);
#3608=EDGE_CURVE('',#3062,#3063,#4260,.T.);
#3609=EDGE_CURVE('',#3064,#3063,#4261,.T.);
#3610=EDGE_CURVE('',#3050,#3064,#4262,.T.);
#3611=EDGE_CURVE('',#3065,#2960,#4263,.T.);
#3612=EDGE_CURVE('',#3065,#3051,#4264,.T.);
#3613=EDGE_CURVE('',#3064,#3066,#4265,.T.);
#3614=EDGE_CURVE('',#3067,#3066,#4266,.T.);
#3615=EDGE_CURVE('',#3061,#3067,#4267,.T.);
#3616=EDGE_CURVE('',#3060,#3068,#4268,.T.);
#3617=EDGE_CURVE('',#3069,#3068,#4269,.T.);
#3618=EDGE_CURVE('',#3057,#3069,#4270,.T.);
#3619=EDGE_CURVE('',#3056,#3070,#4271,.T.);
#3620=EDGE_CURVE('',#3071,#3070,#4272,.T.);
#3621=EDGE_CURVE('',#3053,#3071,#4273,.T.);
#3622=EDGE_CURVE('',#3052,#3072,#4274,.T.);
#3623=EDGE_CURVE('',#3072,#3073,#4275,.T.);
#3624=EDGE_CURVE('',#3073,#2961,#4276,.T.);
#3625=EDGE_CURVE('',#3074,#2947,#4277,.T.);
#3626=EDGE_CURVE('',#3075,#3074,#4278,.T.);
#3627=EDGE_CURVE('',#3076,#3075,#4279,.T.);
#3628=EDGE_CURVE('',#3076,#3077,#4280,.T.);
#3629=EDGE_CURVE('',#3077,#2948,#4281,.T.);
#3630=EDGE_CURVE('',#3077,#3078,#4282,.T.);
#3631=EDGE_CURVE('',#2949,#3078,#4283,.T.);
#3632=EDGE_CURVE('',#3079,#3078,#327,.T.);
#3633=EDGE_CURVE('',#3079,#2950,#4284,.T.);
#3634=EDGE_CURVE('',#3079,#3080,#4285,.T.);
#3635=EDGE_CURVE('',#2951,#3080,#4286,.T.);
#3636=EDGE_CURVE('',#3081,#3080,#328,.T.);
#3637=EDGE_CURVE('',#2952,#3081,#4287,.T.);
#3638=EDGE_CURVE('',#3082,#3081,#329,.T.);
#3639=EDGE_CURVE('',#3082,#3083,#137,.T.);
#3640=EDGE_CURVE('',#3083,#2912,#4288,.T.);
#3641=EDGE_CURVE('',#2911,#2953,#4289,.T.);
#3642=EDGE_CURVE('',#3084,#2978,#4290,.T.);
#3643=EDGE_CURVE('',#2913,#2977,#4291,.T.);
#3644=EDGE_CURVE('',#3083,#3085,#4292,.T.);
#3645=EDGE_CURVE('',#3084,#3085,#4293,.T.);
#3646=EDGE_CURVE('',#2914,#2984,#4294,.T.);
#3647=EDGE_CURVE('',#2915,#2983,#4295,.T.);
#3648=EDGE_CURVE('',#2989,#2982,#4296,.T.);
#3649=EDGE_CURVE('',#2990,#2981,#4297,.T.);
#3650=EDGE_CURVE('',#3086,#3087,#4298,.T.);
#3651=EDGE_CURVE('',#3086,#2998,#4299,.T.);
#3652=EDGE_CURVE('',#3087,#2997,#4300,.T.);
#3653=EDGE_CURVE('',#3088,#3089,#4301,.T.);
#3654=EDGE_CURVE('',#3090,#3088,#4302,.T.);
#3655=EDGE_CURVE('',#3091,#3090,#4303,.T.);
#3656=EDGE_CURVE('',#3092,#3091,#4304,.T.);
#3657=EDGE_CURVE('',#3093,#3092,#4305,.T.);
#3658=EDGE_CURVE('',#3094,#3093,#4306,.T.);
#3659=EDGE_CURVE('',#3094,#3095,#4307,.T.);
#3660=EDGE_CURVE('',#3096,#3095,#4308,.T.);
#3661=EDGE_CURVE('',#3097,#3096,#4309,.T.);
#3662=EDGE_CURVE('',#3097,#3089,#4310,.T.);
#3663=EDGE_CURVE('',#3006,#3095,#330,.T.);
#3664=EDGE_CURVE('',#3098,#3094,#4311,.T.);
#3665=EDGE_CURVE('',#3098,#3099,#4312,.T.);
#3666=EDGE_CURVE('',#3007,#3099,#4313,.T.);
#3667=EDGE_CURVE('',#3100,#3023,#4314,.T.);
#3668=EDGE_CURVE('',#3008,#3100,#4315,.T.);
#3669=EDGE_CURVE('',#3101,#3099,#4316,.T.);
#3670=EDGE_CURVE('',#3102,#3101,#4317,.T.);
#3671=EDGE_CURVE('',#3102,#2851,#331,.T.);
#3672=EDGE_CURVE('',#3102,#3103,#4318,.T.);
#3673=EDGE_CURVE('',#3104,#3101,#4319,.T.);
#3674=EDGE_CURVE('',#3103,#3104,#4320,.T.);
#3675=EDGE_CURVE('',#2852,#3103,#332,.T.);
#3676=EDGE_CURVE('',#3104,#3105,#4321,.T.);
#3677=EDGE_CURVE('',#2996,#3105,#4322,.T.);
#3678=EDGE_CURVE('',#2995,#3106,#4323,.T.);
#3679=EDGE_CURVE('',#3024,#3106,#4324,.T.);
#3680=EDGE_CURVE('',#3105,#3087,#4325,.T.);
#3681=EDGE_CURVE('',#3098,#3107,#4326,.T.);
#3682=EDGE_CURVE('',#3107,#3086,#4327,.T.);
#3683=EDGE_CURVE('',#3093,#3107,#4328,.T.);
#3684=EDGE_CURVE('',#3016,#3047,#4329,.T.);
#3685=EDGE_CURVE('',#3048,#3015,#4330,.T.);
#3686=EDGE_CURVE('',#3021,#3108,#4331,.T.);
#3687=EDGE_CURVE('',#3100,#3108,#333,.T.);
#3688=EDGE_CURVE('',#3109,#3110,#4332,.T.);
#3689=EDGE_CURVE('',#2967,#3110,#4333,.T.);
#3690=EDGE_CURVE('',#3009,#2966,#4334,.T.);
#3691=EDGE_CURVE('',#3108,#3111,#4335,.T.);
#3692=EDGE_CURVE('',#3111,#3106,#334,.T.);
#3693=EDGE_CURVE('',#2994,#3109,#4336,.T.);
#3694=EDGE_CURVE('',#3112,#2993,#4337,.T.);
#3695=EDGE_CURVE('',#3112,#3109,#4338,.T.);
#3696=EDGE_CURVE('',#3113,#3114,#335,.T.);
#3697=EDGE_CURVE('',#3115,#3114,#4339,.T.);
#3698=EDGE_CURVE('',#3115,#3110,#336,.T.);
#3699=EDGE_CURVE('',#3112,#3116,#337,.T.);
#3700=EDGE_CURVE('',#3117,#3116,#4340,.T.);
#3701=EDGE_CURVE('',#3117,#3118,#338,.T.);
#3702=EDGE_CURVE('',#3118,#3119,#4341,.T.);
#3703=EDGE_CURVE('',#3119,#3113,#4342,.T.);
#3704=EDGE_CURVE('',#3120,#3121,#4343,.T.);
#3705=EDGE_CURVE('',#3122,#3121,#4344,.T.);
#3706=EDGE_CURVE('',#3122,#3123,#4345,.T.);
#3707=EDGE_CURVE('',#3123,#3124,#4346,.T.);
#3708=EDGE_CURVE('',#3125,#3124,#4347,.T.);
#3709=EDGE_CURVE('',#3125,#3120,#339,.T.);
#3710=EDGE_CURVE('',#3124,#2974,#4348,.T.);
#3711=EDGE_CURVE('',#3123,#2975,#4349,.T.);
#3712=EDGE_CURVE('',#3122,#2976,#4350,.T.);
#3713=EDGE_CURVE('',#3122,#2938,#340,.T.);
#3714=EDGE_CURVE('',#2937,#3121,#341,.T.);
#3715=EDGE_CURVE('',#3126,#3127,#4351,.T.);
#3716=EDGE_CURVE('',#3126,#3128,#4352,.T.);
#3717=EDGE_CURVE('',#3128,#3129,#4353,.T.);
#3718=EDGE_CURVE('',#3130,#3129,#4354,.T.);
#3719=EDGE_CURVE('',#3131,#3130,#4355,.T.);
#3720=EDGE_CURVE('',#3131,#3127,#342,.T.);
#3721=EDGE_CURVE('',#3126,#2973,#4356,.T.);
#3722=EDGE_CURVE('',#3128,#2972,#4357,.T.);
#3723=EDGE_CURVE('',#3129,#2971,#4358,.T.);
#3724=EDGE_CURVE('',#2970,#3129,#343,.T.);
#3725=EDGE_CURVE('',#3130,#2969,#344,.T.);
#3726=EDGE_CURVE('',#2943,#3114,#4359,.T.);
#3727=EDGE_CURVE('',#3113,#2944,#4360,.T.);
#3728=EDGE_CURVE('',#3119,#2945,#4361,.T.);
#3729=EDGE_CURVE('',#3132,#3118,#4362,.T.);
#3730=EDGE_CURVE('',#3133,#3132,#4363,.T.);
#3731=EDGE_CURVE('',#3133,#2946,#4364,.T.);
#3732=EDGE_CURVE('',#3134,#3133,#4365,.T.);
#3733=EDGE_CURVE('',#3135,#3134,#4366,.T.);
#3734=EDGE_CURVE('',#3135,#3136,#4367,.T.);
#3735=EDGE_CURVE('',#3136,#3137,#4368,.T.);
#3736=EDGE_CURVE('',#3138,#3137,#4369,.T.);
#3737=EDGE_CURVE('',#3139,#3138,#4370,.T.);
#3738=EDGE_CURVE('',#3139,#3140,#4371,.T.);
#3739=EDGE_CURVE('',#3140,#3141,#4372,.T.);
#3740=EDGE_CURVE('',#3142,#3141,#4373,.T.);
#3741=EDGE_CURVE('',#3143,#3142,#4374,.T.);
#3742=EDGE_CURVE('',#3143,#3144,#4375,.T.);
#3743=EDGE_CURVE('',#3144,#3145,#4376,.T.);
#3744=EDGE_CURVE('',#3146,#3145,#4377,.T.);
#3745=EDGE_CURVE('',#3147,#3146,#4378,.T.);
#3746=EDGE_CURVE('',#3147,#3084,#4379,.T.);
#3747=EDGE_CURVE('',#3085,#3074,#4380,.T.);
#3748=EDGE_CURVE('',#3083,#3148,#4381,.T.);
#3749=EDGE_CURVE('',#3148,#3075,#345,.T.);
#3750=EDGE_CURVE('',#3148,#3149,#4382,.T.);
#3751=EDGE_CURVE('',#3076,#3149,#346,.T.);
#3752=EDGE_CURVE('',#3082,#3149,#4383,.T.);
#3753=EDGE_CURVE('',#2979,#3135,#4384,.T.);
#3754=EDGE_CURVE('',#3150,#3147,#4385,.T.);
#3755=EDGE_CURVE('',#3150,#3151,#4386,.T.);
#3756=EDGE_CURVE('',#3144,#3151,#4387,.T.);
#3757=EDGE_CURVE('',#3152,#3143,#4388,.T.);
#3758=EDGE_CURVE('',#3152,#3153,#4389,.T.);
#3759=EDGE_CURVE('',#3140,#3153,#4390,.T.);
#3760=EDGE_CURVE('',#3154,#3139,#4391,.T.);
#3761=EDGE_CURVE('',#3154,#3155,#4392,.T.);
#3762=EDGE_CURVE('',#3136,#3155,#4393,.T.);
#3763=EDGE_CURVE('',#3134,#3156,#4394,.T.);
#3764=EDGE_CURVE('',#2992,#3156,#4395,.T.);
#3765=EDGE_CURVE('',#2991,#2980,#4396,.T.);
#3766=EDGE_CURVE('',#3156,#3116,#138,.T.);
#3767=EDGE_CURVE('',#3157,#3156,#4397,.T.);
#3768=EDGE_CURVE('',#3117,#3157,#4398,.T.);
#3769=EDGE_CURVE('',#3132,#3157,#347,.T.);
#3770=EDGE_CURVE('',#3155,#3137,#4399,.T.);
#3771=EDGE_CURVE('',#3138,#3154,#4400,.T.);
#3772=EDGE_CURVE('',#3153,#3141,#4401,.T.);
#3773=EDGE_CURVE('',#3142,#3152,#4402,.T.);
#3774=EDGE_CURVE('',#3151,#3145,#4403,.T.);
#3775=EDGE_CURVE('',#3146,#3150,#4404,.T.);
#3776=EDGE_CURVE('',#3111,#3022,#4405,.T.);
#3777=EDGE_CURVE('',#3010,#2965,#4406,.T.);
#3778=EDGE_CURVE('',#2964,#3158,#139,.T.);
#3779=EDGE_CURVE('',#3158,#3011,#4407,.T.);
#3780=EDGE_CURVE('',#3012,#2929,#4408,.T.);
#3781=EDGE_CURVE('',#3158,#3072,#4409,.T.);
#3782=EDGE_CURVE('',#2936,#2985,#4410,.T.);
#3783=EDGE_CURVE('',#2986,#2935,#4411,.T.);
#3784=EDGE_CURVE('',#3158,#3159,#4412,.T.);
#3785=EDGE_CURVE('',#3159,#3160,#348,.T.);
#3786=EDGE_CURVE('',#3160,#3073,#4413,.T.);
#3787=EDGE_CURVE('',#2962,#3160,#4414,.T.);
#3788=EDGE_CURVE('',#3159,#2963,#4415,.T.);
#3789=EDGE_CURVE('',#3096,#3005,#349,.T.);
#3790=EDGE_CURVE('',#3004,#3097,#4416,.T.);
#3791=EDGE_CURVE('',#3089,#3003,#4417,.T.);
#3792=EDGE_CURVE('',#3002,#3088,#350,.T.);
#3793=EDGE_CURVE('',#3161,#2959,#4418,.T.);
#3794=EDGE_CURVE('',#3161,#3065,#4419,.T.);
#3795=EDGE_CURVE('',#3161,#3162,#351,.T.);
#3796=EDGE_CURVE('',#3049,#3162,#4420,.T.);
#3797=EDGE_CURVE('',#2958,#3162,#4421,.T.);
#3798=EDGE_CURVE('',#3071,#3054,#4422,.T.);
#3799=EDGE_CURVE('',#3055,#3070,#4423,.T.);
#3800=EDGE_CURVE('',#3069,#3058,#4424,.T.);
#3801=EDGE_CURVE('',#3059,#3068,#4425,.T.);
#3802=EDGE_CURVE('',#3067,#3062,#4426,.T.);
#3803=EDGE_CURVE('',#3063,#3066,#4427,.T.);
#3804=EDGE_CURVE('',#3033,#2902,#352,.T.);
#3805=EDGE_CURVE('',#2901,#3034,#4428,.T.);
#3806=EDGE_CURVE('',#3163,#3164,#353,.T.);
#3807=EDGE_CURVE('',#3163,#3165,#4429,.T.);
#3808=EDGE_CURVE('',#3166,#3165,#354,.T.);
#3809=EDGE_CURVE('',#3164,#3166,#4430,.T.);
#3810=EDGE_CURVE('',#3164,#3167,#355,.T.);
#3811=EDGE_CURVE('',#3168,#3166,#356,.T.);
#3812=EDGE_CURVE('',#3168,#3167,#4431,.T.);
#3813=EDGE_CURVE('',#3169,#3163,#357,.T.);
#3814=EDGE_CURVE('',#3169,#3170,#4432,.T.);
#3815=EDGE_CURVE('',#3165,#3170,#358,.T.);
#3816=EDGE_CURVE('',#3171,#3167,#4433,.T.);
#3817=EDGE_CURVE('',#3169,#3171,#4434,.T.);
#3818=EDGE_CURVE('',#3172,#3173,#359,.T.);
#3819=EDGE_CURVE('',#3172,#3174,#4435,.T.);
#3820=EDGE_CURVE('',#3175,#3174,#360,.T.);
#3821=EDGE_CURVE('',#3173,#3175,#4436,.T.);
#3822=EDGE_CURVE('',#3176,#3175,#361,.T.);
#3823=EDGE_CURVE('',#3177,#3176,#4437,.T.);
#3824=EDGE_CURVE('',#3173,#3177,#362,.T.);
#3825=EDGE_CURVE('',#3177,#3178,#363,.T.);
#3826=EDGE_CURVE('',#3179,#3176,#364,.T.);
#3827=EDGE_CURVE('',#3179,#3178,#4438,.T.);
#3828=EDGE_CURVE('',#3180,#3178,#4439,.T.);
#3829=EDGE_CURVE('',#3172,#3180,#4440,.T.);
#3830=EDGE_CURVE('',#3181,#3182,#365,.T.);
#3831=EDGE_CURVE('',#3181,#3183,#4441,.T.);
#3832=EDGE_CURVE('',#3184,#3183,#366,.T.);
#3833=EDGE_CURVE('',#3182,#3184,#4442,.T.);
#3834=EDGE_CURVE('',#3182,#3185,#367,.T.);
#3835=EDGE_CURVE('',#3186,#3184,#368,.T.);
#3836=EDGE_CURVE('',#3185,#3186,#4443,.T.);
#3837=EDGE_CURVE('',#3185,#3187,#369,.T.);
#3838=EDGE_CURVE('',#3188,#3186,#370,.T.);
#3839=EDGE_CURVE('',#3188,#3187,#4444,.T.);
#3840=EDGE_CURVE('',#3189,#3187,#4445,.T.);
#3841=EDGE_CURVE('',#3181,#3189,#4446,.T.);
#3842=EDGE_CURVE('',#3190,#3191,#371,.T.);
#3843=EDGE_CURVE('',#3190,#3192,#4447,.T.);
#3844=EDGE_CURVE('',#3193,#3192,#372,.T.);
#3845=EDGE_CURVE('',#3191,#3193,#4448,.T.);
#3846=EDGE_CURVE('',#3194,#3193,#373,.T.);
#3847=EDGE_CURVE('',#3195,#3194,#4449,.T.);
#3848=EDGE_CURVE('',#3191,#3195,#374,.T.);
#3849=EDGE_CURVE('',#3195,#3196,#375,.T.);
#3850=EDGE_CURVE('',#3197,#3194,#376,.T.);
#3851=EDGE_CURVE('',#3197,#3196,#4450,.T.);
#3852=EDGE_CURVE('',#3198,#3196,#4451,.T.);
#3853=EDGE_CURVE('',#3190,#3198,#4452,.T.);
#3854=EDGE_CURVE('',#3199,#3200,#4453,.T.);
#3855=EDGE_CURVE('',#3199,#3201,#377,.T.);
#3856=EDGE_CURVE('',#3201,#3202,#4454,.T.);
#3857=EDGE_CURVE('',#3202,#3200,#378,.T.);
#3858=EDGE_CURVE('',#3201,#3203,#4455,.T.);
#3859=EDGE_CURVE('',#3203,#3204,#4456,.T.);
#3860=EDGE_CURVE('',#3204,#3202,#4457,.T.);
#3861=EDGE_CURVE('',#3205,#3206,#4458,.T.);
#3862=EDGE_CURVE('',#3205,#3207,#4459,.T.);
#3863=EDGE_CURVE('',#3207,#3208,#4460,.T.);
#3864=EDGE_CURVE('',#3208,#3206,#4461,.T.);
#3865=EDGE_CURVE('',#3207,#3209,#379,.T.);
#3866=EDGE_CURVE('',#3209,#3210,#4462,.T.);
#3867=EDGE_CURVE('',#3210,#3208,#380,.T.);
#3868=EDGE_CURVE('',#3209,#3199,#4463,.T.);
#3869=EDGE_CURVE('',#3200,#3210,#4464,.T.);
#3870=EDGE_CURVE('',#3211,#3212,#140,.T.);
#3871=EDGE_CURVE('',#3213,#3212,#4465,.T.);
#3872=EDGE_CURVE('',#3214,#3213,#141,.T.);
#3873=EDGE_CURVE('',#3214,#3215,#4466,.T.);
#3874=EDGE_CURVE('',#3215,#3216,#142,.T.);
#3875=EDGE_CURVE('',#3217,#3216,#4467,.T.);
#3876=EDGE_CURVE('',#3218,#3217,#143,.T.);
#3877=EDGE_CURVE('',#3218,#3211,#4468,.T.);
#3878=EDGE_CURVE('',#3219,#3217,#4469,.T.);
#3879=EDGE_CURVE('',#3219,#3220,#144,.T.);
#3880=EDGE_CURVE('',#3220,#3218,#4470,.T.);
#3881=EDGE_CURVE('',#3220,#3221,#4471,.T.);
#3882=EDGE_CURVE('',#3221,#3211,#4472,.T.);
#3883=EDGE_CURVE('',#3221,#3222,#146,.T.);
#3884=EDGE_CURVE('',#3222,#3212,#4473,.T.);
#3885=EDGE_CURVE('',#3222,#3223,#4474,.T.);
#3886=EDGE_CURVE('',#3223,#3213,#4475,.T.);
#3887=EDGE_CURVE('',#3223,#3224,#148,.T.);
#3888=EDGE_CURVE('',#3224,#3214,#4476,.T.);
#3889=EDGE_CURVE('',#3224,#3225,#4477,.T.);
#3890=EDGE_CURVE('',#3225,#3215,#4478,.T.);
#3891=EDGE_CURVE('',#3225,#3226,#150,.T.);
#3892=EDGE_CURVE('',#3226,#3216,#4479,.T.);
#3893=EDGE_CURVE('',#3226,#3219,#4480,.T.);
#3894=EDGE_CURVE('',#3227,#3228,#4481,.T.);
#3895=EDGE_CURVE('',#3228,#3229,#381,.T.);
#3896=EDGE_CURVE('',#3229,#3230,#4482,.T.);
#3897=EDGE_CURVE('',#3230,#3231,#382,.T.);
#3898=EDGE_CURVE('',#3231,#3232,#4483,.T.);
#3899=EDGE_CURVE('',#3232,#3233,#383,.T.);
#3900=EDGE_CURVE('',#3233,#3234,#4484,.T.);
#3901=EDGE_CURVE('',#3234,#3227,#384,.T.);
#3902=EDGE_CURVE('',#3235,#3236,#152,.T.);
#3903=EDGE_CURVE('',#3236,#3237,#4485,.T.);
#3904=EDGE_CURVE('',#3237,#3238,#153,.T.);
#3905=EDGE_CURVE('',#3238,#3239,#4486,.T.);
#3906=EDGE_CURVE('',#3239,#3240,#154,.T.);
#3907=EDGE_CURVE('',#3240,#3241,#4487,.T.);
#3908=EDGE_CURVE('',#3241,#3242,#155,.T.);
#3909=EDGE_CURVE('',#3242,#3235,#4488,.T.);
#3910=EDGE_CURVE('',#2903,#3032,#385,.T.);
#3911=EDGE_CURVE('',#3090,#3001,#386,.T.);
#3912=EDGE_CURVE('',#3243,#3204,#387,.T.);
#3913=EDGE_CURVE('',#3244,#3243,#4489,.T.);
#3914=EDGE_CURVE('',#3206,#3244,#388,.T.);
#3915=EDGE_CURVE('',#3170,#3188,#4490,.T.);
#3916=EDGE_CURVE('',#3197,#3183,#4491,.T.);
#3917=EDGE_CURVE('',#3192,#3179,#4492,.T.);
#3918=EDGE_CURVE('',#3174,#3168,#4493,.T.);
#3919=EDGE_CURVE('',#3092,#2999,#389,.T.);
#3920=EDGE_CURVE('',#3000,#3091,#390,.T.);
#3921=EDGE_CURVE('',#2905,#3030,#391,.T.);
#3922=EDGE_CURVE('',#3031,#2904,#392,.T.);
#3923=EDGE_CURVE('',#3198,#2987,#4494,.T.);
#3924=EDGE_CURVE('',#2917,#3180,#4495,.T.);
#3925=EDGE_CURVE('',#2988,#3189,#4496,.T.);
#3926=EDGE_CURVE('',#3171,#2916,#4497,.T.);
#3927=EDGE_CURVE('',#3115,#2942,#4498,.T.);
#3928=EDGE_CURVE('',#2941,#3245,#4499,.T.);
#3929=EDGE_CURVE('',#3246,#3245,#393,.T.);
#3930=EDGE_CURVE('',#3246,#2968,#4500,.T.);
#3931=EDGE_CURVE('',#2939,#3247,#4501,.T.);
#3932=EDGE_CURVE('',#3248,#3247,#394,.T.);
#3933=EDGE_CURVE('',#3248,#2940,#4502,.T.);
#3934=EDGE_CURVE('',#3245,#3248,#4503,.T.);
#3935=EDGE_CURVE('',#3249,#3120,#4504,.T.);
#3936=EDGE_CURVE('',#3125,#3250,#4505,.T.);
#3937=EDGE_CURVE('',#3249,#3250,#395,.T.);
#3938=EDGE_CURVE('',#3247,#3249,#4506,.T.);
#3939=EDGE_CURVE('',#3251,#3127,#4507,.T.);
#3940=EDGE_CURVE('',#3131,#3252,#4508,.T.);
#3941=EDGE_CURVE('',#3251,#3252,#396,.T.);
#3942=EDGE_CURVE('',#3250,#3251,#4509,.T.);
#3943=EDGE_CURVE('',#3252,#3246,#4510,.T.);
#3944=EDGE_CURVE('',#3253,#3254,#4511,.T.);
#3945=EDGE_CURVE('',#3254,#3255,#397,.T.);
#3946=EDGE_CURVE('',#3255,#3256,#4512,.T.);
#3947=EDGE_CURVE('',#3256,#3257,#398,.T.);
#3948=EDGE_CURVE('',#3257,#3258,#4513,.T.);
#3949=EDGE_CURVE('',#3258,#3259,#399,.T.);
#3950=EDGE_CURVE('',#3259,#3260,#4514,.T.);
#3951=EDGE_CURVE('',#3260,#3253,#400,.T.);
#3952=EDGE_CURVE('',#3261,#3262,#156,.T.);
#3953=EDGE_CURVE('',#3263,#3262,#4515,.T.);
#3954=EDGE_CURVE('',#3263,#3264,#157,.T.);
#3955=EDGE_CURVE('',#3265,#3264,#4516,.T.);
#3956=EDGE_CURVE('',#3265,#3266,#158,.T.);
#3957=EDGE_CURVE('',#3267,#3266,#4517,.T.);
#3958=EDGE_CURVE('',#3267,#3268,#159,.T.);
#3959=EDGE_CURVE('',#3261,#3268,#4518,.T.);
#3960=EDGE_CURVE('',#3267,#3253,#4519,.T.);
#3961=EDGE_CURVE('',#3260,#3268,#160,.T.);
#3962=EDGE_CURVE('',#3261,#3259,#4520,.T.);
#3963=EDGE_CURVE('',#3258,#3262,#161,.T.);
#3964=EDGE_CURVE('',#3263,#3257,#4521,.T.);
#3965=EDGE_CURVE('',#3256,#3264,#162,.T.);
#3966=EDGE_CURVE('',#3265,#3255,#4522,.T.);
#3967=EDGE_CURVE('',#3254,#3266,#163,.T.);
#3968=EDGE_CURVE('',#3241,#3220,#164,.T.);
#3969=EDGE_CURVE('',#3221,#3240,#165,.T.);
#3970=EDGE_CURVE('',#3222,#3239,#166,.T.);
#3971=EDGE_CURVE('',#3242,#3219,#167,.T.);
#3972=EDGE_CURVE('',#3223,#3238,#168,.T.);
#3973=EDGE_CURVE('',#3235,#3226,#401,.T.);
#3974=EDGE_CURVE('',#3224,#3237,#169,.T.);
#3975=EDGE_CURVE('',#3236,#3225,#170,.T.);
#3976=EDGE_CURVE('',#3269,#3244,#4523,.T.);
#3977=EDGE_CURVE('',#3269,#3205,#402,.T.);
#3978=EDGE_CURVE('',#3270,#3243,#4524,.T.);
#3979=EDGE_CURVE('',#3270,#3269,#4525,.T.);
#3980=EDGE_CURVE('',#3203,#3270,#403,.T.);
#3981=EDGE_CURVE('',#3270,#3232,#404,.T.);
#3982=EDGE_CURVE('',#3233,#3203,#405,.T.);
#3983=EDGE_CURVE('',#3234,#3201,#406,.T.);
#3984=EDGE_CURVE('',#3269,#3231,#407,.T.);
#3985=EDGE_CURVE('',#3227,#3199,#408,.T.);
#3986=EDGE_CURVE('',#3205,#3230,#409,.T.);
#3987=EDGE_CURVE('',#3228,#3209,#410,.T.);
#3988=EDGE_CURVE('',#3207,#3229,#411,.T.);
#3989=EDGE_CURVE('',#2805,#2818,#412,.T.);
#3990=EDGE_CURVE('',#2819,#2803,#413,.T.);
#3991=EDGE_CURVE('',#2820,#2801,#414,.T.);
#3992=EDGE_CURVE('',#2807,#2817,#415,.T.);
#3993=EDGE_CURVE('',#2813,#2799,#416,.T.);
#3994=EDGE_CURVE('',#2809,#2816,#417,.T.);
#3995=EDGE_CURVE('',#2814,#2797,#418,.T.);
#3996=EDGE_CURVE('',#2811,#2815,#419,.T.);
#3997=LINE('',#6838,#4526);
#3998=LINE('',#6841,#4527);
#3999=LINE('',#6843,#4528);
#4000=LINE('',#6845,#4529);
#4001=LINE('',#6849,#4530);
#4002=LINE('',#6853,#4531);
#4003=LINE('',#6855,#4532);
#4004=LINE('',#6857,#4533);
#4005=LINE('',#6861,#4534);
#4006=LINE('',#6865,#4535);
#4007=LINE('',#6867,#4536);
#4008=LINE('',#6869,#4537);
#4009=LINE('',#6873,#4538);
#4010=LINE('',#6877,#4539);
#4011=LINE('',#6879,#4540);
#4012=LINE('',#6881,#4541);
#4013=LINE('',#6886,#4542);
#4014=LINE('',#6891,#4543);
#4015=LINE('',#6895,#4544);
#4016=LINE('',#6899,#4545);
#4017=LINE('',#6906,#4546);
#4018=LINE('',#6910,#4547);
#4019=LINE('',#6915,#4548);
#4020=LINE('',#6919,#4549);
#4021=LINE('',#6924,#4550);
#4022=LINE('',#6928,#4551);
#4023=LINE('',#6930,#4552);
#4024=LINE('',#6932,#4553);
#4025=LINE('',#6934,#4554);
#4026=LINE('',#6936,#4555);
#4027=LINE('',#6937,#4556);
#4028=LINE('',#6939,#4557);
#4029=LINE('',#6941,#4558);
#4030=LINE('',#6942,#4559);
#4031=LINE('',#6944,#4560);
#4032=LINE('',#6946,#4561);
#4033=LINE('',#6950,#4562);
#4034=LINE('',#6952,#4563);
#4035=LINE('',#6957,#4564);
#4036=LINE('',#6958,#4565);
#4037=LINE('',#6960,#4566);
#4038=LINE('',#6962,#4567);
#4039=LINE('',#6964,#4568);
#4040=LINE('',#6965,#4569);
#4041=LINE('',#6967,#4570);
#4042=LINE('',#6969,#4571);
#4043=LINE('',#6970,#4572);
#4044=LINE('',#6972,#4573);
#4045=LINE('',#6974,#4574);
#4046=LINE('',#6975,#4575);
#4047=LINE('',#6977,#4576);
#4048=LINE('',#6979,#4577);
#4049=LINE('',#6981,#4578);
#4050=LINE('',#6984,#4579);
#4051=LINE('',#6986,#4580);
#4052=LINE('',#6988,#4581);
#4053=LINE('',#6990,#4582);
#4054=LINE('',#6992,#4583);
#4055=LINE('',#6994,#4584);
#4056=LINE('',#6996,#4585);
#4057=LINE('',#6999,#4586);
#4058=LINE('',#7001,#4587);
#4059=LINE('',#7003,#4588);
#4060=LINE('',#7005,#4589);
#4061=LINE('',#7007,#4590);
#4062=LINE('',#7009,#4591);
#4063=LINE('',#7011,#4592);
#4064=LINE('',#7017,#4593);
#4065=LINE('',#7019,#4594);
#4066=LINE('',#7021,#4595);
#4067=LINE('',#7026,#4596);
#4068=LINE('',#7032,#4597);
#4069=LINE('',#7036,#4598);
#4070=LINE('',#7038,#4599);
#4071=LINE('',#7040,#4600);
#4072=LINE('',#7044,#4601);
#4073=LINE('',#7046,#4602);
#4074=LINE('',#7048,#4603);
#4075=LINE('',#7058,#4604);
#4076=LINE('',#7063,#4605);
#4077=LINE('',#7067,#4606);
#4078=LINE('',#7069,#4607);
#4079=LINE('',#7071,#4608);
#4080=LINE('',#7075,#4609);
#4081=LINE('',#7079,#4610);
#4082=LINE('',#7081,#4611);
#4083=LINE('',#7083,#4612);
#4084=LINE('',#7085,#4613);
#4085=LINE('',#7087,#4614);
#4086=LINE('',#7089,#4615);
#4087=LINE('',#7091,#4616);
#4088=LINE('',#7094,#4617);
#4089=LINE('',#7096,#4618);
#4090=LINE('',#7098,#4619);
#4091=LINE('',#7100,#4620);
#4092=LINE('',#7101,#4621);
#4093=LINE('',#7105,#4622);
#4094=LINE('',#7109,#4623);
#4095=LINE('',#7111,#4624);
#4096=LINE('',#7113,#4625);
#4097=LINE('',#7117,#4626);
#4098=LINE('',#7121,#4627);
#4099=LINE('',#7123,#4628);
#4100=LINE('',#7125,#4629);
#4101=LINE('',#7135,#4630);
#4102=LINE('',#7138,#4631);
#4103=LINE('',#7140,#4632);
#4104=LINE('',#7142,#4633);
#4105=LINE('',#7144,#4634);
#4106=LINE('',#7146,#4635);
#4107=LINE('',#7148,#4636);
#4108=LINE('',#7150,#4637);
#4109=LINE('',#7152,#4638);
#4110=LINE('',#7154,#4639);
#4111=LINE('',#7158,#4640);
#4112=LINE('',#7160,#4641);
#4113=LINE('',#7162,#4642);
#4114=LINE('',#7164,#4643);
#4115=LINE('',#7166,#4644);
#4116=LINE('',#7168,#4645);
#4117=LINE('',#7170,#4646);
#4118=LINE('',#7172,#4647);
#4119=LINE('',#7174,#4648);
#4120=LINE('',#7178,#4649);
#4121=LINE('',#7180,#4650);
#4122=LINE('',#7182,#4651);
#4123=LINE('',#7184,#4652);
#4124=LINE('',#7186,#4653);
#4125=LINE('',#7188,#4654);
#4126=LINE('',#7190,#4655);
#4127=LINE('',#7192,#4656);
#4128=LINE('',#7195,#4657);
#4129=LINE('',#7197,#4658);
#4130=LINE('',#7199,#4659);
#4131=LINE('',#7201,#4660);
#4132=LINE('',#7203,#4661);
#4133=LINE('',#7205,#4662);
#4134=LINE('',#7207,#4663);
#4135=LINE('',#7209,#4664);
#4136=LINE('',#7212,#4665);
#4137=LINE('',#7216,#4666);
#4138=LINE('',#7220,#4667);
#4139=LINE('',#7224,#4668);
#4140=LINE('',#7226,#4669);
#4141=LINE('',#7228,#4670);
#4142=LINE('',#7230,#4671);
#4143=LINE('',#7232,#4672);
#4144=LINE('',#7236,#4673);
#4145=LINE('',#7242,#4674);
#4146=LINE('',#7244,#4675);
#4147=LINE('',#7246,#4676);
#4148=LINE('',#7250,#4677);
#4149=LINE('',#7254,#4678);
#4150=LINE('',#7256,#4679);
#4151=LINE('',#7258,#4680);
#4152=LINE('',#7262,#4681);
#4153=LINE('',#7266,#4682);
#4154=LINE('',#7268,#4683);
#4155=LINE('',#7272,#4684);
#4156=LINE('',#7274,#4685);
#4157=LINE('',#7276,#4686);
#4158=LINE('',#7278,#4687);
#4159=LINE('',#7280,#4688);
#4160=LINE('',#7282,#4689);
#4161=LINE('',#7284,#4690);
#4162=LINE('',#7286,#4691);
#4163=LINE('',#7288,#4692);
#4164=LINE('',#7290,#4693);
#4165=LINE('',#7293,#4694);
#4166=LINE('',#7295,#4695);
#4167=LINE('',#7297,#4696);
#4168=LINE('',#7299,#4697);
#4169=LINE('',#7301,#4698);
#4170=LINE('',#7303,#4699);
#4171=LINE('',#7305,#4700);
#4172=LINE('',#7307,#4701);
#4173=LINE('',#7310,#4702);
#4174=LINE('',#7312,#4703);
#4175=LINE('',#7314,#4704);
#4176=LINE('',#7316,#4705);
#4177=LINE('',#7318,#4706);
#4178=LINE('',#7320,#4707);
#4179=LINE('',#7324,#4708);
#4180=LINE('',#7326,#4709);
#4181=LINE('',#7328,#4710);
#4182=LINE('',#7330,#4711);
#4183=LINE('',#7332,#4712);
#4184=LINE('',#7334,#4713);
#4185=LINE('',#7336,#4714);
#4186=LINE('',#7338,#4715);
#4187=LINE('',#7340,#4716);
#4188=LINE('',#7342,#4717);
#4189=LINE('',#7344,#4718);
#4190=LINE('',#7346,#4719);
#4191=LINE('',#7348,#4720);
#4192=LINE('',#7350,#4721);
#4193=LINE('',#7352,#4722);
#4194=LINE('',#7354,#4723);
#4195=LINE('',#7356,#4724);
#4196=LINE('',#7360,#4725);
#4197=LINE('',#7362,#4726);
#4198=LINE('',#7364,#4727);
#4199=LINE('',#7370,#4728);
#4200=LINE('',#7375,#4729);
#4201=LINE('',#7376,#4730);
#4202=LINE('',#7380,#4731);
#4203=LINE('',#7386,#4732);
#4204=LINE('',#7391,#4733);
#4205=LINE('',#7392,#4734);
#4206=LINE('',#7396,#4735);
#4207=LINE('',#7399,#4736);
#4208=LINE('',#7404,#4737);
#4209=LINE('',#7406,#4738);
#4210=LINE('',#7409,#4739);
#4211=LINE('',#7411,#4740);
#4212=LINE('',#7413,#4741);
#4213=LINE('',#7415,#4742);
#4214=LINE('',#7417,#4743);
#4215=LINE('',#7419,#4744);
#4216=LINE('',#7420,#4745);
#4217=LINE('',#7422,#4746);
#4218=LINE('',#7425,#4747);
#4219=LINE('',#7426,#4748);
#4220=LINE('',#7428,#4749);
#4221=LINE('',#7431,#4750);
#4222=LINE('',#7432,#4751);
#4223=LINE('',#7434,#4752);
#4224=LINE('',#7436,#4753);
#4225=LINE('',#7438,#4754);
#4226=LINE('',#7440,#4755);
#4227=LINE('',#7442,#4756);
#4228=LINE('',#7446,#4757);
#4229=LINE('',#7447,#4758);
#4230=LINE('',#7449,#4759);
#4231=LINE('',#7451,#4760);
#4232=LINE('',#7453,#4761);
#4233=LINE('',#7455,#4762);
#4234=LINE('',#7457,#4763);
#4235=LINE('',#7458,#4764);
#4236=LINE('',#7461,#4765);
#4237=LINE('',#7463,#4766);
#4238=LINE('',#7465,#4767);
#4239=LINE('',#7468,#4768);
#4240=LINE('',#7471,#4769);
#4241=LINE('',#7473,#4770);
#4242=LINE('',#7480,#4771);
#4243=LINE('',#7482,#4772);
#4244=LINE('',#7484,#4773);
#4245=LINE('',#7486,#4774);
#4246=LINE('',#7487,#4775);
#4247=LINE('',#7489,#4776);
#4248=LINE('',#7491,#4777);
#4249=LINE('',#7493,#4778);
#4250=LINE('',#7495,#4779);
#4251=LINE('',#7497,#4780);
#4252=LINE('',#7499,#4781);
#4253=LINE('',#7501,#4782);
#4254=LINE('',#7503,#4783);
#4255=LINE('',#7505,#4784);
#4256=LINE('',#7507,#4785);
#4257=LINE('',#7509,#4786);
#4258=LINE('',#7511,#4787);
#4259=LINE('',#7513,#4788);
#4260=LINE('',#7515,#4789);
#4261=LINE('',#7517,#4790);
#4262=LINE('',#7519,#4791);
#4263=LINE('',#7521,#4792);
#4264=LINE('',#7523,#4793);
#4265=LINE('',#7524,#4794);
#4266=LINE('',#7526,#4795);
#4267=LINE('',#7528,#4796);
#4268=LINE('',#7529,#4797);
#4269=LINE('',#7531,#4798);
#4270=LINE('',#7533,#4799);
#4271=LINE('',#7534,#4800);
#4272=LINE('',#7536,#4801);
#4273=LINE('',#7538,#4802);
#4274=LINE('',#7539,#4803);
#4275=LINE('',#7541,#4804);
#4276=LINE('',#7543,#4805);
#4277=LINE('',#7545,#4806);
#4278=LINE('',#7547,#4807);
#4279=LINE('',#7549,#4808);
#4280=LINE('',#7551,#4809);
#4281=LINE('',#7553,#4810);
#4282=LINE('',#7555,#4811);
#4283=LINE('',#7557,#4812);
#4284=LINE('',#7561,#4813);
#4285=LINE('',#7563,#4814);
#4286=LINE('',#7565,#4815);
#4287=LINE('',#7569,#4816);
#4288=LINE('',#7578,#4817);
#4289=LINE('',#7579,#4818);
#4290=LINE('',#7582,#4819);
#4291=LINE('',#7584,#4820);
#4292=LINE('',#7585,#4821);
#4293=LINE('',#7587,#4822);
#4294=LINE('',#7589,#4823);
#4295=LINE('',#7591,#4824);
#4296=LINE('',#7593,#4825);
#4297=LINE('',#7594,#4826);
#4298=LINE('',#7596,#4827);
#4299=LINE('',#7599,#4828);
#4300=LINE('',#7600,#4829);
#4301=LINE('',#7602,#4830);
#4302=LINE('',#7605,#4831);
#4303=LINE('',#7607,#4832);
#4304=LINE('',#7609,#4833);
#4305=LINE('',#7611,#4834);
#4306=LINE('',#7613,#4835);
#4307=LINE('',#7615,#4836);
#4308=LINE('',#7617,#4837);
#4309=LINE('',#7619,#4838);
#4310=LINE('',#7621,#4839);
#4311=LINE('',#7624,#4840);
#4312=LINE('',#7626,#4841);
#4313=LINE('',#7628,#4842);
#4314=LINE('',#7630,#4843);
#4315=LINE('',#7632,#4844);
#4316=LINE('',#7633,#4845);
#4317=LINE('',#7635,#4846);
#4318=LINE('',#7639,#4847);
#4319=LINE('',#7641,#4848);
#4320=LINE('',#7643,#4849);
#4321=LINE('',#7646,#4850);
#4322=LINE('',#7648,#4851);
#4323=LINE('',#7649,#4852);
#4324=LINE('',#7651,#4853);
#4325=LINE('',#7653,#4854);
#4326=LINE('',#7655,#4855);
#4327=LINE('',#7657,#4856);
#4328=LINE('',#7659,#4857);
#4329=LINE('',#7663,#4858);
#4330=LINE('',#7665,#4859);
#4331=LINE('',#7668,#4860);
#4332=LINE('',#7672,#4861);
#4333=LINE('',#7675,#4862);
#4334=LINE('',#7676,#4863);
#4335=LINE('',#7677,#4864);
#4336=LINE('',#7680,#4865);
#4337=LINE('',#7682,#4866);
#4338=LINE('',#7684,#4867);
#4339=LINE('',#7689,#4868);
#4340=LINE('',#7694,#4869);
#4341=LINE('',#7698,#4870);
#4342=LINE('',#7700,#4871);
#4343=LINE('',#7702,#4872);
#4344=LINE('',#7705,#4873);
#4345=LINE('',#7707,#4874);
#4346=LINE('',#7709,#4875);
#4347=LINE('',#7711,#4876);
#4348=LINE('',#7715,#4877);
#4349=LINE('',#7716,#4878);
#4350=LINE('',#7718,#4879);
#4351=LINE('',#7724,#4880);
#4352=LINE('',#7727,#4881);
#4353=LINE('',#7729,#4882);
#4354=LINE('',#7731,#4883);
#4355=LINE('',#7733,#4884);
#4356=LINE('',#7737,#4885);
#4357=LINE('',#7738,#4886);
#4358=LINE('',#7740,#4887);
#4359=LINE('',#7746,#4888);
#4360=LINE('',#7747,#4889);
#4361=LINE('',#7749,#4890);
#4362=LINE('',#7751,#4891);
#4363=LINE('',#7753,#4892);
#4364=LINE('',#7755,#4893);
#4365=LINE('',#7757,#4894);
#4366=LINE('',#7759,#4895);
#4367=LINE('',#7761,#4896);
#4368=LINE('',#7763,#4897);
#4369=LINE('',#7765,#4898);
#4370=LINE('',#7767,#4899);
#4371=LINE('',#7769,#4900);
#4372=LINE('',#7771,#4901);
#4373=LINE('',#7773,#4902);
#4374=LINE('',#7775,#4903);
#4375=LINE('',#7777,#4904);
#4376=LINE('',#7779,#4905);
#4377=LINE('',#7781,#4906);
#4378=LINE('',#7783,#4907);
#4379=LINE('',#7785,#4908);
#4380=LINE('',#7786,#4909);
#4381=LINE('',#7788,#4910);
#4382=LINE('',#7792,#4911);
#4383=LINE('',#7796,#4912);
#4384=LINE('',#7799,#4913);
#4385=LINE('',#7800,#4914);
#4386=LINE('',#7802,#4915);
#4387=LINE('',#7804,#4916);
#4388=LINE('',#7805,#4917);
#4389=LINE('',#7807,#4918);
#4390=LINE('',#7809,#4919);
#4391=LINE('',#7810,#4920);
#4392=LINE('',#7812,#4921);
#4393=LINE('',#7814,#4922);
#4394=LINE('',#7816,#4923);
#4395=LINE('',#7818,#4924);
#4396=LINE('',#7819,#4925);
#4397=LINE('',#7827,#4926);
#4398=LINE('',#7829,#4927);
#4399=LINE('',#7834,#4928);
#4400=LINE('',#7836,#4929);
#4401=LINE('',#7839,#4930);
#4402=LINE('',#7841,#4931);
#4403=LINE('',#7844,#4932);
#4404=LINE('',#7846,#4933);
#4405=LINE('',#7849,#4934);
#4406=LINE('',#7852,#4935);
#4407=LINE('',#7859,#4936);
#4408=LINE('',#7861,#4937);
#4409=LINE('',#7862,#4938);
#4410=LINE('',#7864,#4939);
#4411=LINE('',#7866,#4940);
#4412=LINE('',#7868,#4941);
#4413=LINE('',#7872,#4942);
#4414=LINE('',#7874,#4943);
#4415=LINE('',#7876,#4944);
#4416=LINE('',#7881,#4945);
#4417=LINE('',#7883,#4946);
#4418=LINE('',#7887,#4947);
#4419=LINE('',#7889,#4948);
#4420=LINE('',#7893,#4949);
#4421=LINE('',#7895,#4950);
#4422=LINE('',#7898,#4951);
#4423=LINE('',#7900,#4952);
#4424=LINE('',#7903,#4953);
#4425=LINE('',#7905,#4954);
#4426=LINE('',#7908,#4955);
#4427=LINE('',#7910,#4956);
#4428=LINE('',#7914,#4957);
#4429=LINE('',#7920,#4958);
#4430=LINE('',#7924,#4959);
#4431=LINE('',#7930,#4960);
#4432=LINE('',#7934,#4961);
#4433=LINE('',#7938,#4962);
#4434=LINE('',#7940,#4963);
#4435=LINE('',#7945,#4964);
#4436=LINE('',#7949,#4965);
#4437=LINE('',#7953,#4966);
#4438=LINE('',#7961,#4967);
#4439=LINE('',#7963,#4968);
#4440=LINE('',#7965,#4969);
#4441=LINE('',#7970,#4970);
#4442=LINE('',#7974,#4971);
#4443=LINE('',#7980,#4972);
#4444=LINE('',#7986,#4973);
#4445=LINE('',#7988,#4974);
#4446=LINE('',#7990,#4975);
#4447=LINE('',#7995,#4976);
#4448=LINE('',#7999,#4977);
#4449=LINE('',#8003,#4978);
#4450=LINE('',#8011,#4979);
#4451=LINE('',#8013,#4980);
#4452=LINE('',#8015,#4981);
#4453=LINE('',#8017,#4982);
#4454=LINE('',#8022,#4983);
#4455=LINE('',#8026,#4984);
#4456=LINE('',#8028,#4985);
#4457=LINE('',#8030,#4986);
#4458=LINE('',#8032,#4987);
#4459=LINE('',#8035,#4988);
#4460=LINE('',#8037,#4989);
#4461=LINE('',#8039,#4990);
#4462=LINE('',#8043,#4991);
#4463=LINE('',#8047,#4992);
#4464=LINE('',#8048,#4993);
#4465=LINE('',#8075,#4994);
#4466=LINE('',#8101,#4995);
#4467=LINE('',#8134,#4996);
#4468=LINE('',#8160,#4997);
#4469=LINE('',#8162,#4998);
#4470=LINE('',#8187,#4999);
#4471=LINE('',#8211,#5001);
#4472=LINE('',#8213,#5002);
#4473=LINE('',#8238,#5003);
#4474=LINE('',#8262,#5005);
#4475=LINE('',#8264,#5006);
#4476=LINE('',#8289,#5007);
#4477=LINE('',#8313,#5009);
#4478=LINE('',#8315,#5010);
#4479=LINE('',#8343,#5011);
#4480=LINE('',#8374,#5013);
#4481=LINE('',#8376,#5014);
#4482=LINE('',#8381,#5015);
#4483=LINE('',#8385,#5016);
#4484=LINE('',#8389,#5017);
#4485=LINE('',#8410,#5018);
#4486=LINE('',#8429,#5019);
#4487=LINE('',#8448,#5020);
#4488=LINE('',#8467,#5021);
#4489=LINE('',#8475,#5022);
#4490=LINE('',#8478,#5023);
#4491=LINE('',#8479,#5024);
#4492=LINE('',#8480,#5025);
#4493=LINE('',#8481,#5026);
#4494=LINE('',#8493,#5027);
#4495=LINE('',#8494,#5028);
#4496=LINE('',#8496,#5029);
#4497=LINE('',#8498,#5030);
#4498=LINE('',#8501,#5031);
#4499=LINE('',#8502,#5032);
#4500=LINE('',#8506,#5033);
#4501=LINE('',#8508,#5034);
#4502=LINE('',#8512,#5035);
#4503=LINE('',#8514,#5036);
#4504=LINE('',#8516,#5037);
#4505=LINE('',#8518,#5038);
#4506=LINE('',#8522,#5039);
#4507=LINE('',#8524,#5040);
#4508=LINE('',#8526,#5041);
#4509=LINE('',#8530,#5042);
#4510=LINE('',#8532,#5043);
#4511=LINE('',#8533,#5044);
#4512=LINE('',#8538,#5045);
#4513=LINE('',#8542,#5046);
#4514=LINE('',#8546,#5047);
#4515=LINE('',#8558,#5048);
#4516=LINE('',#8565,#5049);
#4517=LINE('',#8572,#5050);
#4518=LINE('',#8579,#5051);
#4519=LINE('',#8581,#5052);
#4520=LINE('',#8587,#5053);
#4521=LINE('',#8594,#5054);
#4522=LINE('',#8601,#5055);
#4523=LINE('',#8837,#5056);
#4524=LINE('',#8841,#5057);
#4525=LINE('',#8843,#5058);
#4526=VECTOR('',#5476,1.);
#4527=VECTOR('',#5477,1.);
#4528=VECTOR('',#5478,1.);
#4529=VECTOR('',#5479,1.);
#4530=VECTOR('',#5484,1.);
#4531=VECTOR('',#5489,1.);
#4532=VECTOR('',#5490,1.);
#4533=VECTOR('',#5491,1.);
#4534=VECTOR('',#5496,1.);
#4535=VECTOR('',#5501,1.);
#4536=VECTOR('',#5502,1.);
#4537=VECTOR('',#5503,1.);
#4538=VECTOR('',#5508,1.);
#4539=VECTOR('',#5513,1.);
#4540=VECTOR('',#5514,1.);
#4541=VECTOR('',#5515,1.);
#4542=VECTOR('',#5524,1.);
#4543=VECTOR('',#5527,1.);
#4544=VECTOR('',#5530,1.);
#4545=VECTOR('',#5533,1.);
#4546=VECTOR('',#5540,1.);
#4547=VECTOR('',#5543,1.);
#4548=VECTOR('',#5548,1.);
#4549=VECTOR('',#5551,1.);
#4550=VECTOR('',#5556,1.);
#4551=VECTOR('',#5559,1.);
#4552=VECTOR('',#5562,1.);
#4553=VECTOR('',#5563,1.);
#4554=VECTOR('',#5564,1.);
#4555=VECTOR('',#5565,1.);
#4556=VECTOR('',#5566,1.);
#4557=VECTOR('',#5567,1.);
#4558=VECTOR('',#5568,1.);
#4559=VECTOR('',#5569,1.);
#4560=VECTOR('',#5570,1.);
#4561=VECTOR('',#5571,1.);
#4562=VECTOR('',#5574,1.);
#4563=VECTOR('',#5575,1.);
#4564=VECTOR('',#5580,1.);
#4565=VECTOR('',#5581,1.);
#4566=VECTOR('',#5584,1.);
#4567=VECTOR('',#5585,1.);
#4568=VECTOR('',#5586,1.);
#4569=VECTOR('',#5587,1.);
#4570=VECTOR('',#5588,1.);
#4571=VECTOR('',#5589,1.);
#4572=VECTOR('',#5590,1.);
#4573=VECTOR('',#5591,1.);
#4574=VECTOR('',#5592,1.);
#4575=VECTOR('',#5593,1.);
#4576=VECTOR('',#5594,1.);
#4577=VECTOR('',#5595,1.);
#4578=VECTOR('',#5598,1.);
#4579=VECTOR('',#5599,1.);
#4580=VECTOR('',#5600,1.);
#4581=VECTOR('',#5601,1.);
#4582=VECTOR('',#5604,1.);
#4583=VECTOR('',#5605,1.);
#4584=VECTOR('',#5606,1.);
#4585=VECTOR('',#5609,1.);
#4586=VECTOR('',#5610,1.);
#4587=VECTOR('',#5611,1.);
#4588=VECTOR('',#5612,1.);
#4589=VECTOR('',#5615,1.);
#4590=VECTOR('',#5616,1.);
#4591=VECTOR('',#5617,1.);
#4592=VECTOR('',#5620,1.);
#4593=VECTOR('',#5627,1.);
#4594=VECTOR('',#5628,1.);
#4595=VECTOR('',#5629,1.);
#4596=VECTOR('',#5638,1.);
#4597=VECTOR('',#5645,1.);
#4598=VECTOR('',#5648,1.);
#4599=VECTOR('',#5649,1.);
#4600=VECTOR('',#5652,1.);
#4601=VECTOR('',#5657,1.);
#4602=VECTOR('',#5658,1.);
#4603=VECTOR('',#5659,1.);
#4604=VECTOR('',#5678,1.);
#4605=VECTOR('',#5681,1.);
#4606=VECTOR('',#5686,1.);
#4607=VECTOR('',#5687,1.);
#4608=VECTOR('',#5688,1.);
#4609=VECTOR('',#5693,1.);
#4610=VECTOR('',#5698,1.);
#4611=VECTOR('',#5699,1.);
#4612=VECTOR('',#5700,1.);
#4613=VECTOR('',#5703,1.);
#4614=VECTOR('',#5704,1.);
#4615=VECTOR('',#5705,1.);
#4616=VECTOR('',#5708,1.);
#4617=VECTOR('',#5709,1.);
#4618=VECTOR('',#5710,1.);
#4619=VECTOR('',#5711,1.);
#4620=VECTOR('',#5714,1.);
#4621=VECTOR('',#5715,1.);
#4622=VECTOR('',#5720,1.);
#4623=VECTOR('',#5725,1.);
#4624=VECTOR('',#5726,1.);
#4625=VECTOR('',#5727,1.);
#4626=VECTOR('',#5732,1.);
#4627=VECTOR('',#5737,1.);
#4628=VECTOR('',#5738,1.);
#4629=VECTOR('',#5739,1.);
#4630=VECTOR('',#5758,1.);
#4631=VECTOR('',#5759,1.);
#4632=VECTOR('',#5760,1.);
#4633=VECTOR('',#5761,1.);
#4634=VECTOR('',#5762,1.);
#4635=VECTOR('',#5763,1.);
#4636=VECTOR('',#5764,1.);
#4637=VECTOR('',#5765,1.);
#4638=VECTOR('',#5766,1.);
#4639=VECTOR('',#5767,1.);
#4640=VECTOR('',#5770,1.);
#4641=VECTOR('',#5771,1.);
#4642=VECTOR('',#5772,1.);
#4643=VECTOR('',#5773,1.);
#4644=VECTOR('',#5774,1.);
#4645=VECTOR('',#5775,1.);
#4646=VECTOR('',#5776,1.);
#4647=VECTOR('',#5777,1.);
#4648=VECTOR('',#5778,1.);
#4649=VECTOR('',#5781,1.);
#4650=VECTOR('',#5782,1.);
#4651=VECTOR('',#5783,1.);
#4652=VECTOR('',#5784,1.);
#4653=VECTOR('',#5785,1.);
#4654=VECTOR('',#5786,1.);
#4655=VECTOR('',#5787,1.);
#4656=VECTOR('',#5790,1.);
#4657=VECTOR('',#5791,1.);
#4658=VECTOR('',#5792,1.);
#4659=VECTOR('',#5793,1.);
#4660=VECTOR('',#5794,1.);
#4661=VECTOR('',#5795,1.);
#4662=VECTOR('',#5796,1.);
#4663=VECTOR('',#5797,1.);
#4664=VECTOR('',#5800,1.);
#4665=VECTOR('',#5801,1.);
#4666=VECTOR('',#5804,1.);
#4667=VECTOR('',#5807,1.);
#4668=VECTOR('',#5810,1.);
#4669=VECTOR('',#5811,1.);
#4670=VECTOR('',#5812,1.);
#4671=VECTOR('',#5813,1.);
#4672=VECTOR('',#5814,1.);
#4673=VECTOR('',#5817,1.);
#4674=VECTOR('',#5822,1.);
#4675=VECTOR('',#5823,1.);
#4676=VECTOR('',#5824,1.);
#4677=VECTOR('',#5827,1.);
#4678=VECTOR('',#5830,1.);
#4679=VECTOR('',#5831,1.);
#4680=VECTOR('',#5832,1.);
#4681=VECTOR('',#5835,1.);
#4682=VECTOR('',#5838,1.);
#4683=VECTOR('',#5839,1.);
#4684=VECTOR('',#5842,1.);
#4685=VECTOR('',#5843,1.);
#4686=VECTOR('',#5844,1.);
#4687=VECTOR('',#5845,1.);
#4688=VECTOR('',#5846,1.);
#4689=VECTOR('',#5847,1.);
#4690=VECTOR('',#5848,1.);
#4691=VECTOR('',#5849,1.);
#4692=VECTOR('',#5850,1.);
#4693=VECTOR('',#5853,1.);
#4694=VECTOR('',#5854,1.);
#4695=VECTOR('',#5855,1.);
#4696=VECTOR('',#5856,1.);
#4697=VECTOR('',#5857,1.);
#4698=VECTOR('',#5858,1.);
#4699=VECTOR('',#5859,1.);
#4700=VECTOR('',#5860,1.);
#4701=VECTOR('',#5863,1.);
#4702=VECTOR('',#5864,1.);
#4703=VECTOR('',#5865,1.);
#4704=VECTOR('',#5866,1.);
#4705=VECTOR('',#5867,1.);
#4706=VECTOR('',#5868,1.);
#4707=VECTOR('',#5869,1.);
#4708=VECTOR('',#5872,1.);
#4709=VECTOR('',#5873,1.);
#4710=VECTOR('',#5874,1.);
#4711=VECTOR('',#5875,1.);
#4712=VECTOR('',#5876,1.);
#4713=VECTOR('',#5877,1.);
#4714=VECTOR('',#5878,1.);
#4715=VECTOR('',#5879,1.);
#4716=VECTOR('',#5880,1.);
#4717=VECTOR('',#5881,1.);
#4718=VECTOR('',#5882,1.);
#4719=VECTOR('',#5883,1.);
#4720=VECTOR('',#5884,1.);
#4721=VECTOR('',#5885,1.);
#4722=VECTOR('',#5886,1.);
#4723=VECTOR('',#5887,1.);
#4724=VECTOR('',#5888,1.);
#4725=VECTOR('',#5891,1.);
#4726=VECTOR('',#5892,1.);
#4727=VECTOR('',#5895,1.);
#4728=VECTOR('',#5902,1.);
#4729=VECTOR('',#5905,1.);
#4730=VECTOR('',#5906,1.);
#4731=VECTOR('',#5911,1.);
#4732=VECTOR('',#5918,1.);
#4733=VECTOR('',#5921,1.);
#4734=VECTOR('',#5922,1.);
#4735=VECTOR('',#5927,1.);
#4736=VECTOR('',#5928,1.);
#4737=VECTOR('',#5935,1.);
#4738=VECTOR('',#5938,1.);
#4739=VECTOR('',#5939,1.);
#4740=VECTOR('',#5940,1.);
#4741=VECTOR('',#5941,1.);
#4742=VECTOR('',#5942,1.);
#4743=VECTOR('',#5943,1.);
#4744=VECTOR('',#5944,1.);
#4745=VECTOR('',#5945,1.);
#4746=VECTOR('',#5948,1.);
#4747=VECTOR('',#5949,1.);
#4748=VECTOR('',#5950,1.);
#4749=VECTOR('',#5953,1.);
#4750=VECTOR('',#5954,1.);
#4751=VECTOR('',#5955,1.);
#4752=VECTOR('',#5956,1.);
#4753=VECTOR('',#5957,1.);
#4754=VECTOR('',#5958,1.);
#4755=VECTOR('',#5959,1.);
#4756=VECTOR('',#5962,1.);
#4757=VECTOR('',#5967,1.);
#4758=VECTOR('',#5968,1.);
#4759=VECTOR('',#5969,1.);
#4760=VECTOR('',#5972,1.);
#4761=VECTOR('',#5973,1.);
#4762=VECTOR('',#5976,1.);
#4763=VECTOR('',#5977,1.);
#4764=VECTOR('',#5978,1.);
#4765=VECTOR('',#5983,1.);
#4766=VECTOR('',#5986,1.);
#4767=VECTOR('',#5989,1.);
#4768=VECTOR('',#5992,1.);
#4769=VECTOR('',#5995,1.);
#4770=VECTOR('',#5998,1.);
#4771=VECTOR('',#6001,1.);
#4772=VECTOR('',#6004,1.);
#4773=VECTOR('',#6005,1.);
#4774=VECTOR('',#6006,1.);
#4775=VECTOR('',#6007,1.);
#4776=VECTOR('',#6010,1.);
#4777=VECTOR('',#6013,1.);
#4778=VECTOR('',#6016,1.);
#4779=VECTOR('',#6017,1.);
#4780=VECTOR('',#6018,1.);
#4781=VECTOR('',#6019,1.);
#4782=VECTOR('',#6020,1.);
#4783=VECTOR('',#6021,1.);
#4784=VECTOR('',#6022,1.);
#4785=VECTOR('',#6023,1.);
#4786=VECTOR('',#6024,1.);
#4787=VECTOR('',#6025,1.);
#4788=VECTOR('',#6026,1.);
#4789=VECTOR('',#6027,1.);
#4790=VECTOR('',#6028,1.);
#4791=VECTOR('',#6029,1.);
#4792=VECTOR('',#6032,1.);
#4793=VECTOR('',#6033,1.);
#4794=VECTOR('',#6034,1.);
#4795=VECTOR('',#6035,1.);
#4796=VECTOR('',#6036,1.);
#4797=VECTOR('',#6037,1.);
#4798=VECTOR('',#6038,1.);
#4799=VECTOR('',#6039,1.);
#4800=VECTOR('',#6040,1.);
#4801=VECTOR('',#6041,1.);
#4802=VECTOR('',#6042,1.);
#4803=VECTOR('',#6043,1.);
#4804=VECTOR('',#6044,1.);
#4805=VECTOR('',#6045,1.);
#4806=VECTOR('',#6048,1.);
#4807=VECTOR('',#6049,1.);
#4808=VECTOR('',#6050,1.);
#4809=VECTOR('',#6051,1.);
#4810=VECTOR('',#6052,1.);
#4811=VECTOR('',#6055,1.);
#4812=VECTOR('',#6056,1.);
#4813=VECTOR('',#6061,1.);
#4814=VECTOR('',#6064,1.);
#4815=VECTOR('',#6065,1.);
#4816=VECTOR('',#6070,1.);
#4817=VECTOR('',#6075,1.);
#4818=VECTOR('',#6076,1.);
#4819=VECTOR('',#6081,1.);
#4820=VECTOR('',#6082,1.);
#4821=VECTOR('',#6083,1.);
#4822=VECTOR('',#6084,1.);
#4823=VECTOR('',#6087,1.);
#4824=VECTOR('',#6090,1.);
#4825=VECTOR('',#6093,1.);
#4826=VECTOR('',#6094,1.);
#4827=VECTOR('',#6097,1.);
#4828=VECTOR('',#6098,1.);
#4829=VECTOR('',#6099,1.);
#4830=VECTOR('',#6102,1.);
#4831=VECTOR('',#6103,1.);
#4832=VECTOR('',#6104,1.);
#4833=VECTOR('',#6105,1.);
#4834=VECTOR('',#6106,1.);
#4835=VECTOR('',#6107,1.);
#4836=VECTOR('',#6108,1.);
#4837=VECTOR('',#6109,1.);
#4838=VECTOR('',#6110,1.);
#4839=VECTOR('',#6111,1.);
#4840=VECTOR('',#6116,1.);
#4841=VECTOR('',#6117,1.);
#4842=VECTOR('',#6118,1.);
#4843=VECTOR('',#6121,1.);
#4844=VECTOR('',#6122,1.);
#4845=VECTOR('',#6123,1.);
#4846=VECTOR('',#6124,1.);
#4847=VECTOR('',#6129,1.);
#4848=VECTOR('',#6130,1.);
#4849=VECTOR('',#6131,1.);
#4850=VECTOR('',#6136,1.);
#4851=VECTOR('',#6137,1.);
#4852=VECTOR('',#6138,1.);
#4853=VECTOR('',#6139,1.);
#4854=VECTOR('',#6142,1.);
#4855=VECTOR('',#6145,1.);
#4856=VECTOR('',#6146,1.);
#4857=VECTOR('',#6149,1.);
#4858=VECTOR('',#6156,1.);
#4859=VECTOR('',#6159,1.);
#4860=VECTOR('',#6164,1.);
#4861=VECTOR('',#6169,1.);
#4862=VECTOR('',#6170,1.);
#4863=VECTOR('',#6171,1.);
#4864=VECTOR('',#6172,1.);
#4865=VECTOR('',#6175,1.);
#4866=VECTOR('',#6178,1.);
#4867=VECTOR('',#6179,1.);
#4868=VECTOR('',#6184,1.);
#4869=VECTOR('',#6189,1.);
#4870=VECTOR('',#6192,1.);
#4871=VECTOR('',#6193,1.);
#4872=VECTOR('',#6196,1.);
#4873=VECTOR('',#6197,1.);
#4874=VECTOR('',#6198,1.);
#4875=VECTOR('',#6199,1.);
#4876=VECTOR('',#6200,1.);
#4877=VECTOR('',#6205,1.);
#4878=VECTOR('',#6206,1.);
#4879=VECTOR('',#6209,1.);
#4880=VECTOR('',#6220,1.);
#4881=VECTOR('',#6221,1.);
#4882=VECTOR('',#6222,1.);
#4883=VECTOR('',#6223,1.);
#4884=VECTOR('',#6224,1.);
#4885=VECTOR('',#6229,1.);
#4886=VECTOR('',#6230,1.);
#4887=VECTOR('',#6233,1.);
#4888=VECTOR('',#6244,1.);
#4889=VECTOR('',#6245,1.);
#4890=VECTOR('',#6248,1.);
#4891=VECTOR('',#6251,1.);
#4892=VECTOR('',#6252,1.);
#4893=VECTOR('',#6253,1.);
#4894=VECTOR('',#6256,1.);
#4895=VECTOR('',#6257,1.);
#4896=VECTOR('',#6258,1.);
#4897=VECTOR('',#6259,1.);
#4898=VECTOR('',#6260,1.);
#4899=VECTOR('',#6261,1.);
#4900=VECTOR('',#6262,1.);
#4901=VECTOR('',#6263,1.);
#4902=VECTOR('',#6264,1.);
#4903=VECTOR('',#6265,1.);
#4904=VECTOR('',#6266,1.);
#4905=VECTOR('',#6267,1.);
#4906=VECTOR('',#6268,1.);
#4907=VECTOR('',#6269,1.);
#4908=VECTOR('',#6270,1.);
#4909=VECTOR('',#6271,1.);
#4910=VECTOR('',#6274,1.);
#4911=VECTOR('',#6279,1.);
#4912=VECTOR('',#6284,1.);
#4913=VECTOR('',#6289,1.);
#4914=VECTOR('',#6290,1.);
#4915=VECTOR('',#6291,1.);
#4916=VECTOR('',#6292,1.);
#4917=VECTOR('',#6293,1.);
#4918=VECTOR('',#6294,1.);
#4919=VECTOR('',#6295,1.);
#4920=VECTOR('',#6296,1.);
#4921=VECTOR('',#6297,1.);
#4922=VECTOR('',#6298,1.);
#4923=VECTOR('',#6301,1.);
#4924=VECTOR('',#6302,1.);
#4925=VECTOR('',#6303,1.);
#4926=VECTOR('',#6310,1.);
#4927=VECTOR('',#6311,1.);
#4928=VECTOR('',#6320,1.);
#4929=VECTOR('',#6323,1.);
#4930=VECTOR('',#6328,1.);
#4931=VECTOR('',#6331,1.);
#4932=VECTOR('',#6336,1.);
#4933=VECTOR('',#6339,1.);
#4934=VECTOR('',#6344,1.);
#4935=VECTOR('',#6349,1.);
#4936=VECTOR('',#6352,1.);
#4937=VECTOR('',#6355,1.);
#4938=VECTOR('',#6356,1.);
#4939=VECTOR('',#6359,1.);
#4940=VECTOR('',#6362,1.);
#4941=VECTOR('',#6365,1.);
#4942=VECTOR('',#6368,1.);
#4943=VECTOR('',#6371,1.);
#4944=VECTOR('',#6374,1.);
#4945=VECTOR('',#6383,1.);
#4946=VECTOR('',#6386,1.);
#4947=VECTOR('',#6393,1.);
#4948=VECTOR('',#6394,1.);
#4949=VECTOR('',#6399,1.);
#4950=VECTOR('',#6402,1.);
#4951=VECTOR('',#6407,1.);
#4952=VECTOR('',#6410,1.);
#4953=VECTOR('',#6415,1.);
#4954=VECTOR('',#6418,1.);
#4955=VECTOR('',#6423,1.);
#4956=VECTOR('',#6426,1.);
#4957=VECTOR('',#6433,1.);
#4958=VECTOR('',#6440,1.);
#4959=VECTOR('',#6443,1.);
#4960=VECTOR('',#6450,1.);
#4961=VECTOR('',#6455,1.);
#4962=VECTOR('',#6460,1.);
#4963=VECTOR('',#6461,1.);
#4964=VECTOR('',#6466,1.);
#4965=VECTOR('',#6469,1.);
#4966=VECTOR('',#6474,1.);
#4967=VECTOR('',#6483,1.);
#4968=VECTOR('',#6486,1.);
#4969=VECTOR('',#6487,1.);
#4970=VECTOR('',#6492,1.);
#4971=VECTOR('',#6495,1.);
#4972=VECTOR('',#6502,1.);
#4973=VECTOR('',#6509,1.);
#4974=VECTOR('',#6512,1.);
#4975=VECTOR('',#6513,1.);
#4976=VECTOR('',#6518,1.);
#4977=VECTOR('',#6521,1.);
#4978=VECTOR('',#6526,1.);
#4979=VECTOR('',#6535,1.);
#4980=VECTOR('',#6538,1.);
#4981=VECTOR('',#6539,1.);
#4982=VECTOR('',#6542,1.);
#4983=VECTOR('',#6545,1.);
#4984=VECTOR('',#6550,1.);
#4985=VECTOR('',#6551,1.);
#4986=VECTOR('',#6552,1.);
#4987=VECTOR('',#6555,1.);
#4988=VECTOR('',#6556,1.);
#4989=VECTOR('',#6557,1.);
#4990=VECTOR('',#6558,1.);
#4991=VECTOR('',#6563,1.);
#4992=VECTOR('',#6568,1.);
#4993=VECTOR('',#6569,1.);
#4994=VECTOR('',#6572,1.);
#4995=VECTOR('',#6573,1.);
#4996=VECTOR('',#6574,1.);
#4997=VECTOR('',#6575,1.);
#4998=VECTOR('',#6578,1.);
#4999=VECTOR('',#6579,1.);
#5000=VECTOR('',#6580,1.);
#5001=VECTOR('',#6581,1.);
#5002=VECTOR('',#6582,1.);
#5003=VECTOR('',#6585,1.);
#5004=VECTOR('',#6586,1.);
#5005=VECTOR('',#6587,1.);
#5006=VECTOR('',#6588,1.);
#5007=VECTOR('',#6591,1.);
#5008=VECTOR('',#6592,1.);
#5009=VECTOR('',#6593,1.);
#5010=VECTOR('',#6594,1.);
#5011=VECTOR('',#6597,1.);
#5012=VECTOR('',#6598,1.);
#5013=VECTOR('',#6599,1.);
#5014=VECTOR('',#6602,1.);
#5015=VECTOR('',#6605,1.);
#5016=VECTOR('',#6608,1.);
#5017=VECTOR('',#6611,1.);
#5018=VECTOR('',#6614,1.);
#5019=VECTOR('',#6615,1.);
#5020=VECTOR('',#6616,1.);
#5021=VECTOR('',#6617,1.);
#5022=VECTOR('',#6630,1.);
#5023=VECTOR('',#6633,1.);
#5024=VECTOR('',#6634,1.);
#5025=VECTOR('',#6635,1.);
#5026=VECTOR('',#6636,1.);
#5027=VECTOR('',#6659,1.);
#5028=VECTOR('',#6660,1.);
#5029=VECTOR('',#6663,1.);
#5030=VECTOR('',#6666,1.);
#5031=VECTOR('',#6671,1.);
#5032=VECTOR('',#6672,1.);
#5033=VECTOR('',#6675,1.);
#5034=VECTOR('',#6678,1.);
#5035=VECTOR('',#6681,1.);
#5036=VECTOR('',#6684,1.);
#5037=VECTOR('',#6687,1.);
#5038=VECTOR('',#6688,1.);
#5039=VECTOR('',#6693,1.);
#5040=VECTOR('',#6696,1.);
#5041=VECTOR('',#6697,1.);
#5042=VECTOR('',#6702,1.);
#5043=VECTOR('',#6705,1.);
#5044=VECTOR('',#6706,1.);
#5045=VECTOR('',#6709,1.);
#5046=VECTOR('',#6712,1.);
#5047=VECTOR('',#6715,1.);
#5048=VECTOR('',#6724,1.);
#5049=VECTOR('',#6725,1.);
#5050=VECTOR('',#6726,1.);
#5051=VECTOR('',#6727,1.);
#5052=VECTOR('',#6730,1.);
#5053=VECTOR('',#6733,1.);
#5054=VECTOR('',#6738,1.);
#5055=VECTOR('',#6743,1.);
#5056=VECTOR('',#6760,1.);
#5057=VECTOR('',#6765,1.);
#5058=VECTOR('',#6766,1.);
#5059=AXIS2_PLACEMENT_3D('',#6837,#5474,#5475);
#5060=AXIS2_PLACEMENT_3D('',#6846,#5480,#5481);
#5061=AXIS2_PLACEMENT_3D('',#6847,#5482,#5483);
#5062=AXIS2_PLACEMENT_3D('',#6851,#5485,#5486);
#5063=AXIS2_PLACEMENT_3D('',#6852,#5487,#5488);
#5064=AXIS2_PLACEMENT_3D('',#6858,#5492,#5493);
#5065=AXIS2_PLACEMENT_3D('',#6859,#5494,#5495);
#5066=AXIS2_PLACEMENT_3D('',#6863,#5497,#5498);
#5067=AXIS2_PLACEMENT_3D('',#6864,#5499,#5500);
#5068=AXIS2_PLACEMENT_3D('',#6870,#5504,#5505);
#5069=AXIS2_PLACEMENT_3D('',#6871,#5506,#5507);
#5070=AXIS2_PLACEMENT_3D('',#6875,#5509,#5510);
#5071=AXIS2_PLACEMENT_3D('',#6876,#5511,#5512);
#5072=AXIS2_PLACEMENT_3D('',#6882,#5516,#5517);
#5073=AXIS2_PLACEMENT_3D('',#6883,#5518,#5519);
#5074=AXIS2_PLACEMENT_3D('',#6884,#5520,#5521);
#5075=AXIS2_PLACEMENT_3D('',#6885,#5522,#5523);
#5076=AXIS2_PLACEMENT_3D('',#6889,#5525,#5526);
#5077=AXIS2_PLACEMENT_3D('',#6893,#5528,#5529);
#5078=AXIS2_PLACEMENT_3D('',#6897,#5531,#5532);
#5079=AXIS2_PLACEMENT_3D('',#6901,#5534,#5535);
#5080=AXIS2_PLACEMENT_3D('',#6902,#5536,#5537);
#5081=AXIS2_PLACEMENT_3D('',#6903,#5538,#5539);
#5082=AXIS2_PLACEMENT_3D('',#6908,#5541,#5542);
#5083=AXIS2_PLACEMENT_3D('',#6911,#5544,#5545);
#5084=AXIS2_PLACEMENT_3D('',#6912,#5546,#5547);
#5085=AXIS2_PLACEMENT_3D('',#6917,#5549,#5550);
#5086=AXIS2_PLACEMENT_3D('',#6920,#5552,#5553);
#5087=AXIS2_PLACEMENT_3D('',#6921,#5554,#5555);
#5088=AXIS2_PLACEMENT_3D('',#6926,#5557,#5558);
#5089=AXIS2_PLACEMENT_3D('',#6929,#5560,#5561);
#5090=AXIS2_PLACEMENT_3D('',#6948,#5572,#5573);
#5091=AXIS2_PLACEMENT_3D('',#6953,#5576,#5577);
#5092=AXIS2_PLACEMENT_3D('',#6954,#5578,#5579);
#5093=AXIS2_PLACEMENT_3D('',#6959,#5582,#5583);
#5094=AXIS2_PLACEMENT_3D('',#6980,#5596,#5597);
#5095=AXIS2_PLACEMENT_3D('',#6989,#5602,#5603);
#5096=AXIS2_PLACEMENT_3D('',#6995,#5607,#5608);
#5097=AXIS2_PLACEMENT_3D('',#7004,#5613,#5614);
#5098=AXIS2_PLACEMENT_3D('',#7010,#5618,#5619);
#5099=AXIS2_PLACEMENT_3D('',#7014,#5621,#5622);
#5100=AXIS2_PLACEMENT_3D('',#7015,#5623,#5624);
#5101=AXIS2_PLACEMENT_3D('',#7016,#5625,#5626);
#5102=AXIS2_PLACEMENT_3D('',#7022,#5630,#5631);
#5103=AXIS2_PLACEMENT_3D('',#7023,#5632,#5633);
#5104=AXIS2_PLACEMENT_3D('',#7024,#5634,#5635);
#5105=AXIS2_PLACEMENT_3D('',#7025,#5636,#5637);
#5106=AXIS2_PLACEMENT_3D('',#7029,#5639,#5640);
#5107=AXIS2_PLACEMENT_3D('',#7030,#5641,#5642);
#5108=AXIS2_PLACEMENT_3D('',#7031,#5643,#5644);
#5109=AXIS2_PLACEMENT_3D('',#7035,#5646,#5647);
#5110=AXIS2_PLACEMENT_3D('',#7039,#5650,#5651);
#5111=AXIS2_PLACEMENT_3D('',#7042,#5653,#5654);
#5112=AXIS2_PLACEMENT_3D('',#7043,#5655,#5656);
#5113=AXIS2_PLACEMENT_3D('',#7049,#5660,#5661);
#5114=AXIS2_PLACEMENT_3D('',#7050,#5662,#5663);
#5115=AXIS2_PLACEMENT_3D('',#7051,#5664,#5665);
#5116=AXIS2_PLACEMENT_3D('',#7052,#5666,#5667);
#5117=AXIS2_PLACEMENT_3D('',#7053,#5668,#5669);
#5118=AXIS2_PLACEMENT_3D('',#7054,#5670,#5671);
#5119=AXIS2_PLACEMENT_3D('',#7055,#5672,#5673);
#5120=AXIS2_PLACEMENT_3D('',#7056,#5674,#5675);
#5121=AXIS2_PLACEMENT_3D('',#7057,#5676,#5677);
#5122=AXIS2_PLACEMENT_3D('',#7061,#5679,#5680);
#5123=AXIS2_PLACEMENT_3D('',#7065,#5682,#5683);
#5124=AXIS2_PLACEMENT_3D('',#7066,#5684,#5685);
#5125=AXIS2_PLACEMENT_3D('',#7072,#5689,#5690);
#5126=AXIS2_PLACEMENT_3D('',#7073,#5691,#5692);
#5127=AXIS2_PLACEMENT_3D('',#7077,#5694,#5695);
#5128=AXIS2_PLACEMENT_3D('',#7078,#5696,#5697);
#5129=AXIS2_PLACEMENT_3D('',#7084,#5701,#5702);
#5130=AXIS2_PLACEMENT_3D('',#7090,#5706,#5707);
#5131=AXIS2_PLACEMENT_3D('',#7099,#5712,#5713);
#5132=AXIS2_PLACEMENT_3D('',#7102,#5716,#5717);
#5133=AXIS2_PLACEMENT_3D('',#7103,#5718,#5719);
#5134=AXIS2_PLACEMENT_3D('',#7107,#5721,#5722);
#5135=AXIS2_PLACEMENT_3D('',#7108,#5723,#5724);
#5136=AXIS2_PLACEMENT_3D('',#7115,#5728,#5729);
#5137=AXIS2_PLACEMENT_3D('',#7116,#5730,#5731);
#5138=AXIS2_PLACEMENT_3D('',#7119,#5733,#5734);
#5139=AXIS2_PLACEMENT_3D('',#7120,#5735,#5736);
#5140=AXIS2_PLACEMENT_3D('',#7126,#5740,#5741);
#5141=AXIS2_PLACEMENT_3D('',#7127,#5742,#5743);
#5142=AXIS2_PLACEMENT_3D('',#7128,#5744,#5745);
#5143=AXIS2_PLACEMENT_3D('',#7129,#5746,#5747);
#5144=AXIS2_PLACEMENT_3D('',#7130,#5748,#5749);
#5145=AXIS2_PLACEMENT_3D('',#7131,#5750,#5751);
#5146=AXIS2_PLACEMENT_3D('',#7132,#5752,#5753);
#5147=AXIS2_PLACEMENT_3D('',#7133,#5754,#5755);
#5148=AXIS2_PLACEMENT_3D('',#7134,#5756,#5757);
#5149=AXIS2_PLACEMENT_3D('',#7156,#5768,#5769);
#5150=AXIS2_PLACEMENT_3D('',#7176,#5779,#5780);
#5151=AXIS2_PLACEMENT_3D('',#7191,#5788,#5789);
#5152=AXIS2_PLACEMENT_3D('',#7208,#5798,#5799);
#5153=AXIS2_PLACEMENT_3D('',#7214,#5802,#5803);
#5154=AXIS2_PLACEMENT_3D('',#7218,#5805,#5806);
#5155=AXIS2_PLACEMENT_3D('',#7222,#5808,#5809);
#5156=AXIS2_PLACEMENT_3D('',#7234,#5815,#5816);
#5157=AXIS2_PLACEMENT_3D('',#7238,#5818,#5819);
#5158=AXIS2_PLACEMENT_3D('',#7240,#5820,#5821);
#5159=AXIS2_PLACEMENT_3D('',#7248,#5825,#5826);
#5160=AXIS2_PLACEMENT_3D('',#7252,#5828,#5829);
#5161=AXIS2_PLACEMENT_3D('',#7260,#5833,#5834);
#5162=AXIS2_PLACEMENT_3D('',#7264,#5836,#5837);
#5163=AXIS2_PLACEMENT_3D('',#7270,#5840,#5841);
#5164=AXIS2_PLACEMENT_3D('',#7289,#5851,#5852);
#5165=AXIS2_PLACEMENT_3D('',#7306,#5861,#5862);
#5166=AXIS2_PLACEMENT_3D('',#7322,#5870,#5871);
#5167=AXIS2_PLACEMENT_3D('',#7358,#5889,#5890);
#5168=AXIS2_PLACEMENT_3D('',#7363,#5893,#5894);
#5169=AXIS2_PLACEMENT_3D('',#7367,#5896,#5897);
#5170=AXIS2_PLACEMENT_3D('',#7368,#5898,#5899);
#5171=AXIS2_PLACEMENT_3D('',#7369,#5900,#5901);
#5172=AXIS2_PLACEMENT_3D('',#7373,#5903,#5904);
#5173=AXIS2_PLACEMENT_3D('',#7378,#5907,#5908);
#5174=AXIS2_PLACEMENT_3D('',#7379,#5909,#5910);
#5175=AXIS2_PLACEMENT_3D('',#7383,#5912,#5913);
#5176=AXIS2_PLACEMENT_3D('',#7384,#5914,#5915);
#5177=AXIS2_PLACEMENT_3D('',#7385,#5916,#5917);
#5178=AXIS2_PLACEMENT_3D('',#7389,#5919,#5920);
#5179=AXIS2_PLACEMENT_3D('',#7394,#5923,#5924);
#5180=AXIS2_PLACEMENT_3D('',#7395,#5925,#5926);
#5181=AXIS2_PLACEMENT_3D('',#7400,#5929,#5930);
#5182=AXIS2_PLACEMENT_3D('',#7401,#5931,#5932);
#5183=AXIS2_PLACEMENT_3D('',#7402,#5933,#5934);
#5184=AXIS2_PLACEMENT_3D('',#7405,#5936,#5937);
#5185=AXIS2_PLACEMENT_3D('',#7421,#5946,#5947);
#5186=AXIS2_PLACEMENT_3D('',#7427,#5951,#5952);
#5187=AXIS2_PLACEMENT_3D('',#7441,#5960,#5961);
#5188=AXIS2_PLACEMENT_3D('',#7443,#5963,#5964);
#5189=AXIS2_PLACEMENT_3D('',#7444,#5965,#5966);
#5190=AXIS2_PLACEMENT_3D('',#7450,#5970,#5971);
#5191=AXIS2_PLACEMENT_3D('',#7454,#5974,#5975);
#5192=AXIS2_PLACEMENT_3D('',#7459,#5979,#5980);
#5193=AXIS2_PLACEMENT_3D('',#7460,#5981,#5982);
#5194=AXIS2_PLACEMENT_3D('',#7462,#5984,#5985);
#5195=AXIS2_PLACEMENT_3D('',#7464,#5987,#5988);
#5196=AXIS2_PLACEMENT_3D('',#7466,#5990,#5991);
#5197=AXIS2_PLACEMENT_3D('',#7470,#5993,#5994);
#5198=AXIS2_PLACEMENT_3D('',#7472,#5996,#5997);
#5199=AXIS2_PLACEMENT_3D('',#7474,#5999,#6000);
#5200=AXIS2_PLACEMENT_3D('',#7481,#6002,#6003);
#5201=AXIS2_PLACEMENT_3D('',#7488,#6008,#6009);
#5202=AXIS2_PLACEMENT_3D('',#7490,#6011,#6012);
#5203=AXIS2_PLACEMENT_3D('',#7492,#6014,#6015);
#5204=AXIS2_PLACEMENT_3D('',#7520,#6030,#6031);
#5205=AXIS2_PLACEMENT_3D('',#7544,#6046,#6047);
#5206=AXIS2_PLACEMENT_3D('',#7554,#6053,#6054);
#5207=AXIS2_PLACEMENT_3D('',#7558,#6057,#6058);
#5208=AXIS2_PLACEMENT_3D('',#7559,#6059,#6060);
#5209=AXIS2_PLACEMENT_3D('',#7562,#6062,#6063);
#5210=AXIS2_PLACEMENT_3D('',#7566,#6066,#6067);
#5211=AXIS2_PLACEMENT_3D('',#7567,#6068,#6069);
#5212=AXIS2_PLACEMENT_3D('',#7570,#6071,#6072);
#5213=AXIS2_PLACEMENT_3D('',#7571,#6073,#6074);
#5214=AXIS2_PLACEMENT_3D('',#7580,#6077,#6078);
#5215=AXIS2_PLACEMENT_3D('',#7581,#6079,#6080);
#5216=AXIS2_PLACEMENT_3D('',#7588,#6085,#6086);
#5217=AXIS2_PLACEMENT_3D('',#7590,#6088,#6089);
#5218=AXIS2_PLACEMENT_3D('',#7592,#6091,#6092);
#5219=AXIS2_PLACEMENT_3D('',#7595,#6095,#6096);
#5220=AXIS2_PLACEMENT_3D('',#7601,#6100,#6101);
#5221=AXIS2_PLACEMENT_3D('',#7622,#6112,#6113);
#5222=AXIS2_PLACEMENT_3D('',#7623,#6114,#6115);
#5223=AXIS2_PLACEMENT_3D('',#7629,#6119,#6120);
#5224=AXIS2_PLACEMENT_3D('',#7637,#6125,#6126);
#5225=AXIS2_PLACEMENT_3D('',#7638,#6127,#6128);
#5226=AXIS2_PLACEMENT_3D('',#7644,#6132,#6133);
#5227=AXIS2_PLACEMENT_3D('',#7645,#6134,#6135);
#5228=AXIS2_PLACEMENT_3D('',#7652,#6140,#6141);
#5229=AXIS2_PLACEMENT_3D('',#7654,#6143,#6144);
#5230=AXIS2_PLACEMENT_3D('',#7658,#6147,#6148);
#5231=AXIS2_PLACEMENT_3D('',#7660,#6150,#6151);
#5232=AXIS2_PLACEMENT_3D('',#7661,#6152,#6153);
#5233=AXIS2_PLACEMENT_3D('',#7662,#6154,#6155);
#5234=AXIS2_PLACEMENT_3D('',#7664,#6157,#6158);
#5235=AXIS2_PLACEMENT_3D('',#7666,#6160,#6161);
#5236=AXIS2_PLACEMENT_3D('',#7667,#6162,#6163);
#5237=AXIS2_PLACEMENT_3D('',#7670,#6165,#6166);
#5238=AXIS2_PLACEMENT_3D('',#7671,#6167,#6168);
#5239=AXIS2_PLACEMENT_3D('',#7679,#6173,#6174);
#5240=AXIS2_PLACEMENT_3D('',#7681,#6176,#6177);
#5241=AXIS2_PLACEMENT_3D('',#7685,#6180,#6181);
#5242=AXIS2_PLACEMENT_3D('',#7686,#6182,#6183);
#5243=AXIS2_PLACEMENT_3D('',#7691,#6185,#6186);
#5244=AXIS2_PLACEMENT_3D('',#7692,#6187,#6188);
#5245=AXIS2_PLACEMENT_3D('',#7696,#6190,#6191);
#5246=AXIS2_PLACEMENT_3D('',#7701,#6194,#6195);
#5247=AXIS2_PLACEMENT_3D('',#7713,#6201,#6202);
#5248=AXIS2_PLACEMENT_3D('',#7714,#6203,#6204);
#5249=AXIS2_PLACEMENT_3D('',#7717,#6207,#6208);
#5250=AXIS2_PLACEMENT_3D('',#7719,#6210,#6211);
#5251=AXIS2_PLACEMENT_3D('',#7720,#6212,#6213);
#5252=AXIS2_PLACEMENT_3D('',#7721,#6214,#6215);
#5253=AXIS2_PLACEMENT_3D('',#7722,#6216,#6217);
#5254=AXIS2_PLACEMENT_3D('',#7723,#6218,#6219);
#5255=AXIS2_PLACEMENT_3D('',#7735,#6225,#6226);
#5256=AXIS2_PLACEMENT_3D('',#7736,#6227,#6228);
#5257=AXIS2_PLACEMENT_3D('',#7739,#6231,#6232);
#5258=AXIS2_PLACEMENT_3D('',#7741,#6234,#6235);
#5259=AXIS2_PLACEMENT_3D('',#7742,#6236,#6237);
#5260=AXIS2_PLACEMENT_3D('',#7743,#6238,#6239);
#5261=AXIS2_PLACEMENT_3D('',#7744,#6240,#6241);
#5262=AXIS2_PLACEMENT_3D('',#7745,#6242,#6243);
#5263=AXIS2_PLACEMENT_3D('',#7748,#6246,#6247);
#5264=AXIS2_PLACEMENT_3D('',#7750,#6249,#6250);
#5265=AXIS2_PLACEMENT_3D('',#7756,#6254,#6255);
#5266=AXIS2_PLACEMENT_3D('',#7787,#6272,#6273);
#5267=AXIS2_PLACEMENT_3D('',#7790,#6275,#6276);
#5268=AXIS2_PLACEMENT_3D('',#7791,#6277,#6278);
#5269=AXIS2_PLACEMENT_3D('',#7794,#6280,#6281);
#5270=AXIS2_PLACEMENT_3D('',#7795,#6282,#6283);
#5271=AXIS2_PLACEMENT_3D('',#7797,#6285,#6286);
#5272=AXIS2_PLACEMENT_3D('',#7798,#6287,#6288);
#5273=AXIS2_PLACEMENT_3D('',#7815,#6299,#6300);
#5274=AXIS2_PLACEMENT_3D('',#7820,#6304,#6305);
#5275=AXIS2_PLACEMENT_3D('',#7821,#6306,#6307);
#5276=AXIS2_PLACEMENT_3D('',#7826,#6308,#6309);
#5277=AXIS2_PLACEMENT_3D('',#7830,#6312,#6313);
#5278=AXIS2_PLACEMENT_3D('',#7831,#6314,#6315);
#5279=AXIS2_PLACEMENT_3D('',#7832,#6316,#6317);
#5280=AXIS2_PLACEMENT_3D('',#7833,#6318,#6319);
#5281=AXIS2_PLACEMENT_3D('',#7835,#6321,#6322);
#5282=AXIS2_PLACEMENT_3D('',#7837,#6324,#6325);
#5283=AXIS2_PLACEMENT_3D('',#7838,#6326,#6327);
#5284=AXIS2_PLACEMENT_3D('',#7840,#6329,#6330);
#5285=AXIS2_PLACEMENT_3D('',#7842,#6332,#6333);
#5286=AXIS2_PLACEMENT_3D('',#7843,#6334,#6335);
#5287=AXIS2_PLACEMENT_3D('',#7845,#6337,#6338);
#5288=AXIS2_PLACEMENT_3D('',#7847,#6340,#6341);
#5289=AXIS2_PLACEMENT_3D('',#7848,#6342,#6343);
#5290=AXIS2_PLACEMENT_3D('',#7850,#6345,#6346);
#5291=AXIS2_PLACEMENT_3D('',#7851,#6347,#6348);
#5292=AXIS2_PLACEMENT_3D('',#7853,#6350,#6351);
#5293=AXIS2_PLACEMENT_3D('',#7860,#6353,#6354);
#5294=AXIS2_PLACEMENT_3D('',#7863,#6357,#6358);
#5295=AXIS2_PLACEMENT_3D('',#7865,#6360,#6361);
#5296=AXIS2_PLACEMENT_3D('',#7867,#6363,#6364);
#5297=AXIS2_PLACEMENT_3D('',#7870,#6366,#6367);
#5298=AXIS2_PLACEMENT_3D('',#7873,#6369,#6370);
#5299=AXIS2_PLACEMENT_3D('',#7875,#6372,#6373);
#5300=AXIS2_PLACEMENT_3D('',#7877,#6375,#6376);
#5301=AXIS2_PLACEMENT_3D('',#7878,#6377,#6378);
#5302=AXIS2_PLACEMENT_3D('',#7879,#6379,#6380);
#5303=AXIS2_PLACEMENT_3D('',#7880,#6381,#6382);
#5304=AXIS2_PLACEMENT_3D('',#7882,#6384,#6385);
#5305=AXIS2_PLACEMENT_3D('',#7884,#6387,#6388);
#5306=AXIS2_PLACEMENT_3D('',#7885,#6389,#6390);
#5307=AXIS2_PLACEMENT_3D('',#7886,#6391,#6392);
#5308=AXIS2_PLACEMENT_3D('',#7890,#6395,#6396);
#5309=AXIS2_PLACEMENT_3D('',#7891,#6397,#6398);
#5310=AXIS2_PLACEMENT_3D('',#7894,#6400,#6401);
#5311=AXIS2_PLACEMENT_3D('',#7896,#6403,#6404);
#5312=AXIS2_PLACEMENT_3D('',#7897,#6405,#6406);
#5313=AXIS2_PLACEMENT_3D('',#7899,#6408,#6409);
#5314=AXIS2_PLACEMENT_3D('',#7901,#6411,#6412);
#5315=AXIS2_PLACEMENT_3D('',#7902,#6413,#6414);
#5316=AXIS2_PLACEMENT_3D('',#7904,#6416,#6417);
#5317=AXIS2_PLACEMENT_3D('',#7906,#6419,#6420);
#5318=AXIS2_PLACEMENT_3D('',#7907,#6421,#6422);
#5319=AXIS2_PLACEMENT_3D('',#7909,#6424,#6425);
#5320=AXIS2_PLACEMENT_3D('',#7911,#6427,#6428);
#5321=AXIS2_PLACEMENT_3D('',#7912,#6429,#6430);
#5322=AXIS2_PLACEMENT_3D('',#7913,#6431,#6432);
#5323=AXIS2_PLACEMENT_3D('',#7915,#6434,#6435);
#5324=AXIS2_PLACEMENT_3D('',#7916,#6436,#6437);
#5325=AXIS2_PLACEMENT_3D('',#7917,#6438,#6439);
#5326=AXIS2_PLACEMENT_3D('',#7922,#6441,#6442);
#5327=AXIS2_PLACEMENT_3D('',#7925,#6444,#6445);
#5328=AXIS2_PLACEMENT_3D('',#7926,#6446,#6447);
#5329=AXIS2_PLACEMENT_3D('',#7928,#6448,#6449);
#5330=AXIS2_PLACEMENT_3D('',#7931,#6451,#6452);
#5331=AXIS2_PLACEMENT_3D('',#7932,#6453,#6454);
#5332=AXIS2_PLACEMENT_3D('',#7936,#6456,#6457);
#5333=AXIS2_PLACEMENT_3D('',#7937,#6458,#6459);
#5334=AXIS2_PLACEMENT_3D('',#7941,#6462,#6463);
#5335=AXIS2_PLACEMENT_3D('',#7942,#6464,#6465);
#5336=AXIS2_PLACEMENT_3D('',#7947,#6467,#6468);
#5337=AXIS2_PLACEMENT_3D('',#7950,#6470,#6471);
#5338=AXIS2_PLACEMENT_3D('',#7951,#6472,#6473);
#5339=AXIS2_PLACEMENT_3D('',#7955,#6475,#6476);
#5340=AXIS2_PLACEMENT_3D('',#7956,#6477,#6478);
#5341=AXIS2_PLACEMENT_3D('',#7957,#6479,#6480);
#5342=AXIS2_PLACEMENT_3D('',#7959,#6481,#6482);
#5343=AXIS2_PLACEMENT_3D('',#7962,#6484,#6485);
#5344=AXIS2_PLACEMENT_3D('',#7966,#6488,#6489);
#5345=AXIS2_PLACEMENT_3D('',#7967,#6490,#6491);
#5346=AXIS2_PLACEMENT_3D('',#7972,#6493,#6494);
#5347=AXIS2_PLACEMENT_3D('',#7975,#6496,#6497);
#5348=AXIS2_PLACEMENT_3D('',#7976,#6498,#6499);
#5349=AXIS2_PLACEMENT_3D('',#7978,#6500,#6501);
#5350=AXIS2_PLACEMENT_3D('',#7981,#6503,#6504);
#5351=AXIS2_PLACEMENT_3D('',#7982,#6505,#6506);
#5352=AXIS2_PLACEMENT_3D('',#7984,#6507,#6508);
#5353=AXIS2_PLACEMENT_3D('',#7987,#6510,#6511);
#5354=AXIS2_PLACEMENT_3D('',#7991,#6514,#6515);
#5355=AXIS2_PLACEMENT_3D('',#7992,#6516,#6517);
#5356=AXIS2_PLACEMENT_3D('',#7997,#6519,#6520);
#5357=AXIS2_PLACEMENT_3D('',#8000,#6522,#6523);
#5358=AXIS2_PLACEMENT_3D('',#8001,#6524,#6525);
#5359=AXIS2_PLACEMENT_3D('',#8005,#6527,#6528);
#5360=AXIS2_PLACEMENT_3D('',#8006,#6529,#6530);
#5361=AXIS2_PLACEMENT_3D('',#8007,#6531,#6532);
#5362=AXIS2_PLACEMENT_3D('',#8009,#6533,#6534);
#5363=AXIS2_PLACEMENT_3D('',#8012,#6536,#6537);
#5364=AXIS2_PLACEMENT_3D('',#8016,#6540,#6541);
#5365=AXIS2_PLACEMENT_3D('',#8020,#6543,#6544);
#5366=AXIS2_PLACEMENT_3D('',#8024,#6546,#6547);
#5367=AXIS2_PLACEMENT_3D('',#8025,#6548,#6549);
#5368=AXIS2_PLACEMENT_3D('',#8031,#6553,#6554);
#5369=AXIS2_PLACEMENT_3D('',#8040,#6559,#6560);
#5370=AXIS2_PLACEMENT_3D('',#8041,#6561,#6562);
#5371=AXIS2_PLACEMENT_3D('',#8045,#6564,#6565);
#5372=AXIS2_PLACEMENT_3D('',#8046,#6566,#6567);
#5373=AXIS2_PLACEMENT_3D('',#8049,#6570,#6571);
#5374=AXIS2_PLACEMENT_3D('',#8161,#6576,#6577);
#5375=AXIS2_PLACEMENT_3D('',#8214,#6583,#6584);
#5376=AXIS2_PLACEMENT_3D('',#8265,#6589,#6590);
#5377=AXIS2_PLACEMENT_3D('',#8316,#6595,#6596);
#5378=AXIS2_PLACEMENT_3D('',#8375,#6600,#6601);
#5379=AXIS2_PLACEMENT_3D('',#8379,#6603,#6604);
#5380=AXIS2_PLACEMENT_3D('',#8383,#6606,#6607);
#5381=AXIS2_PLACEMENT_3D('',#8387,#6609,#6610);
#5382=AXIS2_PLACEMENT_3D('',#8391,#6612,#6613);
#5383=AXIS2_PLACEMENT_3D('',#8468,#6618,#6619);
#5384=AXIS2_PLACEMENT_3D('',#8469,#6620,#6621);
#5385=AXIS2_PLACEMENT_3D('',#8470,#6622,#6623);
#5386=AXIS2_PLACEMENT_3D('',#8471,#6624,#6625);
#5387=AXIS2_PLACEMENT_3D('',#8472,#6626,#6627);
#5388=AXIS2_PLACEMENT_3D('',#8473,#6628,#6629);
#5389=AXIS2_PLACEMENT_3D('',#8477,#6631,#6632);
#5390=AXIS2_PLACEMENT_3D('',#8482,#6637,#6638);
#5391=AXIS2_PLACEMENT_3D('',#8483,#6639,#6640);
#5392=AXIS2_PLACEMENT_3D('',#8484,#6641,#6642);
#5393=AXIS2_PLACEMENT_3D('',#8485,#6643,#6644);
#5394=AXIS2_PLACEMENT_3D('',#8486,#6645,#6646);
#5395=AXIS2_PLACEMENT_3D('',#8487,#6647,#6648);
#5396=AXIS2_PLACEMENT_3D('',#8488,#6649,#6650);
#5397=AXIS2_PLACEMENT_3D('',#8489,#6651,#6652);
#5398=AXIS2_PLACEMENT_3D('',#8490,#6653,#6654);
#5399=AXIS2_PLACEMENT_3D('',#8491,#6655,#6656);
#5400=AXIS2_PLACEMENT_3D('',#8492,#6657,#6658);
#5401=AXIS2_PLACEMENT_3D('',#8495,#6661,#6662);
#5402=AXIS2_PLACEMENT_3D('',#8497,#6664,#6665);
#5403=AXIS2_PLACEMENT_3D('',#8499,#6667,#6668);
#5404=AXIS2_PLACEMENT_3D('',#8500,#6669,#6670);
#5405=AXIS2_PLACEMENT_3D('',#8504,#6673,#6674);
#5406=AXIS2_PLACEMENT_3D('',#8507,#6676,#6677);
#5407=AXIS2_PLACEMENT_3D('',#8510,#6679,#6680);
#5408=AXIS2_PLACEMENT_3D('',#8513,#6682,#6683);
#5409=AXIS2_PLACEMENT_3D('',#8515,#6685,#6686);
#5410=AXIS2_PLACEMENT_3D('',#8520,#6689,#6690);
#5411=AXIS2_PLACEMENT_3D('',#8521,#6691,#6692);
#5412=AXIS2_PLACEMENT_3D('',#8523,#6694,#6695);
#5413=AXIS2_PLACEMENT_3D('',#8528,#6698,#6699);
#5414=AXIS2_PLACEMENT_3D('',#8529,#6700,#6701);
#5415=AXIS2_PLACEMENT_3D('',#8531,#6703,#6704);
#5416=AXIS2_PLACEMENT_3D('',#8536,#6707,#6708);
#5417=AXIS2_PLACEMENT_3D('',#8540,#6710,#6711);
#5418=AXIS2_PLACEMENT_3D('',#8544,#6713,#6714);
#5419=AXIS2_PLACEMENT_3D('',#8548,#6716,#6717);
#5420=AXIS2_PLACEMENT_3D('',#8549,#6718,#6719);
#5421=AXIS2_PLACEMENT_3D('',#8550,#6720,#6721);
#5422=AXIS2_PLACEMENT_3D('',#8551,#6722,#6723);
#5423=AXIS2_PLACEMENT_3D('',#8580,#6728,#6729);
#5424=AXIS2_PLACEMENT_3D('',#8586,#6731,#6732);
#5425=AXIS2_PLACEMENT_3D('',#8588,#6734,#6735);
#5426=AXIS2_PLACEMENT_3D('',#8593,#6736,#6737);
#5427=AXIS2_PLACEMENT_3D('',#8595,#6739,#6740);
#5428=AXIS2_PLACEMENT_3D('',#8600,#6741,#6742);
#5429=AXIS2_PLACEMENT_3D('',#8602,#6744,#6745);
#5430=AXIS2_PLACEMENT_3D('',#8607,#6746,#6747);
#5431=AXIS2_PLACEMENT_3D('',#8608,#6748,#6749);
#5432=AXIS2_PLACEMENT_3D('',#8647,#6750,#6751);
#5433=AXIS2_PLACEMENT_3D('',#8741,#6752,#6753);
#5434=AXIS2_PLACEMENT_3D('',#8742,#6754,#6755);
#5435=AXIS2_PLACEMENT_3D('',#8743,#6756,#6757);
#5436=AXIS2_PLACEMENT_3D('',#8836,#6758,#6759);
#5437=AXIS2_PLACEMENT_3D('',#8839,#6761,#6762);
#5438=AXIS2_PLACEMENT_3D('',#8840,#6763,#6764);
#5439=AXIS2_PLACEMENT_3D('',#8844,#6767,#6768);
#5440=AXIS2_PLACEMENT_3D('',#8845,#6769,#6770);
#5441=AXIS2_PLACEMENT_3D('',#8846,#6771,#6772);
#5442=AXIS2_PLACEMENT_3D('',#8847,#6773,#6774);
#5443=AXIS2_PLACEMENT_3D('',#8848,#6775,#6776);
#5444=AXIS2_PLACEMENT_3D('',#8849,#6777,#6778);
#5445=AXIS2_PLACEMENT_3D('',#8850,#6779,#6780);
#5446=AXIS2_PLACEMENT_3D('',#8851,#6781,#6782);
#5447=AXIS2_PLACEMENT_3D('',#8852,#6783,#6784);
#5448=AXIS2_PLACEMENT_3D('',#8853,#6785,#6786);
#5449=AXIS2_PLACEMENT_3D('',#8854,#6787,#6788);
#5450=AXIS2_PLACEMENT_3D('',#8855,#6789,#6790);
#5451=AXIS2_PLACEMENT_3D('',#8856,#6791,#6792);
#5452=AXIS2_PLACEMENT_3D('',#8857,#6793,#6794);
#5453=AXIS2_PLACEMENT_3D('',#8858,#6795,#6796);
#5454=AXIS2_PLACEMENT_3D('',#8859,#6797,#6798);
#5455=AXIS2_PLACEMENT_3D('',#8860,#6799,#6800);
#5456=AXIS2_PLACEMENT_3D('',#8861,#6801,#6802);
#5457=AXIS2_PLACEMENT_3D('',#8862,#6803,#6804);
#5458=AXIS2_PLACEMENT_3D('',#8863,#6805,#6806);
#5459=AXIS2_PLACEMENT_3D('',#8864,#6807,#6808);
#5460=AXIS2_PLACEMENT_3D('',#8865,#6809,#6810);
#5461=AXIS2_PLACEMENT_3D('',#8866,#6811,#6812);
#5462=AXIS2_PLACEMENT_3D('',#8867,#6813,#6814);
#5463=AXIS2_PLACEMENT_3D('',#8868,#6815,#6816);
#5464=AXIS2_PLACEMENT_3D('',#8869,#6817,#6818);
#5465=AXIS2_PLACEMENT_3D('',#8870,#6819,#6820);
#5466=AXIS2_PLACEMENT_3D('',#8871,#6821,#6822);
#5467=AXIS2_PLACEMENT_3D('',#8872,#6823,#6824);
#5468=AXIS2_PLACEMENT_3D('',#8873,#6825,#6826);
#5469=AXIS2_PLACEMENT_3D('',#8874,#6827,#6828);
#5470=AXIS2_PLACEMENT_3D('',#8875,#6829,#6830);
#5471=AXIS2_PLACEMENT_3D('',#8876,#6831,#6832);
#5472=AXIS2_PLACEMENT_3D('',#8877,#6833,#6834);
#5473=AXIS2_PLACEMENT_3D('',#8878,#6835,#6836);
#5474=DIRECTION('',(0.,0.,1.));
#5475=DIRECTION('',(1.,0.,0.));
#5476=DIRECTION('',(0.,0.,-1.));
#5477=DIRECTION('',(1.,0.,0.));
#5478=DIRECTION('',(0.,0.,-1.));
#5479=DIRECTION('',(1.,0.,0.));
#5480=DIRECTION('',(0.,1.,0.));
#5481=DIRECTION('',(0.,0.,1.));
#5482=DIRECTION('',(0.,0.,-1.));
#5483=DIRECTION('',(-1.,0.,0.));
#5484=DIRECTION('',(0.,0.,-1.));
#5485=DIRECTION('',(0.,0.,-1.));
#5486=DIRECTION('',(1.,0.,0.));
#5487=DIRECTION('',(0.,0.,-1.));
#5488=DIRECTION('',(-1.,0.,0.));
#5489=DIRECTION('',(0.,-1.,0.));
#5490=DIRECTION('',(0.,0.,-1.));
#5491=DIRECTION('',(0.,-1.,0.));
#5492=DIRECTION('',(1.,0.,0.));
#5493=DIRECTION('',(0.,0.,-1.));
#5494=DIRECTION('',(0.,0.,-1.));
#5495=DIRECTION('',(-1.,0.,0.));
#5496=DIRECTION('',(0.,0.,-1.));
#5497=DIRECTION('',(0.,0.,-1.));
#5498=DIRECTION('',(1.,0.,0.));
#5499=DIRECTION('',(0.,0.,-1.));
#5500=DIRECTION('',(-1.,0.,0.));
#5501=DIRECTION('',(-1.,0.,0.));
#5502=DIRECTION('',(0.,0.,-1.));
#5503=DIRECTION('',(-1.,0.,0.));
#5504=DIRECTION('',(0.,-1.,0.));
#5505=DIRECTION('',(0.,0.,-1.));
#5506=DIRECTION('',(0.,0.,-1.));
#5507=DIRECTION('',(-0.999999999999999,0.,0.));
#5508=DIRECTION('',(0.,0.,-1.));
#5509=DIRECTION('',(0.,0.,-1.));
#5510=DIRECTION('',(1.,0.,0.));
#5511=DIRECTION('',(0.,0.,-1.));
#5512=DIRECTION('',(-0.999999999999999,0.,0.));
#5513=DIRECTION('',(9.13012355777266E-16,1.,0.));
#5514=DIRECTION('',(0.,0.,-1.));
#5515=DIRECTION('',(9.13012355777266E-16,1.,0.));
#5516=DIRECTION('',(-1.,9.13012355777266E-16,0.));
#5517=DIRECTION('',(-9.12464548363801E-16,-1.,0.));
#5518=DIRECTION('',(0.,0.,-1.));
#5519=DIRECTION('',(-0.999999999999999,0.,0.));
#5520=DIRECTION('',(0.,0.,-1.));
#5521=DIRECTION('',(1.,0.,0.));
#5522=DIRECTION('',(0.,0.,-1.));
#5523=DIRECTION('',(-0.999999999999999,0.,0.));
#5524=DIRECTION('',(-1.,0.,0.));
#5525=DIRECTION('',(0.,0.,1.));
#5526=DIRECTION('',(-1.,0.,0.));
#5527=DIRECTION('',(-9.13012355777266E-16,-1.,0.));
#5528=DIRECTION('',(0.,0.,1.));
#5529=DIRECTION('',(-1.,0.,0.));
#5530=DIRECTION('',(1.,0.,0.));
#5531=DIRECTION('',(0.,0.,1.));
#5532=DIRECTION('',(-1.,0.,0.));
#5533=DIRECTION('',(0.,1.,0.));
#5534=DIRECTION('',(0.,0.,1.));
#5535=DIRECTION('',(-1.,0.,0.));
#5536=DIRECTION('',(0.,0.,-1.));
#5537=DIRECTION('',(-1.,0.,0.));
#5538=DIRECTION('',(0.,0.,1.));
#5539=DIRECTION('',(0.,1.,0.));
#5540=DIRECTION('',(0.,0.,1.));
#5541=DIRECTION('',(0.,0.,-1.));
#5542=DIRECTION('',(-1.,0.,0.));
#5543=DIRECTION('',(0.,0.,-1.));
#5544=DIRECTION('',(0.,0.,-1.));
#5545=DIRECTION('',(-1.,0.,0.));
#5546=DIRECTION('',(0.,0.,1.));
#5547=DIRECTION('',(0.999999999999998,0.,0.));
#5548=DIRECTION('',(0.,0.,1.));
#5549=DIRECTION('',(0.,0.,-1.));
#5550=DIRECTION('',(0.,1.,0.));
#5551=DIRECTION('',(0.,0.,-1.));
#5552=DIRECTION('',(0.,0.,-1.));
#5553=DIRECTION('',(0.,1.,0.));
#5554=DIRECTION('',(0.,0.,1.));
#5555=DIRECTION('',(-1.34441069388203E-13,-0.999999999999994,0.));
#5556=DIRECTION('',(4.736951571734E-14,0.,1.));
#5557=DIRECTION('',(0.,0.,-1.));
#5558=DIRECTION('',(0.999999999999998,0.,0.));
#5559=DIRECTION('',(0.,0.,-1.));
#5560=DIRECTION('',(0.,0.,-1.));
#5561=DIRECTION('',(0.999999999999998,0.,0.));
#5562=DIRECTION('',(0.,1.,0.));
#5563=DIRECTION('',(-1.,0.,0.));
#5564=DIRECTION('',(0.,1.,0.));
#5565=DIRECTION('',(1.,0.,0.));
#5566=DIRECTION('',(0.,-1.,0.));
#5567=DIRECTION('',(-1.,0.,0.));
#5568=DIRECTION('',(-1.184237892934E-14,1.,0.));
#5569=DIRECTION('',(1.,0.,0.));
#5570=DIRECTION('',(0.,-1.,0.));
#5571=DIRECTION('',(-1.,0.,0.));
#5572=DIRECTION('',(0.,0.,-1.));
#5573=DIRECTION('',(1.32272665043232E-13,-0.999999999999994,0.));
#5574=DIRECTION('',(0.,-1.,0.));
#5575=DIRECTION('',(1.,0.,0.));
#5576=DIRECTION('',(0.,0.,-1.));
#5577=DIRECTION('',(1.,0.,0.));
#5578=DIRECTION('',(0.,0.,1.));
#5579=DIRECTION('',(-1.,0.,0.));
#5580=DIRECTION('',(0.,0.,1.));
#5581=DIRECTION('',(-1.480297366167E-14,0.,-1.));
#5582=DIRECTION('',(0.,0.,-1.));
#5583=DIRECTION('',(0.,-0.999999999999994,0.));
#5584=DIRECTION('',(0.,-1.,0.));
#5585=DIRECTION('',(-1.,0.,0.));
#5586=DIRECTION('',(0.,1.,0.));
#5587=DIRECTION('',(-1.,0.,0.));
#5588=DIRECTION('',(0.,1.,0.));
#5589=DIRECTION('',(-1.,0.,0.));
#5590=DIRECTION('',(0.,-1.,0.));
#5591=DIRECTION('',(1.,0.,0.));
#5592=DIRECTION('',(0.,1.,0.));
#5593=DIRECTION('',(-1.,0.,0.));
#5594=DIRECTION('',(0.,-1.,0.));
#5595=DIRECTION('',(1.,0.,0.));
#5596=DIRECTION('',(0.,0.,-1.));
#5597=DIRECTION('',(-1.,0.,0.));
#5598=DIRECTION('',(0.,0.,-1.));
#5599=DIRECTION('',(0.,1.,0.));
#5600=DIRECTION('',(0.,0.,1.));
#5601=DIRECTION('',(0.,-1.,0.));
#5602=DIRECTION('',(1.,0.,0.));
#5603=DIRECTION('',(0.,1.,0.));
#5604=DIRECTION('',(-1.,0.,0.));
#5605=DIRECTION('',(0.,-1.,0.));
#5606=DIRECTION('',(1.,0.,0.));
#5607=DIRECTION('',(0.,0.,-1.));
#5608=DIRECTION('',(-1.,0.,0.));
#5609=DIRECTION('',(1.,0.,0.));
#5610=DIRECTION('',(0.,1.,0.));
#5611=DIRECTION('',(-1.,0.,0.));
#5612=DIRECTION('',(0.,-1.,0.));
#5613=DIRECTION('',(0.,0.,-1.));
#5614=DIRECTION('',(-1.,0.,0.));
#5615=DIRECTION('',(0.,0.,-1.));
#5616=DIRECTION('',(0.,-1.,0.));
#5617=DIRECTION('',(0.,0.,1.));
#5618=DIRECTION('',(1.,0.,0.));
#5619=DIRECTION('',(0.,-1.,0.));
#5620=DIRECTION('',(0.,1.,0.));
#5621=DIRECTION('',(0.,1.,0.));
#5622=DIRECTION('',(-0.999999999999994,0.,0.));
#5623=DIRECTION('',(0.,-1.,0.));
#5624=DIRECTION('',(-1.73472347597681E-14,0.,1.));
#5625=DIRECTION('',(0.,1.,0.));
#5626=DIRECTION('',(-0.999999999999994,0.,0.));
#5627=DIRECTION('',(-1.,0.,0.));
#5628=DIRECTION('',(0.,-1.,0.));
#5629=DIRECTION('',(1.,0.,0.));
#5630=DIRECTION('',(0.,0.,-1.));
#5631=DIRECTION('',(1.,0.,0.));
#5632=DIRECTION('',(0.,-1.,0.));
#5633=DIRECTION('',(1.,0.,0.));
#5634=DIRECTION('',(0.,1.,0.));
#5635=DIRECTION('',(0.,0.,1.));
#5636=DIRECTION('',(0.,-1.,0.));
#5637=DIRECTION('',(1.,0.,0.));
#5638=DIRECTION('',(0.,1.,0.));
#5639=DIRECTION('',(0.,1.,0.));
#5640=DIRECTION('',(0.,0.,1.));
#5641=DIRECTION('',(0.,-1.,0.));
#5642=DIRECTION('',(1.,0.,0.));
#5643=DIRECTION('',(0.,1.,0.));
#5644=DIRECTION('',(0.,0.,1.));
#5645=DIRECTION('',(0.,0.,-1.));
#5646=DIRECTION('',(0.,1.,0.));
#5647=DIRECTION('',(-0.999999999999994,0.,0.));
#5648=DIRECTION('',(0.,0.,-1.));
#5649=DIRECTION('',(1.,0.,0.));
#5650=DIRECTION('',(0.,1.,0.));
#5651=DIRECTION('',(1.,0.,0.));
#5652=DIRECTION('',(0.,-1.,0.));
#5653=DIRECTION('',(0.,-1.,0.));
#5654=DIRECTION('',(0.,0.,1.));
#5655=DIRECTION('',(0.,-1.,0.));
#5656=DIRECTION('',(0.,0.,1.));
#5657=DIRECTION('',(0.,0.,1.));
#5658=DIRECTION('',(-1.,0.,0.));
#5659=DIRECTION('',(0.,0.,1.));
#5660=DIRECTION('',(0.,1.,0.));
#5661=DIRECTION('',(-1.,0.,0.));
#5662=DIRECTION('',(1.,0.,0.));
#5663=DIRECTION('',(0.,-1.00000000000001,-1.7925475918427E-13));
#5664=DIRECTION('',(-1.,0.,0.));
#5665=DIRECTION('',(0.,0.,-1.));
#5666=DIRECTION('',(1.,0.,0.));
#5667=DIRECTION('',(0.,-1.00000000000001,0.));
#5668=DIRECTION('',(1.,0.,0.));
#5669=DIRECTION('',(0.,-1.,0.));
#5670=DIRECTION('',(-1.,0.,0.));
#5671=DIRECTION('',(0.,0.,-1.));
#5672=DIRECTION('',(1.,0.,0.));
#5673=DIRECTION('',(0.,-1.,0.));
#5674=DIRECTION('',(1.,0.,0.));
#5675=DIRECTION('',(0.,-1.,0.));
#5676=DIRECTION('',(1.,0.,0.));
#5677=DIRECTION('',(0.,1.,0.));
#5678=DIRECTION('',(0.,1.,0.));
#5679=DIRECTION('',(0.,1.,0.));
#5680=DIRECTION('',(-0.999999999999994,0.,0.));
#5681=DIRECTION('',(0.,-1.,0.));
#5682=DIRECTION('',(0.,-1.,0.));
#5683=DIRECTION('',(-1.73472347597681E-14,0.,1.));
#5684=DIRECTION('',(0.,1.,0.));
#5685=DIRECTION('',(-0.999999999999994,0.,0.));
#5686=DIRECTION('',(-1.,0.,0.));
#5687=DIRECTION('',(0.,-1.,0.));
#5688=DIRECTION('',(1.,0.,0.));
#5689=DIRECTION('',(0.,0.,-1.));
#5690=DIRECTION('',(1.,0.,0.));
#5691=DIRECTION('',(0.,-1.,0.));
#5692=DIRECTION('',(1.,0.,0.));
#5693=DIRECTION('',(0.,1.,0.));
#5694=DIRECTION('',(0.,1.,0.));
#5695=DIRECTION('',(0.,0.,1.));
#5696=DIRECTION('',(0.,-1.,0.));
#5697=DIRECTION('',(1.,0.,0.));
#5698=DIRECTION('',(0.,0.,-1.));
#5699=DIRECTION('',(0.,0.,1.));
#5700=DIRECTION('',(0.,1.,0.));
#5701=DIRECTION('',(1.,0.,0.));
#5702=DIRECTION('',(0.,1.,0.));
#5703=DIRECTION('',(-1.,0.,0.));
#5704=DIRECTION('',(0.,-1.,0.));
#5705=DIRECTION('',(1.,0.,0.));
#5706=DIRECTION('',(0.,0.,-1.));
#5707=DIRECTION('',(-1.,0.,0.));
#5708=DIRECTION('',(1.,0.,0.));
#5709=DIRECTION('',(0.,1.,0.));
#5710=DIRECTION('',(-1.,0.,0.));
#5711=DIRECTION('',(0.,1.,0.));
#5712=DIRECTION('',(0.,0.,-1.));
#5713=DIRECTION('',(-1.,0.,0.));
#5714=DIRECTION('',(0.,0.,-1.));
#5715=DIRECTION('',(0.,0.,1.));
#5716=DIRECTION('',(1.,0.,0.));
#5717=DIRECTION('',(0.,-1.,0.));
#5718=DIRECTION('',(0.,-1.,0.));
#5719=DIRECTION('',(1.,0.,0.));
#5720=DIRECTION('',(0.,1.,0.));
#5721=DIRECTION('',(0.,1.,0.));
#5722=DIRECTION('',(0.,0.,1.));
#5723=DIRECTION('',(0.,-1.,0.));
#5724=DIRECTION('',(1.,0.,0.));
#5725=DIRECTION('',(0.,0.,-1.));
#5726=DIRECTION('',(1.,0.,0.));
#5727=DIRECTION('',(0.,0.,1.));
#5728=DIRECTION('',(0.,1.,0.));
#5729=DIRECTION('',(-0.999999999999994,0.,0.));
#5730=DIRECTION('',(0.,1.,0.));
#5731=DIRECTION('',(1.,0.,0.));
#5732=DIRECTION('',(0.,-1.,0.));
#5733=DIRECTION('',(0.,-1.,0.));
#5734=DIRECTION('',(0.,0.,1.));
#5735=DIRECTION('',(0.,-1.,0.));
#5736=DIRECTION('',(0.,0.,1.));
#5737=DIRECTION('',(0.,0.,-1.));
#5738=DIRECTION('',(-1.,0.,0.));
#5739=DIRECTION('',(0.,0.,1.));
#5740=DIRECTION('',(0.,1.,0.));
#5741=DIRECTION('',(-1.,0.,0.));
#5742=DIRECTION('',(1.,0.,0.));
#5743=DIRECTION('',(0.,0.,-1.));
#5744=DIRECTION('',(-1.,0.,0.));
#5745=DIRECTION('',(0.,1.00000000000001,3.59955121265188E-13));
#5746=DIRECTION('',(1.,0.,0.));
#5747=DIRECTION('',(0.,0.,-1.));
#5748=DIRECTION('',(1.,0.,0.));
#5749=DIRECTION('',(0.,0.,-1.));
#5750=DIRECTION('',(-1.,0.,0.));
#5751=DIRECTION('',(0.,1.,0.));
#5752=DIRECTION('',(1.,0.,0.));
#5753=DIRECTION('',(0.,0.,-1.));
#5754=DIRECTION('',(1.,0.,0.));
#5755=DIRECTION('',(0.,-1.,0.));
#5756=DIRECTION('',(1.,0.,0.));
#5757=DIRECTION('',(0.,1.,0.));
#5758=DIRECTION('',(-3.072710624693E-13,-1.,-9.467270573378E-14));
#5759=DIRECTION('',(-1.,-2.015342920753E-14,0.));
#5760=DIRECTION('',(0.,-1.,0.));
#5761=DIRECTION('',(1.,1.015061051086E-13,0.));
#5762=DIRECTION('',(0.,1.,1.52037148836E-14));
#5763=DIRECTION('',(-1.,0.,0.));
#5764=DIRECTION('',(0.,-1.,0.));
#5765=DIRECTION('',(-1.,0.,0.));
#5766=DIRECTION('',(0.,1.,0.));
#5767=DIRECTION('',(-1.,-9.874882387433E-13,0.));
#5768=DIRECTION('',(0.,0.,1.));
#5769=DIRECTION('',(0.963678765398403,0.267064106761297,0.));
#5770=DIRECTION('',(0.,1.,0.));
#5771=DIRECTION('',(1.,0.,0.));
#5772=DIRECTION('',(0.,-1.,0.));
#5773=DIRECTION('',(-1.,2.84217094304E-14,0.));
#5774=DIRECTION('',(0.,-1.,0.));
#5775=DIRECTION('',(1.,0.,0.));
#5776=DIRECTION('',(-7.958078640513E-14,1.,0.));
#5777=DIRECTION('',(-1.,0.,0.));
#5778=DIRECTION('',(0.,1.,0.));
#5779=DIRECTION('',(0.,0.,1.));
#5780=DIRECTION('',(0.188625991251594,-0.982048998484471,0.));
#5781=DIRECTION('',(1.,-9.874882387432E-13,0.));
#5782=DIRECTION('',(0.,1.,0.));
#5783=DIRECTION('',(1.,0.,-2.6645352591E-14));
#5784=DIRECTION('',(0.,-1.,-2.341648233615E-13));
#5785=DIRECTION('',(1.,1.576181756345E-13,-1.182136317259E-14));
#5786=DIRECTION('',(-9.5699129431E-13,-1.,2.392478235775E-13));
#5787=DIRECTION('',(-0.768221279596015,-0.640184399666113,0.));
#5788=DIRECTION('',(0.,0.,-1.));
#5789=DIRECTION('',(1.,0.,0.));
#5790=DIRECTION('',(1.015061051086E-14,-1.,-1.662162471154E-13));
#5791=DIRECTION('',(1.,0.,0.));
#5792=DIRECTION('',(-3.46574758733114E-7,0.99999999999994,1.71291552370807E-13));
#5793=DIRECTION('',(-1.,0.,-3.714201483359E-14));
#5794=DIRECTION('',(7.673861546209E-14,-1.,0.));
#5795=DIRECTION('',(1.,0.,0.));
#5796=DIRECTION('',(4.263256414561E-14,1.,0.));
#5797=DIRECTION('',(-1.,0.,-3.714200664201E-14));
#5798=DIRECTION('',(0.,0.,-1.));
#5799=DIRECTION('',(1.,0.,0.));
#5800=DIRECTION('',(-1.,1.092822391384E-13,0.));
#5801=DIRECTION('',(0.,1.,-4.732098540332E-14));
#5802=DIRECTION('',(0.,0.,1.));
#5803=DIRECTION('',(1.,0.,0.));
#5804=DIRECTION('',(-1.,0.,0.));
#5805=DIRECTION('',(0.,0.,-1.));
#5806=DIRECTION('',(0.,0.999999999999997,0.));
#5807=DIRECTION('',(1.262420182461E-12,-1.,0.));
#5808=DIRECTION('',(0.,0.,1.));
#5809=DIRECTION('',(-1.,5.55111512312578E-14,0.));
#5810=DIRECTION('',(1.,0.,0.));
#5811=DIRECTION('',(0.,1.,0.));
#5812=DIRECTION('',(1.,0.,0.));
#5813=DIRECTION('',(0.,-1.,0.));
#5814=DIRECTION('',(1.,0.,0.));
#5815=DIRECTION('',(0.,0.,1.));
#5816=DIRECTION('',(0.,-1.,0.));
#5817=DIRECTION('',(-4.036170235415E-14,-1.,0.));
#5818=DIRECTION('',(0.,0.,-1.));
#5819=DIRECTION('',(0.999999999999999,6.80011602583248E-12,0.));
#5820=DIRECTION('',(0.,0.,-1.));
#5821=DIRECTION('',(0.45784393557551,0.889032581324625,0.));
#5822=DIRECTION('',(1.,1.055590875898E-12,0.));
#5823=DIRECTION('',(0.,-1.,0.));
#5824=DIRECTION('',(-1.,1.055590875898E-12,0.));
#5825=DIRECTION('',(0.,0.,-1.));
#5826=DIRECTION('',(0.963678765398401,-0.267064106761302,0.));
#5827=DIRECTION('',(-1.,0.,0.));
#5828=DIRECTION('',(0.,0.,1.));
#5829=DIRECTION('',(-1.73472347597681E-14,1.00000000000003,0.));
#5830=DIRECTION('',(0.,-1.,0.));
#5831=DIRECTION('',(-1.,0.,0.));
#5832=DIRECTION('',(0.,1.,0.));
#5833=DIRECTION('',(0.,0.,1.));
#5834=DIRECTION('',(0.999999999999994,0.,0.));
#5835=DIRECTION('',(-1.,0.,0.));
#5836=DIRECTION('',(0.,0.,-1.));
#5837=DIRECTION('',(-0.19386804148531,-0.981027615559648,0.));
#5838=DIRECTION('',(-1.,-9.874882387432E-13,0.));
#5839=DIRECTION('',(-3.933587087674E-14,-1.,0.));
#5840=DIRECTION('',(0.,0.,1.));
#5841=DIRECTION('',(-0.232258064516095,0.972654199326375,0.));
#5842=DIRECTION('',(0.,-1.,4.732098540332E-14));
#5843=DIRECTION('',(-1.,1.092822374283E-13,0.));
#5844=DIRECTION('',(4.49902802545791E-6,-0.999999999989879,-3.86686574719092E-12));
#5845=DIRECTION('',(0.643192379638296,-0.765704618488896,0.));
#5846=DIRECTION('',(-1.369625209784E-13,-1.,0.));
#5847=DIRECTION('',(-1.,0.,0.));
#5848=DIRECTION('',(6.584736585491E-14,-1.,0.));
#5849=DIRECTION('',(0.643192289660929,0.765704694069934,0.));
#5850=DIRECTION('',(-3.41269792810792E-6,-0.999999999994177,-3.86688364006691E-12));
#5851=DIRECTION('',(0.,0.,-1.));
#5852=DIRECTION('',(0.,1.,0.));
#5853=DIRECTION('',(0.,1.,-1.662162471154E-13));
#5854=DIRECTION('',(-1.,0.,0.));
#5855=DIRECTION('',(3.46576187431514E-7,-0.99999999999994,1.72560378684707E-13));
#5856=DIRECTION('',(1.,0.,-3.714201483359E-14));
#5857=DIRECTION('',(0.,1.,0.));
#5858=DIRECTION('',(1.,0.,0.));
#5859=DIRECTION('',(0.,-1.,0.));
#5860=DIRECTION('',(1.,-2.583791766401E-14,-3.714200664201E-14));
#5861=DIRECTION('',(0.,0.,-1.));
#5862=DIRECTION('',(1.,0.,0.));
#5863=DIRECTION('',(-4.547473508865E-14,-1.,0.));
#5864=DIRECTION('',(1.,-3.126388037345E-14,0.));
#5865=DIRECTION('',(0.,1.,0.));
#5866=DIRECTION('',(1.,0.,0.));
#5867=DIRECTION('',(0.,-1.,0.));
#5868=DIRECTION('',(1.,0.,0.));
#5869=DIRECTION('',(0.,-1.,0.));
#5870=DIRECTION('',(0.,0.,1.));
#5871=DIRECTION('',(-0.188625991251595,0.982048998484476,0.));
#5872=DIRECTION('',(-1.,1.021539557321E-12,0.));
#5873=DIRECTION('',(0.,-1.,0.));
#5874=DIRECTION('',(-1.,0.,0.));
#5875=DIRECTION('',(0.,1.,0.));
#5876=DIRECTION('',(-1.,0.,0.));
#5877=DIRECTION('',(0.,-1.,-1.527069160115E-14));
#5878=DIRECTION('',(1.,1.015061051086E-13,0.));
#5879=DIRECTION('',(0.,-1.,0.));
#5880=DIRECTION('',(-1.,-2.015342920753E-14,0.));
#5881=DIRECTION('',(3.720471242868E-13,-1.,-9.467270573369E-14));
#5882=DIRECTION('',(-0.768221279595966,0.640184399666172,0.));
#5883=DIRECTION('',(7.791433546615E-13,-1.,2.392478235781E-13));
#5884=DIRECTION('',(1.,1.891418107613E-13,0.));
#5885=DIRECTION('',(0.,1.,2.331332602629E-13));
#5886=DIRECTION('',(1.,0.,-1.776356839398E-14));
#5887=DIRECTION('',(0.,-1.,0.));
#5888=DIRECTION('',(1.,9.874882387433E-13,0.));
#5889=DIRECTION('',(0.,0.,1.));
#5890=DIRECTION('',(-0.963678765398402,-0.267064106761302,0.));
#5891=DIRECTION('',(0.,-1.,0.));
#5892=DIRECTION('',(-1.,0.,0.));
#5893=DIRECTION('',(0.,0.,-1.));
#5894=DIRECTION('',(1.,0.,0.));
#5895=DIRECTION('',(0.,1.,0.));
#5896=DIRECTION('',(0.,-1.,0.));
#5897=DIRECTION('',(0.,0.,-1.));
#5898=DIRECTION('',(0.,1.,0.));
#5899=DIRECTION('',(1.,0.,0.));
#5900=DIRECTION('',(0.,1.,0.));
#5901=DIRECTION('',(1.,0.,0.));
#5902=DIRECTION('',(0.,1.,0.));
#5903=DIRECTION('',(-1.,0.,0.));
#5904=DIRECTION('',(0.,0.,1.));
#5905=DIRECTION('',(0.,0.,1.));
#5906=DIRECTION('',(0.,0.,1.));
#5907=DIRECTION('',(-1.,0.,0.));
#5908=DIRECTION('',(0.,-0.999999999999994,0.));
#5909=DIRECTION('',(1.,0.,0.));
#5910=DIRECTION('',(0.,1.,0.));
#5911=DIRECTION('',(0.,-1.,0.));
#5912=DIRECTION('',(0.,1.,0.));
#5913=DIRECTION('',(0.,0.,-1.));
#5914=DIRECTION('',(0.,-1.,0.));
#5915=DIRECTION('',(-1.,0.,0.));
#5916=DIRECTION('',(0.,-1.,0.));
#5917=DIRECTION('',(-1.,0.,0.));
#5918=DIRECTION('',(0.,1.,0.));
#5919=DIRECTION('',(1.,0.,0.));
#5920=DIRECTION('',(0.,-3.46944695195361E-14,1.));
#5921=DIRECTION('',(0.,0.,-1.));
#5922=DIRECTION('',(0.,0.,-1.));
#5923=DIRECTION('',(1.,0.,0.));
#5924=DIRECTION('',(0.,1.00000000000003,0.));
#5925=DIRECTION('',(1.,0.,0.));
#5926=DIRECTION('',(0.,-1.,0.));
#5927=DIRECTION('',(-1.25455201783E-12,-1.,0.));
#5928=DIRECTION('',(0.,-2.084258691563E-11,1.));
#5929=DIRECTION('',(-1.,0.,0.));
#5930=DIRECTION('',(0.,0.552770798392588,-0.833333333333319));
#5931=DIRECTION('',(1.,0.,0.));
#5932=DIRECTION('',(0.,0.,1.));
#5933=DIRECTION('',(1.,0.,0.));
#5934=DIRECTION('',(0.,3.85494105772624E-14,-1.));
#5935=DIRECTION('',(-1.,0.,0.));
#5936=DIRECTION('',(1.,0.,0.));
#5937=DIRECTION('',(0.,0.,1.));
#5938=DIRECTION('',(-1.,0.,0.));
#5939=DIRECTION('',(0.,1.,0.));
#5940=DIRECTION('',(-1.,0.,0.));
#5941=DIRECTION('',(0.,1.,0.));
#5942=DIRECTION('',(1.,0.,0.));
#5943=DIRECTION('',(-3.387897064837E-13,-1.,0.));
#5944=DIRECTION('',(0.768221279596196,0.640184399665896,0.));
#5945=DIRECTION('',(0.,-1.,0.));
#5946=DIRECTION('',(0.,0.,-1.));
#5947=DIRECTION('',(1.,0.,0.));
#5948=DIRECTION('',(-1.,0.,0.));
#5949=DIRECTION('',(0.,0.,-1.));
#5950=DIRECTION('',(0.,0.,-1.));
#5951=DIRECTION('',(0.,1.,0.));
#5952=DIRECTION('',(1.,0.,0.));
#5953=DIRECTION('',(1.,0.,0.));
#5954=DIRECTION('',(0.,-1.,0.));
#5955=DIRECTION('',(0.,-1.,0.));
#5956=DIRECTION('',(1.,0.,0.));
#5957=DIRECTION('',(0.,-1.,0.));
#5958=DIRECTION('',(1.,0.,0.));
#5959=DIRECTION('',(0.,-1.,0.));
#5960=DIRECTION('',(0.,0.,-1.));
#5961=DIRECTION('',(1.,0.,0.));
#5962=DIRECTION('',(2.368475785867E-14,0.,-1.));
#5963=DIRECTION('',(1.,0.,0.));
#5964=DIRECTION('',(0.,1.,0.));
#5965=DIRECTION('',(0.,-1.,0.));
#5966=DIRECTION('',(0.,0.,-1.));
#5967=DIRECTION('',(0.,0.,-1.));
#5968=DIRECTION('',(0.,0.,1.));
#5969=DIRECTION('',(1.,0.,0.));
#5970=DIRECTION('',(0.,1.,0.));
#5971=DIRECTION('',(-1.,0.,0.));
#5972=DIRECTION('',(0.,-1.,0.));
#5973=DIRECTION('',(0.,0.,-1.));
#5974=DIRECTION('',(1.,0.,0.));
#5975=DIRECTION('',(0.,-1.,0.));
#5976=DIRECTION('',(-1.,0.,0.));
#5977=DIRECTION('',(0.,0.,1.));
#5978=DIRECTION('',(0.,0.,-1.));
#5979=DIRECTION('',(0.,1.,0.));
#5980=DIRECTION('',(1.,0.,0.));
#5981=DIRECTION('',(0.,1.,0.));
#5982=DIRECTION('',(1.,0.,0.));
#5983=DIRECTION('',(0.,-1.894780628694E-14,-1.));
#5984=DIRECTION('',(1.,0.,0.));
#5985=DIRECTION('',(0.,1.,0.));
#5986=DIRECTION('',(0.,-1.894780628694E-14,-1.));
#5987=DIRECTION('',(0.,1.,0.));
#5988=DIRECTION('',(-1.,0.,0.));
#5989=DIRECTION('',(0.,-3.383536836953E-14,1.));
#5990=DIRECTION('',(1.,0.,0.));
#5991=DIRECTION('',(0.,1.00000000000003,0.));
#5992=DIRECTION('',(0.,1.,0.));
#5993=DIRECTION('',(1.,0.,0.));
#5994=DIRECTION('',(0.,-3.46944695195361E-14,1.));
#5995=DIRECTION('',(0.,-4.060244204343E-14,1.));
#5996=DIRECTION('',(-1.,0.,0.));
#5997=DIRECTION('',(0.,1.,0.));
#5998=DIRECTION('',(-1.184237892934E-14,3.383536836953E-14,-1.));
#5999=DIRECTION('',(0.,1.,0.));
#6000=DIRECTION('',(-1.,0.,0.));
#6001=DIRECTION('',(0.,0.,1.));
#6002=DIRECTION('',(0.,0.,-1.));
#6003=DIRECTION('',(-1.,0.,0.));
#6004=DIRECTION('',(-7.24315847063429E-14,0.447213595498518,0.894427191000636));
#6005=DIRECTION('',(7.5813228473281E-7,-3.10862446896904E-13,-0.999999999999713));
#6006=DIRECTION('',(0.,1.,0.));
#6007=DIRECTION('',(1.61734926488598E-7,0.,-0.999999999999987));
#6008=DIRECTION('',(1.,0.,0.));
#6009=DIRECTION('',(0.,-1.,0.));
#6010=DIRECTION('',(1.207922650792E-13,0.,-1.));
#6011=DIRECTION('',(0.,-1.,0.));
#6012=DIRECTION('',(1.,0.,0.));
#6013=DIRECTION('',(-1.184237892934E-13,0.,1.));
#6014=DIRECTION('',(1.,0.,0.));
#6015=DIRECTION('',(0.,1.,0.));
#6016=DIRECTION('',(0.,-0.447213595498398,-0.894427191000696));
#6017=DIRECTION('',(-1.,0.,6.77384074758E-14));
#6018=DIRECTION('',(0.,0.447213595493598,0.894427191003096));
#6019=DIRECTION('',(1.,-1.006602208993E-13,0.));
#6020=DIRECTION('',(0.,-0.447213595493798,-0.894427191002996));
#6021=DIRECTION('',(-1.,0.,3.034609600642E-14));
#6022=DIRECTION('',(0.,0.447213595493878,0.894427191002956));
#6023=DIRECTION('',(1.,-1.006602208993E-13,0.));
#6024=DIRECTION('',(0.,-0.447213595493798,-0.894427191002996));
#6025=DIRECTION('',(-1.,0.,3.034609600642E-14));
#6026=DIRECTION('',(0.,0.447213595493878,0.894427191002956));
#6027=DIRECTION('',(1.,-1.006602208993E-13,0.));
#6028=DIRECTION('',(0.,-0.447213595494198,-0.894427191002796));
#6029=DIRECTION('',(-1.,0.,-5.222488601042E-14));
#6030=DIRECTION('',(0.,0.894427191000996,-0.447213595497798));
#6031=DIRECTION('',(0.,0.447213595497798,0.894427191000996));
#6032=DIRECTION('',(0.,0.,1.));
#6033=DIRECTION('',(1.,0.,0.));
#6034=DIRECTION('',(6.661338147462E-14,1.953992523255E-12,-1.));
#6035=DIRECTION('',(1.,0.,9.917992353318E-14));
#6036=DIRECTION('',(4.440892098299E-14,5.329070517959E-13,-1.));
#6037=DIRECTION('',(1.110223024571E-14,5.329070517941E-13,-1.));
#6038=DIRECTION('',(1.,0.,9.84397748501E-14));
#6039=DIRECTION('',(0.,5.329070517959E-13,-1.));
#6040=DIRECTION('',(0.,5.329070517941E-13,-1.));
#6041=DIRECTION('',(1.,0.,9.954999787472E-14));
#6042=DIRECTION('',(0.,0.,-1.));
#6043=DIRECTION('',(-2.220446049265E-14,6.661338147795E-14,1.));
#6044=DIRECTION('',(1.,0.,0.));
#6045=DIRECTION('',(0.,0.,1.));
#6046=DIRECTION('',(0.,1.,0.));
#6047=DIRECTION('',(-1.,0.,0.));
#6048=DIRECTION('',(0.,0.,1.));
#6049=DIRECTION('',(0.,1.,0.));
#6050=DIRECTION('',(0.,0.,-1.));
#6051=DIRECTION('',(0.,1.,0.));
#6052=DIRECTION('',(0.,0.,1.));
#6053=DIRECTION('',(1.,0.,0.));
#6054=DIRECTION('',(0.,-1.,0.));
#6055=DIRECTION('',(1.,0.,0.));
#6056=DIRECTION('',(0.,0.,-1.));
#6057=DIRECTION('',(0.,1.,0.));
#6058=DIRECTION('',(-1.,0.,0.));
#6059=DIRECTION('',(0.,0.,-1.));
#6060=DIRECTION('',(1.,-5.55111512312578E-14,0.));
#6061=DIRECTION('',(0.,1.894780628694E-13,1.));
#6062=DIRECTION('',(0.,0.,-1.));
#6063=DIRECTION('',(1.,0.,0.));
#6064=DIRECTION('',(-3.632553211873E-14,-1.,0.));
#6065=DIRECTION('',(0.,-7.105427357601E-13,-1.));
#6066=DIRECTION('',(1.,0.,0.));
#6067=DIRECTION('',(0.,-1.,0.));
#6068=DIRECTION('',(0.,0.,1.));
#6069=DIRECTION('',(0.586439068514242,-0.809993344985093,0.));
#6070=DIRECTION('',(8.585724723768E-13,-6.631732200428E-13,-1.));
#6071=DIRECTION('',(0.,0.,1.));
#6072=DIRECTION('',(-0.359012294800203,-0.93333283033561,0.));
#6073=DIRECTION('',(0.,0.,-1.));
#6074=DIRECTION('',(0.193433968056299,0.98111329621099,0.));
#6075=DIRECTION('',(0.,0.,-1.));
#6076=DIRECTION('',(0.,-4.736951571734E-14,1.));
#6077=DIRECTION('',(0.,0.,-1.));
#6078=DIRECTION('',(-1.,0.,0.));
#6079=DIRECTION('',(0.,1.,0.));
#6080=DIRECTION('',(1.,0.,0.));
#6081=DIRECTION('',(0.,0.447213595498398,-0.894427191000696));
#6082=DIRECTION('',(0.,-1.894780628694E-14,-1.));
#6083=DIRECTION('',(0.,1.,0.));
#6084=DIRECTION('',(1.110223024633E-14,-8.88178419706E-14,1.));
#6085=DIRECTION('',(1.,0.,0.));
#6086=DIRECTION('',(0.,-1.,0.));
#6087=DIRECTION('',(0.,0.,-1.));
#6088=DIRECTION('',(0.,1.,0.));
#6089=DIRECTION('',(-1.,0.,0.));
#6090=DIRECTION('',(0.,-1.894780628694E-14,-1.));
#6091=DIRECTION('',(1.,0.,0.));
#6092=DIRECTION('',(0.,1.,0.));
#6093=DIRECTION('',(-1.184237892934E-13,0.,-1.));
#6094=DIRECTION('',(-1.231607408651E-13,0.,-1.));
#6095=DIRECTION('',(1.,0.,0.));
#6096=DIRECTION('',(0.,-1.,0.));
#6097=DIRECTION('',(1.,0.,0.));
#6098=DIRECTION('',(0.,5.684341886081E-14,1.));
#6099=DIRECTION('',(0.,3.789561257387E-14,1.));
#6100=DIRECTION('',(0.,1.,0.));
#6101=DIRECTION('',(-1.,0.,0.));
#6102=DIRECTION('',(-4.102102392021E-13,1.,0.));
#6103=DIRECTION('',(1.,0.,0.));
#6104=DIRECTION('',(0.,-1.,0.));
#6105=DIRECTION('',(-1.,0.,0.));
#6106=DIRECTION('',(0.,1.,0.));
#6107=DIRECTION('',(-1.,0.,0.));
#6108=DIRECTION('',(-8.628018934227E-13,1.,0.));
#6109=DIRECTION('',(-1.,0.,0.));
#6110=DIRECTION('',(-1.021405182656E-12,1.,0.));
#6111=DIRECTION('',(0.768221279596196,-0.640184399665896,0.));
#6112=DIRECTION('',(0.,0.,-1.));
#6113=DIRECTION('',(-1.,0.,0.));
#6114=DIRECTION('',(-1.,0.,0.));
#6115=DIRECTION('',(0.,0.552770798392588,-0.833333333333319));
#6116=DIRECTION('',(8.881784197001E-14,0.,1.));
#6117=DIRECTION('',(-1.125025998287E-13,1.,0.));
#6118=DIRECTION('',(3.315866100214E-14,0.,-1.));
#6119=DIRECTION('',(-1.,0.,0.));
#6120=DIRECTION('',(0.,-1.,0.));
#6121=DIRECTION('',(1.,0.,0.));
#6122=DIRECTION('',(0.,0.,1.));
#6123=DIRECTION('',(1.,0.,0.));
#6124=DIRECTION('',(0.,0.,1.));
#6125=DIRECTION('',(0.,-1.,0.));
#6126=DIRECTION('',(-1.,0.,0.));
#6127=DIRECTION('',(0.,1.,0.));
#6128=DIRECTION('',(-1.,0.,0.));
#6129=DIRECTION('',(0.,1.,0.));
#6130=DIRECTION('',(0.,-1.,0.));
#6131=DIRECTION('',(0.,0.,1.));
#6132=DIRECTION('',(1.,0.,0.));
#6133=DIRECTION('',(0.,1.,0.));
#6134=DIRECTION('',(0.,1.,0.));
#6135=DIRECTION('',(0.,0.,-1.));
#6136=DIRECTION('',(1.,0.,0.));
#6137=DIRECTION('',(0.,0.,-1.));
#6138=DIRECTION('',(0.,0.,1.));
#6139=DIRECTION('',(-1.,0.,0.));
#6140=DIRECTION('',(0.,1.,0.));
#6141=DIRECTION('',(1.,0.,0.));
#6142=DIRECTION('',(0.,1.,0.));
#6143=DIRECTION('',(-1.,0.,0.));
#6144=DIRECTION('',(0.,-1.,0.));
#6145=DIRECTION('',(-1.,1.511793054809E-14,0.));
#6146=DIRECTION('',(0.,1.,0.));
#6147=DIRECTION('',(0.,0.,-1.));
#6148=DIRECTION('',(1.,0.,0.));
#6149=DIRECTION('',(0.,0.,-1.));
#6150=DIRECTION('',(0.,1.,0.));
#6151=DIRECTION('',(1.,0.,0.));
#6152=DIRECTION('',(0.,-1.,0.));
#6153=DIRECTION('',(-1.,0.,0.));
#6154=DIRECTION('',(0.,1.,0.));
#6155=DIRECTION('',(1.,0.,0.));
#6156=DIRECTION('',(1.,0.,0.));
#6157=DIRECTION('',(-1.,0.,0.));
#6158=DIRECTION('',(0.,0.,1.));
#6159=DIRECTION('',(-1.,0.,0.));
#6160=DIRECTION('',(0.,0.,-1.));
#6161=DIRECTION('',(-1.,0.,0.));
#6162=DIRECTION('',(-1.,0.,0.));
#6163=DIRECTION('',(0.,-0.999999999999994,0.));
#6164=DIRECTION('',(-1.,0.,0.));
#6165=DIRECTION('',(-1.,0.,0.));
#6166=DIRECTION('',(0.,-0.999999999999994,-1.51788304147971E-14));
#6167=DIRECTION('',(1.,0.,0.));
#6168=DIRECTION('',(0.,0.,1.));
#6169=DIRECTION('',(1.432536536992E-13,1.,0.));
#6170=DIRECTION('',(0.,1.42108547152E-13,-1.));
#6171=DIRECTION('',(0.,2.706829469562E-14,1.));
#6172=DIRECTION('',(0.,1.,0.));
#6173=DIRECTION('',(-1.,0.,0.));
#6174=DIRECTION('',(0.,0.,1.));
#6175=DIRECTION('',(0.,0.,1.));
#6176=DIRECTION('',(1.,0.,0.));
#6177=DIRECTION('',(0.,-1.,0.));
#6178=DIRECTION('',(3.315866100214E-14,0.,-1.));
#6179=DIRECTION('',(-1.,9.53436920166E-13,0.));
#6180=DIRECTION('',(0.,1.,0.));
#6181=DIRECTION('',(1.,0.,0.));
#6182=DIRECTION('',(0.,0.,-1.));
#6183=DIRECTION('',(0.,-1.,0.));
#6184=DIRECTION('',(1.262420182461E-12,-1.,0.));
#6185=DIRECTION('',(0.,0.,1.));
#6186=DIRECTION('',(0.354838709677409,0.934927532012224,0.));
#6187=DIRECTION('',(0.,0.,-1.));
#6188=DIRECTION('',(-0.963678765398429,0.267064106761199,0.));
#6189=DIRECTION('',(-1.,0.,0.));
#6190=DIRECTION('',(0.,0.,1.));
#6191=DIRECTION('',(0.,-1.00000000000003,0.));
#6192=DIRECTION('',(0.,1.,0.));
#6193=DIRECTION('',(-1.,0.,0.));
#6194=DIRECTION('',(0.,0.,-1.));
#6195=DIRECTION('',(1.,0.,0.));
#6196=DIRECTION('',(0.,1.,-2.852585985893E-11));
#6197=DIRECTION('',(0.999999999999734,-7.29705375717325E-7,5.9784472752772E-9));
#6198=DIRECTION('',(-0.643192533933117,-0.76570448888112,-5.68379459787315E-9));
#6199=DIRECTION('',(6.848126048888E-14,-1.,2.025875729559E-8));
#6200=DIRECTION('',(-1.,0.,-2.521951310532E-9));
#6201=DIRECTION('',(0.,0.,1.));
#6202=DIRECTION('',(0.,-1.,0.));
#6203=DIRECTION('',(0.,0.,-1.));
#6204=DIRECTION('',(-1.,0.,0.));
#6205=DIRECTION('',(1.776357040754E-13,0.,-1.));
#6206=DIRECTION('',(8.881791271345E-14,-1.080025818596E-10,-1.));
#6207=DIRECTION('',(1.,0.,0.));
#6208=DIRECTION('',(0.,-1.,0.));
#6209=DIRECTION('',(1.09454065535697E-5,4.68941528305185E-5,-0.999999998840568));
#6210=DIRECTION('',(0.765704864790277,-0.643192086422481,0.));
#6211=DIRECTION('',(-0.643192086422481,-0.765704864790277,0.));
#6212=DIRECTION('',(-1.,0.,0.));
#6213=DIRECTION('',(0.,2.01292940263695E-5,0.999999999797406));
#6214=DIRECTION('',(1.,0.,0.));
#6215=DIRECTION('',(0.,0.,-1.));
#6216=DIRECTION('',(1.,0.,0.));
#6217=DIRECTION('',(0.,0.458122847290806,0.888888888888913));
#6218=DIRECTION('',(1.,0.,0.));
#6219=DIRECTION('',(0.,0.999999999999998,0.));
#6220=DIRECTION('',(-1.,0.,3.40264592055E-9));
#6221=DIRECTION('',(1.316947317099E-13,1.,-5.924132764659E-9));
#6222=DIRECTION('',(-0.643192668422708,0.765704375909709,1.02617174220101E-10));
#6223=DIRECTION('',(0.999999999999492,1.00837286805699E-6,-4.92875613615896E-9));
#6224=DIRECTION('',(0.,1.,-1.839822213414E-11));
#6225=DIRECTION('',(0.,0.,1.));
#6226=DIRECTION('',(-0.999999999999999,0.,0.));
#6227=DIRECTION('',(0.,0.,-1.));
#6228=DIRECTION('',(-1.,0.,0.));
#6229=DIRECTION('',(-8.704149765643E-12,0.,-1.));
#6230=DIRECTION('',(-8.881787249446E-12,-2.557954727841E-11,-1.));
#6231=DIRECTION('',(1.,0.,0.));
#6232=DIRECTION('',(0.,-1.,0.));
#6233=DIRECTION('',(-7.6856600217961E-6,4.91843992866706E-5,-0.999999998760913));
#6234=DIRECTION('',(0.765704864790277,0.643192086422481,0.));
#6235=DIRECTION('',(0.643192086422481,-0.765704864790277,0.));
#6236=DIRECTION('',(1.,0.,0.));
#6237=DIRECTION('',(0.,0.458122847290883,0.888888888888872));
#6238=DIRECTION('',(1.,0.,0.));
#6239=DIRECTION('',(0.,0.,-1.));
#6240=DIRECTION('',(-1.,0.,0.));
#6241=DIRECTION('',(0.,1.07591404921139E-10,1.));
#6242=DIRECTION('',(1.,0.,0.));
#6243=DIRECTION('',(0.,0.999999999999998,0.));
#6244=DIRECTION('',(0.,0.,-1.));
#6245=DIRECTION('',(0.,0.,1.));
#6246=DIRECTION('',(0.,0.,1.));
#6247=DIRECTION('',(-1.,0.,0.));
#6248=DIRECTION('',(0.,0.,1.));
#6249=DIRECTION('',(0.,1.,0.));
#6250=DIRECTION('',(-1.,0.,0.));
#6251=DIRECTION('',(0.,0.,1.));
#6252=DIRECTION('',(0.,-1.,0.));
#6253=DIRECTION('',(0.,0.,1.));
#6254=DIRECTION('',(1.,0.,0.));
#6255=DIRECTION('',(0.,1.,0.));
#6256=DIRECTION('',(1.,0.,0.));
#6257=DIRECTION('',(7.5813541001071E-7,-2.66453525911603E-13,0.999999999999713));
#6258=DIRECTION('',(1.,0.,-5.364597134402E-14));
#6259=DIRECTION('',(0.,-1.776356839323E-12,-1.));
#6260=DIRECTION('',(-1.,2.368475785867E-14,9.547918011776E-14));
#6261=DIRECTION('',(0.,0.,-1.));
#6262=DIRECTION('',(1.,0.,2.960594732334E-14));
#6263=DIRECTION('',(0.,-7.105427357254E-13,-1.));
#6264=DIRECTION('',(-1.,2.368475785867E-14,9.547918011776E-14));
#6265=DIRECTION('',(-1.110223024575E-14,0.,-1.));
#6266=DIRECTION('',(1.,0.,2.960594732334E-14));
#6267=DIRECTION('',(4.440892098284E-14,-7.105427357254E-13,-1.));
#6268=DIRECTION('',(-1.,2.368475785867E-14,9.547918011776E-14));
#6269=DIRECTION('',(0.,3.55271367863E-13,-1.));
#6270=DIRECTION('',(1.,0.,6.631732200428E-14));
#6271=DIRECTION('',(-1.,0.,0.));
#6272=DIRECTION('',(0.,-1.,0.));
#6273=DIRECTION('',(1.,0.,0.));
#6274=DIRECTION('',(-1.,0.,0.));
#6275=DIRECTION('',(0.,0.,-1.));
#6276=DIRECTION('',(1.73472347597681E-14,-1.00000000000003,0.));
#6277=DIRECTION('',(0.,0.,-1.));
#6278=DIRECTION('',(1.,0.,0.));
#6279=DIRECTION('',(0.,0.,1.));
#6280=DIRECTION('',(0.,0.,1.));
#6281=DIRECTION('',(-0.999999999999994,0.,0.));
#6282=DIRECTION('',(0.,0.,1.));
#6283=DIRECTION('',(-0.999999999999994,0.,0.));
#6284=DIRECTION('',(-1.,0.,0.));
#6285=DIRECTION('',(0.,0.,-1.));
#6286=DIRECTION('',(1.,0.,0.));
#6287=DIRECTION('',(0.,1.,0.));
#6288=DIRECTION('',(1.,0.,0.));
#6289=DIRECTION('',(0.,-0.447213595498518,0.894427191000636));
#6290=DIRECTION('',(0.,-0.447213595493678,0.894427191003056));
#6291=DIRECTION('',(-1.,1.184237892934E-13,0.));
#6292=DIRECTION('',(0.,0.447213595493998,-0.894427191002896));
#6293=DIRECTION('',(0.,-0.447213595493878,0.894427191002956));
#6294=DIRECTION('',(-1.,1.184237892934E-13,0.));
#6295=DIRECTION('',(0.,0.447213595493998,-0.894427191002896));
#6296=DIRECTION('',(0.,-0.447213595493878,0.894427191002956));
#6297=DIRECTION('',(-1.,1.184237892933E-13,0.));
#6298=DIRECTION('',(0.,0.447213595494598,-0.894427191002596));
#6299=DIRECTION('',(0.,0.894427191000996,0.447213595497798));
#6300=DIRECTION('',(0.,0.447213595497798,-0.894427191000996));
#6301=DIRECTION('',(0.,-1.,0.));
#6302=DIRECTION('',(0.,0.,1.));
#6303=DIRECTION('',(-1.61734921751598E-7,0.,-0.999999999999987));
#6304=DIRECTION('',(1.,0.,0.));
#6305=DIRECTION('',(0.,1.,0.));
#6306=DIRECTION('',(0.,1.,0.));
#6307=DIRECTION('',(-1.,0.,0.));
#6308=DIRECTION('',(0.,0.,-1.));
#6309=DIRECTION('',(-0.999999999999999,0.,0.));
#6310=DIRECTION('',(-1.,0.,0.));
#6311=DIRECTION('',(0.,0.,-1.));
#6312=DIRECTION('',(0.,1.,0.));
#6313=DIRECTION('',(1.,0.,0.));
#6314=DIRECTION('',(0.,0.,-1.));
#6315=DIRECTION('',(0.999999999999994,0.,0.));
#6316=DIRECTION('',(0.,0.,-1.));
#6317=DIRECTION('',(0.999999999999994,0.,0.));
#6318=DIRECTION('',(0.,0.,-1.));
#6319=DIRECTION('',(1.,0.,0.));
#6320=DIRECTION('',(0.,-0.707106781193098,0.707106781179998));
#6321=DIRECTION('',(-1.,0.,0.));
#6322=DIRECTION('',(0.,-1.,0.));
#6323=DIRECTION('',(3.14018491741199E-14,0.707106781192898,-0.707106781180198));
#6324=DIRECTION('',(0.,-0.707106781186547,-0.707106781186547));
#6325=DIRECTION('',(0.,-0.707106781186547,0.707106781186547));
#6326=DIRECTION('',(1.,0.,0.));
#6327=DIRECTION('',(0.,1.,0.));
#6328=DIRECTION('',(-1.57009245870099E-14,-0.707106781193098,0.707106781179998));
#6329=DIRECTION('',(-1.,0.,0.));
#6330=DIRECTION('',(0.,-1.,0.));
#6331=DIRECTION('',(0.,0.707106781192898,-0.707106781180198));
#6332=DIRECTION('',(0.,-0.707106781186547,-0.707106781186547));
#6333=DIRECTION('',(0.,-0.707106781186547,0.707106781186547));
#6334=DIRECTION('',(1.,0.,0.));
#6335=DIRECTION('',(0.,1.,0.));
#6336=DIRECTION('',(0.,-0.707106781193098,0.707106781179998));
#6337=DIRECTION('',(-1.,0.,0.));
#6338=DIRECTION('',(0.,-1.,0.));
#6339=DIRECTION('',(0.,0.707106781192898,-0.707106781180198));
#6340=DIRECTION('',(0.,-0.707106781186547,-0.707106781186547));
#6341=DIRECTION('',(0.,-0.707106781186547,0.707106781186547));
#6342=DIRECTION('',(1.,0.,0.));
#6343=DIRECTION('',(0.,1.,0.));
#6344=DIRECTION('',(1.,0.,0.));
#6345=DIRECTION('',(-1.,0.,0.));
#6346=DIRECTION('',(0.,0.,1.));
#6347=DIRECTION('',(0.,0.,-1.));
#6348=DIRECTION('',(-1.,0.,0.));
#6349=DIRECTION('',(0.,3.383536836953E-14,1.));
#6350=DIRECTION('',(0.,1.,0.));
#6351=DIRECTION('',(-1.,0.,0.));
#6352=DIRECTION('',(0.,0.,-1.));
#6353=DIRECTION('',(0.,0.,-1.));
#6354=DIRECTION('',(-0.999999999999999,0.,0.));
#6355=DIRECTION('',(0.,0.,-1.));
#6356=DIRECTION('',(0.,-1.,0.));
#6357=DIRECTION('',(1.,0.,0.));
#6358=DIRECTION('',(0.,1.,0.));
#6359=DIRECTION('',(-6.631732200428E-14,0.,1.));
#6360=DIRECTION('',(0.,-1.,0.));
#6361=DIRECTION('',(1.,0.,0.));
#6362=DIRECTION('',(6.631732200428E-14,1.894780628694E-14,-1.));
#6363=DIRECTION('',(1.,0.,0.));
#6364=DIRECTION('',(0.,-1.,0.));
#6365=DIRECTION('',(1.,0.,0.));
#6366=DIRECTION('',(0.,0.,-1.));
#6367=DIRECTION('',(-3.46944695195361E-14,1.00000000000003,0.));
#6368=DIRECTION('',(0.,-1.,0.));
#6369=DIRECTION('',(0.,0.,-1.));
#6370=DIRECTION('',(1.,0.,0.));
#6371=DIRECTION('',(0.,0.,-1.));
#6372=DIRECTION('',(1.,0.,0.));
#6373=DIRECTION('',(0.,1.,0.));
#6374=DIRECTION('',(0.,0.,1.));
#6375=DIRECTION('',(0.,0.,1.));
#6376=DIRECTION('',(0.999999999999994,0.,0.));
#6377=DIRECTION('',(0.,1.,0.));
#6378=DIRECTION('',(-1.,0.,0.));
#6379=DIRECTION('',(1.,0.,0.));
#6380=DIRECTION('',(0.,3.85494105772624E-14,-1.));
#6381=DIRECTION('',(1.,0.,0.));
#6382=DIRECTION('',(0.,0.,1.));
#6383=DIRECTION('',(3.789561257387E-12,-3.410605131648E-11,-1.));
#6384=DIRECTION('',(1.,0.,0.));
#6385=DIRECTION('',(0.,0.,1.));
#6386=DIRECTION('',(-4.026408835974E-12,2.392160543726E-11,1.));
#6387=DIRECTION('',(0.640184399667588,0.768221279594786,0.));
#6388=DIRECTION('',(0.768221279594786,-0.640184399667588,0.));
#6389=DIRECTION('',(1.,0.,0.));
#6390=DIRECTION('',(0.,-0.552770798392588,-0.833333333333319));
#6391=DIRECTION('',(1.,0.,0.));
#6392=DIRECTION('',(0.,-1.,0.));
#6393=DIRECTION('',(0.,0.,1.));
#6394=DIRECTION('',(0.,-1.,0.));
#6395=DIRECTION('',(1.,0.,0.));
#6396=DIRECTION('',(0.,-1.,0.));
#6397=DIRECTION('',(0.,0.,-1.));
#6398=DIRECTION('',(-0.999999999999994,0.,0.));
#6399=DIRECTION('',(-1.,0.,0.));
#6400=DIRECTION('',(0.,0.,-1.));
#6401=DIRECTION('',(1.,0.,0.));
#6402=DIRECTION('',(0.,0.,-1.));
#6403=DIRECTION('',(0.,1.,0.));
#6404=DIRECTION('',(-1.,0.,0.));
#6405=DIRECTION('',(0.,0.,-1.));
#6406=DIRECTION('',(-0.999999999999994,0.,0.));
#6407=DIRECTION('',(0.,-0.707106781192797,-0.707106781180297));
#6408=DIRECTION('',(-1.,0.,0.));
#6409=DIRECTION('',(0.,-1.,0.));
#6410=DIRECTION('',(-3.14018491740199E-14,0.707106781192898,0.707106781180198));
#6411=DIRECTION('',(0.,0.707106781186547,-0.707106781186547));
#6412=DIRECTION('',(0.,0.707106781186547,0.707106781186547));
#6413=DIRECTION('',(1.,0.,0.));
#6414=DIRECTION('',(0.,1.,0.));
#6415=DIRECTION('',(0.,-0.707106781192797,-0.707106781180297));
#6416=DIRECTION('',(-1.,0.,0.));
#6417=DIRECTION('',(0.,-1.,0.));
#6418=DIRECTION('',(0.,0.707106781192797,0.707106781180297));
#6419=DIRECTION('',(0.,0.707106781186598,-0.707106781186498));
#6420=DIRECTION('',(0.,0.707106781186498,0.707106781186598));
#6421=DIRECTION('',(1.,0.,0.));
#6422=DIRECTION('',(0.,1.,0.));
#6423=DIRECTION('',(-3.14018491741199E-14,-0.707106781192797,-0.707106781180297));
#6424=DIRECTION('',(-1.,0.,0.));
#6425=DIRECTION('',(0.,-1.,0.));
#6426=DIRECTION('',(1.57009245870099E-14,0.707106781192898,0.707106781180198));
#6427=DIRECTION('',(0.,0.707106781186498,-0.707106781186598));
#6428=DIRECTION('',(0.,0.707106781186598,0.707106781186498));
#6429=DIRECTION('',(1.,0.,0.));
#6430=DIRECTION('',(0.,1.,0.));
#6431=DIRECTION('',(-1.,0.,0.));
#6432=DIRECTION('',(0.,-3.85494105772624E-14,-1.));
#6433=DIRECTION('',(0.,3.126388037345E-11,-1.));
#6434=DIRECTION('',(1.,0.,0.));
#6435=DIRECTION('',(0.,-1.,0.));
#6436=DIRECTION('',(-0.640184399667588,0.768221279594786,0.));
#6437=DIRECTION('',(-0.768221279594786,-0.640184399667588,0.));
#6438=DIRECTION('',(0.,0.,-1.));
#6439=DIRECTION('',(0.468014227850088,0.883720930231872,0.));
#6440=DIRECTION('',(4.138911435803E-12,-2.380318164796E-12,-1.));
#6441=DIRECTION('',(0.,0.,1.));
#6442=DIRECTION('',(1.,0.,0.));
#6443=DIRECTION('',(-4.20552481728E-12,6.856737400085E-12,-1.));
#6444=DIRECTION('',(0.,0.,1.));
#6445=DIRECTION('',(1.,0.,0.));
#6446=DIRECTION('',(0.,0.,1.));
#6447=DIRECTION('',(-0.883720930103509,-0.46801422809245,0.));
#6448=DIRECTION('',(0.,0.,-1.));
#6449=DIRECTION('',(0.999999999999994,0.,0.));
#6450=DIRECTION('',(3.952393967666E-13,1.740829702612E-12,1.));
#6451=DIRECTION('',(0.,0.,-1.));
#6452=DIRECTION('',(0.999999999999994,0.,0.));
#6453=DIRECTION('',(0.,0.,1.));
#6454=DIRECTION('',(1.42299366737949E-10,1.00000000000001,0.));
#6455=DIRECTION('',(3.992361996552E-12,0.,-1.));
#6456=DIRECTION('',(0.,0.,-1.));
#6457=DIRECTION('',(0.999999999999993,0.,0.));
#6458=DIRECTION('',(0.,0.,-1.));
#6459=DIRECTION('',(-0.468014227811775,-0.883720930252135,0.));
#6460=DIRECTION('',(0.,-1.,0.));
#6461=DIRECTION('',(1.,7.721973999227E-13,0.));
#6462=DIRECTION('',(0.,0.,-1.));
#6463=DIRECTION('',(1.,0.,0.));
#6464=DIRECTION('',(0.,0.,1.));
#6465=DIRECTION('',(1.,-2.69437250296316E-10,0.));
#6466=DIRECTION('',(-1.33226762955E-14,-2.824407374646E-12,-1.));
#6467=DIRECTION('',(0.,0.,-1.));
#6468=DIRECTION('',(-0.883720930325911,0.468014227672523,0.));
#6469=DIRECTION('',(2.970956813897E-12,4.920508445139E-12,-1.));
#6470=DIRECTION('',(0.,0.,-1.));
#6471=DIRECTION('',(-0.883720930224933,0.468014227863203,0.));
#6472=DIRECTION('',(0.,0.,1.));
#6473=DIRECTION('',(0.468014227832179,-0.883720930241357,0.));
#6474=DIRECTION('',(-1.434408147816E-12,-2.30926389122E-13,-1.));
#6475=DIRECTION('',(0.,0.,-1.));
#6476=DIRECTION('',(0.883720930227414,-0.468014227858508,0.));
#6477=DIRECTION('',(0.,0.,1.));
#6478=DIRECTION('',(1.,0.,0.));
#6479=DIRECTION('',(0.,0.,1.));
#6480=DIRECTION('',(-0.468014228136616,0.883720930080142,0.));
#6481=DIRECTION('',(0.,0.,-1.));
#6482=DIRECTION('',(-2.00707506170517E-11,-1.00000000000003,0.));
#6483=DIRECTION('',(1.674216321135E-12,-3.907985046681E-13,1.));
#6484=DIRECTION('',(0.,0.,-1.));
#6485=DIRECTION('',(0.,-1.00000000000003,0.));
#6486=DIRECTION('',(-1.,0.,0.));
#6487=DIRECTION('',(8.937469906601E-13,-1.,0.));
#6488=DIRECTION('',(0.,0.,-1.));
#6489=DIRECTION('',(1.,0.,0.));
#6490=DIRECTION('',(0.,0.,1.));
#6491=DIRECTION('',(-0.999999999999987,2.69645417113439E-10,0.));
#6492=DIRECTION('',(-7.815970093361E-13,6.288303211477E-12,-1.));
#6493=DIRECTION('',(0.,0.,-1.));
#6494=DIRECTION('',(0.883720930340327,-0.468014227645322,0.));
#6495=DIRECTION('',(-1.527666881884E-12,-2.806643806252E-12,-1.));
#6496=DIRECTION('',(0.,0.,-1.));
#6497=DIRECTION('',(0.883720930224933,-0.468014227863203,0.));
#6498=DIRECTION('',(0.,0.,-1.));
#6499=DIRECTION('',(-0.883720930227415,0.468014227858505,0.));
#6500=DIRECTION('',(0.,0.,1.));
#6501=DIRECTION('',(-0.468014227832298,0.883720930241296,0.));
#6502=DIRECTION('',(1.261213355974E-12,3.552713678801E-14,-1.));
#6503=DIRECTION('',(0.,0.,1.));
#6504=DIRECTION('',(1.,0.,0.));
#6505=DIRECTION('',(0.,0.,1.));
#6506=DIRECTION('',(0.468014228135472,-0.883720930080767,0.));
#6507=DIRECTION('',(0.,0.,-1.));
#6508=DIRECTION('',(2.00880978518114E-11,1.00000000000003,0.));
#6509=DIRECTION('',(-1.669775429036E-12,3.907985046681E-13,1.));
#6510=DIRECTION('',(0.,0.,-1.));
#6511=DIRECTION('',(0.,1.00000000000003,0.));
#6512=DIRECTION('',(1.,0.,0.));
#6513=DIRECTION('',(-8.901720026976E-13,1.,0.));
#6514=DIRECTION('',(0.,0.,-1.));
#6515=DIRECTION('',(1.,0.,0.));
#6516=DIRECTION('',(0.,0.,1.));
#6517=DIRECTION('',(-1.42941214424077E-10,-1.00000000000001,0.));
#6518=DIRECTION('',(-3.961275751863E-12,1.7763568394E-14,-1.));
#6519=DIRECTION('',(0.,0.,-1.));
#6520=DIRECTION('',(0.468014227727832,0.883720930296613,0.));
#6521=DIRECTION('',(-4.511946372077E-12,2.593480985524E-12,-1.));
#6522=DIRECTION('',(0.,0.,-1.));
#6523=DIRECTION('',(0.468014227811689,0.883720930252204,0.));
#6524=DIRECTION('',(0.,0.,1.));
#6525=DIRECTION('',(-0.883720930237652,-0.468014227839174,0.));
#6526=DIRECTION('',(4.209965709379E-12,-6.874500968479E-12,-1.));
#6527=DIRECTION('',(0.,0.,-1.));
#6528=DIRECTION('',(-0.468014227850127,-0.883720930231852,0.));
#6529=DIRECTION('',(0.,0.,1.));
#6530=DIRECTION('',(1.,0.,0.));
#6531=DIRECTION('',(0.,0.,1.));
#6532=DIRECTION('',(0.88372093010311,0.468014228093214,0.));
#6533=DIRECTION('',(0.,0.,-1.));
#6534=DIRECTION('',(-0.999999999999994,-4.08006961549745E-11,0.));
#6535=DIRECTION('',(3.907985046681E-13,-4.920508445139E-12,1.));
#6536=DIRECTION('',(0.,0.,-1.));
#6537=DIRECTION('',(-0.999999999999994,0.,0.));
#6538=DIRECTION('',(0.,1.,0.));
#6539=DIRECTION('',(-1.,-7.721973999227E-13,0.));
#6540=DIRECTION('',(0.,0.,-1.));
#6541=DIRECTION('',(1.,0.,0.));
#6542=DIRECTION('',(0.,0.,-1.));
#6543=DIRECTION('',(0.,0.,-1.));
#6544=DIRECTION('',(0.999999999999999,0.,0.));
#6545=DIRECTION('',(0.,0.,-1.));
#6546=DIRECTION('',(0.,0.,1.));
#6547=DIRECTION('',(0.999999999999999,0.,0.));
#6548=DIRECTION('',(0.,0.,-1.));
#6549=DIRECTION('',(-0.999999999999999,0.,0.));
#6550=DIRECTION('',(1.,0.,0.));
#6551=DIRECTION('',(0.,0.,-1.));
#6552=DIRECTION('',(-1.,0.,0.));
#6553=DIRECTION('',(0.,-1.,0.));
#6554=DIRECTION('',(0.,0.,-1.));
#6555=DIRECTION('',(0.,0.,-1.));
#6556=DIRECTION('',(-1.,0.,0.));
#6557=DIRECTION('',(0.,0.,-1.));
#6558=DIRECTION('',(1.,0.,0.));
#6559=DIRECTION('',(0.,1.,0.));
#6560=DIRECTION('',(0.,0.,1.));
#6561=DIRECTION('',(0.,0.,-1.));
#6562=DIRECTION('',(0.999999999999999,0.,0.));
#6563=DIRECTION('',(0.,0.,-1.));
#6564=DIRECTION('',(0.,0.,1.));
#6565=DIRECTION('',(0.999999999999999,0.,0.));
#6566=DIRECTION('',(0.,0.,-1.));
#6567=DIRECTION('',(-0.999999999999999,0.,0.));
#6568=DIRECTION('',(1.020425574104E-15,1.,0.));
#6569=DIRECTION('',(-1.020425574104E-15,-1.,0.));
#6570=DIRECTION('',(1.,-1.020425574104E-15,0.));
#6571=DIRECTION('',(1.02001740387436E-15,1.,0.));
#6572=DIRECTION('',(8.50577028056693E-7,-0.999999999999638,0.));
#6573=DIRECTION('',(-0.99999999999999,-1.41170814429519E-7,0.));
#6574=DIRECTION('',(-5.90879936884316E-7,0.999999999999825,0.));
#6575=DIRECTION('',(0.999999999999993,1.22864897445997E-7,0.));
#6576=DIRECTION('',(0.,0.,1.));
#6577=DIRECTION('',(1.,0.,0.));
#6578=DIRECTION('',(0.,0.,-1.));
#6579=DIRECTION('',(0.,0.,-1.));
#6580=DIRECTION('',(0.,0.,1.));
#6581=DIRECTION('',(0.999999999999993,1.22864897445997E-7,0.));
#6582=DIRECTION('',(0.,0.,-1.));
#6583=DIRECTION('',(1.22864897445997E-7,-0.999999999999993,0.));
#6584=DIRECTION('',(0.999999999999993,1.22864897443564E-7,0.));
#6585=DIRECTION('',(0.,0.,-1.));
#6586=DIRECTION('',(0.,0.,1.));
#6587=DIRECTION('',(-8.50577028056693E-7,0.999999999999638,0.));
#6588=DIRECTION('',(0.,0.,-1.));
#6589=DIRECTION('',(0.999999999999638,8.50577028056693E-7,0.));
#6590=DIRECTION('',(-8.50577028057437E-7,0.999999999999638,0.));
#6591=DIRECTION('',(0.,0.,-1.));
#6592=DIRECTION('',(0.,0.,1.));
#6593=DIRECTION('',(-0.99999999999999,-1.41170814429519E-7,0.));
#6594=DIRECTION('',(0.,0.,-1.));
#6595=DIRECTION('',(-1.41170814429519E-7,0.99999999999999,0.));
#6596=DIRECTION('',(-0.99999999999999,-1.41170814427216E-7,0.));
#6597=DIRECTION('',(0.,0.,-1.));
#6598=DIRECTION('',(0.,0.,1.));
#6599=DIRECTION('',(5.90879936884316E-7,-0.999999999999825,0.));
#6600=DIRECTION('',(-0.999999999999825,-5.90879936884316E-7,0.));
#6601=DIRECTION('',(5.90879936885474E-7,-0.999999999999825,0.));
#6602=DIRECTION('',(-1.020425574104E-15,-1.,0.));
#6603=DIRECTION('',(0.,0.,1.));
#6604=DIRECTION('',(1.,0.,0.));
#6605=DIRECTION('',(1.,0.,0.));
#6606=DIRECTION('',(0.,0.,1.));
#6607=DIRECTION('',(1.,0.,0.));
#6608=DIRECTION('',(1.27553196763001E-15,1.,0.));
#6609=DIRECTION('',(0.,0.,1.));
#6610=DIRECTION('',(1.,0.,0.));
#6611=DIRECTION('',(-1.,0.,0.));
#6612=DIRECTION('',(0.,0.,1.));
#6613=DIRECTION('',(1.,0.,0.));
#6614=DIRECTION('',(0.99999999999999,1.41170814429519E-7,0.));
#6615=DIRECTION('',(8.50577028056693E-7,-0.999999999999638,0.));
#6616=DIRECTION('',(-0.999999999999993,-1.22864897445997E-7,0.));
#6617=DIRECTION('',(-5.90879936884316E-7,0.999999999999825,0.));
#6618=DIRECTION('',(0.,0.,1.));
#6619=DIRECTION('',(0.,1.,0.));
#6620=DIRECTION('',(1.,0.,0.));
#6621=DIRECTION('',(0.,-0.552770798392588,-0.833333333333319));
#6622=DIRECTION('',(1.,0.,0.));
#6623=DIRECTION('',(0.,-0.999999999999998,0.));
#6624=DIRECTION('',(-1.,0.,0.));
#6625=DIRECTION('',(0.,-3.85494105772624E-14,-1.));
#6626=DIRECTION('',(1.,0.,0.));
#6627=DIRECTION('',(0.,-0.999999999999998,0.));
#6628=DIRECTION('',(0.,0.,1.));
#6629=DIRECTION('',(1.,0.,0.));
#6630=DIRECTION('',(1.27553196763001E-15,1.,0.));
#6631=DIRECTION('',(0.,0.,1.));
#6632=DIRECTION('',(1.,0.,0.));
#6633=DIRECTION('',(-1.,2.574714792636E-14,0.));
#6634=DIRECTION('',(1.040688434042E-13,1.,0.));
#6635=DIRECTION('',(1.,-2.596910609814E-14,0.));
#6636=DIRECTION('',(1.042659434865E-13,1.,0.));
#6637=DIRECTION('',(0.,0.,-1.));
#6638=DIRECTION('',(1.,0.,0.));
#6639=DIRECTION('',(1.,0.,0.));
#6640=DIRECTION('',(0.,3.85494105772624E-14,-1.));
#6641=DIRECTION('',(1.,0.,0.));
#6642=DIRECTION('',(0.,-1.,0.));
#6643=DIRECTION('',(-1.,0.,0.));
#6644=DIRECTION('',(0.,0.552770798392588,-0.833333333333319));
#6645=DIRECTION('',(1.,0.,0.));
#6646=DIRECTION('',(0.,0.,-1.));
#6647=DIRECTION('',(1.,0.,0.));
#6648=DIRECTION('',(0.,0.,-1.));
#6649=DIRECTION('',(-1.,0.,0.));
#6650=DIRECTION('',(0.,0.552770798392588,-0.833333333333319));
#6651=DIRECTION('',(1.,0.,0.));
#6652=DIRECTION('',(0.,1.,0.));
#6653=DIRECTION('',(1.,0.,0.));
#6654=DIRECTION('',(0.,3.85494105772624E-14,-1.));
#6655=DIRECTION('',(1.,0.,0.));
#6656=DIRECTION('',(0.,0.,-1.));
#6657=DIRECTION('',(1.,0.,0.));
#6658=DIRECTION('',(0.,0.,-1.));
#6659=DIRECTION('',(0.,-6.631732200428E-14,-1.));
#6660=DIRECTION('',(-7.026478164739E-14,0.,1.));
#6661=DIRECTION('',(0.,1.,0.));
#6662=DIRECTION('',(-1.,0.,0.));
#6663=DIRECTION('',(6.947528971877E-14,0.,1.));
#6664=DIRECTION('',(1.,0.,0.));
#6665=DIRECTION('',(0.,1.,0.));
#6666=DIRECTION('',(0.,6.315935428979E-14,-1.));
#6667=DIRECTION('',(0.,1.,0.));
#6668=DIRECTION('',(1.,0.,0.));
#6669=DIRECTION('',(1.,0.,0.));
#6670=DIRECTION('',(0.,-1.,0.));
#6671=DIRECTION('',(0.,0.,1.));
#6672=DIRECTION('',(0.,0.,1.));
#6673=DIRECTION('',(0.,0.,-1.));
#6674=DIRECTION('',(-0.999999999999999,0.,0.));
#6675=DIRECTION('',(0.,0.,-1.));
#6676=DIRECTION('',(0.,0.,-1.));
#6677=DIRECTION('',(-0.999999999999999,0.,0.));
#6678=DIRECTION('',(0.,0.,1.));
#6679=DIRECTION('',(0.,0.,-1.));
#6680=DIRECTION('',(0.,0.999999999999997,0.));
#6681=DIRECTION('',(0.,0.,-1.));
#6682=DIRECTION('',(0.,0.,-1.));
#6683=DIRECTION('',(0.,0.999999999999997,0.));
#6684=DIRECTION('',(1.,0.,0.));
#6685=DIRECTION('',(0.,1.,0.));
#6686=DIRECTION('',(-1.,0.,0.));
#6687=DIRECTION('',(0.,0.,-1.));
#6688=DIRECTION('',(0.,0.,1.));
#6689=DIRECTION('',(0.,0.,-1.));
#6690=DIRECTION('',(1.,0.,0.));
#6691=DIRECTION('',(0.,0.,-1.));
#6692=DIRECTION('',(1.,0.,0.));
#6693=DIRECTION('',(0.,-1.,0.));
#6694=DIRECTION('',(1.,0.,0.));
#6695=DIRECTION('',(0.,1.,0.));
#6696=DIRECTION('',(0.,0.,-1.));
#6697=DIRECTION('',(0.,0.,1.));
#6698=DIRECTION('',(0.,0.,-1.));
#6699=DIRECTION('',(0.,-1.,0.));
#6700=DIRECTION('',(0.,0.,-1.));
#6701=DIRECTION('',(0.,-1.,0.));
#6702=DIRECTION('',(-1.,0.,0.));
#6703=DIRECTION('',(0.,1.,0.));
#6704=DIRECTION('',(1.,0.,0.));
#6705=DIRECTION('',(0.,1.,0.));
#6706=DIRECTION('',(1.,-2.337946635735E-11,0.));
#6707=DIRECTION('',(0.,0.,1.));
#6708=DIRECTION('',(1.48921441693903E-5,-0.99999999988911,0.));
#6709=DIRECTION('',(1.994213301575E-11,1.,0.));
#6710=DIRECTION('',(0.,0.,1.));
#6711=DIRECTION('',(0.99999999999467,3.26501930613146E-6,0.));
#6712=DIRECTION('',(-1.,-2.646584984092E-11,0.));
#6713=DIRECTION('',(0.,0.,1.));
#6714=DIRECTION('',(4.80172915532911E-5,0.99999999884717,0.));
#6715=DIRECTION('',(-2.861321976993E-13,-1.,0.));
#6716=DIRECTION('',(0.,0.,1.));
#6717=DIRECTION('',(-0.999999998745646,-5.00870059697749E-5,0.));
#6718=DIRECTION('',(0.,0.,-1.));
#6719=DIRECTION('',(0.,-1.,0.));
#6720=DIRECTION('',(1.,0.,0.));
#6721=DIRECTION('',(0.,-1.,0.));
#6722=DIRECTION('',(1.,0.,0.));
#6723=DIRECTION('',(0.,-1.,0.));
#6724=DIRECTION('',(-1.,1.507770431005E-9,0.));
#6725=DIRECTION('',(1.55418055174E-9,1.,0.));
#6726=DIRECTION('',(1.,-1.557615621132E-9,0.));
#6727=DIRECTION('',(-1.534525684308E-9,-1.,0.));
#6728=DIRECTION('',(0.,0.,-1.));
#6729=DIRECTION('',(-4.60270857798734E-9,-1.,0.));
#6730=DIRECTION('',(4.02969380202802E-5,-1.98676630541001E-6,-0.999999999186105));
#6731=DIRECTION('',(0.,0.,1.));
#6732=DIRECTION('',(0.999999998902848,4.6843411288221E-5,0.));
#6733=DIRECTION('',(-2.83785793820287E-7,-8.57403901167959E-5,-0.999999996324253));
#6734=DIRECTION('',(-1.,0.,0.));
#6735=DIRECTION('',(0.,-1.,0.));
#6736=DIRECTION('',(0.,0.,1.));
#6737=DIRECTION('',(-4.69078390055512E-5,-0.999999998899827,0.));
#6738=DIRECTION('',(-4.02682226791285E-5,1.98675991052792E-6,-0.999999999187261));
#6739=DIRECTION('',(0.,1.,0.));
#6740=DIRECTION('',(-1.,0.,0.));
#6741=DIRECTION('',(0.,0.,1.));
#6742=DIRECTION('',(-1.,0.,0.));
#6743=DIRECTION('',(2.83790058115086E-7,5.74612712957372E-6,-0.999999999983451));
#6744=DIRECTION('',(1.,0.,0.));
#6745=DIRECTION('',(0.,1.,0.));
#6746=DIRECTION('',(0.,0.,1.));
#6747=DIRECTION('',(-1.59806479398584E-5,0.99999999987231,0.));
#6748=DIRECTION('',(0.,-1.,0.));
#6749=DIRECTION('',(1.,0.,0.));
#6750=DIRECTION('',(-0.999999999999993,-1.22864897445997E-7,0.));
#6751=DIRECTION('',(1.22864895341079E-7,-0.999999999999994,0.));
#6752=DIRECTION('',(8.50577028056693E-7,-0.999999999999638,0.));
#6753=DIRECTION('',(0.999999999999638,8.50577039357425E-7,0.));
#6754=DIRECTION('',(-8.14775179379921E-5,0.999999996680707,0.));
#6755=DIRECTION('',(-0.999999996680705,-8.14775179269756E-5,0.));
#6756=DIRECTION('',(-5.90879936884316E-7,0.999999999999825,0.));
#6757=DIRECTION('',(-0.99999999999982,-5.90879949136092E-7,0.));
#6758=DIRECTION('',(0.99999999999999,1.41170814429519E-7,0.));
#6759=DIRECTION('',(-1.41170816356229E-7,0.999999999999959,0.));
#6760=DIRECTION('',(0.,0.,-1.));
#6761=DIRECTION('',(0.,0.,-1.));
#6762=DIRECTION('',(1.,0.,0.));
#6763=DIRECTION('',(0.,0.,-1.));
#6764=DIRECTION('',(-1.,0.,0.));
#6765=DIRECTION('',(0.,0.,-1.));
#6766=DIRECTION('',(-1.27553196763001E-15,-1.,0.));
#6767=DIRECTION('',(-1.,1.27553196763001E-15,0.));
#6768=DIRECTION('',(-1.27502175484295E-15,-1.,0.));
#6769=DIRECTION('',(0.,0.,-1.));
#6770=DIRECTION('',(1.,0.,0.));
#6771=DIRECTION('',(0.,0.,-1.));
#6772=DIRECTION('',(-1.,0.,0.));
#6773=DIRECTION('',(0.,-1.,0.));
#6774=DIRECTION('',(0.,0.,-1.));
#6775=DIRECTION('',(-1.,0.,0.));
#6776=DIRECTION('',(0.,0.,1.));
#6777=DIRECTION('',(0.,0.,1.));
#6778=DIRECTION('',(1.,0.,0.));
#6779=DIRECTION('',(-1.,0.,0.));
#6780=DIRECTION('',(0.,0.,1.));
#6781=DIRECTION('',(1.,0.,0.));
#6782=DIRECTION('',(0.,0.,-1.));
#6783=DIRECTION('',(0.,-1.,0.));
#6784=DIRECTION('',(0.,0.,-1.));
#6785=DIRECTION('',(-1.27553196763001E-15,-1.,0.));
#6786=DIRECTION('',(1.,0.,0.));
#6787=DIRECTION('',(0.,-1.,0.));
#6788=DIRECTION('',(0.,0.,-1.));
#6789=DIRECTION('',(0.,0.,1.));
#6790=DIRECTION('',(0.999999999999999,0.,0.));
#6791=DIRECTION('',(-1.,0.,0.));
#6792=DIRECTION('',(0.,0.,1.));
#6793=DIRECTION('',(0.,0.,1.));
#6794=DIRECTION('',(1.,0.,0.));
#6795=DIRECTION('',(0.,-1.,0.));
#6796=DIRECTION('',(0.,0.,-1.));
#6797=DIRECTION('',(1.020425574104E-15,1.,0.));
#6798=DIRECTION('',(-0.999999999999994,0.,0.));
#6799=DIRECTION('',(-1.,0.,0.));
#6800=DIRECTION('',(0.,0.,1.));
#6801=DIRECTION('',(-1.,0.,0.));
#6802=DIRECTION('',(0.,0.,1.));
#6803=DIRECTION('',(0.,0.,1.));
#6804=DIRECTION('',(0.999999999999999,0.,0.));
#6805=DIRECTION('',(-1.,0.,0.));
#6806=DIRECTION('',(0.,0.,1.));
#6807=DIRECTION('',(0.,1.,0.));
#6808=DIRECTION('',(0.,0.,1.));
#6809=DIRECTION('',(0.,0.,-1.));
#6810=DIRECTION('',(-1.,0.,0.));
#6811=DIRECTION('',(0.,1.,0.));
#6812=DIRECTION('',(0.,0.,1.));
#6813=DIRECTION('',(0.,1.,0.));
#6814=DIRECTION('',(0.,0.,1.));
#6815=DIRECTION('',(-1.,0.,0.));
#6816=DIRECTION('',(0.,0.,1.));
#6817=DIRECTION('',(1.,0.,0.));
#6818=DIRECTION('',(0.,0.,-1.));
#6819=DIRECTION('',(-1.,0.,0.));
#6820=DIRECTION('',(0.,0.,1.));
#6821=DIRECTION('',(0.,0.,-1.));
#6822=DIRECTION('',(-1.,0.,0.));
#6823=DIRECTION('',(0.,1.,0.));
#6824=DIRECTION('',(0.,0.,1.));
#6825=DIRECTION('',(0.,0.,-1.));
#6826=DIRECTION('',(-0.999999999999999,0.,0.));
#6827=DIRECTION('',(-1.,0.,0.));
#6828=DIRECTION('',(0.,0.,1.));
#6829=DIRECTION('',(-1.,0.,0.));
#6830=DIRECTION('',(0.,0.,1.));
#6831=DIRECTION('',(0.,1.,0.));
#6832=DIRECTION('',(0.,0.,1.));
#6833=DIRECTION('',(9.13012355777266E-16,1.,0.));
#6834=DIRECTION('',(-0.999999999999994,0.,0.));
#6835=DIRECTION('',(0.,0.,-1.));
#6836=DIRECTION('',(-0.999999999999999,0.,0.));
#6837=CARTESIAN_POINT('',(0.,0.,0.));
#6838=CARTESIAN_POINT('',(-16.79999999999,63.5,-0.690000000184547));
#6839=CARTESIAN_POINT('',(-16.79999999999,63.5,-1.00000000018455));
#6840=CARTESIAN_POINT('',(-16.79999999999,63.5,-1.4));
#6841=CARTESIAN_POINT('',(9.20000000000999,63.5,-1.00000000018455));
#6842=CARTESIAN_POINT('',(9.20000000000999,63.5,-1.00000000018455));
#6843=CARTESIAN_POINT('',(9.20000000000999,63.5,-0.690000000184547));
#6844=CARTESIAN_POINT('',(9.20000000000999,63.5,-1.40000000018455));
#6845=CARTESIAN_POINT('',(-16.79999999999,63.5,-1.40000000018455));
#6846=CARTESIAN_POINT('',(-16.79999999999,63.5,-0.690000000184547));
#6847=CARTESIAN_POINT('',(9.20000000000999,61.7,-1.00000000018455));
#6848=CARTESIAN_POINT('',(11.00000000001,61.7,-1.00000000018455));
#6849=CARTESIAN_POINT('',(11.00000000001,61.7,-0.690000000184547));
#6850=CARTESIAN_POINT('',(11.00000000001,61.7,-1.40000000018455));
#6851=CARTESIAN_POINT('',(9.20000000000999,61.7,-1.40000000018455));
#6852=CARTESIAN_POINT('',(9.20000000000999,61.7,-0.690000000184547));
#6853=CARTESIAN_POINT('',(11.00000000001,57.9,-1.00000000018455));
#6854=CARTESIAN_POINT('',(11.00000000001,57.9,-1.00000000018455));
#6855=CARTESIAN_POINT('',(11.00000000001,57.9,-0.690000000184547));
#6856=CARTESIAN_POINT('',(11.00000000001,57.9,-1.40000000018455));
#6857=CARTESIAN_POINT('',(11.00000000001,61.7,-1.40000000018455));
#6858=CARTESIAN_POINT('',(11.00000000001,61.7,-0.690000000184547));
#6859=CARTESIAN_POINT('',(9.20000000000999,57.9,-1.00000000018455));
#6860=CARTESIAN_POINT('',(9.20000000000998,56.1,-1.00000000018455));
#6861=CARTESIAN_POINT('',(9.20000000000998,56.1,-0.690000000184547));
#6862=CARTESIAN_POINT('',(9.20000000000998,56.1,-1.40000000018455));
#6863=CARTESIAN_POINT('',(9.20000000000999,57.9,-1.40000000018455));
#6864=CARTESIAN_POINT('',(9.20000000000999,57.9,-0.690000000184547));
#6865=CARTESIAN_POINT('',(-16.79999999999,56.1,-1.00000000018455));
#6866=CARTESIAN_POINT('',(-16.79999999999,56.1,-1.00000000018455));
#6867=CARTESIAN_POINT('',(-16.79999999999,56.1,-0.690000000184547));
#6868=CARTESIAN_POINT('',(-16.79999999999,56.1,-1.40000000018455));
#6869=CARTESIAN_POINT('',(9.20000000000999,56.1,-1.40000000018455));
#6870=CARTESIAN_POINT('',(9.20000000000999,56.1,-0.690000000184547));
#6871=CARTESIAN_POINT('',(-16.79999999999,57.9,-1.00000000018455));
#6872=CARTESIAN_POINT('',(-18.59999999999,57.9,-1.00000000018455));
#6873=CARTESIAN_POINT('',(-18.59999999999,57.9,-0.690000000184547));
#6874=CARTESIAN_POINT('',(-18.59999999999,57.9,-1.40000000018455));
#6875=CARTESIAN_POINT('',(-16.79999999999,57.9,-1.40000000018455));
#6876=CARTESIAN_POINT('',(-16.79999999999,57.9,-0.690000000184547));
#6877=CARTESIAN_POINT('',(-18.59999999999,61.7,-1.00000000018455));
#6878=CARTESIAN_POINT('',(-18.59999999999,61.7,-1.00000000018455));
#6879=CARTESIAN_POINT('',(-18.59999999999,61.7,-0.690000000184547));
#6880=CARTESIAN_POINT('',(-18.59999999999,61.7,-1.40000000018455));
#6881=CARTESIAN_POINT('',(-18.59999999999,57.9,-1.40000000018455));
#6882=CARTESIAN_POINT('',(-18.59999999999,57.9,-0.690000000184547));
#6883=CARTESIAN_POINT('',(-16.79999999999,61.7,-1.00000000018455));
#6884=CARTESIAN_POINT('',(-16.79999999999,61.7,-1.40000000018455));
#6885=CARTESIAN_POINT('',(-16.79999999999,61.7,-0.690000000184547));
#6886=CARTESIAN_POINT('',(-16.79999999999,63.3,-0.800000000184547));
#6887=CARTESIAN_POINT('',(9.20000000000999,63.3,-0.800000000184547));
#6888=CARTESIAN_POINT('',(-16.79999999999,63.3,-0.800000000184547));
#6889=CARTESIAN_POINT('',(-16.79999999999,61.7,-0.800000000184547));
#6890=CARTESIAN_POINT('',(-18.39999999999,61.7,-0.800000000184547));
#6891=CARTESIAN_POINT('',(-18.39999999999,57.9,-0.800000000184547));
#6892=CARTESIAN_POINT('',(-18.39999999999,57.9,-0.800000000184547));
#6893=CARTESIAN_POINT('',(-16.79999999999,57.9,-0.800000000184547));
#6894=CARTESIAN_POINT('',(-16.79999999999,56.3,-0.800000000184547));
#6895=CARTESIAN_POINT('',(9.20000000000998,56.3,-0.800000000184547));
#6896=CARTESIAN_POINT('',(9.20000000000998,56.3,-0.800000000184547));
#6897=CARTESIAN_POINT('',(9.20000000000999,57.9,-0.800000000184547));
#6898=CARTESIAN_POINT('',(10.80000000001,57.9,-0.800000000184547));
#6899=CARTESIAN_POINT('',(10.80000000001,61.7,-0.800000000184547));
#6900=CARTESIAN_POINT('',(10.80000000001,61.7,-0.800000000184547));
#6901=CARTESIAN_POINT('',(9.20000000000999,61.7,-0.800000000184547));
#6902=CARTESIAN_POINT('',(9.20000000000999,61.7,-0.800000000184547));
#6903=CARTESIAN_POINT('',(10.9,56.2,-4.8));
#6904=CARTESIAN_POINT('',(10.9,57.,-4.8));
#6905=CARTESIAN_POINT('',(10.1,56.2,-4.8));
#6906=CARTESIAN_POINT('',(10.9,57.,-4.8));
#6907=CARTESIAN_POINT('',(10.9,57.,-4.2));
#6908=CARTESIAN_POINT('',(10.9,56.2,-4.2));
#6909=CARTESIAN_POINT('',(10.1,56.2,-4.2));
#6910=CARTESIAN_POINT('',(10.1,56.2,-4.2));
#6911=CARTESIAN_POINT('',(10.9,56.2,-4.160639085376));
#6912=CARTESIAN_POINT('',(-18.5,56.2,-4.8));
#6913=CARTESIAN_POINT('',(-17.7,56.2,-4.8));
#6914=CARTESIAN_POINT('',(-18.5,57.,-4.8));
#6915=CARTESIAN_POINT('',(-17.7,56.2,-4.8));
#6916=CARTESIAN_POINT('',(-17.7,56.2,-4.2));
#6917=CARTESIAN_POINT('',(-18.5,56.2,-4.2));
#6918=CARTESIAN_POINT('',(-18.5,57.,-4.2));
#6919=CARTESIAN_POINT('',(-18.5,57.,-4.2));
#6920=CARTESIAN_POINT('',(-18.5,56.2,-4.160639085376));
#6921=CARTESIAN_POINT('',(-18.5,63.4,-4.8));
#6922=CARTESIAN_POINT('',(-18.5,62.6,-4.8));
#6923=CARTESIAN_POINT('',(-17.7,63.4,-4.8));
#6924=CARTESIAN_POINT('',(-18.5,62.6,-4.8));
#6925=CARTESIAN_POINT('',(-18.5,62.6,-4.2));
#6926=CARTESIAN_POINT('',(-18.5,63.4,-4.2));
#6927=CARTESIAN_POINT('',(-17.7,63.4,-4.2));
#6928=CARTESIAN_POINT('',(-17.7,63.4,-4.2));
#6929=CARTESIAN_POINT('',(-18.5,63.4,-4.160639085376));
#6930=CARTESIAN_POINT('',(-17.7,63.4,-4.2));
#6931=CARTESIAN_POINT('',(-17.7,63.55,-4.2));
#6932=CARTESIAN_POINT('',(-18.5,62.6,-4.2));
#6933=CARTESIAN_POINT('',(-18.65,62.6,-4.2));
#6934=CARTESIAN_POINT('',(-18.65,57.,-4.2));
#6935=CARTESIAN_POINT('',(-18.65,57.,-4.2));
#6936=CARTESIAN_POINT('',(-18.65,57.,-4.2));
#6937=CARTESIAN_POINT('',(-17.7,56.2,-4.2));
#6938=CARTESIAN_POINT('',(-17.7,56.05,-4.2));
#6939=CARTESIAN_POINT('',(10.1,56.05,-4.2));
#6940=CARTESIAN_POINT('',(10.1,56.05,-4.2));
#6941=CARTESIAN_POINT('',(10.1,56.05,-4.2));
#6942=CARTESIAN_POINT('',(10.9,57.,-4.2));
#6943=CARTESIAN_POINT('',(11.05,57.,-4.2));
#6944=CARTESIAN_POINT('',(11.05,62.6,-4.2));
#6945=CARTESIAN_POINT('',(11.05,62.6,-4.2));
#6946=CARTESIAN_POINT('',(11.05,62.6,-4.2));
#6947=CARTESIAN_POINT('',(10.9,62.6,-4.2));
#6948=CARTESIAN_POINT('',(10.9,63.4,-4.2));
#6949=CARTESIAN_POINT('',(10.1,63.4,-4.2));
#6950=CARTESIAN_POINT('',(10.1,63.55,-4.2));
#6951=CARTESIAN_POINT('',(10.1,63.55,-4.2));
#6952=CARTESIAN_POINT('',(-17.7,63.55,-4.2));
#6953=CARTESIAN_POINT('',(-3.8,59.8,-4.2));
#6954=CARTESIAN_POINT('',(10.9,63.4,-4.8));
#6955=CARTESIAN_POINT('',(10.1,63.4,-4.8));
#6956=CARTESIAN_POINT('',(10.9,62.6,-4.8));
#6957=CARTESIAN_POINT('',(10.1,63.4,-4.8));
#6958=CARTESIAN_POINT('',(10.9,62.6,-4.2));
#6959=CARTESIAN_POINT('',(10.9,63.4,-4.160639085376));
#6960=CARTESIAN_POINT('',(-17.7,63.8,-4.8));
#6961=CARTESIAN_POINT('',(-17.7,63.8,-4.8));
#6962=CARTESIAN_POINT('',(10.1,63.8,-4.8));
#6963=CARTESIAN_POINT('',(10.1,63.8,-4.8));
#6964=CARTESIAN_POINT('',(10.1,63.4,-4.8));
#6965=CARTESIAN_POINT('',(11.3,62.6,-4.8));
#6966=CARTESIAN_POINT('',(11.3,62.6,-4.8));
#6967=CARTESIAN_POINT('',(11.3,57.,-4.8));
#6968=CARTESIAN_POINT('',(11.3,57.,-4.8));
#6969=CARTESIAN_POINT('',(11.3,57.,-4.8));
#6970=CARTESIAN_POINT('',(10.1,56.2,-4.8));
#6971=CARTESIAN_POINT('',(10.1,55.8,-4.8));
#6972=CARTESIAN_POINT('',(-17.7,55.8,-4.8));
#6973=CARTESIAN_POINT('',(-17.7,55.8,-4.8));
#6974=CARTESIAN_POINT('',(-17.7,55.8,-4.8));
#6975=CARTESIAN_POINT('',(-18.5,57.,-4.8));
#6976=CARTESIAN_POINT('',(-18.9,57.,-4.8));
#6977=CARTESIAN_POINT('',(-18.9,62.6,-4.8));
#6978=CARTESIAN_POINT('',(-18.9,62.6,-4.8));
#6979=CARTESIAN_POINT('',(-18.9,62.6,-4.8));
#6980=CARTESIAN_POINT('',(-3.8,59.8,-4.8));
#6981=CARTESIAN_POINT('',(8.9,55.8,-2.7));
#6982=CARTESIAN_POINT('',(8.9,55.8,-2.7));
#6983=CARTESIAN_POINT('',(8.9,55.8,-3.3));
#6984=CARTESIAN_POINT('',(8.9,55.2,-2.7));
#6985=CARTESIAN_POINT('',(8.9,55.2,-2.7));
#6986=CARTESIAN_POINT('',(8.9,55.2,-3.3));
#6987=CARTESIAN_POINT('',(8.9,55.2,-3.3));
#6988=CARTESIAN_POINT('',(8.9,55.8,-3.3));
#6989=CARTESIAN_POINT('',(8.9,55.5,-3.));
#6990=CARTESIAN_POINT('',(9.9,55.2,-3.3));
#6991=CARTESIAN_POINT('',(9.9,55.2,-3.3));
#6992=CARTESIAN_POINT('',(9.9,55.8,-3.3));
#6993=CARTESIAN_POINT('',(9.9,55.8,-3.3));
#6994=CARTESIAN_POINT('',(8.9,55.8,-3.3));
#6995=CARTESIAN_POINT('',(9.4,55.5,-3.3));
#6996=CARTESIAN_POINT('',(-17.5,55.8,-3.3));
#6997=CARTESIAN_POINT('',(-17.5,55.8,-3.3));
#6998=CARTESIAN_POINT('',(-16.5,55.8,-3.3));
#6999=CARTESIAN_POINT('',(-17.5,55.2,-3.3));
#7000=CARTESIAN_POINT('',(-17.5,55.2,-3.3));
#7001=CARTESIAN_POINT('',(-16.5,55.2,-3.3));
#7002=CARTESIAN_POINT('',(-16.5,55.2,-3.3));
#7003=CARTESIAN_POINT('',(-16.5,55.8,-3.3));
#7004=CARTESIAN_POINT('',(-17.,55.5,-3.3));
#7005=CARTESIAN_POINT('',(-16.5,55.2,-2.7));
#7006=CARTESIAN_POINT('',(-16.5,55.2,-2.7));
#7007=CARTESIAN_POINT('',(-16.5,55.8,-2.7));
#7008=CARTESIAN_POINT('',(-16.5,55.8,-2.7));
#7009=CARTESIAN_POINT('',(-16.5,55.8,-3.3));
#7010=CARTESIAN_POINT('',(-16.5,55.5,-3.));
#7011=CARTESIAN_POINT('',(-16.3,55.2,-2.5));
#7012=CARTESIAN_POINT('',(-16.3,55.2,-2.5));
#7013=CARTESIAN_POINT('',(-16.3,55.8,-2.5));
#7014=CARTESIAN_POINT('',(-16.3,55.8,-2.7));
#7015=CARTESIAN_POINT('',(-16.3,55.2,-2.7));
#7016=CARTESIAN_POINT('',(-16.3,55.16063908538,-2.7));
#7017=CARTESIAN_POINT('',(8.7,55.2,-2.5));
#7018=CARTESIAN_POINT('',(8.7,55.2,-2.5));
#7019=CARTESIAN_POINT('',(8.7,55.8,-2.5));
#7020=CARTESIAN_POINT('',(8.7,55.8,-2.5));
#7021=CARTESIAN_POINT('',(-16.3,55.8,-2.5));
#7022=CARTESIAN_POINT('',(-3.8,55.5,-2.5));
#7023=CARTESIAN_POINT('',(8.7,55.2,-2.7));
#7024=CARTESIAN_POINT('',(8.7,55.8,-2.7));
#7025=CARTESIAN_POINT('',(8.7,55.83936091462,-2.7));
#7026=CARTESIAN_POINT('',(10.1,55.2,-3.5));
#7027=CARTESIAN_POINT('',(10.1,55.2,-3.5));
#7028=CARTESIAN_POINT('',(10.1,55.8,-3.5));
#7029=CARTESIAN_POINT('',(9.9,55.8,-3.5));
#7030=CARTESIAN_POINT('',(9.9,55.2,-3.5));
#7031=CARTESIAN_POINT('',(9.9,55.16063908538,-3.5));
#7032=CARTESIAN_POINT('',(-17.7,55.8,-3.5));
#7033=CARTESIAN_POINT('',(-17.7,55.8,-3.5));
#7034=CARTESIAN_POINT('',(-17.7,55.8,-3.95));
#7035=CARTESIAN_POINT('',(-17.5,55.8,-3.5));
#7036=CARTESIAN_POINT('',(10.1,55.8,-3.5));
#7037=CARTESIAN_POINT('',(10.1,55.8,-3.95));
#7038=CARTESIAN_POINT('',(-17.7,55.8,-3.95));
#7039=CARTESIAN_POINT('',(-3.8,55.8,-3.225));
#7040=CARTESIAN_POINT('',(-17.7,55.8,-3.5));
#7041=CARTESIAN_POINT('',(-17.7,55.2,-3.5));
#7042=CARTESIAN_POINT('',(-17.5,55.2,-3.5));
#7043=CARTESIAN_POINT('',(-17.5,55.83936091462,-3.5));
#7044=CARTESIAN_POINT('',(-17.7,55.2,-4.2));
#7045=CARTESIAN_POINT('',(-17.7,55.2,-4.2));
#7046=CARTESIAN_POINT('',(10.1,55.2,-4.2));
#7047=CARTESIAN_POINT('',(10.1,55.2,-4.2));
#7048=CARTESIAN_POINT('',(10.1,55.2,-4.2));
#7049=CARTESIAN_POINT('',(-3.8,55.2,-3.35));
#7050=CARTESIAN_POINT('',(10.1,55.8,-4.2));
#7051=CARTESIAN_POINT('',(-17.7,55.8,-4.2));
#7052=CARTESIAN_POINT('',(-18.256,55.8,-4.2));
#7053=CARTESIAN_POINT('',(-17.7,56.05,-3.95));
#7054=CARTESIAN_POINT('',(10.1,56.05,-3.95));
#7055=CARTESIAN_POINT('',(-18.256,56.05,-3.95));
#7056=CARTESIAN_POINT('',(10.1,55.7,-4.15));
#7057=CARTESIAN_POINT('',(-17.7,55.7,-4.15));
#7058=CARTESIAN_POINT('',(-16.3,63.8,-2.5));
#7059=CARTESIAN_POINT('',(-16.3,63.8,-2.5));
#7060=CARTESIAN_POINT('',(-16.3,64.4,-2.5));
#7061=CARTESIAN_POINT('',(-16.3,64.4,-2.7));
#7062=CARTESIAN_POINT('',(-16.5,64.4,-2.7));
#7063=CARTESIAN_POINT('',(-16.5,64.4,-2.7));
#7064=CARTESIAN_POINT('',(-16.5,63.8,-2.7));
#7065=CARTESIAN_POINT('',(-16.3,63.8,-2.7));
#7066=CARTESIAN_POINT('',(-16.3,63.76063908538,-2.7));
#7067=CARTESIAN_POINT('',(8.7,63.8,-2.5));
#7068=CARTESIAN_POINT('',(8.7,63.8,-2.5));
#7069=CARTESIAN_POINT('',(8.7,64.4,-2.5));
#7070=CARTESIAN_POINT('',(8.7,64.4,-2.5));
#7071=CARTESIAN_POINT('',(-16.3,64.4,-2.5));
#7072=CARTESIAN_POINT('',(-3.8,64.1,-2.5));
#7073=CARTESIAN_POINT('',(8.7,63.8,-2.7));
#7074=CARTESIAN_POINT('',(8.9,63.8,-2.7));
#7075=CARTESIAN_POINT('',(8.9,63.8,-2.7));
#7076=CARTESIAN_POINT('',(8.9,64.4,-2.7));
#7077=CARTESIAN_POINT('',(8.7,64.4,-2.7));
#7078=CARTESIAN_POINT('',(8.7,64.43936091462,-2.7));
#7079=CARTESIAN_POINT('',(8.9,64.4,-2.7));
#7080=CARTESIAN_POINT('',(8.9,64.4,-3.3));
#7081=CARTESIAN_POINT('',(8.9,63.8,-3.3));
#7082=CARTESIAN_POINT('',(8.9,63.8,-3.3));
#7083=CARTESIAN_POINT('',(8.9,63.8,-3.3));
#7084=CARTESIAN_POINT('',(8.9,64.1,-3.));
#7085=CARTESIAN_POINT('',(9.9,63.8,-3.3));
#7086=CARTESIAN_POINT('',(9.9,63.8,-3.3));
#7087=CARTESIAN_POINT('',(9.9,64.4,-3.3));
#7088=CARTESIAN_POINT('',(9.9,64.4,-3.3));
#7089=CARTESIAN_POINT('',(8.9,64.4,-3.3));
#7090=CARTESIAN_POINT('',(9.4,64.1,-3.3));
#7091=CARTESIAN_POINT('',(-17.5,64.4,-3.3));
#7092=CARTESIAN_POINT('',(-17.5,64.4,-3.3));
#7093=CARTESIAN_POINT('',(-16.5,64.4,-3.3));
#7094=CARTESIAN_POINT('',(-17.5,63.8,-3.3));
#7095=CARTESIAN_POINT('',(-17.5,63.8,-3.3));
#7096=CARTESIAN_POINT('',(-16.5,63.8,-3.3));
#7097=CARTESIAN_POINT('',(-16.5,63.8,-3.3));
#7098=CARTESIAN_POINT('',(-16.5,63.8,-3.3));
#7099=CARTESIAN_POINT('',(-17.,64.1,-3.3));
#7100=CARTESIAN_POINT('',(-16.5,63.8,-2.7));
#7101=CARTESIAN_POINT('',(-16.5,64.4,-3.3));
#7102=CARTESIAN_POINT('',(-16.5,64.1,-3.));
#7103=CARTESIAN_POINT('',(9.9,63.8,-3.5));
#7104=CARTESIAN_POINT('',(10.1,63.8,-3.5));
#7105=CARTESIAN_POINT('',(10.1,63.8,-3.5));
#7106=CARTESIAN_POINT('',(10.1,64.4,-3.5));
#7107=CARTESIAN_POINT('',(9.9,64.4,-3.5));
#7108=CARTESIAN_POINT('',(9.9,64.43936091462,-3.5));
#7109=CARTESIAN_POINT('',(10.1,64.4,-3.5));
#7110=CARTESIAN_POINT('',(10.1,64.4,-4.2));
#7111=CARTESIAN_POINT('',(-17.7,64.4,-4.2));
#7112=CARTESIAN_POINT('',(-17.7,64.4,-4.2));
#7113=CARTESIAN_POINT('',(-17.7,64.4,-4.2));
#7114=CARTESIAN_POINT('',(-17.7,64.4,-3.5));
#7115=CARTESIAN_POINT('',(-17.5,64.4,-3.5));
#7116=CARTESIAN_POINT('',(-3.8,64.4,-3.35));
#7117=CARTESIAN_POINT('',(-17.7,64.4,-3.5));
#7118=CARTESIAN_POINT('',(-17.7,63.8,-3.5));
#7119=CARTESIAN_POINT('',(-17.5,63.8,-3.5));
#7120=CARTESIAN_POINT('',(-17.5,64.43936091462,-3.5));
#7121=CARTESIAN_POINT('',(-17.7,63.8,-3.5));
#7122=CARTESIAN_POINT('',(-17.7,63.8,-3.95));
#7123=CARTESIAN_POINT('',(10.1,63.8,-3.95));
#7124=CARTESIAN_POINT('',(10.1,63.8,-3.95));
#7125=CARTESIAN_POINT('',(10.1,63.8,-3.95));
#7126=CARTESIAN_POINT('',(-3.8,63.8,-3.225));
#7127=CARTESIAN_POINT('',(10.1,63.8,-4.2));
#7128=CARTESIAN_POINT('',(-17.7,63.8,-4.2));
#7129=CARTESIAN_POINT('',(-18.256,63.8,-4.2));
#7130=CARTESIAN_POINT('',(-17.7,63.55,-3.95));
#7131=CARTESIAN_POINT('',(10.1,63.55,-3.95));
#7132=CARTESIAN_POINT('',(-18.256,63.55,-3.95));
#7133=CARTESIAN_POINT('',(10.1,63.9,-4.15));
#7134=CARTESIAN_POINT('',(-17.7,63.9,-4.15));
#7135=CARTESIAN_POINT('',(10.7846,55.65,-3.25));
#7136=CARTESIAN_POINT('',(10.7846,55.65,-3.25));
#7137=CARTESIAN_POINT('',(10.7846,54.58050125629,-3.25));
#7138=CARTESIAN_POINT('',(12.9,54.58050125629,-3.25));
#7139=CARTESIAN_POINT('',(12.9,54.58050125629,-3.25));
#7140=CARTESIAN_POINT('',(12.9,56.56949874371,-3.25));
#7141=CARTESIAN_POINT('',(12.9,56.56949874371,-3.25));
#7142=CARTESIAN_POINT('',(12.55,56.56949874371,-3.25));
#7143=CARTESIAN_POINT('',(12.55,56.56949874371,-3.25));
#7144=CARTESIAN_POINT('',(12.55,56.56949874371,-3.25));
#7145=CARTESIAN_POINT('',(12.55,63.2,-3.25));
#7146=CARTESIAN_POINT('',(12.55,63.2,-3.25));
#7147=CARTESIAN_POINT('',(11.61,63.2,-3.25));
#7148=CARTESIAN_POINT('',(11.61,63.2,-3.25));
#7149=CARTESIAN_POINT('',(11.61,62.6,-3.25));
#7150=CARTESIAN_POINT('',(11.61,62.6,-3.25));
#7151=CARTESIAN_POINT('',(11.56,62.6,-3.25));
#7152=CARTESIAN_POINT('',(11.56,62.6,-3.25));
#7153=CARTESIAN_POINT('',(11.56,62.65,-3.25));
#7154=CARTESIAN_POINT('',(11.56,62.65,-3.25));
#7155=CARTESIAN_POINT('',(11.35133179993,62.65,-3.25));
#7156=CARTESIAN_POINT('',(9.85762971356,62.23605063452,-3.25));
#7157=CARTESIAN_POINT('',(10.15,63.7582265821709,-3.25));
#7158=CARTESIAN_POINT('',(10.15,63.75822658217,-3.25));
#7159=CARTESIAN_POINT('',(10.15,64.05,-3.25));
#7160=CARTESIAN_POINT('',(10.15,64.05,-3.25));
#7161=CARTESIAN_POINT('',(10.7,64.05,-3.25));
#7162=CARTESIAN_POINT('',(10.7,65.3,-3.25));
#7163=CARTESIAN_POINT('',(10.7,65.3,-3.25));
#7164=CARTESIAN_POINT('',(13.2,65.3,-3.25));
#7165=CARTESIAN_POINT('',(13.2,65.3,-3.25));
#7166=CARTESIAN_POINT('',(13.2,65.3,-3.25));
#7167=CARTESIAN_POINT('',(13.2,54.3,-3.25));
#7168=CARTESIAN_POINT('',(10.7,54.3,-3.25));
#7169=CARTESIAN_POINT('',(10.7,54.3,-3.25));
#7170=CARTESIAN_POINT('',(10.7,54.3,-3.25));
#7171=CARTESIAN_POINT('',(10.7,55.55,-3.25));
#7172=CARTESIAN_POINT('',(10.7,55.55,-3.25));
#7173=CARTESIAN_POINT('',(10.15,55.55,-3.25));
#7174=CARTESIAN_POINT('',(10.15,55.55,-3.25));
#7175=CARTESIAN_POINT('',(10.15,55.8417734178291,-3.25));
#7176=CARTESIAN_POINT('',(9.85762971356,57.36394936548,-3.25));
#7177=CARTESIAN_POINT('',(11.35133179993,56.95,-3.25));
#7178=CARTESIAN_POINT('',(11.35133179993,56.95,-3.25));
#7179=CARTESIAN_POINT('',(11.56,56.95,-3.25));
#7180=CARTESIAN_POINT('',(11.56,56.95,-3.25));
#7181=CARTESIAN_POINT('',(11.56,57.,-3.25));
#7182=CARTESIAN_POINT('',(11.56,57.,-3.25));
#7183=CARTESIAN_POINT('',(11.61,57.,-3.25));
#7184=CARTESIAN_POINT('',(11.61,57.,-3.25));
#7185=CARTESIAN_POINT('',(11.61,56.56949874371,-3.25));
#7186=CARTESIAN_POINT('',(11.3846,56.56949874371,-3.25));
#7187=CARTESIAN_POINT('',(11.3846,56.56949874371,-3.25));
#7188=CARTESIAN_POINT('',(11.3846,56.56949874371,-3.25));
#7189=CARTESIAN_POINT('',(11.3846,56.15,-3.25));
#7190=CARTESIAN_POINT('',(11.3846,56.15,-3.25));
#7191=CARTESIAN_POINT('',(11.95,59.8,-3.25));
#7192=CARTESIAN_POINT('',(-17.75,55.55,-4.));
#7193=CARTESIAN_POINT('',(-17.75,55.55,-4.));
#7194=CARTESIAN_POINT('',(-17.75,54.85,-4.));
#7195=CARTESIAN_POINT('',(-17.75,54.85,-4.));
#7196=CARTESIAN_POINT('',(10.150000363904,54.85,-4.));
#7197=CARTESIAN_POINT('',(10.150000363904,54.85,-4.));
#7198=CARTESIAN_POINT('',(10.150000121301,55.55,-4.));
#7199=CARTESIAN_POINT('',(10.7,55.55,-4.));
#7200=CARTESIAN_POINT('',(10.7,55.55,-4.));
#7201=CARTESIAN_POINT('',(10.7,55.55,-4.));
#7202=CARTESIAN_POINT('',(10.7,54.3,-4.));
#7203=CARTESIAN_POINT('',(-18.3,54.3,-4.));
#7204=CARTESIAN_POINT('',(-18.3,54.3,-4.));
#7205=CARTESIAN_POINT('',(-18.3,54.3,-4.));
#7206=CARTESIAN_POINT('',(-18.3,55.55,-4.));
#7207=CARTESIAN_POINT('',(-17.75,55.55,-4.));
#7208=CARTESIAN_POINT('',(-3.8,59.8,-4.));
#7209=CARTESIAN_POINT('',(12.75,56.55246211251,-2.2));
#7210=CARTESIAN_POINT('',(12.75,56.55246211251,-2.2));
#7211=CARTESIAN_POINT('',(11.38459995251,56.55246211251,-2.2));
#7212=CARTESIAN_POINT('',(12.75,56.55246211251,-2.2));
#7213=CARTESIAN_POINT('',(12.75,63.3,-2.2));
#7214=CARTESIAN_POINT('',(11.2,63.3,-2.2));
#7215=CARTESIAN_POINT('',(11.2,64.85,-2.2));
#7216=CARTESIAN_POINT('',(11.2,64.85,-2.2));
#7217=CARTESIAN_POINT('',(-18.8,64.85,-2.2));
#7218=CARTESIAN_POINT('',(-18.8,63.3,-2.2));
#7219=CARTESIAN_POINT('',(-18.25,64.74913767462,-2.2));
#7220=CARTESIAN_POINT('',(-18.25,64.74913767462,-2.2));
#7221=CARTESIAN_POINT('',(-18.25,64.65626879227,-2.2));
#7222=CARTESIAN_POINT('',(-17.75,64.65626879227,-2.2));
#7223=CARTESIAN_POINT('',(-17.75,64.15626879227,-2.2));
#7224=CARTESIAN_POINT('',(-17.75,64.15626879227,-2.2));
#7225=CARTESIAN_POINT('',(-16.65,64.15626879227,-2.2));
#7226=CARTESIAN_POINT('',(-16.65,64.15626879227,-2.2));
#7227=CARTESIAN_POINT('',(-16.65,64.41,-2.2));
#7228=CARTESIAN_POINT('',(-16.65,64.41,-2.2));
#7229=CARTESIAN_POINT('',(9.05,64.41,-2.2));
#7230=CARTESIAN_POINT('',(9.05,64.41,-2.2));
#7231=CARTESIAN_POINT('',(9.05,64.15626879227,-2.2));
#7232=CARTESIAN_POINT('',(9.05,64.15626879227,-2.2));
#7233=CARTESIAN_POINT('',(10.15,64.15626879227,-2.2));
#7234=CARTESIAN_POINT('',(10.15,64.65626879227,-2.2));
#7235=CARTESIAN_POINT('',(10.65,64.65626879227,-2.2));
#7236=CARTESIAN_POINT('',(10.65,64.65626879227,-2.2));
#7237=CARTESIAN_POINT('',(10.65,63.77604980457,-2.2));
#7238=CARTESIAN_POINT('',(10.45,63.77604980457,-2.2));
#7239=CARTESIAN_POINT('',(10.5672878137,63.61405113557,-2.2));
#7240=CARTESIAN_POINT('',(9.85762971356,62.23605063452,-2.2));
#7241=CARTESIAN_POINT('',(11.35133179993,62.65,-2.2));
#7242=CARTESIAN_POINT('',(11.35133179993,62.65,-2.2));
#7243=CARTESIAN_POINT('',(11.56,62.65,-2.2));
#7244=CARTESIAN_POINT('',(11.56,62.65,-2.2));
#7245=CARTESIAN_POINT('',(11.56,56.95,-2.2));
#7246=CARTESIAN_POINT('',(11.56,56.95,-2.2));
#7247=CARTESIAN_POINT('',(11.35133179993,56.95,-2.2));
#7248=CARTESIAN_POINT('',(9.85762971356,57.36394936548,-2.2));
#7249=CARTESIAN_POINT('',(10.15557530443,55.84336774104,-2.2));
#7250=CARTESIAN_POINT('',(9.60137880613,55.84373120773,-2.2));
#7251=CARTESIAN_POINT('',(9.15,55.84373120773,-2.2));
#7252=CARTESIAN_POINT('',(9.15,55.74373120773,-2.2));
#7253=CARTESIAN_POINT('',(9.05,55.74373120773,-2.2));
#7254=CARTESIAN_POINT('',(9.05,55.74373120773,-2.2));
#7255=CARTESIAN_POINT('',(9.05,55.19,-2.2));
#7256=CARTESIAN_POINT('',(9.05,55.19,-2.2));
#7257=CARTESIAN_POINT('',(-16.65,55.19,-2.2));
#7258=CARTESIAN_POINT('',(-16.65,55.19,-2.2));
#7259=CARTESIAN_POINT('',(-16.65,55.74373120773,-2.2));
#7260=CARTESIAN_POINT('',(-16.75,55.74373120773,-2.2));
#7261=CARTESIAN_POINT('',(-16.75,55.84373120773,-2.2));
#7262=CARTESIAN_POINT('',(-17.20137874979,55.84373120773,-2.2));
#7263=CARTESIAN_POINT('',(-17.75812517786,55.84335656136,-2.2));
#7264=CARTESIAN_POINT('',(-17.45762971356,57.36394936548,-2.2));
#7265=CARTESIAN_POINT('',(-18.95133179993,56.95,-2.2));
#7266=CARTESIAN_POINT('',(-18.95133179993,56.95,-2.2));
#7267=CARTESIAN_POINT('',(-19.16,56.95,-2.2));
#7268=CARTESIAN_POINT('',(-19.16,64.80761400896,-2.2));
#7269=CARTESIAN_POINT('',(-19.16,64.80761400896,-2.2));
#7270=CARTESIAN_POINT('',(-18.8,63.3,-2.2));
#7271=CARTESIAN_POINT('',(-20.35,63.3,-2.2));
#7272=CARTESIAN_POINT('',(-20.35,63.3,-2.2));
#7273=CARTESIAN_POINT('',(-20.35,56.55246211251,-2.2));
#7274=CARTESIAN_POINT('',(-18.98459993114,56.55246211251,-2.2));
#7275=CARTESIAN_POINT('',(-18.98459993114,56.55246211251,-2.2));
#7276=CARTESIAN_POINT('',(-18.98459993114,56.55246211251,-2.2));
#7277=CARTESIAN_POINT('',(-18.98459956016,56.47000358576,-2.2));
#7278=CARTESIAN_POINT('',(-18.98459956016,56.47000358576,-2.2));
#7279=CARTESIAN_POINT('',(-18.10631045761,55.4244221338,-2.2));
#7280=CARTESIAN_POINT('',(-18.10631045761,55.4244221338,-2.2));
#7281=CARTESIAN_POINT('',(-18.10631045761,54.75,-2.2));
#7282=CARTESIAN_POINT('',(10.50631045761,54.75,-2.2));
#7283=CARTESIAN_POINT('',(10.50631045761,54.75,-2.2));
#7284=CARTESIAN_POINT('',(10.50631045761,55.4244221338,-2.2));
#7285=CARTESIAN_POINT('',(10.50631045761,55.4244221338,-2.2));
#7286=CARTESIAN_POINT('',(10.50631045761,55.4244221338,-2.2));
#7287=CARTESIAN_POINT('',(11.3845996711,56.47000396731,-2.2));
#7288=CARTESIAN_POINT('',(11.38459995251,56.55246211251,-2.2));
#7289=CARTESIAN_POINT('',(-3.8,55.85,-2.2));
#7290=CARTESIAN_POINT('',(10.15,64.05,-4.));
#7291=CARTESIAN_POINT('',(10.15,64.05,-4.));
#7292=CARTESIAN_POINT('',(10.15,64.75,-4.));
#7293=CARTESIAN_POINT('',(10.15,64.75,-4.));
#7294=CARTESIAN_POINT('',(-17.7500003639,64.75,-4.));
#7295=CARTESIAN_POINT('',(-17.7500003639,64.75,-4.));
#7296=CARTESIAN_POINT('',(-17.7500001213,64.05,-4.));
#7297=CARTESIAN_POINT('',(-18.3,64.05,-4.));
#7298=CARTESIAN_POINT('',(-18.3,64.05,-4.));
#7299=CARTESIAN_POINT('',(-18.3,64.05,-4.));
#7300=CARTESIAN_POINT('',(-18.3,65.3,-4.));
#7301=CARTESIAN_POINT('',(-18.3,65.3,-4.));
#7302=CARTESIAN_POINT('',(10.7,65.3,-4.));
#7303=CARTESIAN_POINT('',(10.7,65.3,-4.));
#7304=CARTESIAN_POINT('',(10.7,64.05,-4.));
#7305=CARTESIAN_POINT('',(10.15,64.05,-4.));
#7306=CARTESIAN_POINT('',(-3.8,59.8,-4.));
#7307=CARTESIAN_POINT('',(-18.3,55.55,-3.25));
#7308=CARTESIAN_POINT('',(-18.3,55.55,-3.25));
#7309=CARTESIAN_POINT('',(-18.3,54.3,-3.25));
#7310=CARTESIAN_POINT('',(-20.8,54.3,-3.25));
#7311=CARTESIAN_POINT('',(-20.8,54.3,-3.25));
#7312=CARTESIAN_POINT('',(-20.8,54.3,-3.25));
#7313=CARTESIAN_POINT('',(-20.8,65.3,-3.25));
#7314=CARTESIAN_POINT('',(-20.8,65.3,-3.25));
#7315=CARTESIAN_POINT('',(-18.3,65.3,-3.25));
#7316=CARTESIAN_POINT('',(-18.3,65.3,-3.25));
#7317=CARTESIAN_POINT('',(-18.3,64.05,-3.25));
#7318=CARTESIAN_POINT('',(-18.3,64.05,-3.25));
#7319=CARTESIAN_POINT('',(-17.75,64.05,-3.25));
#7320=CARTESIAN_POINT('',(-17.75,64.05,-3.25));
#7321=CARTESIAN_POINT('',(-17.75,63.7582265821709,-3.25));
#7322=CARTESIAN_POINT('',(-17.45762971356,62.23605063452,-3.25));
#7323=CARTESIAN_POINT('',(-18.95133179993,62.65,-3.25));
#7324=CARTESIAN_POINT('',(-18.95133179993,62.65,-3.25));
#7325=CARTESIAN_POINT('',(-19.16,62.65,-3.25));
#7326=CARTESIAN_POINT('',(-19.16,62.65,-3.25));
#7327=CARTESIAN_POINT('',(-19.16,62.6,-3.25));
#7328=CARTESIAN_POINT('',(-19.16,62.6,-3.25));
#7329=CARTESIAN_POINT('',(-19.21,62.6,-3.25));
#7330=CARTESIAN_POINT('',(-19.21,62.6,-3.25));
#7331=CARTESIAN_POINT('',(-19.21,63.2,-3.25));
#7332=CARTESIAN_POINT('',(-19.21,63.2,-3.25));
#7333=CARTESIAN_POINT('',(-20.15,63.2,-3.25));
#7334=CARTESIAN_POINT('',(-20.15,63.2,-3.25));
#7335=CARTESIAN_POINT('',(-20.15,56.56949874371,-3.25));
#7336=CARTESIAN_POINT('',(-20.5,56.56949874371,-3.25));
#7337=CARTESIAN_POINT('',(-20.5,56.56949874371,-3.25));
#7338=CARTESIAN_POINT('',(-20.5,56.56949874371,-3.25));
#7339=CARTESIAN_POINT('',(-20.5,54.58050125629,-3.25));
#7340=CARTESIAN_POINT('',(-18.3846,54.58050125629,-3.25));
#7341=CARTESIAN_POINT('',(-18.3846,54.58050125629,-3.25));
#7342=CARTESIAN_POINT('',(-18.3846,55.65,-3.25));
#7343=CARTESIAN_POINT('',(-18.3846,55.65,-3.25));
#7344=CARTESIAN_POINT('',(-18.3846,55.65,-3.25));
#7345=CARTESIAN_POINT('',(-18.9846,56.15,-3.25));
#7346=CARTESIAN_POINT('',(-18.9846,56.56949874371,-3.25));
#7347=CARTESIAN_POINT('',(-18.9846,56.56949874371,-3.25));
#7348=CARTESIAN_POINT('',(-19.21,56.56949874371,-3.25));
#7349=CARTESIAN_POINT('',(-19.21,56.56949874371,-3.25));
#7350=CARTESIAN_POINT('',(-19.21,56.56949874371,-3.25));
#7351=CARTESIAN_POINT('',(-19.21,57.,-3.25));
#7352=CARTESIAN_POINT('',(-19.21,57.,-3.25));
#7353=CARTESIAN_POINT('',(-19.16,57.,-3.25));
#7354=CARTESIAN_POINT('',(-19.16,57.,-3.25));
#7355=CARTESIAN_POINT('',(-19.16,56.95,-3.25));
#7356=CARTESIAN_POINT('',(-19.16,56.95,-3.25));
#7357=CARTESIAN_POINT('',(-18.95133179993,56.95,-3.25));
#7358=CARTESIAN_POINT('',(-17.45762971356,57.36394936548,-3.25));
#7359=CARTESIAN_POINT('',(-17.75,55.8417734178291,-3.25));
#7360=CARTESIAN_POINT('',(-17.75,55.84177341783,-3.25));
#7361=CARTESIAN_POINT('',(-17.75,55.55,-3.25));
#7362=CARTESIAN_POINT('',(-17.75,55.55,-3.25));
#7363=CARTESIAN_POINT('',(-19.55,59.8,-3.25));
#7364=CARTESIAN_POINT('',(11.3,57.,-3.95));
#7365=CARTESIAN_POINT('',(11.3,57.,-3.95));
#7366=CARTESIAN_POINT('',(11.3,62.6,-3.95));
#7367=CARTESIAN_POINT('',(11.05,62.6,-3.95));
#7368=CARTESIAN_POINT('',(11.05,57.,-3.95));
#7369=CARTESIAN_POINT('',(11.05,56.888,-3.95));
#7370=CARTESIAN_POINT('',(11.3,57.2,-2.5));
#7371=CARTESIAN_POINT('',(11.3,57.2,-2.5));
#7372=CARTESIAN_POINT('',(11.3,62.4,-2.5));
#7373=CARTESIAN_POINT('',(11.3,62.4,-2.7));
#7374=CARTESIAN_POINT('',(11.3,62.6,-2.7));
#7375=CARTESIAN_POINT('',(11.3,62.6,-3.95));
#7376=CARTESIAN_POINT('',(11.3,57.,-3.95));
#7377=CARTESIAN_POINT('',(11.3,57.,-2.7));
#7378=CARTESIAN_POINT('',(11.3,57.2,-2.7));
#7379=CARTESIAN_POINT('',(11.3,59.8,-3.225));
#7380=CARTESIAN_POINT('',(-18.9,62.6,-3.95));
#7381=CARTESIAN_POINT('',(-18.9,62.6,-3.95));
#7382=CARTESIAN_POINT('',(-18.9,57.,-3.95));
#7383=CARTESIAN_POINT('',(-18.65,57.,-3.95));
#7384=CARTESIAN_POINT('',(-18.65,62.6,-3.95));
#7385=CARTESIAN_POINT('',(-18.65,62.712,-3.95));
#7386=CARTESIAN_POINT('',(-18.9,57.2,-2.5));
#7387=CARTESIAN_POINT('',(-18.9,57.2,-2.5));
#7388=CARTESIAN_POINT('',(-18.9,62.4,-2.5));
#7389=CARTESIAN_POINT('',(-18.9,57.2,-2.7));
#7390=CARTESIAN_POINT('',(-18.9,57.,-2.7));
#7391=CARTESIAN_POINT('',(-18.9,57.,-2.7));
#7392=CARTESIAN_POINT('',(-18.9,62.6,-2.7));
#7393=CARTESIAN_POINT('',(-18.9,62.6,-2.7));
#7394=CARTESIAN_POINT('',(-18.9,62.4,-2.7));
#7395=CARTESIAN_POINT('',(-18.9,59.8,-3.225));
#7396=CARTESIAN_POINT('',(11.3846,56.47,-3.28));
#7397=CARTESIAN_POINT('',(11.3846,56.47,-3.28));
#7398=CARTESIAN_POINT('',(11.3846,56.15,-3.28));
#7399=CARTESIAN_POINT('',(11.3846,56.15,-3.28));
#7400=CARTESIAN_POINT('',(11.3846,56.47,-3.1));
#7401=CARTESIAN_POINT('',(11.3846,56.4,-2.730000000034));
#7402=CARTESIAN_POINT('',(11.61,56.47,-3.1));
#7403=CARTESIAN_POINT('',(11.61,56.47,-3.28));
#7404=CARTESIAN_POINT('',(11.61,56.47,-3.28));
#7405=CARTESIAN_POINT('',(11.33608863638,56.47,-3.1));
#7406=CARTESIAN_POINT('',(12.55,56.4,-3.28));
#7407=CARTESIAN_POINT('',(12.55,56.4,-3.28));
#7408=CARTESIAN_POINT('',(11.61,56.4,-3.28));
#7409=CARTESIAN_POINT('',(12.55,56.4,-3.28));
#7410=CARTESIAN_POINT('',(12.55,56.47,-3.28));
#7411=CARTESIAN_POINT('',(12.9,56.47,-3.28));
#7412=CARTESIAN_POINT('',(12.9,56.47,-3.28));
#7413=CARTESIAN_POINT('',(12.9,54.68,-3.28));
#7414=CARTESIAN_POINT('',(12.9,54.68,-3.28));
#7415=CARTESIAN_POINT('',(10.7846,54.68,-3.28));
#7416=CARTESIAN_POINT('',(10.7846,54.68,-3.28));
#7417=CARTESIAN_POINT('',(10.7846,55.65,-3.28));
#7418=CARTESIAN_POINT('',(10.7846,55.65,-3.28));
#7419=CARTESIAN_POINT('',(10.7846,55.65,-3.28));
#7420=CARTESIAN_POINT('',(11.61,56.47,-3.28));
#7421=CARTESIAN_POINT('',(11.8423,55.575,-3.28));
#7422=CARTESIAN_POINT('',(12.55,56.4,-4.));
#7423=CARTESIAN_POINT('',(12.55,56.4,-4.));
#7424=CARTESIAN_POINT('',(11.61,56.4,-4.));
#7425=CARTESIAN_POINT('',(12.55,56.4,-3.28));
#7426=CARTESIAN_POINT('',(11.61,56.4,-3.28));
#7427=CARTESIAN_POINT('',(12.08,56.4,-3.625));
#7428=CARTESIAN_POINT('',(11.61,63.2,-4.));
#7429=CARTESIAN_POINT('',(11.61,63.2,-4.));
#7430=CARTESIAN_POINT('',(12.55,63.2,-4.));
#7431=CARTESIAN_POINT('',(12.55,63.2,-4.));
#7432=CARTESIAN_POINT('',(11.61,57.,-4.));
#7433=CARTESIAN_POINT('',(11.61,57.,-4.));
#7434=CARTESIAN_POINT('',(11.61,57.,-4.));
#7435=CARTESIAN_POINT('',(11.9,57.,-4.));
#7436=CARTESIAN_POINT('',(11.9,62.6,-4.));
#7437=CARTESIAN_POINT('',(11.9,62.6,-4.));
#7438=CARTESIAN_POINT('',(11.61,62.6,-4.));
#7439=CARTESIAN_POINT('',(11.61,62.6,-4.));
#7440=CARTESIAN_POINT('',(11.61,63.2,-4.));
#7441=CARTESIAN_POINT('',(-3.8,59.8,-4.));
#7442=CARTESIAN_POINT('',(11.61,57.,-3.25));
#7443=CARTESIAN_POINT('',(11.61,57.,-3.25));
#7444=CARTESIAN_POINT('',(11.3,57.,-4.2));
#7445=CARTESIAN_POINT('',(11.9,57.,-4.2));
#7446=CARTESIAN_POINT('',(11.9,57.,-4.));
#7447=CARTESIAN_POINT('',(11.56,57.,-3.25));
#7448=CARTESIAN_POINT('',(11.56,57.,-2.7));
#7449=CARTESIAN_POINT('',(11.3,57.,-2.7));
#7450=CARTESIAN_POINT('',(11.4,57.,-3.75));
#7451=CARTESIAN_POINT('',(11.9,62.6,-4.2));
#7452=CARTESIAN_POINT('',(11.9,62.6,-4.2));
#7453=CARTESIAN_POINT('',(11.9,62.6,-4.));
#7454=CARTESIAN_POINT('',(11.9,59.8,-3.35));
#7455=CARTESIAN_POINT('',(11.56,62.6,-2.7));
#7456=CARTESIAN_POINT('',(11.56,62.6,-2.7));
#7457=CARTESIAN_POINT('',(11.56,62.6,-3.25));
#7458=CARTESIAN_POINT('',(11.61,62.6,-3.25));
#7459=CARTESIAN_POINT('',(11.3,62.6,-4.2));
#7460=CARTESIAN_POINT('',(11.4,62.6,-3.75));
#7461=CARTESIAN_POINT('',(11.61,63.2,-3.25));
#7462=CARTESIAN_POINT('',(11.61,63.2,-3.25));
#7463=CARTESIAN_POINT('',(12.55,63.2,-3.25));
#7464=CARTESIAN_POINT('',(12.08,63.2,-3.625));
#7465=CARTESIAN_POINT('',(11.56,62.65,-3.25));
#7466=CARTESIAN_POINT('',(11.56,62.4,-2.7));
#7467=CARTESIAN_POINT('',(11.56,62.4,-2.5));
#7468=CARTESIAN_POINT('',(11.56,57.2,-2.5));
#7469=CARTESIAN_POINT('',(11.56,57.2,-2.5));
#7470=CARTESIAN_POINT('',(11.56,57.2,-2.7));
#7471=CARTESIAN_POINT('',(11.56,56.95,-3.25));
#7472=CARTESIAN_POINT('',(11.56,59.3,-4.));
#7473=CARTESIAN_POINT('',(11.35133179993,56.95,-2.2));
#7474=CARTESIAN_POINT('',(12.05066589997,56.95,-3.1));
#7475=CARTESIAN_POINT('',(10.1502622714496,55.8418238167611,-3.));
#7476=CARTESIAN_POINT('',(10.1520661612351,55.8421706192193,-2.73333333333333));
#7477=CARTESIAN_POINT('',(10.1538694345201,55.842520628399,-2.46666666666667));
#7478=CARTESIAN_POINT('',(10.1556720799076,55.8428738420881,-2.2));
#7479=CARTESIAN_POINT('',(10.150081652798,55.84276330301,-3.));
#7480=CARTESIAN_POINT('',(10.15,55.8417734178291,-3.25));
#7481=CARTESIAN_POINT('',(9.85762971356,57.36394936548,-2.156966989415));
#7482=CARTESIAN_POINT('',(10.150000363904,54.85,-4.));
#7483=CARTESIAN_POINT('',(10.150000363903,55.19,-3.319999999998));
#7484=CARTESIAN_POINT('',(10.150000121301,55.19,-3.));
#7485=CARTESIAN_POINT('',(10.1500000606505,55.19,-3.));
#7486=CARTESIAN_POINT('',(10.15,55.34638051405,-3.));
#7487=CARTESIAN_POINT('',(10.15,55.55,-3.25));
#7488=CARTESIAN_POINT('',(10.15,55.34638051405,-3.5));
#7489=CARTESIAN_POINT('',(10.7,55.55,-3.25));
#7490=CARTESIAN_POINT('',(10.7,55.55,-3.25));
#7491=CARTESIAN_POINT('',(10.7,54.3,-4.));
#7492=CARTESIAN_POINT('',(10.7,54.925,-3.625));
#7493=CARTESIAN_POINT('',(-17.75,55.19,-3.319999999998));
#7494=CARTESIAN_POINT('',(-17.75,55.19,-3.319999999998));
#7495=CARTESIAN_POINT('',(-14.,55.19,-3.319999999998));
#7496=CARTESIAN_POINT('',(-14.,55.19,-3.319999999998));
#7497=CARTESIAN_POINT('',(-14.,55.15,-3.399999999999));
#7498=CARTESIAN_POINT('',(-14.,55.15,-3.399999999999));
#7499=CARTESIAN_POINT('',(-14.,55.15,-3.399999999999));
#7500=CARTESIAN_POINT('',(-12.8,55.15,-3.399999999999));
#7501=CARTESIAN_POINT('',(-12.8,55.19,-3.319999999998));
#7502=CARTESIAN_POINT('',(-12.8,55.19,-3.319999999998));
#7503=CARTESIAN_POINT('',(-4.4,55.19,-3.319999999998));
#7504=CARTESIAN_POINT('',(-4.4,55.19,-3.319999999998));
#7505=CARTESIAN_POINT('',(-4.4,55.15,-3.399999999999));
#7506=CARTESIAN_POINT('',(-4.4,55.15,-3.399999999999));
#7507=CARTESIAN_POINT('',(-4.4,55.15,-3.399999999999));
#7508=CARTESIAN_POINT('',(-3.2,55.15,-3.399999999999));
#7509=CARTESIAN_POINT('',(-3.2,55.19,-3.319999999998));
#7510=CARTESIAN_POINT('',(-3.2,55.19,-3.319999999998));
#7511=CARTESIAN_POINT('',(5.2,55.19,-3.319999999998));
#7512=CARTESIAN_POINT('',(5.2,55.19,-3.319999999998));
#7513=CARTESIAN_POINT('',(5.2,55.15,-3.399999999999));
#7514=CARTESIAN_POINT('',(5.2,55.15,-3.399999999999));
#7515=CARTESIAN_POINT('',(5.2,55.15,-3.399999999999));
#7516=CARTESIAN_POINT('',(6.4,55.15,-3.399999999999));
#7517=CARTESIAN_POINT('',(6.4,55.19,-3.319999999998));
#7518=CARTESIAN_POINT('',(6.4,55.19,-3.319999999998));
#7519=CARTESIAN_POINT('',(10.150000363903,55.19,-3.319999999998));
#7520=CARTESIAN_POINT('',(-3.8,55.,-3.7));
#7521=CARTESIAN_POINT('',(9.05,55.19,-3.));
#7522=CARTESIAN_POINT('',(9.05,55.19,-3.));
#7523=CARTESIAN_POINT('',(9.05,55.19,-3.));
#7524=CARTESIAN_POINT('',(6.4,55.19,-3.319999999998));
#7525=CARTESIAN_POINT('',(6.4,55.19,-3.36));
#7526=CARTESIAN_POINT('',(5.2,55.19,-3.36));
#7527=CARTESIAN_POINT('',(5.2,55.19,-3.36));
#7528=CARTESIAN_POINT('',(5.2,55.19,-3.319999999998));
#7529=CARTESIAN_POINT('',(-3.2,55.19,-3.319999999998));
#7530=CARTESIAN_POINT('',(-3.2,55.19,-3.36));
#7531=CARTESIAN_POINT('',(-4.4,55.19,-3.36));
#7532=CARTESIAN_POINT('',(-4.4,55.19,-3.36));
#7533=CARTESIAN_POINT('',(-4.4,55.19,-3.319999999998));
#7534=CARTESIAN_POINT('',(-12.8,55.19,-3.319999999998));
#7535=CARTESIAN_POINT('',(-12.8,55.19,-3.36));
#7536=CARTESIAN_POINT('',(-14.,55.19,-3.36));
#7537=CARTESIAN_POINT('',(-14.,55.19,-3.36));
#7538=CARTESIAN_POINT('',(-14.,55.19,-3.319999999998));
#7539=CARTESIAN_POINT('',(-17.75,55.19,-3.319999999998));
#7540=CARTESIAN_POINT('',(-17.75,55.19,-3.));
#7541=CARTESIAN_POINT('',(-17.75,55.19,-3.));
#7542=CARTESIAN_POINT('',(-16.65,55.19,-3.));
#7543=CARTESIAN_POINT('',(-16.65,55.19,-3.));
#7544=CARTESIAN_POINT('',(6.4,55.19,-2.2));
#7545=CARTESIAN_POINT('',(9.05,64.41,-3.));
#7546=CARTESIAN_POINT('',(9.05,64.41,-3.));
#7547=CARTESIAN_POINT('',(9.05,63.85626879227,-3.));
#7548=CARTESIAN_POINT('',(9.05,63.85626879227,-3.));
#7549=CARTESIAN_POINT('',(9.05,63.85626879227,-2.5));
#7550=CARTESIAN_POINT('',(9.05,63.85626879227,-2.5));
#7551=CARTESIAN_POINT('',(9.05,63.85626879227,-2.5));
#7552=CARTESIAN_POINT('',(9.05,64.15626879227,-2.5));
#7553=CARTESIAN_POINT('',(9.05,64.15626879227,-2.5));
#7554=CARTESIAN_POINT('',(9.05,64.10313439614,-2.6));
#7555=CARTESIAN_POINT('',(9.05,64.15626879227,-2.5));
#7556=CARTESIAN_POINT('',(10.15,64.15626879227,-2.5));
#7557=CARTESIAN_POINT('',(10.15,64.15626879227,-2.2));
#7558=CARTESIAN_POINT('',(9.6,64.15626879227,-2.35));
#7559=CARTESIAN_POINT('',(10.15,64.65626879227,-2.5));
#7560=CARTESIAN_POINT('',(10.65,64.65626879227,-2.5));
#7561=CARTESIAN_POINT('',(10.65,64.65626879227,-2.5));
#7562=CARTESIAN_POINT('',(10.15,64.65626879227,-2.156966989415));
#7563=CARTESIAN_POINT('',(10.65,64.65626879227,-2.5));
#7564=CARTESIAN_POINT('',(10.65,63.77604980457,-2.5));
#7565=CARTESIAN_POINT('',(10.65,63.77604980457,-2.2));
#7566=CARTESIAN_POINT('',(10.65,64.31302490228,-2.525));
#7567=CARTESIAN_POINT('',(10.45,63.77604980457,-2.5));
#7568=CARTESIAN_POINT('',(10.5672878137,63.61405113557,-2.5));
#7569=CARTESIAN_POINT('',(10.5672878137,63.61405113557,-2.2));
#7570=CARTESIAN_POINT('',(10.45,63.77604980457,-2.893033010585));
#7571=CARTESIAN_POINT('',(9.85762971356,62.23605063452,-2.5));
#7572=CARTESIAN_POINT('',(10.157452364047,63.75677624365,-2.5));
#7573=CARTESIAN_POINT('',(10.1551764069987,63.7572231971255,-2.49997675311189));
#7574=CARTESIAN_POINT('',(10.1535369512038,63.7575438804344,-2.66665116874126));
#7575=CARTESIAN_POINT('',(10.15189697698,63.7578619133363,-2.83332558437064));
#7576=CARTESIAN_POINT('',(10.1502564928995,63.7581772941687,-3.00000000000001));
#7577=CARTESIAN_POINT('',(10.150075735566,63.75723706732,-3.));
#7578=CARTESIAN_POINT('',(10.15,63.7582265821709,-3.));
#7579=CARTESIAN_POINT('',(11.35133179993,62.65,-3.25));
#7580=CARTESIAN_POINT('',(9.85762971356,62.23605063452,-2.45696159669));
#7581=CARTESIAN_POINT('',(11.65066589996,62.65,-3.425));
#7582=CARTESIAN_POINT('',(10.15,64.41,-3.319999999998));
#7583=CARTESIAN_POINT('',(10.15,64.41,-3.319999999998));
#7584=CARTESIAN_POINT('',(10.15,64.05,-3.25));
#7585=CARTESIAN_POINT('',(10.15,64.25362166572,-3.));
#7586=CARTESIAN_POINT('',(10.15,64.41,-3.));
#7587=CARTESIAN_POINT('',(10.15,64.41,-3.319999999998));
#7588=CARTESIAN_POINT('',(10.15,64.25362166572,-3.5));
#7589=CARTESIAN_POINT('',(10.7,64.05,-3.25));
#7590=CARTESIAN_POINT('',(10.15,64.05,-3.25));
#7591=CARTESIAN_POINT('',(10.7,65.3,-3.25));
#7592=CARTESIAN_POINT('',(10.7,64.675,-3.625));
#7593=CARTESIAN_POINT('',(-18.3,65.3,-3.25));
#7594=CARTESIAN_POINT('',(-18.3,64.05,-3.25));
#7595=CARTESIAN_POINT('',(-18.3,64.675,-3.625));
#7596=CARTESIAN_POINT('',(-20.15,63.2,-4.));
#7597=CARTESIAN_POINT('',(-20.15,63.2,-4.));
#7598=CARTESIAN_POINT('',(-19.21,63.2,-4.));
#7599=CARTESIAN_POINT('',(-20.15,63.2,-4.));
#7600=CARTESIAN_POINT('',(-19.21,63.2,-4.));
#7601=CARTESIAN_POINT('',(-19.68,63.2,-3.625));
#7602=CARTESIAN_POINT('',(-18.3846,54.68,-3.28));
#7603=CARTESIAN_POINT('',(-18.3846,54.68,-3.28));
#7604=CARTESIAN_POINT('',(-18.3846,55.65,-3.28));
#7605=CARTESIAN_POINT('',(-20.5,54.68,-3.28));
#7606=CARTESIAN_POINT('',(-20.5,54.68,-3.28));
#7607=CARTESIAN_POINT('',(-20.5,56.47,-3.28));
#7608=CARTESIAN_POINT('',(-20.5,56.47,-3.28));
#7609=CARTESIAN_POINT('',(-20.15,56.47,-3.28));
#7610=CARTESIAN_POINT('',(-20.15,56.47,-3.28));
#7611=CARTESIAN_POINT('',(-20.15,56.4,-3.28));
#7612=CARTESIAN_POINT('',(-20.15,56.4,-3.28));
#7613=CARTESIAN_POINT('',(-19.21,56.4,-3.28));
#7614=CARTESIAN_POINT('',(-19.21,56.4,-3.28));
#7615=CARTESIAN_POINT('',(-19.21,56.4,-3.28));
#7616=CARTESIAN_POINT('',(-19.21,56.47,-3.28));
#7617=CARTESIAN_POINT('',(-18.9846,56.47,-3.28));
#7618=CARTESIAN_POINT('',(-18.9846,56.47,-3.28));
#7619=CARTESIAN_POINT('',(-18.9846,56.15,-3.28));
#7620=CARTESIAN_POINT('',(-18.9846,56.15,-3.28));
#7621=CARTESIAN_POINT('',(-18.9846,56.15,-3.28));
#7622=CARTESIAN_POINT('',(-19.4423,55.575,-3.28));
#7623=CARTESIAN_POINT('',(-19.21,56.47,-3.1));
#7624=CARTESIAN_POINT('',(-19.21,56.4,-4.));
#7625=CARTESIAN_POINT('',(-19.21,56.4,-4.));
#7626=CARTESIAN_POINT('',(-19.21,56.4,-4.));
#7627=CARTESIAN_POINT('',(-19.21,57.,-4.));
#7628=CARTESIAN_POINT('',(-19.21,57.,-3.25));
#7629=CARTESIAN_POINT('',(-19.21,56.4,-3.25));
#7630=CARTESIAN_POINT('',(-19.16,57.,-2.7));
#7631=CARTESIAN_POINT('',(-19.16,57.,-2.7));
#7632=CARTESIAN_POINT('',(-19.16,57.,-3.25));
#7633=CARTESIAN_POINT('',(-19.5,57.,-4.));
#7634=CARTESIAN_POINT('',(-19.5,57.,-4.));
#7635=CARTESIAN_POINT('',(-19.5,57.,-4.2));
#7636=CARTESIAN_POINT('',(-19.5,57.,-4.2));
#7637=CARTESIAN_POINT('',(-18.9,57.,-4.2));
#7638=CARTESIAN_POINT('',(-19.,57.,-3.75));
#7639=CARTESIAN_POINT('',(-19.5,57.,-4.2));
#7640=CARTESIAN_POINT('',(-19.5,62.6,-4.2));
#7641=CARTESIAN_POINT('',(-19.5,62.6,-4.));
#7642=CARTESIAN_POINT('',(-19.5,62.6,-4.));
#7643=CARTESIAN_POINT('',(-19.5,62.6,-4.2));
#7644=CARTESIAN_POINT('',(-19.5,59.8,-3.35));
#7645=CARTESIAN_POINT('',(-18.9,62.6,-4.2));
#7646=CARTESIAN_POINT('',(-19.5,62.6,-4.));
#7647=CARTESIAN_POINT('',(-19.21,62.6,-4.));
#7648=CARTESIAN_POINT('',(-19.21,62.6,-3.25));
#7649=CARTESIAN_POINT('',(-19.16,62.6,-3.25));
#7650=CARTESIAN_POINT('',(-19.16,62.6,-2.7));
#7651=CARTESIAN_POINT('',(-18.9,62.6,-2.7));
#7652=CARTESIAN_POINT('',(-19.,62.6,-3.75));
#7653=CARTESIAN_POINT('',(-19.21,62.6,-4.));
#7654=CARTESIAN_POINT('',(-19.21,62.6,-3.25));
#7655=CARTESIAN_POINT('',(-19.21,56.4,-4.));
#7656=CARTESIAN_POINT('',(-20.15,56.4,-4.));
#7657=CARTESIAN_POINT('',(-20.15,56.4,-4.));
#7658=CARTESIAN_POINT('',(-3.8,59.8,-4.));
#7659=CARTESIAN_POINT('',(-20.15,56.4,-3.28));
#7660=CARTESIAN_POINT('',(-19.68,56.4,-3.625));
#7661=CARTESIAN_POINT('',(-18.9,62.712,-4.2));
#7662=CARTESIAN_POINT('',(11.3,56.888,-4.2));
#7663=CARTESIAN_POINT('',(11.3,62.4,-2.5));
#7664=CARTESIAN_POINT('',(11.93936091462,62.4,-2.7));
#7665=CARTESIAN_POINT('',(11.56,57.2,-2.5));
#7666=CARTESIAN_POINT('',(11.6,59.8,-2.5));
#7667=CARTESIAN_POINT('',(11.93936091462,57.2,-2.7));
#7668=CARTESIAN_POINT('',(-18.9,57.2,-2.5));
#7669=CARTESIAN_POINT('',(-19.16,57.2,-2.5));
#7670=CARTESIAN_POINT('',(-19.16,57.2,-2.7));
#7671=CARTESIAN_POINT('',(-19.53936091462,57.2,-2.7));
#7672=CARTESIAN_POINT('',(-19.16,62.65,-2.5));
#7673=CARTESIAN_POINT('',(-19.16,62.65,-2.5));
#7674=CARTESIAN_POINT('',(-19.16,64.80761400896,-2.5));
#7675=CARTESIAN_POINT('',(-19.16,64.80761400896,-2.2));
#7676=CARTESIAN_POINT('',(-19.16,56.95,-3.25));
#7677=CARTESIAN_POINT('',(-19.16,57.2,-2.5));
#7678=CARTESIAN_POINT('',(-19.16,62.4,-2.5));
#7679=CARTESIAN_POINT('',(-19.16,62.4,-2.7));
#7680=CARTESIAN_POINT('',(-19.16,62.65,-3.25));
#7681=CARTESIAN_POINT('',(-19.16,60.3,-4.));
#7682=CARTESIAN_POINT('',(-18.95133179993,62.65,-2.5));
#7683=CARTESIAN_POINT('',(-18.95133179993,62.65,-2.5));
#7684=CARTESIAN_POINT('',(-18.95133179993,62.65,-2.5));
#7685=CARTESIAN_POINT('',(-19.25066589996,62.65,-3.425));
#7686=CARTESIAN_POINT('',(-17.75,64.65626879227,-2.5));
#7687=CARTESIAN_POINT('',(-17.75,64.15626879227,-2.5));
#7688=CARTESIAN_POINT('',(-18.25,64.65626879227,-2.5));
#7689=CARTESIAN_POINT('',(-18.25,64.74913767462,-2.5));
#7690=CARTESIAN_POINT('',(-18.25,64.74913767462,-2.5));
#7691=CARTESIAN_POINT('',(-18.8,63.3,-2.5));
#7692=CARTESIAN_POINT('',(-17.45762971356,62.23605063452,-2.5));
#7693=CARTESIAN_POINT('',(-17.75578902725,63.75661355726,-2.5));
#7694=CARTESIAN_POINT('',(-17.20137817234,63.75626879227,-2.5));
#7695=CARTESIAN_POINT('',(-16.75,63.75626879227,-2.5));
#7696=CARTESIAN_POINT('',(-16.75,63.85626879227,-2.5));
#7697=CARTESIAN_POINT('',(-16.65,63.85626879227,-2.5));
#7698=CARTESIAN_POINT('',(-16.65,63.85626879227,-2.5));
#7699=CARTESIAN_POINT('',(-16.65,64.15626879227,-2.5));
#7700=CARTESIAN_POINT('',(-16.65,64.15626879227,-2.5));
#7701=CARTESIAN_POINT('',(-17.45,64.13515996392,-2.5));
#7702=CARTESIAN_POINT('',(12.75,56.3,-2.180000000001));
#7703=CARTESIAN_POINT('',(12.75,56.3,-2.180000000001));
#7704=CARTESIAN_POINT('',(12.75,56.47000203309,-2.180000000006));
#7705=CARTESIAN_POINT('',(11.38459945219,56.47000302943,-2.180000008169));
#7706=CARTESIAN_POINT('',(11.38459945219,56.47000302943,-2.180000008169));
#7707=CARTESIAN_POINT('',(11.38459945219,56.47000302943,-2.180000008169));
#7708=CARTESIAN_POINT('',(10.50631045761,55.4244221338,-2.18000001593));
#7709=CARTESIAN_POINT('',(10.50631045761,55.4244221338,-2.18000001593));
#7710=CARTESIAN_POINT('',(10.50631045761,54.75,-2.180000002267));
#7711=CARTESIAN_POINT('',(11.2,54.75,-2.180000000518));
#7712=CARTESIAN_POINT('',(11.2,54.75,-2.180000000518));
#7713=CARTESIAN_POINT('',(11.2,56.3,-2.18));
#7714=CARTESIAN_POINT('',(-3.8,53.68500123059,-2.18));
#7715=CARTESIAN_POINT('',(10.50631045761,54.75,-2.180000002267));
#7716=CARTESIAN_POINT('',(10.50631045761,55.4244221338,-2.18000001593));
#7717=CARTESIAN_POINT('',(10.50631045761,54.9622110669,-2.245));
#7718=CARTESIAN_POINT('',(11.38459945219,56.47000302943,-2.180000008169));
#7719=CARTESIAN_POINT('',(10.94545440893,55.94721255204,-2.245000060603));
#7720=CARTESIAN_POINT('',(11.3846,56.47,-2.36));
#7721=CARTESIAN_POINT('',(11.3846,56.4,-2.730000000034));
#7722=CARTESIAN_POINT('',(12.75,56.47,-2.36));
#7723=CARTESIAN_POINT('',(11.33608863638,56.47,-2.36));
#7724=CARTESIAN_POINT('',(-18.10631045761,54.75,-2.180000002878));
#7725=CARTESIAN_POINT('',(-18.10631045761,54.75,-2.180000002878));
#7726=CARTESIAN_POINT('',(-18.8,54.75,-2.180000000518));
#7727=CARTESIAN_POINT('',(-18.10631045761,54.75,-2.180000002878));
#7728=CARTESIAN_POINT('',(-18.10631045761,55.4244221338,-2.180000006873));
#7729=CARTESIAN_POINT('',(-18.10631045761,55.4244221338,-2.180000006873));
#7730=CARTESIAN_POINT('',(-18.98459940645,56.47000260207,-2.180000006733));
#7731=CARTESIAN_POINT('',(-20.35,56.47000122524,-2.180000000004));
#7732=CARTESIAN_POINT('',(-20.35,56.47000122524,-2.180000000004));
#7733=CARTESIAN_POINT('',(-20.35,56.3,-2.180000000001));
#7734=CARTESIAN_POINT('',(-20.35,56.3,-2.180000000001));
#7735=CARTESIAN_POINT('',(-18.8,56.3,-2.18));
#7736=CARTESIAN_POINT('',(-3.8,53.68500123059,-2.18));
#7737=CARTESIAN_POINT('',(-18.10631045761,54.75,-2.180000002878));
#7738=CARTESIAN_POINT('',(-18.10631045761,55.4244221338,-2.180000006873));
#7739=CARTESIAN_POINT('',(-18.10631045761,54.9622110669,-2.245));
#7740=CARTESIAN_POINT('',(-18.98459940645,56.47000260207,-2.180000006733));
#7741=CARTESIAN_POINT('',(-18.54545440893,55.94721255204,-2.245000060603));
#7742=CARTESIAN_POINT('',(-18.9846,56.47,-2.36));
#7743=CARTESIAN_POINT('',(-18.9846,56.4,-2.730000000034));
#7744=CARTESIAN_POINT('',(-20.35,56.47,-2.36));
#7745=CARTESIAN_POINT('',(-20.54851136362,56.47,-2.36));
#7746=CARTESIAN_POINT('',(-18.25,64.65626879227,-2.2));
#7747=CARTESIAN_POINT('',(-17.75,64.15626879227,-2.5));
#7748=CARTESIAN_POINT('',(-17.75,64.65626879227,-2.543033010585));
#7749=CARTESIAN_POINT('',(-16.65,64.15626879227,-2.5));
#7750=CARTESIAN_POINT('',(-17.2,64.15626879227,-2.35));
#7751=CARTESIAN_POINT('',(-16.65,63.85626879227,-3.));
#7752=CARTESIAN_POINT('',(-16.65,63.85626879227,-3.));
#7753=CARTESIAN_POINT('',(-16.65,64.41,-3.));
#7754=CARTESIAN_POINT('',(-16.65,64.41,-3.));
#7755=CARTESIAN_POINT('',(-16.65,64.41,-3.));
#7756=CARTESIAN_POINT('',(-16.65,64.10313439614,-2.6));
#7757=CARTESIAN_POINT('',(-17.7500001213,64.41,-3.));
#7758=CARTESIAN_POINT('',(-17.7500000606483,64.41,-3.));
#7759=CARTESIAN_POINT('',(-17.7500003639,64.41,-3.319999999998));
#7760=CARTESIAN_POINT('',(-17.7500003639,64.41,-3.319999999998));
#7761=CARTESIAN_POINT('',(-17.7500003639,64.41,-3.319999999998));
#7762=CARTESIAN_POINT('',(-14.,64.41,-3.319999999998));
#7763=CARTESIAN_POINT('',(-14.,64.41,-3.319999999998));
#7764=CARTESIAN_POINT('',(-14.,64.41,-3.36));
#7765=CARTESIAN_POINT('',(-12.8,64.41,-3.36));
#7766=CARTESIAN_POINT('',(-12.8,64.41,-3.36));
#7767=CARTESIAN_POINT('',(-12.8,64.41,-3.319999999998));
#7768=CARTESIAN_POINT('',(-12.8,64.41,-3.319999999998));
#7769=CARTESIAN_POINT('',(-12.8,64.41,-3.319999999998));
#7770=CARTESIAN_POINT('',(-4.4,64.41,-3.319999999998));
#7771=CARTESIAN_POINT('',(-4.4,64.41,-3.319999999998));
#7772=CARTESIAN_POINT('',(-4.4,64.41,-3.36));
#7773=CARTESIAN_POINT('',(-3.2,64.41,-3.36));
#7774=CARTESIAN_POINT('',(-3.2,64.41,-3.36));
#7775=CARTESIAN_POINT('',(-3.2,64.41,-3.319999999998));
#7776=CARTESIAN_POINT('',(-3.2,64.41,-3.319999999998));
#7777=CARTESIAN_POINT('',(-3.2,64.41,-3.319999999998));
#7778=CARTESIAN_POINT('',(5.2,64.41,-3.319999999998));
#7779=CARTESIAN_POINT('',(5.2,64.41,-3.319999999998));
#7780=CARTESIAN_POINT('',(5.2,64.41,-3.36));
#7781=CARTESIAN_POINT('',(6.4,64.41,-3.36));
#7782=CARTESIAN_POINT('',(6.4,64.41,-3.36));
#7783=CARTESIAN_POINT('',(6.4,64.41,-3.319999999998));
#7784=CARTESIAN_POINT('',(6.4,64.41,-3.319999999998));
#7785=CARTESIAN_POINT('',(6.4,64.41,-3.319999999998));
#7786=CARTESIAN_POINT('',(10.15,64.41,-3.));
#7787=CARTESIAN_POINT('',(-14.,64.41,-2.2));
#7788=CARTESIAN_POINT('',(9.60100230811,63.75626879227,-3.));
#7789=CARTESIAN_POINT('',(9.15,63.75626879227,-3.));
#7790=CARTESIAN_POINT('',(9.15,63.85626879227,-3.));
#7791=CARTESIAN_POINT('',(9.600011337,64.10313439614,-3.));
#7792=CARTESIAN_POINT('',(9.15,63.75626879227,-3.));
#7793=CARTESIAN_POINT('',(9.15,63.75626879227,-2.5));
#7794=CARTESIAN_POINT('',(9.15,63.85626879227,-2.5));
#7795=CARTESIAN_POINT('',(9.15,63.85626879227,-7.910800000001));
#7796=CARTESIAN_POINT('',(9.60100230811,63.75626879227,-2.5));
#7797=CARTESIAN_POINT('',(9.85,64.13515996392,-2.5));
#7798=CARTESIAN_POINT('',(9.60100230811,63.75626879227,-2.749998202425));
#7799=CARTESIAN_POINT('',(-17.7500003639,64.75,-4.));
#7800=CARTESIAN_POINT('',(6.4,64.45,-3.399999999999));
#7801=CARTESIAN_POINT('',(6.4,64.45,-3.399999999999));
#7802=CARTESIAN_POINT('',(6.4,64.45,-3.399999999999));
#7803=CARTESIAN_POINT('',(5.2,64.45,-3.399999999999));
#7804=CARTESIAN_POINT('',(5.2,64.41,-3.319999999998));
#7805=CARTESIAN_POINT('',(-3.2,64.45,-3.399999999999));
#7806=CARTESIAN_POINT('',(-3.2,64.45,-3.399999999999));
#7807=CARTESIAN_POINT('',(-3.2,64.45,-3.399999999999));
#7808=CARTESIAN_POINT('',(-4.4,64.45,-3.399999999999));
#7809=CARTESIAN_POINT('',(-4.4,64.41,-3.319999999998));
#7810=CARTESIAN_POINT('',(-12.8,64.45,-3.399999999999));
#7811=CARTESIAN_POINT('',(-12.8,64.45,-3.399999999999));
#7812=CARTESIAN_POINT('',(-12.8,64.45,-3.399999999999));
#7813=CARTESIAN_POINT('',(-14.,64.45,-3.399999999999));
#7814=CARTESIAN_POINT('',(-14.,64.41,-3.319999999998));
#7815=CARTESIAN_POINT('',(-3.8,64.6,-3.7));
#7816=CARTESIAN_POINT('',(-17.75,64.25361948595,-3.));
#7817=CARTESIAN_POINT('',(-17.7500816528,63.75723669699,-3.));
#7818=CARTESIAN_POINT('',(-17.75,63.7582265821709,-3.25));
#7819=CARTESIAN_POINT('',(-17.75,64.05,-3.25));
#7820=CARTESIAN_POINT('',(-17.75,64.25361948595,-3.5));
#7821=CARTESIAN_POINT('',(-18.3,64.05,-3.25));
#7822=CARTESIAN_POINT('',(-17.7502622714515,63.7581761832386,-3.));
#7823=CARTESIAN_POINT('',(-17.7521360142871,63.7578159513515,-2.83333333333335));
#7824=CARTESIAN_POINT('',(-17.7540090919516,63.7574522595827,-2.66666666666671));
#7825=CARTESIAN_POINT('',(-17.7558814916721,63.7570851104123,-2.50000000000006));
#7826=CARTESIAN_POINT('',(-17.45762971356,62.23605063452,-2.456966989415));
#7827=CARTESIAN_POINT('',(-17.20137817234,63.75626879227,-3.));
#7828=CARTESIAN_POINT('',(-16.75,63.75626879227,-3.));
#7829=CARTESIAN_POINT('',(-16.75,63.75626879227,-2.5));
#7830=CARTESIAN_POINT('',(-17.20137817234,63.75626879227,-2.749999101212));
#7831=CARTESIAN_POINT('',(-16.75,63.85626879227,-3.));
#7832=CARTESIAN_POINT('',(-16.75,63.85626879227,2.9108));
#7833=CARTESIAN_POINT('',(-17.20002268011,64.10313439614,-3.));
#7834=CARTESIAN_POINT('',(-14.,64.45,-3.399999999999));
#7835=CARTESIAN_POINT('',(-14.,64.45,-2.2));
#7836=CARTESIAN_POINT('',(-12.8,64.41,-3.36));
#7837=CARTESIAN_POINT('',(-13.4,64.43,-3.38));
#7838=CARTESIAN_POINT('',(-12.8,64.41,-2.2));
#7839=CARTESIAN_POINT('',(-4.4,64.45,-3.399999999999));
#7840=CARTESIAN_POINT('',(-4.4,64.45,-2.2));
#7841=CARTESIAN_POINT('',(-3.2,64.41,-3.36));
#7842=CARTESIAN_POINT('',(-3.8,64.43,-3.38));
#7843=CARTESIAN_POINT('',(-3.2,64.41,-2.2));
#7844=CARTESIAN_POINT('',(5.2,64.45,-3.399999999999));
#7845=CARTESIAN_POINT('',(5.2,64.45,-2.2));
#7846=CARTESIAN_POINT('',(6.4,64.41,-3.36));
#7847=CARTESIAN_POINT('',(5.8,64.43,-3.38));
#7848=CARTESIAN_POINT('',(6.4,64.41,-2.2));
#7849=CARTESIAN_POINT('',(-19.16,62.4,-2.5));
#7850=CARTESIAN_POINT('',(-18.86063908538,62.4,-2.7));
#7851=CARTESIAN_POINT('',(-19.2,59.8,-2.5));
#7852=CARTESIAN_POINT('',(-18.95133179993,56.95,-3.25));
#7853=CARTESIAN_POINT('',(-19.65066589996,56.95,-3.1));
#7854=CARTESIAN_POINT('',(-17.7559179227772,55.8429220336276,-2.19998378288408));
#7855=CARTESIAN_POINT('',(-17.754031463386,55.8425520806479,-2.46665585525606));
#7856=CARTESIAN_POINT('',(-17.7521443157407,55.842185637204,-2.73332792762804));
#7857=CARTESIAN_POINT('',(-17.7502564929044,55.8418227058322,-3.00000000000002));
#7858=CARTESIAN_POINT('',(-17.75007573557,55.84276293268,-3.));
#7859=CARTESIAN_POINT('',(-17.75,55.8417734178291,-3.));
#7860=CARTESIAN_POINT('',(-17.45762971356,57.36394936548,-2.156966989415));
#7861=CARTESIAN_POINT('',(-17.75,55.55,-3.25));
#7862=CARTESIAN_POINT('',(-17.75,55.34637833428,-3.));
#7863=CARTESIAN_POINT('',(-17.75,55.34637833428,-3.5));
#7864=CARTESIAN_POINT('',(-18.3,55.55,-4.));
#7865=CARTESIAN_POINT('',(-17.75,55.55,-3.25));
#7866=CARTESIAN_POINT('',(-18.3,54.3,-3.25));
#7867=CARTESIAN_POINT('',(-18.3,54.925,-3.625));
#7868=CARTESIAN_POINT('',(-17.200011337,55.84373120773,-3.));
#7869=CARTESIAN_POINT('',(-16.75,55.84373120773,-3.));
#7870=CARTESIAN_POINT('',(-16.75,55.74373120773,-3.));
#7871=CARTESIAN_POINT('',(-16.65,55.74373120773,-3.));
#7872=CARTESIAN_POINT('',(-16.65,55.74373120773,-3.));
#7873=CARTESIAN_POINT('',(-17.200011337,55.49686560386,-3.));
#7874=CARTESIAN_POINT('',(-16.65,55.74373120773,-2.2));
#7875=CARTESIAN_POINT('',(-16.65,55.49686560386,-2.6));
#7876=CARTESIAN_POINT('',(-16.75,55.84373120773,-3.));
#7877=CARTESIAN_POINT('',(-16.75,55.74373120773,-7.910800000001));
#7878=CARTESIAN_POINT('',(-17.20137874979,55.84373120773,-2.599999441415));
#7879=CARTESIAN_POINT('',(-18.9846,56.47,-3.1));
#7880=CARTESIAN_POINT('',(-20.54851136362,56.47,-3.1));
#7881=CARTESIAN_POINT('',(-18.9846,56.15,-3.25));
#7882=CARTESIAN_POINT('',(-18.9846,56.4,-2.730000000034));
#7883=CARTESIAN_POINT('',(-18.3846,55.65,-3.28));
#7884=CARTESIAN_POINT('',(-18.6846,55.9,-3.215));
#7885=CARTESIAN_POINT('',(-18.3846,54.68,-3.1));
#7886=CARTESIAN_POINT('',(-18.3846,55.075,-2.995));
#7887=CARTESIAN_POINT('',(9.05,55.74373120773,-3.));
#7888=CARTESIAN_POINT('',(9.05,55.74373120773,-3.));
#7889=CARTESIAN_POINT('',(9.05,55.74373120773,-3.));
#7890=CARTESIAN_POINT('',(9.05,55.49686560386,-2.6));
#7891=CARTESIAN_POINT('',(9.15,55.74373120773,-3.));
#7892=CARTESIAN_POINT('',(9.15,55.84373120773,-3.));
#7893=CARTESIAN_POINT('',(9.60137880613,55.84373120773,-3.));
#7894=CARTESIAN_POINT('',(9.60002268011,55.49686560386,-3.));
#7895=CARTESIAN_POINT('',(9.15,55.84373120773,-2.2));
#7896=CARTESIAN_POINT('',(9.60137880613,55.84373120773,-2.599999441415));
#7897=CARTESIAN_POINT('',(9.15,55.74373120773,2.9108));
#7898=CARTESIAN_POINT('',(-14.,55.19,-3.36));
#7899=CARTESIAN_POINT('',(-14.,55.19,-2.2));
#7900=CARTESIAN_POINT('',(-12.8,55.15,-3.399999999999));
#7901=CARTESIAN_POINT('',(-13.4,55.17,-3.38));
#7902=CARTESIAN_POINT('',(-12.8,55.15,-2.2));
#7903=CARTESIAN_POINT('',(-4.4,55.19,-3.36));
#7904=CARTESIAN_POINT('',(-4.4,55.19,-2.2));
#7905=CARTESIAN_POINT('',(-3.2,55.15,-3.399999999999));
#7906=CARTESIAN_POINT('',(-3.8,55.17,-3.38));
#7907=CARTESIAN_POINT('',(-3.2,55.15,-2.2));
#7908=CARTESIAN_POINT('',(5.2,55.19,-3.36));
#7909=CARTESIAN_POINT('',(5.2,55.19,-2.2));
#7910=CARTESIAN_POINT('',(6.4,55.15,-3.399999999999));
#7911=CARTESIAN_POINT('',(5.8,55.17,-3.38));
#7912=CARTESIAN_POINT('',(6.4,55.15,-2.2));
#7913=CARTESIAN_POINT('',(10.7846,54.68,-3.1));
#7914=CARTESIAN_POINT('',(10.7846,55.65,-3.25));
#7915=CARTESIAN_POINT('',(10.7846,55.075,-2.995));
#7916=CARTESIAN_POINT('',(11.0846,55.9,-3.215));
#7917=CARTESIAN_POINT('',(11.2,63.3,-1.));
#7918=CARTESIAN_POINT('',(12.15942916709,65.11162790698,-1.));
#7919=CARTESIAN_POINT('',(13.01162790699,64.25942916706,-1.));
#7920=CARTESIAN_POINT('',(12.15942916709,65.11162790698,-1.));
#7921=CARTESIAN_POINT('',(12.1594291670946,65.1116279069743,-1.4));
#7922=CARTESIAN_POINT('',(11.2,63.3,-1.4));
#7923=CARTESIAN_POINT('',(13.011627906988,64.2594291670639,-1.4));
#7924=CARTESIAN_POINT('',(13.01162790698,64.25942916708,-1.));
#7925=CARTESIAN_POINT('',(11.2,63.3,-1.443033010585));
#7926=CARTESIAN_POINT('',(13.1,64.30623058987,-1.));
#7927=CARTESIAN_POINT('',(13.2,64.30623058987,-1.));
#7928=CARTESIAN_POINT('',(13.1,64.30623058987,-1.4));
#7929=CARTESIAN_POINT('',(13.2,64.30623058987,-1.4));
#7930=CARTESIAN_POINT('',(13.2,64.30623058987,-1.4));
#7931=CARTESIAN_POINT('',(13.1,64.30623058987,-0.956966989415));
#7932=CARTESIAN_POINT('',(12.20623058987,65.2,-1.));
#7933=CARTESIAN_POINT('',(12.20623058988,65.3,-1.));
#7934=CARTESIAN_POINT('',(12.20623058988,65.3,-1.));
#7935=CARTESIAN_POINT('',(12.20623058989,65.3,-1.4));
#7936=CARTESIAN_POINT('',(12.20623058987,65.2,-1.4));
#7937=CARTESIAN_POINT('',(12.20623058987,65.2,-0.956966989415));
#7938=CARTESIAN_POINT('',(13.2,65.3,-1.));
#7939=CARTESIAN_POINT('',(13.2,65.3,-1.));
#7940=CARTESIAN_POINT('',(12.20623058988,65.3,-1.));
#7941=CARTESIAN_POINT('',(12.65287840496,64.75287879515,-1.));
#7942=CARTESIAN_POINT('',(13.1,55.29376941013,-1.));
#7943=CARTESIAN_POINT('',(13.2,55.29376941011,-1.));
#7944=CARTESIAN_POINT('',(13.01162790697,55.3405708329,-1.));
#7945=CARTESIAN_POINT('',(13.2,55.29376941011,-1.));
#7946=CARTESIAN_POINT('',(13.2,55.2937694101,-1.4));
#7947=CARTESIAN_POINT('',(13.1,55.29376941013,-1.4));
#7948=CARTESIAN_POINT('',(13.0116279069711,55.3405708328994,-1.4));
#7949=CARTESIAN_POINT('',(13.01162790697,55.3405708329,-1.));
#7950=CARTESIAN_POINT('',(13.1,55.29376941013,-0.956966989415));
#7951=CARTESIAN_POINT('',(11.2,56.3,-1.4));
#7952=CARTESIAN_POINT('',(12.1594291670561,54.4883720930079,-1.4));
#7953=CARTESIAN_POINT('',(12.15942916708,54.48837209302,-1.));
#7954=CARTESIAN_POINT('',(12.15942916706,54.48837209301,-1.));
#7955=CARTESIAN_POINT('',(11.2,56.3,-1.));
#7956=CARTESIAN_POINT('',(11.2,56.3,-1.443033010585));
#7957=CARTESIAN_POINT('',(12.20623058987,54.4,-1.));
#7958=CARTESIAN_POINT('',(12.20623058987,54.3,-1.));
#7959=CARTESIAN_POINT('',(12.20623058987,54.4,-1.4));
#7960=CARTESIAN_POINT('',(12.20623058987,54.3,-1.4));
#7961=CARTESIAN_POINT('',(12.20623058987,54.3,-1.4));
#7962=CARTESIAN_POINT('',(12.20623058987,54.4,-0.956966989415));
#7963=CARTESIAN_POINT('',(13.2,54.3,-1.));
#7964=CARTESIAN_POINT('',(13.2,54.3,-1.));
#7965=CARTESIAN_POINT('',(13.2,55.29376941011,-1.));
#7966=CARTESIAN_POINT('',(12.65287879514,54.84712159504,-1.));
#7967=CARTESIAN_POINT('',(-20.7,64.30623058987,-1.));
#7968=CARTESIAN_POINT('',(-20.8,64.30623058989,-1.));
#7969=CARTESIAN_POINT('',(-20.61162790697,64.25942916711,-1.));
#7970=CARTESIAN_POINT('',(-20.8,64.30623058989,-1.));
#7971=CARTESIAN_POINT('',(-20.8,64.3062305899,-1.4));
#7972=CARTESIAN_POINT('',(-20.7,64.30623058987,-1.4));
#7973=CARTESIAN_POINT('',(-20.611627906967,64.2594291671084,-1.4));
#7974=CARTESIAN_POINT('',(-20.61162790697,64.2594291671,-1.));
#7975=CARTESIAN_POINT('',(-20.7,64.30623058987,-0.956966989415));
#7976=CARTESIAN_POINT('',(-18.8,63.3,-1.));
#7977=CARTESIAN_POINT('',(-19.75942916706,65.11162790699,-1.));
#7978=CARTESIAN_POINT('',(-18.8,63.3,-1.4));
#7979=CARTESIAN_POINT('',(-19.75942916706,65.11162790699,-1.4));
#7980=CARTESIAN_POINT('',(-19.75942916708,65.11162790698,-1.));
#7981=CARTESIAN_POINT('',(-18.8,63.3,-1.443033010585));
#7982=CARTESIAN_POINT('',(-19.80623058987,65.2,-1.));
#7983=CARTESIAN_POINT('',(-19.80623058987,65.3,-1.));
#7984=CARTESIAN_POINT('',(-19.80623058987,65.2,-1.4));
#7985=CARTESIAN_POINT('',(-19.80623058987,65.3,-1.4));
#7986=CARTESIAN_POINT('',(-19.80623058987,65.3,-1.4));
#7987=CARTESIAN_POINT('',(-19.80623058987,65.2,-0.956966989415));
#7988=CARTESIAN_POINT('',(-20.8,65.3,-1.));
#7989=CARTESIAN_POINT('',(-20.8,65.3,-1.));
#7990=CARTESIAN_POINT('',(-20.8,64.30623058989,-1.));
#7991=CARTESIAN_POINT('',(-20.25287879514,64.75287840496,-1.));
#7992=CARTESIAN_POINT('',(-19.80623058987,54.4,-1.));
#7993=CARTESIAN_POINT('',(-19.80623058988,54.3,-1.));
#7994=CARTESIAN_POINT('',(-19.75942916709,54.48837209302,-1.));
#7995=CARTESIAN_POINT('',(-19.80623058988,54.3,-1.));
#7996=CARTESIAN_POINT('',(-19.80623058989,54.3,-1.4));
#7997=CARTESIAN_POINT('',(-19.80623058987,54.4,-1.4));
#7998=CARTESIAN_POINT('',(-19.7594291671006,54.4883720930289,-1.4));
#7999=CARTESIAN_POINT('',(-19.75942916709,54.48837209302,-1.));
#8000=CARTESIAN_POINT('',(-19.80623058987,54.4,-0.956966989415));
#8001=CARTESIAN_POINT('',(-18.8,56.3,-1.4));
#8002=CARTESIAN_POINT('',(-20.611627906988,55.3405708329361,-1.4));
#8003=CARTESIAN_POINT('',(-20.61162790698,55.34057083292,-1.));
#8004=CARTESIAN_POINT('',(-20.61162790699,55.34057083294,-1.));
#8005=CARTESIAN_POINT('',(-18.8,56.3,-1.));
#8006=CARTESIAN_POINT('',(-18.8,56.3,-1.443033010585));
#8007=CARTESIAN_POINT('',(-20.7,55.29376941013,-1.));
#8008=CARTESIAN_POINT('',(-20.8,55.29376941012,-1.));
#8009=CARTESIAN_POINT('',(-20.7,55.29376941013,-1.4));
#8010=CARTESIAN_POINT('',(-20.8,55.293769410125,-1.4));
#8011=CARTESIAN_POINT('',(-20.8,55.29376941013,-1.4));
#8012=CARTESIAN_POINT('',(-20.7,55.29376941013,-0.956966989415));
#8013=CARTESIAN_POINT('',(-20.8,54.3,-1.));
#8014=CARTESIAN_POINT('',(-20.8,54.3,-1.));
#8015=CARTESIAN_POINT('',(-19.80623058988,54.3,-1.));
#8016=CARTESIAN_POINT('',(-20.25287840496,54.84712120485,-1.));
#8017=CARTESIAN_POINT('',(-20.24999999999,63.2,-1.15));
#8018=CARTESIAN_POINT('',(-20.24999999999,63.2,-1.25));
#8019=CARTESIAN_POINT('',(-20.24999999999,63.2,-1.4));
#8020=CARTESIAN_POINT('',(-18.69999999999,63.2,-1.25));
#8021=CARTESIAN_POINT('',(-18.69999999999,64.75,-1.25));
#8022=CARTESIAN_POINT('',(-18.69999999999,64.75,-1.15));
#8023=CARTESIAN_POINT('',(-18.69999999999,64.75,-1.4));
#8024=CARTESIAN_POINT('',(-18.69999999999,63.2,-1.4));
#8025=CARTESIAN_POINT('',(-18.69999999999,63.2,-1.15));
#8026=CARTESIAN_POINT('',(11.10000000001,64.75,-1.25));
#8027=CARTESIAN_POINT('',(11.10000000001,64.75,-1.25));
#8028=CARTESIAN_POINT('',(11.10000000001,64.75,-1.15));
#8029=CARTESIAN_POINT('',(11.10000000001,64.75,-1.4));
#8030=CARTESIAN_POINT('',(-3.79999999999,64.75,-1.4));
#8031=CARTESIAN_POINT('',(-3.79999999999,64.75,-1.15));
#8032=CARTESIAN_POINT('',(11.10000000001,54.85,-1.15));
#8033=CARTESIAN_POINT('',(11.10000000001,54.85,-1.25));
#8034=CARTESIAN_POINT('',(11.10000000001,54.85,-1.4));
#8035=CARTESIAN_POINT('',(-18.69999999999,54.85,-1.25));
#8036=CARTESIAN_POINT('',(-18.69999999999,54.85,-1.25));
#8037=CARTESIAN_POINT('',(-18.69999999999,54.85,-1.15));
#8038=CARTESIAN_POINT('',(-18.69999999999,54.85,-1.4));
#8039=CARTESIAN_POINT('',(-18.69999999999,54.85,-1.4));
#8040=CARTESIAN_POINT('',(-18.69999999999,54.85,-1.15));
#8041=CARTESIAN_POINT('',(-18.69999999999,56.4,-1.25));
#8042=CARTESIAN_POINT('',(-20.24999999999,56.4,-1.25));
#8043=CARTESIAN_POINT('',(-20.24999999999,56.4,-1.15));
#8044=CARTESIAN_POINT('',(-20.24999999999,56.4,-1.4));
#8045=CARTESIAN_POINT('',(-18.69999999999,56.4,-1.4));
#8046=CARTESIAN_POINT('',(-18.69999999999,56.4,-1.15));
#8047=CARTESIAN_POINT('',(-20.24999999999,63.2,-1.25));
#8048=CARTESIAN_POINT('',(-20.24999999999,63.2,-1.4));
#8049=CARTESIAN_POINT('',(-20.24999999999,63.2,-1.15));
#8050=CARTESIAN_POINT('',(9.14990393176,55.75063643135,-1.4));
#8051=CARTESIAN_POINT('',(9.15889256946602,55.7502807310542,-1.4));
#8052=CARTESIAN_POINT('',(9.17688144587146,55.7499416752648,-1.4));
#8053=CARTESIAN_POINT('',(9.21286495494902,55.750433416454,-1.4));
#8054=CARTESIAN_POINT('',(9.27576251294016,55.7536348640756,-1.4));
#8055=CARTESIAN_POINT('',(9.40112807370427,55.7660874820731,-1.4));
#8056=CARTESIAN_POINT('',(9.57877052904265,55.795157477076,-1.4));
#8057=CARTESIAN_POINT('',(9.7541789445058,55.8357437814132,-1.4));
#8058=CARTESIAN_POINT('',(9.89149326669861,55.8791605451855,-1.4));
#8059=CARTESIAN_POINT('',(9.99176461436132,55.9192886444083,-1.4));
#8060=CARTESIAN_POINT('',(10.0898738041509,55.9643396924617,-1.4));
#8061=CARTESIAN_POINT('',(10.1864737234825,56.0125334783454,-1.4));
#8062=CARTESIAN_POINT('',(10.2652636898614,56.0560088332946,-1.4));
#8063=CARTESIAN_POINT('',(10.3264709156808,56.0938715764421,-1.4));
#8064=CARTESIAN_POINT('',(10.4768990148556,56.1924691268995,-1.4));
#8065=CARTESIAN_POINT('',(10.717793362118,56.383746093841,-1.4));
#8066=CARTESIAN_POINT('',(10.9865983804375,56.7243544267903,-1.4));
#8067=CARTESIAN_POINT('',(11.1974464627342,57.1034539664761,-1.4));
#8068=CARTESIAN_POINT('',(11.2980181732032,57.4509006585289,-1.4));
#8069=CARTESIAN_POINT('',(11.3406312125906,57.6993091251015,-1.4));
#8070=CARTESIAN_POINT('',(11.3524730313539,57.8429160693982,-1.4));
#8071=CARTESIAN_POINT('',(11.3522567020221,57.9149166519983,-1.4));
#8072=CARTESIAN_POINT('',(11.3500699998,57.95084788839,-1.4));
#8073=CARTESIAN_POINT('',(9.14990393176001,55.7506364313586,-1.4));
#8074=CARTESIAN_POINT('',(11.3500699998,57.95084788839,-1.4));
#8075=CARTESIAN_POINT('',(11.3500699998,57.95084788839,-1.4));
#8076=CARTESIAN_POINT('',(11.3500668530806,61.65035931601,-1.4));
#8077=CARTESIAN_POINT('',(9.149889996407,63.8505567794,-1.4));
#8078=CARTESIAN_POINT('',(9.18582120590684,63.8527435919111,-1.4));
#8079=CARTESIAN_POINT('',(9.25782173780304,63.8529594400541,-1.4));
#8080=CARTESIAN_POINT('',(9.40142842960409,63.8411153544822,-1.4));
#8081=CARTESIAN_POINT('',(9.64983598801123,63.7984981859434,-1.4));
#8082=CARTESIAN_POINT('',(9.99728060884997,63.697920254973,-1.4));
#8083=CARTESIAN_POINT('',(10.3763762907603,63.4870661043991,-1.4));
#8084=CARTESIAN_POINT('',(10.7169810597597,63.218257132195,-1.4));
#8085=CARTESIAN_POINT('',(10.9082541093514,62.9773599268574,-1.4));
#8086=CARTESIAN_POINT('',(11.0068494588047,62.8269305499949,-1.4));
#8087=CARTESIAN_POINT('',(11.0447110585539,62.7657226800439,-1.4));
#8088=CARTESIAN_POINT('',(11.0881849141753,62.6869319660561,-1.4));
#8089=CARTESIAN_POINT('',(11.1363770113361,62.5903312986399,-1.4));
#8090=CARTESIAN_POINT('',(11.1814266121882,62.492221540486,-1.4));
#8091=CARTESIAN_POINT('',(11.2215536644424,62.3919498634632,-1.4));
#8092=CARTESIAN_POINT('',(11.2649687130263,62.2546351083965,-1.4));
#8093=CARTESIAN_POINT('',(11.305552309341,62.0792262011648,-1.4));
#8094=CARTESIAN_POINT('',(11.3346197578021,61.9015834743244,-1.4));
#8095=CARTESIAN_POINT('',(11.3470706854441,61.7762178418825,-1.4));
#8096=CARTESIAN_POINT('',(11.3502712143312,61.7133202847797,-1.4));
#8097=CARTESIAN_POINT('',(11.3507622972761,61.6773367918571,-1.4));
#8098=CARTESIAN_POINT('',(11.3504228113448,61.6593479369206,-1.4));
#8099=CARTESIAN_POINT('',(11.35006685308,61.65035931601,-1.4));
#8100=CARTESIAN_POINT('',(9.149889996407,63.8505567794,-1.4));
#8101=CARTESIAN_POINT('',(9.149889996407,63.8505567794,-1.4));
#8102=CARTESIAN_POINT('',(-16.74934074617,63.8505531231873,-1.4));
#8103=CARTESIAN_POINT('',(-16.74934074617,63.85055312319,-1.4));
#8104=CARTESIAN_POINT('',(-16.7504536434524,63.8507175604373,-1.4));
#8105=CARTESIAN_POINT('',(-16.7526878342786,63.8509822136258,-1.4));
#8106=CARTESIAN_POINT('',(-16.7571739581758,63.8513404447178,-1.4));
#8107=CARTESIAN_POINT('',(-16.7650403794904,63.8516968580535,-1.4));
#8108=CARTESIAN_POINT('',(-16.7807907469172,63.8517830672082,-1.4));
#8109=CARTESIAN_POINT('',(-16.8122744195945,63.8508213710028,-1.4));
#8110=CARTESIAN_POINT('',(-16.8751513782229,63.8469998526835,-1.4));
#8111=CARTESIAN_POINT('',(-16.9648389484259,63.8396988197136,-1.4));
#8112=CARTESIAN_POINT('',(-17.0721418535359,63.8270498086864,-1.4));
#8113=CARTESIAN_POINT('',(-17.178101332618,63.8059977841167,-1.4));
#8114=CARTESIAN_POINT('',(-17.2660836871638,63.7871618857731,-1.4));
#8115=CARTESIAN_POINT('',(-17.3361470084531,63.7705936055018,-1.4));
#8116=CARTESIAN_POINT('',(-17.4402434054979,63.7417712668454,-1.4));
#8117=CARTESIAN_POINT('',(-17.5919226370239,63.6846144930645,-1.4));
#8118=CARTESIAN_POINT('',(-17.7886989126554,63.5944940464174,-1.4));
#8119=CARTESIAN_POINT('',(-18.0379664163589,63.450030485104,-1.4));
#8120=CARTESIAN_POINT('',(-18.2140135637098,63.2936109770949,-1.4));
#8121=CARTESIAN_POINT('',(-18.3366846600752,63.1746476029245,-1.4));
#8122=CARTESIAN_POINT('',(-18.36186815306,63.1489261106325,-1.4));
#8123=CARTESIAN_POINT('',(-18.3861976658705,63.1223941583398,-1.4));
#8124=CARTESIAN_POINT('',(-18.4154541368606,63.0882000677467,-1.4));
#8125=CARTESIAN_POINT('',(-18.4828032312566,63.0037900036289,-1.4));
#8126=CARTESIAN_POINT('',(-18.5787246450214,62.8731513155252,-1.4));
#8127=CARTESIAN_POINT('',(-18.691338707799,62.6885604146812,-1.4));
#8128=CARTESIAN_POINT('',(-18.784001543785,62.4931663450021,-1.4));
#8129=CARTESIAN_POINT('',(-18.8572372171742,62.28974658749,-1.4));
#8130=CARTESIAN_POINT('',(-18.9278909641353,62.0102337760447,-1.4));
#8131=CARTESIAN_POINT('',(-18.9497536668356,61.7943567290831,-1.4));
#8132=CARTESIAN_POINT('',(-18.94974193382,61.65035362418,-1.4));
#8133=CARTESIAN_POINT('',(-18.94974193382,61.65035362418,-1.4));
#8134=CARTESIAN_POINT('',(-18.94974193382,61.65035362418,-1.4));
#8135=CARTESIAN_POINT('',(-18.9497397478597,57.95085360751,-1.4));
#8136=CARTESIAN_POINT('',(-16.74934549877,55.75063324925,-1.4));
#8137=CARTESIAN_POINT('',(-16.7852786318503,55.7484461667013,-1.4));
#8138=CARTESIAN_POINT('',(-16.8572830519032,55.7482286941132,-1.4));
#8139=CARTESIAN_POINT('',(-17.0008979136827,55.7600676390871,-1.4));
#8140=CARTESIAN_POINT('',(-17.2493207675114,55.8026762645321,-1.4));
#8141=CARTESIAN_POINT('',(-17.5967892455494,55.903241690262,-1.4));
#8142=CARTESIAN_POINT('',(-17.9759164954416,56.1140881566635,-1.4));
#8143=CARTESIAN_POINT('',(-18.3165475764245,56.3829013217043,-1.4));
#8144=CARTESIAN_POINT('',(-18.5078454438548,56.6237998031773,-1.4));
#8145=CARTESIAN_POINT('',(-18.6064521968207,56.7742334048566,-1.4));
#8146=CARTESIAN_POINT('',(-18.6443185730965,56.8354429028762,-1.4));
#8147=CARTESIAN_POINT('',(-18.6877982643057,56.9142359656441,-1.4));
#8148=CARTESIAN_POINT('',(-18.735997127715,57.0108397943097,-1.4));
#8149=CARTESIAN_POINT('',(-18.7810530660829,57.1089530844128,-1.4));
#8150=CARTESIAN_POINT('',(-18.8211858669192,57.2092287538901,-1.4));
#8151=CARTESIAN_POINT('',(-18.8646094521237,57.3465489711946,-1.4));
#8152=CARTESIAN_POINT('',(-18.905203907399,57.5219653771057,-1.4));
#8153=CARTESIAN_POINT('',(-18.9342808111479,57.699616457177,-1.4));
#8154=CARTESIAN_POINT('',(-18.9467374551627,57.8249883815012,-1.4));
#8155=CARTESIAN_POINT('',(-18.9499407398342,57.8878892137022,-1.4));
#8156=CARTESIAN_POINT('',(-18.9504335646966,57.9238746276622,-1.4));
#8157=CARTESIAN_POINT('',(-18.9500951136813,57.9418644761092,-1.4));
#8158=CARTESIAN_POINT('',(-18.94973974786,57.95085360751,-1.4));
#8159=CARTESIAN_POINT('',(-16.74934549877,55.75063324925,-1.4));
#8160=CARTESIAN_POINT('',(-16.74934549877,55.75063324925,-1.4));
#8161=CARTESIAN_POINT('',(-3.8,59.8,-1.4));
#8162=CARTESIAN_POINT('',(-18.9497397478597,57.95085360751,-8.57281183851973));
#8163=CARTESIAN_POINT('',(-18.9497397478597,57.95085360751,-1.25));
#8164=CARTESIAN_POINT('',(-18.9497397478597,57.95085360751,-1.25));
#8165=CARTESIAN_POINT('',(-18.9497405369796,57.9508336230839,-1.25));
#8166=CARTESIAN_POINT('',(-18.9497413270194,57.9508136386941,-1.25));
#8167=CARTESIAN_POINT('',(-18.9497421152199,57.9507936542317,-1.25));
#8168=CARTESIAN_POINT('',(-18.9574245278616,57.756009621229,-1.25));
#8169=CARTESIAN_POINT('',(-18.9174829062591,57.5603892765801,-1.25));
#8170=CARTESIAN_POINT('',(-18.8689256091702,57.3715983131411,-1.25));
#8171=CARTESIAN_POINT('',(-18.8108104763717,57.1456464466006,-1.25));
#8172=CARTESIAN_POINT('',(-18.7094284961976,56.9282094322724,-1.25));
#8173=CARTESIAN_POINT('',(-18.5799919320785,56.7341017546231,-1.25));
#8174=CARTESIAN_POINT('',(-18.4456701083314,56.5326679677901,-1.25));
#8175=CARTESIAN_POINT('',(-18.277040324759,56.3493437068599,-1.25));
#8176=CARTESIAN_POINT('',(-18.0833106210006,56.2041310190729,-1.25));
#8177=CARTESIAN_POINT('',(-17.8904360385864,56.0595592989143,-1.25));
#8178=CARTESIAN_POINT('',(-17.6739712789737,55.9396751012729,-1.25));
#8179=CARTESIAN_POINT('',(-17.4450295423792,55.8642611234161,-1.25));
#8180=CARTESIAN_POINT('',(-17.2934036811985,55.8143151873554,-1.25));
#8181=CARTESIAN_POINT('',(-17.1362016982732,55.7784789287285,-1.25));
#8182=CARTESIAN_POINT('',(-16.9776781308307,55.7596301390307,-1.25));
#8183=CARTESIAN_POINT('',(-16.9020409847323,55.7506367213127,-1.25));
#8184=CARTESIAN_POINT('',(-16.8253747382182,55.7460057033464,-1.25));
#8185=CARTESIAN_POINT('',(-16.74934549877,55.75063324925,-1.25));
#8186=CARTESIAN_POINT('',(-16.74934549877,55.75063324925,-1.25));
#8187=CARTESIAN_POINT('',(-16.74934549877,55.75063324925,-8.57281183054201));
#8188=CARTESIAN_POINT('',(-18.94973974786,57.95085360751,-8.57281183054201));
#8189=CARTESIAN_POINT('',(-18.9500951136813,57.9418644761092,-8.57281183054201));
#8190=CARTESIAN_POINT('',(-18.9504335646966,57.9238746276622,-8.57281183054201));
#8191=CARTESIAN_POINT('',(-18.9499407398342,57.8878892137022,-8.57281183054201));
#8192=CARTESIAN_POINT('',(-18.9467374551627,57.8249883815012,-8.57281183054201));
#8193=CARTESIAN_POINT('',(-18.9342808111479,57.699616457177,-8.57281183054201));
#8194=CARTESIAN_POINT('',(-18.905203907399,57.5219653771057,-8.57281183054201));
#8195=CARTESIAN_POINT('',(-18.8646094521237,57.3465489711946,-8.57281183054201));
#8196=CARTESIAN_POINT('',(-18.8211858669192,57.2092287538901,-8.57281183054201));
#8197=CARTESIAN_POINT('',(-18.7810530660829,57.1089530844128,-8.57281183054201));
#8198=CARTESIAN_POINT('',(-18.735997127715,57.0108397943097,-8.57281183054201));
#8199=CARTESIAN_POINT('',(-18.6877982643057,56.9142359656441,-8.57281183054201));
#8200=CARTESIAN_POINT('',(-18.6443185730965,56.8354429028762,-8.57281183054201));
#8201=CARTESIAN_POINT('',(-18.6064521968207,56.7742334048566,-8.57281183054201));
#8202=CARTESIAN_POINT('',(-18.5078454438548,56.6237998031773,-8.57281183054201));
#8203=CARTESIAN_POINT('',(-18.3165475764245,56.3829013217043,-8.57281183054201));
#8204=CARTESIAN_POINT('',(-17.9759164954416,56.1140881566635,-8.57281183054201));
#8205=CARTESIAN_POINT('',(-17.5967892455494,55.903241690262,-8.57281183054201));
#8206=CARTESIAN_POINT('',(-17.2493207675114,55.8026762645321,-8.57281183054201));
#8207=CARTESIAN_POINT('',(-17.0008979136827,55.7600676390871,-8.57281183054201));
#8208=CARTESIAN_POINT('',(-16.8572830519032,55.7482286941132,-8.57281183054201));
#8209=CARTESIAN_POINT('',(-16.7852786318503,55.7484461667013,-8.57281183054201));
#8210=CARTESIAN_POINT('',(-16.74934549877,55.75063324925,-8.57281183054201));
#8211=CARTESIAN_POINT('',(9.14990393176001,55.7506364313586,-1.25));
#8212=CARTESIAN_POINT('',(9.14990393176001,55.7506364313586,-1.25));
#8213=CARTESIAN_POINT('',(9.14990393176001,55.7506364313586,-8.57281183848776));
#8214=CARTESIAN_POINT('',(-16.74934549877,55.75063324925,-8.57281183767301));
#8215=CARTESIAN_POINT('',(9.14990393176001,55.7506364313586,-1.25));
#8216=CARTESIAN_POINT('',(9.1499239161552,55.7506356414531,-1.25));
#8217=CARTESIAN_POINT('',(9.14994390051372,55.7506348506193,-1.25));
#8218=CARTESIAN_POINT('',(9.14996388494524,55.7506340616334,-1.25));
#8219=CARTESIAN_POINT('',(9.34473400736335,55.7429445322572,-1.25));
#8220=CARTESIAN_POINT('',(9.54034175264882,55.7828795213494,-1.25));
#8221=CARTESIAN_POINT('',(9.72912135820068,55.8314263026689,-1.25));
#8222=CARTESIAN_POINT('',(9.95501554919785,55.8895175136322,-1.25));
#8223=CARTESIAN_POINT('',(10.1724004757315,55.9908559344165,-1.25));
#8224=CARTESIAN_POINT('',(10.3664683181748,56.1202408131575,-1.25));
#8225=CARTESIAN_POINT('',(10.5679281558843,56.2545539293598,-1.25));
#8226=CARTESIAN_POINT('',(10.7512845337968,56.4231767889283,-1.25));
#8227=CARTESIAN_POINT('',(10.8965174074619,56.6169124123972,-1.25));
#8228=CARTESIAN_POINT('',(11.0410938453311,56.8097723732494,-1.25));
#8229=CARTESIAN_POINT('',(11.1609873798914,57.0262212727902,-1.25));
#8230=CARTESIAN_POINT('',(11.2364121366817,57.2551501197054,-1.25));
#8231=CARTESIAN_POINT('',(11.2863700349935,57.4067820843487,-1.25));
#8232=CARTESIAN_POINT('',(11.3222147404472,57.5639925509196,-1.25));
#8233=CARTESIAN_POINT('',(11.3410689066681,57.7225250861338,-1.25));
#8234=CARTESIAN_POINT('',(11.3500639720161,57.7981587947433,-1.25));
#8235=CARTESIAN_POINT('',(11.3546967917538,57.874821827892,-1.25));
#8236=CARTESIAN_POINT('',(11.3500699998,57.95084788839,-1.25));
#8237=CARTESIAN_POINT('',(11.3500699998,57.95084788839,-1.25));
#8238=CARTESIAN_POINT('',(11.3500699998,57.95084788839,-8.57281183054201));
#8239=CARTESIAN_POINT('',(9.14990393176,55.75063643135,-8.57281183054201));
#8240=CARTESIAN_POINT('',(9.15889256946602,55.7502807310542,-8.57281183054201));
#8241=CARTESIAN_POINT('',(9.17688144587146,55.7499416752648,-8.57281183054201));
#8242=CARTESIAN_POINT('',(9.21286495494902,55.750433416454,-8.57281183054201));
#8243=CARTESIAN_POINT('',(9.27576251294016,55.7536348640756,-8.57281183054201));
#8244=CARTESIAN_POINT('',(9.40112807370427,55.7660874820731,-8.57281183054201));
#8245=CARTESIAN_POINT('',(9.57877052904265,55.795157477076,-8.57281183054201));
#8246=CARTESIAN_POINT('',(9.7541789445058,55.8357437814132,-8.57281183054201));
#8247=CARTESIAN_POINT('',(9.89149326669861,55.8791605451855,-8.57281183054201));
#8248=CARTESIAN_POINT('',(9.99176461436132,55.9192886444083,-8.57281183054201));
#8249=CARTESIAN_POINT('',(10.0898738041509,55.9643396924617,-8.57281183054201));
#8250=CARTESIAN_POINT('',(10.1864737234825,56.0125334783454,-8.57281183054201));
#8251=CARTESIAN_POINT('',(10.2652636898614,56.0560088332946,-8.57281183054201));
#8252=CARTESIAN_POINT('',(10.3264709156808,56.0938715764421,-8.57281183054201));
#8253=CARTESIAN_POINT('',(10.4768990148556,56.1924691268995,-8.57281183054201));
#8254=CARTESIAN_POINT('',(10.717793362118,56.383746093841,-8.57281183054201));
#8255=CARTESIAN_POINT('',(10.9865983804375,56.7243544267903,-8.57281183054201));
#8256=CARTESIAN_POINT('',(11.1974464627342,57.1034539664761,-8.57281183054201));
#8257=CARTESIAN_POINT('',(11.2980181732032,57.4509006585289,-8.57281183054201));
#8258=CARTESIAN_POINT('',(11.3406312125906,57.6993091251015,-8.57281183054201));
#8259=CARTESIAN_POINT('',(11.3524730313539,57.8429160693982,-8.57281183054201));
#8260=CARTESIAN_POINT('',(11.3522567020221,57.9149166519983,-8.57281183054201));
#8261=CARTESIAN_POINT('',(11.3500699998,57.95084788839,-8.57281183054201));
#8262=CARTESIAN_POINT('',(11.3500668530806,61.65035931601,-1.25));
#8263=CARTESIAN_POINT('',(11.3500668530806,61.65035931601,-1.25));
#8264=CARTESIAN_POINT('',(11.3500668530806,61.65035931601,-8.57281183851218));
#8265=CARTESIAN_POINT('',(11.3500699998,57.95084788839,-8.57281183770301));
#8266=CARTESIAN_POINT('',(11.3500668530806,61.65035931601,-1.25));
#8267=CARTESIAN_POINT('',(11.35006764356,61.6503793003824,-1.25));
#8268=CARTESIAN_POINT('',(11.3500684349587,61.6503992847184,-1.25));
#8269=CARTESIAN_POINT('',(11.3500692245183,61.6504192691272,-1.25));
#8270=CARTESIAN_POINT('',(11.3577638273211,61.8451760637951,-1.25));
#8271=CARTESIAN_POINT('',(11.3178331198611,62.0407711760828,-1.25));
#8272=CARTESIAN_POINT('',(11.2692954932619,62.2295395918353,-1.25));
#8273=CARTESIAN_POINT('',(11.2112248782994,62.4553828964277,-1.25));
#8274=CARTESIAN_POINT('',(11.1099305207563,62.6727238691244,-1.25));
#8275=CARTESIAN_POINT('',(10.9805939741197,62.8667585367883,-1.25));
#8276=CARTESIAN_POINT('',(10.8462808336846,63.0682592436262,-1.25));
#8277=CARTESIAN_POINT('',(10.6776519765754,63.2516598386955,-1.25));
#8278=CARTESIAN_POINT('',(10.4838972393103,63.3969239303942,-1.25));
#8279=CARTESIAN_POINT('',(10.2910393044875,63.5415156607662,-1.25));
#8280=CARTESIAN_POINT('',(10.0745903558743,63.6614253579437,-1.25));
#8281=CARTESIAN_POINT('',(9.8456583304097,63.7368645999386,-1.25));
#8282=CARTESIAN_POINT('',(9.69401802742565,63.7868341465312,-1.25));
#8283=CARTESIAN_POINT('',(9.53679717761827,63.8226868742138,-1.25));
#8284=CARTESIAN_POINT('',(9.37825388052403,63.8415484760083,-1.25));
#8285=CARTESIAN_POINT('',(9.30260683480073,63.850548064635,-1.25));
#8286=CARTESIAN_POINT('',(9.2259297951219,63.8551846442976,-1.25));
#8287=CARTESIAN_POINT('',(9.149889996407,63.8505567794,-1.25));
#8288=CARTESIAN_POINT('',(9.149889996407,63.8505567794,-1.25));
#8289=CARTESIAN_POINT('',(9.149889996407,63.8505567794,-8.57281183054201));
#8290=CARTESIAN_POINT('',(11.35006685308,61.65035931601,-8.57281183054201));
#8291=CARTESIAN_POINT('',(11.3504228113448,61.6593479369206,-8.57281183054201));
#8292=CARTESIAN_POINT('',(11.3507622972761,61.6773367918571,-8.57281183054201));
#8293=CARTESIAN_POINT('',(11.3502712143312,61.7133202847797,-8.57281183054201));
#8294=CARTESIAN_POINT('',(11.3470706854441,61.7762178418825,-8.57281183054201));
#8295=CARTESIAN_POINT('',(11.3346197578021,61.9015834743244,-8.57281183054201));
#8296=CARTESIAN_POINT('',(11.305552309341,62.0792262011648,-8.57281183054201));
#8297=CARTESIAN_POINT('',(11.2649687130263,62.2546351083965,-8.57281183054201));
#8298=CARTESIAN_POINT('',(11.2215536644424,62.3919498634632,-8.57281183054201));
#8299=CARTESIAN_POINT('',(11.1814266121882,62.492221540486,-8.57281183054201));
#8300=CARTESIAN_POINT('',(11.1363770113361,62.5903312986399,-8.57281183054201));
#8301=CARTESIAN_POINT('',(11.0881849141753,62.6869319660561,-8.57281183054201));
#8302=CARTESIAN_POINT('',(11.0447110585539,62.7657226800439,-8.57281183054201));
#8303=CARTESIAN_POINT('',(11.0068494588047,62.8269305499949,-8.57281183054201));
#8304=CARTESIAN_POINT('',(10.9082541093514,62.9773599268574,-8.57281183054201));
#8305=CARTESIAN_POINT('',(10.7169810597597,63.218257132195,-8.57281183054201));
#8306=CARTESIAN_POINT('',(10.3763762907603,63.4870661043991,-8.57281183054201));
#8307=CARTESIAN_POINT('',(9.99728060884997,63.697920254973,-8.57281183054201));
#8308=CARTESIAN_POINT('',(9.64983598801123,63.7984981859434,-8.57281183054201));
#8309=CARTESIAN_POINT('',(9.40142842960409,63.8411153544822,-8.57281183054201));
#8310=CARTESIAN_POINT('',(9.25782173780304,63.8529594400541,-8.57281183054201));
#8311=CARTESIAN_POINT('',(9.18582120590684,63.8527435919111,-8.57281183054201));
#8312=CARTESIAN_POINT('',(9.149889996407,63.8505567794,-8.57281183054201));
#8313=CARTESIAN_POINT('',(-16.74934074617,63.8505531231845,-1.25));
#8314=CARTESIAN_POINT('',(-16.74934074617,63.85055312319,-1.25));
#8315=CARTESIAN_POINT('',(-16.74934074617,63.85055312319,-8.57281183054201));
#8316=CARTESIAN_POINT('',(9.149889996407,63.8505567794,-8.57281183768501));
#8317=CARTESIAN_POINT('',(-16.74934074617,63.85055312319,-1.25));
#8318=CARTESIAN_POINT('',(-16.7493605328452,63.8505560364654,-1.25));
#8319=CARTESIAN_POINT('',(-16.7493803180381,63.8505589598259,-1.25));
#8320=CARTESIAN_POINT('',(-16.7494001061955,63.8505618630163,-1.25));
#8321=CARTESIAN_POINT('',(-16.9140820994394,63.8747229393923,-1.25));
#8322=CARTESIAN_POINT('',(-17.0826383264589,63.8270992062488,-1.25));
#8323=CARTESIAN_POINT('',(-17.2452271942153,63.7914793158483,-1.25));
#8324=CARTESIAN_POINT('',(-17.4697615492901,63.7422884380886,-1.25));
#8325=CARTESIAN_POINT('',(-17.6880663203754,63.6535875528771,-1.25));
#8326=CARTESIAN_POINT('',(-17.8860655794013,63.5368326279753,-1.25));
#8327=CARTESIAN_POINT('',(-18.1090047844333,63.4053712767096,-1.25));
#8328=CARTESIAN_POINT('',(-18.309525608412,63.2272444909366,-1.25));
#8329=CARTESIAN_POINT('',(-18.4674490366451,63.0221977478948,-1.25));
#8330=CARTESIAN_POINT('',(-18.6177933246177,62.8269917108386,-1.25));
#8331=CARTESIAN_POINT('',(-18.7436834413964,62.6079163207642,-1.25));
#8332=CARTESIAN_POINT('',(-18.8253762057414,62.3754618218126,-1.25));
#8333=CARTESIAN_POINT('',(-18.8399236653266,62.3340674283679,-1.25));
#8334=CARTESIAN_POINT('',(-18.8532440471966,62.2922210242914,-1.25));
#8335=CARTESIAN_POINT('',(-18.8652966265221,62.2500326405746,-1.25));
#8336=CARTESIAN_POINT('',(-18.9138397327637,62.0801142241425,-1.25));
#8337=CARTESIAN_POINT('',(-18.9421292726477,61.9030416732613,-1.25));
#8338=CARTESIAN_POINT('',(-18.9483941627447,61.7264363150231,-1.25));
#8339=CARTESIAN_POINT('',(-18.9492933895299,61.7010873837428,-1.25));
#8340=CARTESIAN_POINT('',(-18.9497440004871,61.6757184999257,-1.25));
#8341=CARTESIAN_POINT('',(-18.94974193382,61.65035362418,-1.25));
#8342=CARTESIAN_POINT('',(-18.94974193382,61.65035362418,-1.25));
#8343=CARTESIAN_POINT('',(-18.94974193382,61.65035362418,-8.57281183054201));
#8344=CARTESIAN_POINT('',(-16.74934074617,63.85055312319,-8.57281183054201));
#8345=CARTESIAN_POINT('',(-16.7504536434524,63.8507175604373,-8.57281183054201));
#8346=CARTESIAN_POINT('',(-16.7526878342786,63.8509822136258,-8.57281183054201));
#8347=CARTESIAN_POINT('',(-16.7571739581758,63.8513404447178,-8.57281183054201));
#8348=CARTESIAN_POINT('',(-16.7650403794904,63.8516968580535,-8.57281183054201));
#8349=CARTESIAN_POINT('',(-16.7807907469172,63.8517830672082,-8.57281183054201));
#8350=CARTESIAN_POINT('',(-16.8122744195945,63.8508213710028,-8.57281183054201));
#8351=CARTESIAN_POINT('',(-16.8751513782229,63.8469998526835,-8.57281183054201));
#8352=CARTESIAN_POINT('',(-16.9648389484259,63.8396988197136,-8.57281183054201));
#8353=CARTESIAN_POINT('',(-17.0721418535359,63.8270498086864,-8.57281183054201));
#8354=CARTESIAN_POINT('',(-17.178101332618,63.8059977841167,-8.57281183054201));
#8355=CARTESIAN_POINT('',(-17.2660836871638,63.7871618857731,-8.57281183054201));
#8356=CARTESIAN_POINT('',(-17.3361470084531,63.7705936055018,-8.57281183054201));
#8357=CARTESIAN_POINT('',(-17.4402434054979,63.7417712668454,-8.57281183054201));
#8358=CARTESIAN_POINT('',(-17.5919226370239,63.6846144930645,-8.57281183054201));
#8359=CARTESIAN_POINT('',(-17.7886989126554,63.5944940464174,-8.57281183054201));
#8360=CARTESIAN_POINT('',(-18.0379664163589,63.450030485104,-8.57281183054201));
#8361=CARTESIAN_POINT('',(-18.2140135637098,63.2936109770949,-8.57281183054201));
#8362=CARTESIAN_POINT('',(-18.3366846600752,63.1746476029245,-8.57281183054201));
#8363=CARTESIAN_POINT('',(-18.36186815306,63.1489261106325,-8.57281183054201));
#8364=CARTESIAN_POINT('',(-18.3861976658705,63.1223941583398,-8.57281183054201));
#8365=CARTESIAN_POINT('',(-18.4154541368606,63.0882000677467,-8.57281183054201));
#8366=CARTESIAN_POINT('',(-18.4828032312566,63.0037900036289,-8.57281183054201));
#8367=CARTESIAN_POINT('',(-18.5787246450214,62.8731513155252,-8.57281183054201));
#8368=CARTESIAN_POINT('',(-18.691338707799,62.6885604146812,-8.57281183054201));
#8369=CARTESIAN_POINT('',(-18.784001543785,62.4931663450021,-8.57281183054201));
#8370=CARTESIAN_POINT('',(-18.8572372171742,62.28974658749,-8.57281183054201));
#8371=CARTESIAN_POINT('',(-18.9278909641353,62.0102337760447,-8.57281183054201));
#8372=CARTESIAN_POINT('',(-18.9497536668356,61.7943567290831,-8.57281183054201));
#8373=CARTESIAN_POINT('',(-18.94974193382,61.65035362418,-8.57281183054201));
#8374=CARTESIAN_POINT('',(-18.9497397478597,57.95085360751,-1.25));
#8375=CARTESIAN_POINT('',(-18.94974193382,61.65035362418,-8.57281183794801));
#8376=CARTESIAN_POINT('',(-20.04999999999,56.4,-1.05));
#8377=CARTESIAN_POINT('',(-20.04999999999,63.2,-1.05));
#8378=CARTESIAN_POINT('',(-20.04999999999,56.4,-1.05));
#8379=CARTESIAN_POINT('',(-18.69999999999,56.4,-1.05));
#8380=CARTESIAN_POINT('',(-18.69999999999,55.05,-1.05));
#8381=CARTESIAN_POINT('',(11.10000000001,55.05,-1.05));
#8382=CARTESIAN_POINT('',(11.10000000001,55.05,-1.05));
#8383=CARTESIAN_POINT('',(11.10000000001,56.4,-1.05));
#8384=CARTESIAN_POINT('',(12.45000000001,56.4,-1.05));
#8385=CARTESIAN_POINT('',(12.45000000001,63.2,-1.05));
#8386=CARTESIAN_POINT('',(12.45000000001,63.2,-1.05));
#8387=CARTESIAN_POINT('',(11.10000000001,63.2,-1.05));
#8388=CARTESIAN_POINT('',(11.10000000001,64.55,-1.05));
#8389=CARTESIAN_POINT('',(-18.69999999999,64.55,-1.05));
#8390=CARTESIAN_POINT('',(-18.69999999999,64.55,-1.05));
#8391=CARTESIAN_POINT('',(-18.69999999999,63.2,-1.05));
#8392=CARTESIAN_POINT('',(-19.1497419338104,61.6503373286764,-1.05));
#8393=CARTESIAN_POINT('',(-19.149763742125,61.9179978439424,-1.05));
#8394=CARTESIAN_POINT('',(-19.1028078949749,62.1892527733827,-1.05));
#8395=CARTESIAN_POINT('',(-19.0140632671459,62.4417731546187,-1.05));
#8396=CARTESIAN_POINT('',(-18.9253638805755,62.6941648031064,-1.05));
#8397=CARTESIAN_POINT('',(-18.7891399332287,62.9322861665525,-1.05));
#8398=CARTESIAN_POINT('',(-18.6259009214943,63.1442346283357,-1.05));
#8399=CARTESIAN_POINT('',(-18.4525439853837,63.3693201367427,-1.05));
#8400=CARTESIAN_POINT('',(-18.232380191123,63.564802309783,-1.05));
#8401=CARTESIAN_POINT('',(-17.9876536299301,63.7091110885842,-1.05));
#8402=CARTESIAN_POINT('',(-17.7715197470976,63.8365595213865,-1.05));
#8403=CARTESIAN_POINT('',(-17.5331273155011,63.9331496320603,-1.05));
#8404=CARTESIAN_POINT('',(-17.2880280043706,63.9868458704324,-1.05));
#8405=CARTESIAN_POINT('',(-17.1081897142148,64.0262447559376,-1.05));
#8406=CARTESIAN_POINT('',(-16.9229573069645,64.064777127973,-1.05));
#8407=CARTESIAN_POINT('',(-16.7394041525039,64.0505531245711,-1.05));
#8408=CARTESIAN_POINT('',(-19.1497419338104,61.6503373286764,-1.05));
#8409=CARTESIAN_POINT('',(-16.7394041525039,64.0505531245711,-1.05));
#8410=CARTESIAN_POINT('',(9.14988996817284,64.0505567794,-1.05));
#8411=CARTESIAN_POINT('',(9.14410311502607,64.0505567785829,-1.05));
#8412=CARTESIAN_POINT('',(9.14410311502607,64.0505567785829,-1.05));
#8413=CARTESIAN_POINT('',(9.40174460716415,64.064792696182,-1.05));
#8414=CARTESIAN_POINT('',(9.66318132553451,64.0075746708868,-1.05));
#8415=CARTESIAN_POINT('',(9.90825276044506,63.9268170606453,-1.05));
#8416=CARTESIAN_POINT('',(10.1576723725084,63.8446266094206,-1.05));
#8417=CARTESIAN_POINT('',(10.3937525936979,63.7144760615818,-1.05));
#8418=CARTESIAN_POINT('',(10.60386977232,63.5569445269537,-1.05));
#8419=CARTESIAN_POINT('',(10.8156483214869,63.3981674099642,-1.05));
#8420=CARTESIAN_POINT('',(11.0002044432807,63.1979318392541,-1.05));
#8421=CARTESIAN_POINT('',(11.1470119093429,62.9776867605912,-1.05));
#8422=CARTESIAN_POINT('',(11.2887232004104,62.7650871204927,-1.05));
#8423=CARTESIAN_POINT('',(11.3993680462584,62.5267967665897,-1.05));
#8424=CARTESIAN_POINT('',(11.462994778481,62.2793450825528,-1.05));
#8425=CARTESIAN_POINT('',(11.5160081641881,62.0731699245413,-1.05));
#8426=CARTESIAN_POINT('',(11.5574464784597,61.8594172434549,-1.05));
#8427=CARTESIAN_POINT('',(11.5500668562235,61.6466634984331,-1.05));
#8428=CARTESIAN_POINT('',(11.5500668562242,61.6466634984331,-1.05));
#8429=CARTESIAN_POINT('',(11.5500699997999,57.9508480585054,-1.05));
#8430=CARTESIAN_POINT('',(11.5500699948778,57.9566345934272,-1.05));
#8431=CARTESIAN_POINT('',(11.5500699948778,57.9566345934272,-1.05));
#8432=CARTESIAN_POINT('',(11.5643038356984,57.6990216222198,-1.05));
#8433=CARTESIAN_POINT('',(11.5071035980384,57.4376143022383,-1.05));
#8434=CARTESIAN_POINT('',(11.4263679114874,57.1925657477109,-1.05));
#8435=CARTESIAN_POINT('',(11.3441930890202,56.9431491350038,-1.05));
#8436=CARTESIAN_POINT('',(11.214059865229,56.7070685861018,-1.05));
#8437=CARTESIAN_POINT('',(11.056544698851,56.4969488095392,-1.05));
#8438=CARTESIAN_POINT('',(10.8978012922073,56.2851906030011,-1.05));
#8439=CARTESIAN_POINT('',(10.6976130862767,56.1006410746952,-1.05));
#8440=CARTESIAN_POINT('',(10.4774121074429,55.9538332543663,-1.05));
#8441=CARTESIAN_POINT('',(10.2647770416126,55.8120696223182,-1.05));
#8442=CARTESIAN_POINT('',(10.0264392551305,55.7013775934969,-1.05));
#8443=CARTESIAN_POINT('',(9.77893289050767,55.6377285710115,-1.05));
#8444=CARTESIAN_POINT('',(9.57274550623065,55.5847051852168,-1.05));
#8445=CARTESIAN_POINT('',(9.35897891419624,55.5432614575328,-1.05));
#8446=CARTESIAN_POINT('',(9.14621066787202,55.5506364309056,-1.05));
#8447=CARTESIAN_POINT('',(9.14621066787202,55.5506364309049,-1.05));
#8448=CARTESIAN_POINT('',(-16.749345474197,55.55063324925,-1.05));
#8449=CARTESIAN_POINT('',(-16.7435581176258,55.5506332499613,-1.05));
#8450=CARTESIAN_POINT('',(-16.7435581176258,55.5506332499613,-1.05));
#8451=CARTESIAN_POINT('',(-17.0011612071601,55.5363980016877,-1.05));
#8452=CARTESIAN_POINT('',(-17.2625586312671,55.5935835280578,-1.05));
#8453=CARTESIAN_POINT('',(-17.5076026678282,55.6743016436012,-1.05));
#8454=CARTESIAN_POINT('',(-17.757033017694,55.7564646216645,-1.05));
#8455=CARTESIAN_POINT('',(-17.9931304462468,55.8865876512004,-1.05));
#8456=CARTESIAN_POINT('',(-18.203265895062,56.0440974843845,-1.05));
#8457=CARTESIAN_POINT('',(-18.4150169109077,56.2028182874211,-1.05));
#8458=CARTESIAN_POINT('',(-18.5995727098854,56.4029712982034,-1.05));
#8459=CARTESIAN_POINT('',(-18.746389548382,56.6231430537992,-1.05));
#8460=CARTESIAN_POINT('',(-18.8882084210503,56.8358196819827,-1.05));
#8461=CARTESIAN_POINT('',(-18.9989468520559,57.0742123396675,-1.05));
#8462=CARTESIAN_POINT('',(-19.0626214611168,57.3217794719395,-1.05));
#8463=CARTESIAN_POINT('',(-19.1156563381135,57.5279792837971,-1.05));
#8464=CARTESIAN_POINT('',(-19.1571081244527,57.7417598286718,-1.05));
#8465=CARTESIAN_POINT('',(-19.1497397500391,57.9545432106513,-1.05));
#8466=CARTESIAN_POINT('',(-19.1497397500398,57.9545432106513,-1.05));
#8467=CARTESIAN_POINT('',(-19.14974193382,61.650353506004,-1.05));
#8468=CARTESIAN_POINT('',(-18.8,56.3,-1.05));
#8469=CARTESIAN_POINT('',(12.9,54.68,-3.1));
#8470=CARTESIAN_POINT('',(10.73608863638,54.68,-3.1));
#8471=CARTESIAN_POINT('',(-20.5,54.68,-3.1));
#8472=CARTESIAN_POINT('',(-20.54851136362,54.68,-3.1));
#8473=CARTESIAN_POINT('',(11.10000000001,63.2,-1.4));
#8474=CARTESIAN_POINT('',(12.65000000001,63.2,-1.4));
#8475=CARTESIAN_POINT('',(12.65000000001,56.4,-1.4));
#8476=CARTESIAN_POINT('',(12.65000000001,56.4,-1.4));
#8477=CARTESIAN_POINT('',(11.10000000001,56.4,-1.4));
#8478=CARTESIAN_POINT('',(12.20623058988,65.3,-1.4));
#8479=CARTESIAN_POINT('',(-20.8,55.29376941013,-1.4));
#8480=CARTESIAN_POINT('',(-19.80623058988,54.3,-1.4));
#8481=CARTESIAN_POINT('',(13.2,55.29376941011,-1.4));
#8482=CARTESIAN_POINT('',(-3.8,54.53147869255,-1.4));
#8483=CARTESIAN_POINT('',(-20.15,56.47,-3.1));
#8484=CARTESIAN_POINT('',(-20.15,59.8,-3.625));
#8485=CARTESIAN_POINT('',(-20.5,56.47,-3.1));
#8486=CARTESIAN_POINT('',(-20.5,55.575,-2.73));
#8487=CARTESIAN_POINT('',(-20.54851136362,56.47,-3.1));
#8488=CARTESIAN_POINT('',(12.55,56.47,-3.1));
#8489=CARTESIAN_POINT('',(12.55,59.8,-3.625));
#8490=CARTESIAN_POINT('',(12.9,56.47,-3.1));
#8491=CARTESIAN_POINT('',(11.33608863638,56.47,-3.1));
#8492=CARTESIAN_POINT('',(12.9,55.575,-2.73));
#8493=CARTESIAN_POINT('',(-20.8,54.3,-1.));
#8494=CARTESIAN_POINT('',(13.2,54.3,-3.25));
#8495=CARTESIAN_POINT('',(-3.8,54.3,-2.5));
#8496=CARTESIAN_POINT('',(-20.8,65.3,-3.25));
#8497=CARTESIAN_POINT('',(-20.8,59.8,-2.125));
#8498=CARTESIAN_POINT('',(13.2,65.3,-1.));
#8499=CARTESIAN_POINT('',(-3.8,65.3,-2.5));
#8500=CARTESIAN_POINT('',(13.2,59.8,-2.125));
#8501=CARTESIAN_POINT('',(-18.25,64.74913767462,-2.5));
#8502=CARTESIAN_POINT('',(-18.8,64.85,-2.2));
#8503=CARTESIAN_POINT('',(-18.8,64.85,-1.75));
#8504=CARTESIAN_POINT('',(-18.8,63.3,-1.75));
#8505=CARTESIAN_POINT('',(-20.35,63.3,-1.75));
#8506=CARTESIAN_POINT('',(-20.35,63.3,-1.75));
#8507=CARTESIAN_POINT('',(-18.8,63.3,-1.356966989415));
#8508=CARTESIAN_POINT('',(12.75,63.3,-2.2));
#8509=CARTESIAN_POINT('',(12.75,63.3,-1.75));
#8510=CARTESIAN_POINT('',(11.2,63.3,-1.75));
#8511=CARTESIAN_POINT('',(11.2,64.85,-1.75));
#8512=CARTESIAN_POINT('',(11.2,64.85,-1.75));
#8513=CARTESIAN_POINT('',(11.2,63.3,-1.356966989415));
#8514=CARTESIAN_POINT('',(-18.8,64.85,-1.75));
#8515=CARTESIAN_POINT('',(-3.8,64.85,-2.125));
#8516=CARTESIAN_POINT('',(12.75,56.3,-1.75));
#8517=CARTESIAN_POINT('',(12.75,56.3,-1.75));
#8518=CARTESIAN_POINT('',(11.2,54.75,-2.180000000518));
#8519=CARTESIAN_POINT('',(11.2,54.75,-1.75));
#8520=CARTESIAN_POINT('',(11.2,56.3,-1.75));
#8521=CARTESIAN_POINT('',(11.2,56.3,-1.356966989415));
#8522=CARTESIAN_POINT('',(12.75,63.3,-1.75));
#8523=CARTESIAN_POINT('',(12.75,59.8,-2.125));
#8524=CARTESIAN_POINT('',(-18.8,54.75,-1.75));
#8525=CARTESIAN_POINT('',(-18.8,54.75,-1.75));
#8526=CARTESIAN_POINT('',(-20.35,56.3,-2.180000000001));
#8527=CARTESIAN_POINT('',(-20.35,56.3,-1.75));
#8528=CARTESIAN_POINT('',(-18.8,56.3,-1.75));
#8529=CARTESIAN_POINT('',(-18.8,56.3,-1.356966989415));
#8530=CARTESIAN_POINT('',(11.2,54.75,-1.75));
#8531=CARTESIAN_POINT('',(-3.8,54.75,-1.8));
#8532=CARTESIAN_POINT('',(-20.35,56.3,-1.75));
#8533=CARTESIAN_POINT('',(-16.74963918094,56.10054618257,-1.75));
#8534=CARTESIAN_POINT('',(-16.74968230765,56.100546219254,-1.75));
#8535=CARTESIAN_POINT('',(9.150204303909,56.10054618197,-1.75));
#8536=CARTESIAN_POINT('',(9.150175747276,57.9505279136,-1.75));
#8537=CARTESIAN_POINT('',(11.0001573234018,57.950539827685,-1.75));
#8538=CARTESIAN_POINT('',(11.00015721412,57.95055495202,-1.75));
#8539=CARTESIAN_POINT('',(11.00015721419,61.65066500011,-1.75));
#8540=CARTESIAN_POINT('',(9.150175747276,61.65066219095,-1.75));
#8541=CARTESIAN_POINT('',(9.150173656514,63.50064385656,-1.75));
#8542=CARTESIAN_POINT('',(9.15017479511,63.50064392267,-1.75));
#8543=CARTESIAN_POINT('',(-16.7496387876,63.50064392199,-1.75));
#8544=CARTESIAN_POINT('',(-16.74972659647,61.65054012064,-1.75));
#8545=CARTESIAN_POINT('',(-18.59983033019,61.65063042532,-1.75));
#8546=CARTESIAN_POINT('',(-18.59983013279,61.65062883449,-1.75));
#8547=CARTESIAN_POINT('',(-18.59983033007,57.95055731776,-1.75));
#8548=CARTESIAN_POINT('',(-16.74972659647,57.95064998392,-1.75));
#8549=CARTESIAN_POINT('',(-18.8,63.3,-1.75));
#8550=CARTESIAN_POINT('',(-20.35,59.8,-2.125));
#8551=CARTESIAN_POINT('',(-18.25,64.31302490228,-2.525));
#8552=CARTESIAN_POINT('',(-18.598816117734,61.65054012064,-1.74));
#8553=CARTESIAN_POINT('',(-18.598816117734,62.6321500322586,-1.74));
#8554=CARTESIAN_POINT('',(-17.7297251044746,63.499675594654,-1.74));
#8555=CARTESIAN_POINT('',(-16.7496398953279,63.4996296398714,-1.74));
#8556=CARTESIAN_POINT('',(-18.5993230452497,61.6506262317503,-1.74));
#8557=CARTESIAN_POINT('',(-16.7496392083409,63.5003652403204,-1.7400000000071));
#8558=CARTESIAN_POINT('',(9.150175197792,63.50064390281,-1.74));
#8559=CARTESIAN_POINT('',(9.15017545646108,63.5001368058145,-1.74));
#8560=CARTESIAN_POINT('',(9.15017571513017,63.499629708819,-1.74));
#8561=CARTESIAN_POINT('',(10.1316908775442,63.4996297258835,-1.74));
#8562=CARTESIAN_POINT('',(10.999143265145,62.6306526555378,-1.74));
#8563=CARTESIAN_POINT('',(10.999143265145,61.65066219095,-1.74));
#8564=CARTESIAN_POINT('',(10.9998790564161,61.6506648387993,-1.7400000000098));
#8565=CARTESIAN_POINT('',(11.00015721128,57.95055489456,-1.74));
#8566=CARTESIAN_POINT('',(10.9999104354315,57.9505459317326,-1.74));
#8567=CARTESIAN_POINT('',(10.9991432646825,57.9505507037212,-1.74));
#8568=CARTESIAN_POINT('',(10.9991553626755,56.9690378902739,-1.74));
#8569=CARTESIAN_POINT('',(10.1301933986796,56.1015760506925,-1.74));
#8570=CARTESIAN_POINT('',(9.15020528282172,56.1015603962889,-1.74));
#8571=CARTESIAN_POINT('',(9.15020466364152,56.1008248448576,-1.74000000000678));
#8572=CARTESIAN_POINT('',(-16.74963958391,56.10054620244,-1.74));
#8573=CARTESIAN_POINT('',(-16.7496628884485,56.1007780749534,-1.74));
#8574=CARTESIAN_POINT('',(-16.7496389226924,56.1015604644135,-1.74));
#8575=CARTESIAN_POINT('',(-17.7312491704366,56.1015139217893,-1.74));
#8576=CARTESIAN_POINT('',(-18.598816118055,56.970564436489,-1.74));
#8577=CARTESIAN_POINT('',(-18.598816118055,57.95064998392,-1.74));
#8578=CARTESIAN_POINT('',(-18.5995518575901,57.9505621243023,-1.74));
#8579=CARTESIAN_POINT('',(-18.59983012995,61.6506296919,-1.74));
#8580=CARTESIAN_POINT('',(-3.79978170093,59.80059960667,-1.74));
#8581=CARTESIAN_POINT('',(-16.74963958391,56.10054620244,-1.74));
#8582=CARTESIAN_POINT('',(-18.5998303302313,57.9505605276105,-1.75000000001837));
#8583=CARTESIAN_POINT('',(-18.5998303302322,57.9505605467487,-1.74666666667892));
#8584=CARTESIAN_POINT('',(-18.5998303302332,57.9505605658868,-1.74333333333946));
#8585=CARTESIAN_POINT('',(-18.5998303302341,57.950560585025,-1.74));
#8586=CARTESIAN_POINT('',(-16.74972659647,57.95064998392,-1.75));
#8587=CARTESIAN_POINT('',(-18.59983012995,61.6506296919,-1.74));
#8588=CARTESIAN_POINT('',(-18.59982997477,61.65062682413,-1.75));
#8589=CARTESIAN_POINT('',(-16.7496387876032,63.5006438544802,-1.75));
#8590=CARTESIAN_POINT('',(-16.749638857096,63.5006438544835,-1.74666666667097));
#8591=CARTESIAN_POINT('',(-16.7496389265889,63.5006438544868,-1.74333333334194));
#8592=CARTESIAN_POINT('',(-16.7496389960817,63.5006438544901,-1.74000000001291));
#8593=CARTESIAN_POINT('',(-16.74972659647,61.65054012064,-1.75));
#8594=CARTESIAN_POINT('',(9.150175197792,63.50064390281,-1.74));
#8595=CARTESIAN_POINT('',(9.150175666411,63.50064397577,-1.75));
#8596=CARTESIAN_POINT('',(11.0001574128849,61.6506650001103,-1.75));
#8597=CARTESIAN_POINT('',(11.0001574128849,61.6506649809576,-1.74666666667262));
#8598=CARTESIAN_POINT('',(11.0001574128849,61.6506649618049,-1.74333333334523));
#8599=CARTESIAN_POINT('',(11.000157412885,61.6506649426522,-1.74000000001785));
#8600=CARTESIAN_POINT('',(9.150175747276,61.65066219095,-1.75));
#8601=CARTESIAN_POINT('',(11.00015721128,57.95055489456,-1.74));
#8602=CARTESIAN_POINT('',(11.00015705526,57.95055777891,-1.75));
#8603=CARTESIAN_POINT('',(9.15020430390798,56.1005462482094,-1.75));
#8604=CARTESIAN_POINT('',(9.15020437124461,56.1005462482104,-1.74666666667078));
#8605=CARTESIAN_POINT('',(9.15020443858124,56.1005462482115,-1.74333333334156));
#8606=CARTESIAN_POINT('',(9.15020450591786,56.1005462482125,-1.74000000001234));
#8607=CARTESIAN_POINT('',(9.150175747276,57.9505279136,-1.75));
#8608=CARTESIAN_POINT('',(-16.74963994155,56.10054612878,-1.75));
#8609=CARTESIAN_POINT('',(-16.7435581176258,55.5506332499613,-1.05));
#8610=CARTESIAN_POINT('',(-16.7436692338433,55.5546472621367,-1.04999999999864));
#8611=CARTESIAN_POINT('',(-16.7437801069361,55.5586630987829,-1.05012095207144));
#8612=CARTESIAN_POINT('',(-16.7438913153054,55.5626698324747,-1.0503625268633));
#8613=CARTESIAN_POINT('',(-16.7441892984912,55.5734058883885,-1.05100982730107));
#8614=CARTESIAN_POINT('',(-16.7444889311815,55.584124103816,-1.05253089831559));
#8615=CARTESIAN_POINT('',(-16.7447843453612,55.5946164164638,-1.05489623004376));
#8616=CARTESIAN_POINT('',(-16.7453991217347,55.6164516104524,-1.05981864122857));
#8617=CARTESIAN_POINT('',(-16.746008107704,55.6377384060565,-1.06857846618877));
#8618=CARTESIAN_POINT('',(-16.7465581801289,55.6567149798285,-1.08045158063218));
#8619=CARTESIAN_POINT('',(-16.7471080179255,55.6756834593181,-1.09231963070819));
#8620=CARTESIAN_POINT('',(-16.7476139579634,55.6928663708472,-1.10762541355784));
#8621=CARTESIAN_POINT('',(-16.7480292487563,55.7068411441099,-1.12510366845269));
#8622=CARTESIAN_POINT('',(-16.7484444479174,55.7208128339095,-1.142578066859));
#8623=CARTESIAN_POINT('',(-16.7487802002787,55.7319627429431,-1.16270567158279));
#8624=CARTESIAN_POINT('',(-16.7490039739038,55.7393668270861,-1.18382117700489));
#8625=CARTESIAN_POINT('',(-16.7492277492562,55.7467709683767,-1.2049368454046));
#8626=CARTESIAN_POINT('',(-16.74934549877,55.75063324925,-1.22762271608025));
#8627=CARTESIAN_POINT('',(-16.74934549877,55.75063324925,-1.25));
#8628=CARTESIAN_POINT('',(9.14990393176001,55.7506364313586,-1.25));
#8629=CARTESIAN_POINT('',(9.14990393176001,55.7506364313586,-1.22761836740654));
#8630=CARTESIAN_POINT('',(9.14982721896242,55.7467727070731,-1.20492808275543));
#8631=CARTESIAN_POINT('',(9.14968196626541,55.7393654612598,-1.18380820849768));
#8632=CARTESIAN_POINT('',(9.14953671405534,55.7319582402787,-1.16268840504286));
#8633=CARTESIAN_POINT('',(9.14931912666344,55.7208033056326,-1.1425565387855));
#8634=CARTESIAN_POINT('',(9.14905147852781,55.7068246844005,-1.1250791067155));
#8635=CARTESIAN_POINT('',(9.14878380486737,55.6928447300685,-1.10760000787431));
#8636=CARTESIAN_POINT('',(9.14845893310654,55.6756551013069,-1.09229382199825));
#8637=CARTESIAN_POINT('',(9.14810792452849,55.6566791025183,-1.08042714885181));
#8638=CARTESIAN_POINT('',(9.14775685354906,55.6376997302261,-1.0685583660792));
#8639=CARTESIAN_POINT('',(9.14737010057859,55.6164099802127,-1.05980300405877));
#8640=CARTESIAN_POINT('',(9.14698178243784,55.5945724822426,-1.05488561457142));
#8641=CARTESIAN_POINT('',(9.1468137242779,55.5851215466789,-1.05275744351217));
#8642=CARTESIAN_POINT('',(9.14664392646205,55.5754903507818,-1.05131398715681));
#8643=CARTESIAN_POINT('',(9.14647508303947,55.5658307772037,-1.05057800562241));
#8644=CARTESIAN_POINT('',(9.14638674581932,55.560776983194,-1.05019294731318));
#8645=CARTESIAN_POINT('',(9.14629886998437,55.5557048752072,-1.05000000000005));
#8646=CARTESIAN_POINT('',(9.14621066787202,55.5506364309049,-1.05));
#8647=CARTESIAN_POINT('',(-16.749345474197,55.55063324925,-1.25));
#8648=CARTESIAN_POINT('',(11.3500699998,57.95084788839,-1.25));
#8649=CARTESIAN_POINT('',(11.3500699998,57.95084788839,-1.2276227140534));
#8650=CARTESIAN_POINT('',(11.3539322812605,57.950965625151,-1.20493684132069));
#8651=CARTESIAN_POINT('',(11.3613364238341,57.9511893759377,-1.1838211709626));
#8652=CARTESIAN_POINT('',(11.3687405092746,57.9514131249978,-1.16270566354083));
#8653=CARTESIAN_POINT('',(11.3798904204007,57.9517488402875,-1.14257805683588));
#8654=CARTESIAN_POINT('',(11.3938621131309,57.9521639927072,-1.12510365701069));
#8655=CARTESIAN_POINT('',(11.4078368885366,57.952579236725,-1.10762540168248));
#8656=CARTESIAN_POINT('',(11.4250198028802,57.9530851190027,-1.09231961860324));
#8657=CARTESIAN_POINT('',(11.4439882855642,57.9536348926963,-1.08045156913811));
#8658=CARTESIAN_POINT('',(11.4629648603271,57.9541849009269,-1.0685784566853));
#8659=CARTESIAN_POINT('',(11.4842516569988,57.9547938145771,-1.05981863378564));
#8660=CARTESIAN_POINT('',(11.5060868517783,57.9554085165281,-1.05489622496904));
#8661=CARTESIAN_POINT('',(11.5165788634157,57.9557038864613,-1.05253096232268));
#8662=CARTESIAN_POINT('',(11.5272967637769,57.9560034738153,-1.05100991185955));
#8663=CARTESIAN_POINT('',(11.5380325085197,57.9563014118025,-1.05036258137476));
#8664=CARTESIAN_POINT('',(11.5420395422618,57.9564126148532,-1.05012097027492));
#8665=CARTESIAN_POINT('',(11.5460556810104,57.9565234825562,-1.04999999999868));
#8666=CARTESIAN_POINT('',(11.5500699948778,57.9566345934272,-1.05));
#8667=CARTESIAN_POINT('',(9.11920920160394,55.5516945550286,-1.05));
#8668=CARTESIAN_POINT('',(9.12711745484298,55.7515381426933,-1.05));
#8669=CARTESIAN_POINT('',(9.12711745484298,55.7515381426933,-1.25));
#8670=CARTESIAN_POINT('',(9.75541054139886,55.5265186593904,-1.05));
#8671=CARTESIAN_POINT('',(9.69522483514866,55.7290568757999,-1.05000000000789));
#8672=CARTESIAN_POINT('',(9.69522484868889,55.7290568752681,-1.25));
#8673=CARTESIAN_POINT('',(10.3982907161102,55.804084383666,-1.05));
#8674=CARTESIAN_POINT('',(10.3004002754505,55.9891296847497,-1.05));
#8675=CARTESIAN_POINT('',(10.3004002580801,55.9891297020831,-1.25));
#8676=CARTESIAN_POINT('',(11.2957005631572,56.7034085937551,-1.05));
#8677=CARTESIAN_POINT('',(11.1104471070114,56.8009044997577,-1.05));
#8678=CARTESIAN_POINT('',(11.1104471243817,56.8009044824243,-1.25));
#8679=CARTESIAN_POINT('',(11.5871271233147,57.3480164994536,-1.05));
#8680=CARTESIAN_POINT('',(11.3828206575853,57.4126988825593,-1.05000000000195));
#8681=CARTESIAN_POINT('',(11.3828206567479,57.4126988963206,-1.25));
#8682=CARTESIAN_POINT('',(11.5482935244471,57.9861185724073,-1.05));
#8683=CARTESIAN_POINT('',(11.348662868102,57.9739694552695,-1.05));
#8684=CARTESIAN_POINT('',(11.348662868102,57.9739694552695,-1.25));
#8685=CARTESIAN_POINT('',(-19.1497397500398,57.9545432106513,-1.05));
#8686=CARTESIAN_POINT('',(-19.1446688884892,57.9544550527235,-1.04999999999982));
#8687=CARTESIAN_POINT('',(-19.1395943580291,57.9543672209707,-1.05019313166062));
#8688=CARTESIAN_POINT('',(-19.1345381677328,57.9542789281241,-1.05057855707043));
#8689=CARTESIAN_POINT('',(-19.1248810477132,57.9541102923396,-1.05131470409478));
#8690=CARTESIAN_POINT('',(-19.1152523229123,57.9539407043752,-1.05275796711533));
#8691=CARTESIAN_POINT('',(-19.1058037611107,57.9537728536337,-1.05488560043702));
#8692=CARTESIAN_POINT('',(-19.0839662606808,57.9533849172771,-1.05980298305596));
#8693=CARTESIAN_POINT('',(-19.0626765071365,57.9529985460118,-1.06855833871203));
#8694=CARTESIAN_POINT('',(-19.0436971312721,57.9526478228329,-1.0804271152501));
#8695=CARTESIAN_POINT('',(-19.0247211223409,57.9522971618721,-1.09229378627222));
#8696=CARTESIAN_POINT('',(-19.0075314843432,57.9519726132831,-1.10759997244344));
#8697=CARTESIAN_POINT('',(-18.9935515228149,57.9517052067251,-1.12507907220894));
#8698=CARTESIAN_POINT('',(-18.9795728917467,57.951437825616,-1.14255650850452));
#8699=CARTESIAN_POINT('',(-18.9684179499114,57.9512204562586,-1.16268838077498));
#8700=CARTESIAN_POINT('',(-18.9610107244499,57.9510753498085,-1.18380819028512));
#8701=CARTESIAN_POINT('',(-18.9536034742055,57.9509302428729,-1.2049280704574));
#8702=CARTESIAN_POINT('',(-18.9497397478597,57.95085360751,-1.22761836130447));
#8703=CARTESIAN_POINT('',(-18.9497397478597,57.95085360751,-1.25));
#8704=CARTESIAN_POINT('',(-19.1486827870412,57.9815416261546,-1.05));
#8705=CARTESIAN_POINT('',(-18.9488388885735,57.9736412308945,-1.05));
#8706=CARTESIAN_POINT('',(-18.9488388885735,57.9736412308945,-1.25));
#8707=CARTESIAN_POINT('',(-19.1738349239705,57.3453074969449,-1.05));
#8708=CARTESIAN_POINT('',(-18.9712993446499,57.4054943273714,-1.05));
#8709=CARTESIAN_POINT('',(-18.9712993451844,57.4054943138463,-1.25));
#8710=CARTESIAN_POINT('',(-18.896241088533,56.70240519929,-1.05));
#8711=CARTESIAN_POINT('',(-18.7112035730204,56.8003062279169,-1.05000000000159));
#8712=CARTESIAN_POINT('',(-18.7112035557034,56.8003062452686,-1.25));
#8713=CARTESIAN_POINT('',(-17.9968440404961,55.8049805956315,-1.05));
#8714=CARTESIAN_POINT('',(-17.899349486852,55.9902325819947,-1.04999999999842));
#8715=CARTESIAN_POINT('',(-17.899349504169,55.990232564643,-1.25));
#8716=CARTESIAN_POINT('',(-17.3522054683898,55.5135698525428,-1.05));
#8717=CARTESIAN_POINT('',(-17.2875348275237,55.7178761699812,-1.05000000000585));
#8718=CARTESIAN_POINT('',(-17.2875348137752,55.7178761708143,-1.25));
#8719=CARTESIAN_POINT('',(-16.714072477324,55.5524100373174,-1.05));
#8720=CARTESIAN_POINT('',(-16.7262230607016,55.7520406044247,-1.04999999999999));
#8721=CARTESIAN_POINT('',(-16.7262230607016,55.7520406044247,-1.25));
#8722=CARTESIAN_POINT('',(11.3500668530806,61.65035931601,-1.25));
#8723=CARTESIAN_POINT('',(11.3500668530806,61.65035931601,-1.22761837203448));
#8724=CARTESIAN_POINT('',(11.3539305758869,61.6502825490743,-1.20492809208126));
#8725=CARTESIAN_POINT('',(11.361337818497,61.6501371939145,-1.18380822230941));
#8726=CARTESIAN_POINT('',(11.3687450362374,61.6499918392427,-1.16268842344706));
#8727=CARTESIAN_POINT('',(11.3798999656665,61.6497740986892,-1.14255656175028));
#8728=CARTESIAN_POINT('',(11.3938785797295,61.6495062634174,-1.12507913288427));
#8729=CARTESIAN_POINT('',(11.4078585288972,61.6492384025645,-1.10760003473991));
#8730=CARTESIAN_POINT('',(11.4250481510118,61.6489133046981,-1.0922938490834));
#8731=CARTESIAN_POINT('',(11.4440241424981,61.6485620535759,-1.08042717432295));
#8732=CARTESIAN_POINT('',(11.4630035124695,61.648210739917,-1.06855838681996));
#8733=CARTESIAN_POINT('',(11.4842932602366,61.6478237212384,-1.05980301997154));
#8734=CARTESIAN_POINT('',(11.5061307567766,61.647435138064,-1.05488562527838));
#8735=CARTESIAN_POINT('',(11.5155834839106,61.6472669333108,-1.05275704839874));
#8736=CARTESIAN_POINT('',(11.5252165448549,61.6470969872825,-1.0513134461886));
#8737=CARTESIAN_POINT('',(11.5348779702265,61.6469279973762,-1.05057758965206));
#8738=CARTESIAN_POINT('',(11.539929955986,61.6468396320918,-1.05019280825587));
#8739=CARTESIAN_POINT('',(11.5450002359773,61.6467517284448,-1.05000000000008));
#8740=CARTESIAN_POINT('',(11.5500668562242,61.6466634984331,-1.05));
#8741=CARTESIAN_POINT('',(11.5500699997999,57.9508480585054,-1.25));
#8742=CARTESIAN_POINT('',(-19.1497419338104,61.6503373286764,-1.25));
#8743=CARTESIAN_POINT('',(-19.14974193382,61.650353506004,-1.25));
#8744=CARTESIAN_POINT('',(9.149889996407,63.8505567794,-1.25));
#8745=CARTESIAN_POINT('',(9.149889996407,63.8505567794,-1.22762271495461));
#8746=CARTESIAN_POINT('',(9.14977225495187,63.8544190606453,-1.20493684313705));
#8747=CARTESIAN_POINT('',(9.14954849561881,63.8618232027326,-1.18382117365406));
#8748=CARTESIAN_POINT('',(9.14932473801259,63.869227287679,-1.16270566712953));
#8749=CARTESIAN_POINT('',(9.14898901014424,63.8803771979925,-1.14257806131679));
#8750=CARTESIAN_POINT('',(9.14857384319144,63.8943488895858,-1.12510366211193));
#8751=CARTESIAN_POINT('',(9.14815858462511,63.9083236642668,-1.10762540688832));
#8752=CARTESIAN_POINT('',(9.14765268550153,63.9255065776704,-1.09231962381934));
#8753=CARTESIAN_POINT('',(9.14710289502681,63.9444750593446,-1.08045157401623));
#8754=CARTESIAN_POINT('',(9.14655286997981,63.9634516340653,-1.06857846061974));
#8755=CARTESIAN_POINT('',(9.14594393914207,63.9847384307836,-1.05981863676441));
#8756=CARTESIAN_POINT('',(9.14532922148758,64.0065736257975,-1.05489622695647));
#8757=CARTESIAN_POINT('',(9.14503384128599,64.0170657342605,-1.05253094203134));
#8758=CARTESIAN_POINT('',(9.14473424382988,64.0277837359825,-1.05100988487613));
#8759=CARTESIAN_POINT('',(9.14443629620645,64.0385195808528,-1.05036256395738));
#8760=CARTESIAN_POINT('',(9.14432509325538,64.0425265187775,-1.05012096445868));
#8761=CARTESIAN_POINT('',(9.14421422574637,64.0465425610559,-1.04999999999856));
#8762=CARTESIAN_POINT('',(9.14410311502607,64.0505567785829,-1.05));
#8763=CARTESIAN_POINT('',(11.5490078511318,61.6196589620842,-1.05));
#8764=CARTESIAN_POINT('',(11.3491644907412,61.6275729565111,-1.05));
#8765=CARTESIAN_POINT('',(11.3491644907412,61.6275729565111,-1.25));
#8766=CARTESIAN_POINT('',(11.5742019177618,62.2558569002427,-1.05));
#8767=CARTESIAN_POINT('',(11.3716617705893,62.1956719166313,-1.05000000000025));
#8768=CARTESIAN_POINT('',(11.3716617711251,62.1956719301783,-1.25));
#8769=CARTESIAN_POINT('',(11.2966402058906,62.8987424130536,-1.05));
#8770=CARTESIAN_POINT('',(11.111592771935,62.8008554906614,-1.05));
#8771=CARTESIAN_POINT('',(11.1115927545926,62.8008554732826,-1.25));
#8772=CARTESIAN_POINT('',(10.3973299391265,63.7961669011441,-1.05));
#8773=CARTESIAN_POINT('',(10.2998316613518,63.6109144218578,-1.05));
#8774=CARTESIAN_POINT('',(10.2998316786942,63.6109144392367,-1.25));
#8775=CARTESIAN_POINT('',(9.75272267090048,64.0876158968176,-1.05));
#8776=CARTESIAN_POINT('',(9.68803360406356,63.8833087849783,-1.05));
#8777=CARTESIAN_POINT('',(9.68803359029508,63.8833087841411,-1.25));
#8778=CARTESIAN_POINT('',(9.11461838773571,64.0487801757491,-1.05));
#8779=CARTESIAN_POINT('',(9.12676812442755,63.8491495571097,-1.05));
#8780=CARTESIAN_POINT('',(9.12676812442755,63.8491495571097,-1.25));
#8781=CARTESIAN_POINT('',(-16.7394041525039,64.0505531245711,-1.05));
#8782=CARTESIAN_POINT('',(-16.7395363889643,64.0471627040053,-1.05000000000016));
#8783=CARTESIAN_POINT('',(-16.7396675834823,64.0437711471489,-1.05008626987765));
#8784=CARTESIAN_POINT('',(-16.739800734013,64.040385146747,-1.05025863666286));
#8785=CARTESIAN_POINT('',(-16.7402496743491,64.0289686533173,-1.05083980147011));
#8786=CARTESIAN_POINT('',(-16.7407109836321,64.0175611195544,-1.05240904230606));
#8787=CARTESIAN_POINT('',(-16.741176466608,64.006412373823,-1.05493182180567));
#8788=CARTESIAN_POINT('',(-16.7420884994408,63.9845683479924,-1.05987476892115));
#8789=CARTESIAN_POINT('',(-16.7430373923717,63.9632780360005,-1.0686587365335));
#8790=CARTESIAN_POINT('',(-16.7439490698132,63.9443035138204,-1.08055673413138));
#8791=CARTESIAN_POINT('',(-16.7448595831205,63.9253532204866,-1.09243953900116));
#8792=CARTESIAN_POINT('',(-16.7457590931025,63.9081910215817,-1.10775532883126));
#8793=CARTESIAN_POINT('',(-16.7465522562193,63.8942353848074,-1.12524117447813));
#8794=CARTESIAN_POINT('',(-16.7473442057065,63.8803011017407,-1.14270026479731));
#8795=CARTESIAN_POINT('',(-16.7480519598141,63.8691804771841,-1.16280294672559));
#8796=CARTESIAN_POINT('',(-16.7485503365598,63.8617942428415,-1.18389338119722));
#8797=CARTESIAN_POINT('',(-16.7490487449592,63.8544075393712,-1.20498515520219));
#8798=CARTESIAN_POINT('',(-16.74934074617,63.85055312319,-1.22764659467178));
#8799=CARTESIAN_POINT('',(-16.74934074617,63.85055312319,-1.25));
#8800=CARTESIAN_POINT('',(-18.94974193382,61.65035362418,-1.25));
#8801=CARTESIAN_POINT('',(-18.94974193382,61.65035362418,-1.05));
#8802=CARTESIAN_POINT('',(-19.1497419331561,61.6503373286764,-1.05));
#8803=CARTESIAN_POINT('',(-18.9497656914055,61.941938173834,-1.25));
#8804=CARTESIAN_POINT('',(-18.9497656790917,61.941938173201,-1.05));
#8805=CARTESIAN_POINT('',(-19.1497678997685,61.9692089825289,-1.05));
#8806=CARTESIAN_POINT('',(-18.8895472275111,62.2349844405701,-1.25));
#8807=CARTESIAN_POINT('',(-18.8895472294596,62.234984441395,-1.05));
#8808=CARTESIAN_POINT('',(-19.0840595876594,62.2885383158198,-1.05));
#8809=CARTESIAN_POINT('',(-18.6612365273535,62.7742738014319,-1.25));
#8810=CARTESIAN_POINT('',(-18.661236525405,62.774273800607,-1.05));
#8811=CARTESIAN_POINT('',(-18.8350743370416,62.8766627117845,-1.05));
#8812=CARTESIAN_POINT('',(-18.507135436581,63.0129567467955,-1.25));
#8813=CARTESIAN_POINT('',(-18.5071354645424,63.0129567761745,-1.05));
#8814=CARTESIAN_POINT('',(-18.6539677593458,63.1493126382207,-1.05));
#8815=CARTESIAN_POINT('',(-18.06767550381,63.4312113749971,-1.25));
#8816=CARTESIAN_POINT('',(-18.0676754758487,63.4312113456181,-1.05));
#8817=CARTESIAN_POINT('',(-18.1966088990451,63.5846023882596,-1.05));
#8818=CARTESIAN_POINT('',(-17.8310098374213,63.5860955861676,-1.25));
#8819=CARTESIAN_POINT('',(-17.8310098575771,63.5860956363165,-1.05));
#8820=CARTESIAN_POINT('',(-17.9263413882027,63.7633295164776,-1.05));
#8821=CARTESIAN_POINT('',(-17.4201925594903,63.7512110257219,-1.25));
#8822=CARTESIAN_POINT('',(-17.4201925494124,63.7512110006475,-1.05));
#8823=CARTESIAN_POINT('',(-17.4844044251609,63.9409524508312,-1.05));
#8824=CARTESIAN_POINT('',(-17.2789926621941,63.7864972365115,-1.25));
#8825=CARTESIAN_POINT('',(-17.2789926793797,63.786497325172,-1.05));
#8826=CARTESIAN_POINT('',(-17.3283919312769,63.9806445936395,-1.05));
#8827=CARTESIAN_POINT('',(-16.9871106163332,63.8430744601803,-1.25));
#8828=CARTESIAN_POINT('',(-16.9871105991476,63.8430743715198,-1.05));
#8829=CARTESIAN_POINT('',(-17.0138289398697,64.0416179637734,-1.05));
#8830=CARTESIAN_POINT('',(-16.8288783501925,63.8623052811561,-1.25));
#8831=CARTESIAN_POINT('',(-16.8288783724524,63.8623052844459,-1.05));
#8832=CARTESIAN_POINT('',(-16.8544979950811,64.0682621333829,-1.05));
#8833=CARTESIAN_POINT('',(-16.7265678491879,63.8471882910962,-1.25));
#8834=CARTESIAN_POINT('',(-16.7265678491879,63.8471882910962,-1.05));
#8835=CARTESIAN_POINT('',(-16.6973340407087,64.0450402166411,-1.05));
#8836=CARTESIAN_POINT('',(9.14988996817284,64.0505567794,-1.25));
#8837=CARTESIAN_POINT('',(12.65000000001,56.4,-1.15));
#8838=CARTESIAN_POINT('',(12.65000000001,56.4,-1.25));
#8839=CARTESIAN_POINT('',(11.10000000001,56.4,-1.25));
#8840=CARTESIAN_POINT('',(11.10000000001,56.4,-1.15));
#8841=CARTESIAN_POINT('',(12.65000000001,63.2,-1.15));
#8842=CARTESIAN_POINT('',(12.65000000001,63.2,-1.25));
#8843=CARTESIAN_POINT('',(12.65000000001,56.4,-1.25));
#8844=CARTESIAN_POINT('',(12.65000000001,56.4,-1.15));
#8845=CARTESIAN_POINT('',(11.10000000001,63.2,-1.25));
#8846=CARTESIAN_POINT('',(11.10000000001,63.2,-1.15));
#8847=CARTESIAN_POINT('',(12.45000000001,63.2,-1.25));
#8848=CARTESIAN_POINT('',(11.10000000001,64.55,-1.25));
#8849=CARTESIAN_POINT('',(11.10000000001,63.2,-1.25));
#8850=CARTESIAN_POINT('',(-18.69999999999,64.55,-1.25));
#8851=CARTESIAN_POINT('',(-18.8,64.55,-1.25));
#8852=CARTESIAN_POINT('',(12.45000000001,56.4,-1.25));
#8853=CARTESIAN_POINT('',(12.45000000001,56.3,-1.25));
#8854=CARTESIAN_POINT('',(-20.04999999999,63.2,-1.25));
#8855=CARTESIAN_POINT('',(-18.69999999999,63.2,-1.25));
#8856=CARTESIAN_POINT('',(11.10000000001,55.05,-1.25));
#8857=CARTESIAN_POINT('',(11.10000000001,56.4,-1.25));
#8858=CARTESIAN_POINT('',(-20.04999999999,56.4,-1.25));
#8859=CARTESIAN_POINT('',(-20.04999999999,56.3,-1.25));
#8860=CARTESIAN_POINT('',(-18.69999999999,55.05,-1.25));
#8861=CARTESIAN_POINT('',(-18.8,55.05,-1.25));
#8862=CARTESIAN_POINT('',(-18.69999999999,56.4,-1.25));
#8863=CARTESIAN_POINT('',(9.20000000000998,56.3,-1.00000000018455));
#8864=CARTESIAN_POINT('',(10.80000000001,57.9,-1.00000000018455));
#8865=CARTESIAN_POINT('',(9.20000000000999,57.9,-1.00000000018455));
#8866=CARTESIAN_POINT('',(10.80000000001,61.7,-1.00000000018455));
#8867=CARTESIAN_POINT('',(10.80000000001,61.7,-1.00000000018455));
#8868=CARTESIAN_POINT('',(-16.79999999999,56.3,-1.00000000018455));
#8869=CARTESIAN_POINT('',(9.20000000000999,56.3,-1.00000000018455));
#8870=CARTESIAN_POINT('',(9.20000000000999,63.3,-1.00000000018455));
#8871=CARTESIAN_POINT('',(9.20000000000999,61.7,-1.00000000018455));
#8872=CARTESIAN_POINT('',(-18.39999999999,57.9,-1.00000000018455));
#8873=CARTESIAN_POINT('',(-16.79999999999,57.9,-1.00000000018455));
#8874=CARTESIAN_POINT('',(-16.79999999999,63.3,-1.00000000018455));
#8875=CARTESIAN_POINT('',(-16.79999999999,63.3,-1.00000000018455));
#8876=CARTESIAN_POINT('',(-18.39999999999,61.7,-1.00000000018455));
#8877=CARTESIAN_POINT('',(-18.39999999999,61.7,-1.00000000018455));
#8878=CARTESIAN_POINT('',(-16.79999999999,61.7,-1.00000000018455));
#8879=MECHANICAL_DESIGN_GEOMETRIC_PRESENTATION_REPRESENTATION('',(#102),
#8880);
#8880=(
GEOMETRIC_REPRESENTATION_CONTEXT(3)
GLOBAL_UNCERTAINTY_ASSIGNED_CONTEXT((#8881))
GLOBAL_UNIT_ASSIGNED_CONTEXT((#8887,#8883,#8882))
REPRESENTATION_CONTEXT('\X2\53D15BA262375B9E4F5356FE\X0\OWS-113440TA-4
-2023.07','TOP_LEVEL_ASSEMBLY_PART')
);
#8881=UNCERTAINTY_MEASURE_WITH_UNIT(LENGTH_MEASURE(0.0508),#8887,
'DISTANCE_ACCURACY_VALUE','Maximum Tolerance applied to model');
#8882=(
NAMED_UNIT(*)
SI_UNIT($,.STERADIAN.)
SOLID_ANGLE_UNIT()
);
#8883=(
CONVERSION_BASED_UNIT('DEGREE',#8885)
NAMED_UNIT(#8884)
PLANE_ANGLE_UNIT()
);
#8884=DIMENSIONAL_EXPONENTS(0.,0.,0.,0.,0.,0.,0.);
#8885=PLANE_ANGLE_MEASURE_WITH_UNIT(PLANE_ANGLE_MEASURE(0.0174532925),#8886);
#8886=(
NAMED_UNIT(*)
PLANE_ANGLE_UNIT()
SI_UNIT($,.RADIAN.)
);
#8887=(
LENGTH_UNIT()
NAMED_UNIT(*)
SI_UNIT(.MILLI.,.METRE.)
);
ENDSEC;
END-ISO-10303-21;
